item_id,invoice_id,service_name,cost
1,110,ECG,1897.95
2,249,Consultation,491.76
3,71,X-Ray,200.47
4,433,MRI Scan,1039.99
5,277,Physical Examination,123.61
6,173,Medication Charge,305.55
7,193,X-Ray,366.38
8,426,Medication Charge,1627.64
9,85,CT Scan,135.20
10,187,Consultation,1940.70
11,313,Hospital Stay,1517.16
12,402,CT Scan,506.31
13,123,Hospital Stay,1932.91
14,402,CT Scan,1812.75
15,100,ECG,1372.70
16,293,CT Scan,950.28
17,145,Ultrasound,1030.67
18,215,X-Ray,1642.94
19,411,Medication Charge,319.88
20,129,Blood Test,1300.30
21,448,ECG,1131.35
22,53,Physical Examination,1709.77
23,146,MRI Scan,1538.08
24,140,CT Scan,1815.35
25,76,Ultrasound,228.84
26,467,Consultation,1642.57
27,453,ECG,1864.42
28,213,Blood Test,823.09
29,192,Consultation,803.02
30,42,ECG,487.85
31,164,MRI Scan,1686.39
32,333,ECG,1593.19
33,71,Blood Test,609.41
34,425,CT Scan,1407.34
35,72,CT Scan,924.77
36,3,MRI Scan,87.06
37,111,X-Ray,1120.17
38,373,Medication Charge,1079.15
39,57,Hospital Stay,513.40
40,63,Blood Test,514.96
41,328,Medication Charge,941.37
42,57,CT Scan,1213.64
43,9,Physical Examination,1171.34
44,368,X-Ray,617.98
45,1,Medication Charge,737.99
46,293,Ultrasound,415.26
47,343,MRI Scan,1070.79
48,185,MRI Scan,1909.14
49,279,Physical Examination,1583.50
50,260,Physical Examination,89.65
51,448,CT Scan,134.89
52,199,ECG,544.62
53,9,ECG,1587.61
54,177,Consultation,1479.23
55,322,MRI Scan,1554.43
56,377,ECG,310.15
57,181,Physical Examination,710.17
58,330,X-Ray,1669.25
59,351,CT Scan,1962.60
60,246,X-Ray,1632.42
61,33,CT Scan,122.12
62,104,Blood Test,1592.66
63,454,Blood Test,665.41
64,159,Physical Examination,826.54
65,418,Physical Examination,973.13
66,19,Consultation,607.92
67,442,Blood Test,1738.31
68,170,Hospital Stay,292.73
69,189,Ultrasound,1784.50
70,381,CT Scan,1794.54
71,198,ECG,1948.76
72,255,CT Scan,766.33
73,409,Physical Examination,570.11
74,43,Ultrasound,203.91
75,309,X-Ray,1113.68
76,165,MRI Scan,206.13
77,339,Hospital Stay,647.67
78,309,Ultrasound,374.96
79,228,ECG,921.90
80,373,ECG,1248.96
81,223,Hospital Stay,1296.97
82,406,Blood Test,196.33
83,327,Ultrasound,758.46
84,411,X-Ray,1907.94
85,74,Medication Charge,1372.27
86,225,Blood Test,296.15
87,121,ECG,756.19
88,487,Medication Charge,113.15
89,79,CT Scan,1900.21
90,191,CT Scan,1538.01
91,294,X-Ray,1082.45
92,204,ECG,1316.64
93,128,MRI Scan,100.53
94,96,CT Scan,1059.60
95,468,Physical Examination,279.63
96,397,Hospital Stay,1422.87
97,110,Medication Charge,606.87
98,470,CT Scan,440.35
99,70,MRI Scan,931.48
100,461,CT Scan,1994.66
101,415,ECG,1352.29
102,364,MRI Scan,1122.49
103,149,Hospital Stay,1710.16
104,365,X-Ray,1597.71
105,261,Consultation,286.66
106,103,X-Ray,511.64
107,253,Blood Test,753.75
108,294,ECG,961.44
109,283,X-Ray,1243.30
110,45,MRI Scan,653.12
111,368,CT Scan,1075.11
112,394,Ultrasound,1655.51
113,38,X-Ray,1946.14
114,329,MRI Scan,927.45
115,349,Physical Examination,721.80
116,450,Physical Examination,1297.60
117,94,X-Ray,893.61
118,467,Blood Test,1671.21
119,266,X-Ray,643.04
120,83,ECG,1872.74
121,116,ECG,1897.59
122,266,Hospital Stay,1699.57
123,129,Consultation,1288.36
124,283,Hospital Stay,294.08
125,156,Medication Charge,1090.28
126,258,X-Ray,1204.03
127,298,X-Ray,383.84
128,320,Medication Charge,708.36
129,474,Medication Charge,130.33
130,443,Blood Test,208.38
131,486,Medication Charge,566.08
132,108,Medication Charge,862.34
133,328,Blood Test,1021.17
134,322,Physical Examination,614.86
135,490,Hospital Stay,991.74
136,413,Ultrasound,630.00
137,38,Blood Test,358.26
138,213,CT Scan,955.66
139,175,Medication Charge,330.15
140,442,ECG,1481.69
141,441,ECG,1951.98
142,67,ECG,1054.21
143,55,ECG,521.39
144,63,Hospital Stay,926.71
145,73,MRI Scan,148.68
146,485,Ultrasound,1735.12
147,215,Consultation,1927.24
148,462,X-Ray,1636.28
149,479,Medication Charge,1456.20
150,98,X-Ray,1021.62
151,264,CT Scan,1022.58
152,158,CT Scan,95.19
153,484,Ultrasound,1035.62
154,495,Consultation,469.53
155,181,Blood Test,148.55
156,254,Medication Charge,1770.56
157,335,CT Scan,607.21
158,5,MRI Scan,890.31
159,452,Hospital Stay,1468.64
160,392,Ultrasound,763.58
161,206,Blood Test,1162.05
162,100,ECG,1128.78
163,38,Ultrasound,1033.30
164,392,Physical Examination,595.46
165,320,Medication Charge,281.68
166,500,MRI Scan,818.11
167,407,ECG,1137.77
168,188,X-Ray,438.16
169,261,Ultrasound,1025.15
170,24,Blood Test,317.22
171,171,CT Scan,1062.70
172,77,Medication Charge,1791.61
173,72,ECG,1866.17
174,164,X-Ray,816.26
175,316,Hospital Stay,1207.76
176,260,Physical Examination,1088.06
177,363,Medication Charge,634.59
178,418,Blood Test,768.30
179,345,MRI Scan,1960.80
180,299,Hospital Stay,1603.67
181,372,Blood Test,1213.97
182,136,Medication Charge,1176.39
183,370,Blood Test,1187.87
184,88,Physical Examination,1276.60
185,318,Ultrasound,338.16
186,349,Consultation,111.56
187,486,MRI Scan,422.03
188,226,ECG,866.62
189,212,Consultation,850.24
190,397,Medication Charge,1845.02
191,447,Blood Test,1426.26
192,266,Consultation,1143.73
193,340,CT Scan,1074.68
194,161,X-Ray,946.34
195,273,ECG,1115.23
196,347,Hospital Stay,1239.65
197,99,Consultation,594.06
198,153,Consultation,1885.90
199,153,Hospital Stay,1424.56
200,354,CT Scan,668.23
201,179,Physical Examination,1870.72
202,408,Hospital Stay,611.19
203,294,Physical Examination,790.40
204,203,ECG,1911.49
205,412,X-Ray,616.38
206,148,MRI Scan,725.41
207,227,Hospital Stay,1507.31
208,110,Consultation,1664.51
209,139,Physical Examination,1407.53
210,71,MRI Scan,1250.57
211,301,Consultation,522.79
212,343,Physical Examination,490.06
213,120,Blood Test,245.39
214,170,CT Scan,246.06
215,395,X-Ray,60.10
216,282,X-Ray,843.47
217,479,CT Scan,981.02
218,103,Hospital Stay,676.28
219,331,Blood Test,1820.48
220,46,Medication Charge,502.83
221,379,Blood Test,1830.80
222,90,Ultrasound,1770.38
223,91,Blood Test,1994.49
224,204,CT Scan,413.31
225,384,Hospital Stay,1759.65
226,5,Hospital Stay,1157.53
227,55,ECG,604.90
228,329,Physical Examination,1072.42
229,456,X-Ray,1709.57
230,240,Hospital Stay,425.98
231,58,ECG,366.86
232,235,Hospital Stay,1451.27
233,8,ECG,1592.00
234,291,Consultation,392.22
235,439,Ultrasound,1662.63
236,264,ECG,219.14
237,343,MRI Scan,410.32
238,72,CT Scan,681.02
239,128,Blood Test,558.53
240,121,CT Scan,1519.83
241,489,ECG,638.79
242,371,Medication Charge,72.30
243,335,ECG,1400.90
244,32,MRI Scan,957.52
245,82,Ultrasound,1387.84
246,473,Hospital Stay,1396.07
247,328,Hospital Stay,766.71
248,114,Consultation,1916.85
249,245,X-Ray,937.21
250,311,ECG,860.90
251,282,CT Scan,1526.83
252,411,Consultation,1535.63
253,349,Medication Charge,1752.61
254,42,Physical Examination,921.16
255,361,ECG,202.30
256,289,MRI Scan,170.43
257,281,Physical Examination,444.21
258,275,X-Ray,370.85
259,438,Physical Examination,911.59
260,349,Consultation,1447.99
261,251,MRI Scan,1802.83
262,229,Blood Test,934.19
263,263,Ultrasound,940.76
264,30,Physical Examination,951.64
265,414,Hospital Stay,1460.40
266,203,Hospital Stay,1642.08
267,382,Consultation,1177.71
268,24,Ultrasound,721.83
269,33,Physical Examination,1988.54
270,479,MRI Scan,1972.97
271,242,Blood Test,609.83
272,93,X-Ray,1543.36
273,374,Ultrasound,780.20
274,457,Ultrasound,924.65
275,470,Ultrasound,782.51
276,350,Physical Examination,309.33
277,441,ECG,281.33
278,276,Ultrasound,1081.24
279,373,Consultation,1677.90
280,388,Blood Test,1958.06
281,238,Physical Examination,877.05
282,195,Consultation,532.65
283,178,X-Ray,587.52
284,480,MRI Scan,112.82
285,339,Ultrasound,1249.10
286,480,Blood Test,519.30
287,35,MRI Scan,1208.19
288,229,Medication Charge,1360.45
289,447,Blood Test,527.23
290,23,Ultrasound,905.98
291,277,Consultation,1521.05
292,398,Blood Test,323.26
293,149,Consultation,1640.78
294,375,Medication Charge,671.86
295,307,ECG,511.96
296,449,X-Ray,1972.11
297,267,Consultation,856.44
298,141,Blood Test,1135.60
299,303,X-Ray,1270.69
300,219,Physical Examination,1016.46
301,498,ECG,1886.09
302,344,Ultrasound,1582.32
303,164,Ultrasound,846.11
304,154,Ultrasound,408.56
305,276,CT Scan,519.89
306,116,Hospital Stay,1722.21
307,74,CT Scan,1833.75
308,288,Ultrasound,1937.18
309,286,Physical Examination,311.48
310,125,Hospital Stay,446.51
311,332,MRI Scan,1848.34
312,434,ECG,230.30
313,371,Consultation,150.50
314,194,Medication Charge,1225.70
315,448,MRI Scan,416.92
316,390,Medication Charge,1462.40
317,287,Consultation,984.82
318,446,ECG,641.22
319,466,Blood Test,463.03
320,98,MRI Scan,1506.41
321,387,CT Scan,1833.16
322,357,Medication Charge,1422.35
323,204,Consultation,1126.55
324,398,Hospital Stay,792.29
325,274,ECG,651.42
326,185,Physical Examination,1771.48
327,239,MRI Scan,1615.49
328,370,CT Scan,1535.18
329,164,Consultation,772.87
330,212,Blood Test,1146.92
331,114,X-Ray,81.63
332,284,Medication Charge,1179.33
333,214,Hospital Stay,347.20
334,169,Consultation,790.69
335,427,Consultation,1023.64
336,336,ECG,551.79
337,421,CT Scan,1934.69
338,329,CT Scan,948.62
339,376,ECG,380.07
340,369,Physical Examination,1002.22
341,470,Physical Examination,1981.13
342,491,Blood Test,1071.69
343,430,MRI Scan,1893.12
344,343,Blood Test,1540.46
345,212,X-Ray,1692.96
346,119,MRI Scan,1428.98
347,5,Consultation,1036.18
348,192,Blood Test,1254.78
349,342,Medication Charge,1829.87
350,338,CT Scan,80.68
351,273,Physical Examination,852.11
352,9,Physical Examination,1458.28
353,275,Hospital Stay,83.43
354,417,Ultrasound,1622.03
355,466,X-Ray,258.68
356,50,Physical Examination,340.35
357,99,Medication Charge,1076.59
358,418,ECG,571.28
359,204,MRI Scan,777.45
360,208,CT Scan,1151.75
361,357,Consultation,634.95
362,424,MRI Scan,1324.78
363,440,Blood Test,232.33
364,195,Ultrasound,1127.77
365,29,Blood Test,1420.55
366,43,CT Scan,1698.39
367,331,ECG,1153.42
368,440,MRI Scan,1794.84
369,471,Blood Test,498.04
370,462,Medication Charge,977.23
371,24,MRI Scan,1384.64
372,144,Physical Examination,1148.84
373,17,X-Ray,1861.09
374,162,Blood Test,1924.86
375,301,X-Ray,1516.90
376,365,Ultrasound,1861.31
377,154,X-Ray,1149.72
378,291,Ultrasound,1370.22
379,277,ECG,798.50
380,379,X-Ray,1591.47
381,353,MRI Scan,1026.55
382,499,ECG,154.71
383,224,Consultation,1685.42
384,175,Medication Charge,1549.56
385,489,Medication Charge,823.57
386,397,ECG,107.77
387,140,CT Scan,1006.68
388,183,Physical Examination,1885.23
389,222,X-Ray,1375.40
390,339,Ultrasound,217.10
391,317,Hospital Stay,1606.21
392,366,MRI Scan,209.97
393,79,Ultrasound,1437.77
394,325,X-Ray,1492.33
395,163,ECG,257.77
396,3,Hospital Stay,917.23
397,390,Hospital Stay,249.35
398,45,X-Ray,890.41
399,286,Physical Examination,1049.26
400,53,Blood Test,224.76
401,284,MRI Scan,1214.00
402,402,ECG,1734.25
403,7,Hospital Stay,856.93
404,399,MRI Scan,1463.45
405,287,Consultation,1165.32
406,87,Ultrasound,380.53
407,138,Hospital Stay,573.39
408,75,MRI Scan,376.05
409,142,Ultrasound,634.52
410,401,MRI Scan,754.19
411,484,Consultation,1455.75
412,254,Medication Charge,1252.50
413,235,MRI Scan,314.20
414,4,Ultrasound,697.82
415,318,Ultrasound,1617.95
416,169,CT Scan,702.74
417,418,Medication Charge,315.44
418,165,Medication Charge,1897.19
419,103,CT Scan,662.66
420,494,Ultrasound,1939.01
421,150,CT Scan,1937.14
422,401,Consultation,685.48
423,144,Ultrasound,761.78
424,478,Medication Charge,439.61
425,280,X-Ray,1379.34
426,282,Blood Test,1908.36
427,237,Consultation,904.99
428,150,MRI Scan,1646.98
429,408,Ultrasound,1362.31
430,72,Hospital Stay,521.94
431,338,X-Ray,1444.71
432,405,Ultrasound,194.23
433,307,CT Scan,1185.38
434,274,Physical Examination,1850.82
435,446,Ultrasound,1110.11
436,405,ECG,1418.19
437,416,Physical Examination,1207.95
438,469,MRI Scan,263.27
439,128,ECG,374.36
440,314,Blood Test,1148.28
441,331,Ultrasound,1935.28
442,170,Ultrasound,256.59
443,51,Hospital Stay,482.90
444,383,Physical Examination,1138.09
445,353,Medication Charge,481.01
446,192,Ultrasound,952.97
447,348,Medication Charge,1396.35
448,78,ECG,1995.52
449,248,MRI Scan,626.09
450,472,MRI Scan,276.34
451,482,X-Ray,729.24
452,176,CT Scan,1579.33
453,267,CT Scan,729.19
454,50,CT Scan,1457.89
455,232,ECG,180.99
456,23,MRI Scan,94.04
457,176,MRI Scan,1370.42
458,85,Consultation,1056.19
459,283,X-Ray,695.43
460,219,CT Scan,502.12
461,208,X-Ray,413.45
462,337,Ultrasound,821.39
463,378,Medication Charge,1772.04
464,231,Medication Charge,887.63
465,3,Consultation,451.28
466,386,MRI Scan,1175.83
467,410,Physical Examination,414.57
468,167,Consultation,942.22
469,135,CT Scan,1079.04
470,328,ECG,1214.09
471,313,Ultrasound,1194.66
472,179,ECG,1698.76
473,317,X-Ray,1636.79
474,362,Hospital Stay,1841.43
475,303,MRI Scan,1360.61
476,161,MRI Scan,515.22
477,60,X-Ray,777.95
478,73,Physical Examination,807.50
479,306,X-Ray,1170.87
480,217,X-Ray,999.01
481,276,X-Ray,1132.08
482,251,Hospital Stay,323.58
483,162,CT Scan,1257.85
484,444,ECG,1906.09
485,249,X-Ray,430.50
486,197,Physical Examination,1035.60
487,254,Ultrasound,1385.16
488,213,CT Scan,1002.96
489,43,Medication Charge,110.18
490,390,Consultation,619.58
491,141,Consultation,1098.34
492,87,CT Scan,1153.02
493,396,CT Scan,1121.97
494,58,Medication Charge,272.70
495,397,Physical Examination,1655.40
496,188,Physical Examination,1654.09
497,22,CT Scan,1115.39
498,218,MRI Scan,1485.18
499,335,Consultation,630.53
500,17,CT Scan,562.49
501,442,MRI Scan,906.19
502,61,Consultation,459.26
503,378,Medication Charge,1393.81
504,441,Medication Charge,1283.90
505,85,Medication Charge,321.51
506,106,Consultation,1620.61
507,292,ECG,1087.95
508,306,Physical Examination,378.34
509,361,Hospital Stay,614.20
510,137,Physical Examination,1971.70
511,348,MRI Scan,314.40
512,385,Ultrasound,1841.60
513,142,X-Ray,1417.78
514,68,Consultation,335.17
515,165,Consultation,1534.87
516,347,Ultrasound,1004.44
517,296,Hospital Stay,1274.24
518,193,CT Scan,197.26
519,407,MRI Scan,835.56
520,384,Hospital Stay,1404.67
521,450,ECG,936.66
522,250,ECG,1184.81
523,445,MRI Scan,1475.32
524,235,ECG,1707.71
525,408,Physical Examination,825.55
526,496,Ultrasound,1658.45
527,254,Hospital Stay,679.59
528,146,ECG,1117.26
529,67,Medication Charge,1712.22
530,404,ECG,1793.60
531,391,Blood Test,139.59
532,321,CT Scan,81.75
533,476,X-Ray,910.51
534,1,Ultrasound,444.52
535,353,X-Ray,1770.19
536,155,X-Ray,1755.13
537,449,Hospital Stay,232.01
538,185,Hospital Stay,210.72
539,341,X-Ray,150.99
540,321,Hospital Stay,1465.68
541,387,Consultation,887.00
542,47,MRI Scan,52.12
543,245,MRI Scan,308.76
544,116,Physical Examination,1375.97
545,5,Blood Test,1406.41
546,419,MRI Scan,1976.90
547,217,X-Ray,981.52
548,118,Ultrasound,224.20
549,413,MRI Scan,251.24
550,189,Hospital Stay,317.40
551,397,X-Ray,1301.07
552,347,X-Ray,183.40
553,289,Blood Test,1240.12
554,85,CT Scan,734.82
555,110,X-Ray,1843.79
556,316,CT Scan,1726.93
557,45,MRI Scan,323.03
558,64,Medication Charge,1473.52
559,180,Ultrasound,663.28
560,72,Consultation,590.09
561,44,Consultation,1129.12
562,308,Medication Charge,605.60
563,482,Blood Test,1703.39
564,338,Hospital Stay,450.62
565,311,Physical Examination,417.86
566,201,Hospital Stay,1310.03
567,402,Consultation,1015.03
568,58,Consultation,1024.19
569,305,MRI Scan,1080.16
570,7,ECG,1871.15
571,68,Ultrasound,1728.59
572,292,Ultrasound,762.55
573,350,X-Ray,1537.32
574,489,MRI Scan,82.54
575,35,Blood Test,561.26
576,21,Blood Test,1899.93
577,204,Physical Examination,608.65
578,365,Physical Examination,1545.86
579,217,Ultrasound,210.73
580,275,Physical Examination,1251.29
581,143,MRI Scan,654.32
582,262,Consultation,1949.91
583,80,Physical Examination,687.16
584,301,MRI Scan,654.83
585,224,Consultation,162.92
586,45,Ultrasound,276.17
587,314,Medication Charge,157.31
588,342,X-Ray,282.91
589,363,X-Ray,1417.92
590,84,CT Scan,1908.38
591,268,Physical Examination,1576.82
592,370,Hospital Stay,375.58
593,65,Hospital Stay,1479.22
594,61,Blood Test,703.27
595,220,Hospital Stay,1071.52
596,135,Medication Charge,1273.69
597,255,CT Scan,1046.02
598,29,CT Scan,1725.75
599,86,ECG,356.75
600,396,MRI Scan,1793.82
601,346,MRI Scan,495.39
602,261,Blood Test,135.87
603,442,Blood Test,526.88
604,242,ECG,796.81
605,77,X-Ray,1865.76
606,440,Blood Test,1128.09
607,468,Ultrasound,487.80
608,128,Ultrasound,1835.92
609,164,Hospital Stay,1660.69
610,293,ECG,282.83
611,345,Blood Test,399.72
612,412,Physical Examination,1963.76
613,489,Ultrasound,184.41
614,239,Hospital Stay,1558.38
615,160,ECG,218.45
616,234,Blood Test,769.39
617,150,Medication Charge,1579.79
618,379,Medication Charge,523.04
619,189,Medication Charge,1945.12
620,396,Consultation,1478.30
621,280,Consultation,343.60
622,478,Ultrasound,96.62
623,278,ECG,1290.09
624,356,Blood Test,1904.43
625,1,Ultrasound,1705.56
626,373,Hospital Stay,252.70
627,272,Consultation,868.64
628,493,Blood Test,1946.49
629,73,Hospital Stay,231.40
630,472,Consultation,1799.71
631,267,Ultrasound,1416.65
632,191,CT Scan,1950.38
633,44,Medication Charge,236.38
634,69,Ultrasound,195.92
635,291,Blood Test,898.22
636,494,X-Ray,511.70
637,134,ECG,1855.78
638,202,ECG,670.21
639,140,Consultation,195.64
640,104,X-Ray,1570.88
641,300,MRI Scan,353.05
642,85,CT Scan,958.81
643,209,MRI Scan,1095.05
644,494,Consultation,931.24
645,238,Hospital Stay,1712.34
646,47,X-Ray,1624.81
647,156,Medication Charge,128.64
648,428,ECG,339.23
649,365,Consultation,1938.38
650,203,Physical Examination,145.45
651,154,Hospital Stay,1649.17
652,90,Blood Test,1906.59
653,438,CT Scan,1134.11
654,282,Consultation,234.71
655,53,X-Ray,286.83
656,32,Consultation,304.89
657,422,Ultrasound,775.87
658,323,MRI Scan,1185.53
659,133,MRI Scan,92.51
660,34,Consultation,1809.87
661,228,X-Ray,229.36
662,434,ECG,288.93
663,483,CT Scan,148.74
664,474,Medication Charge,894.65
665,371,Ultrasound,1017.45
666,196,Ultrasound,386.97
667,110,X-Ray,586.21
668,229,X-Ray,117.57
669,318,Medication Charge,529.28
670,152,CT Scan,853.38
671,282,CT Scan,168.91
672,144,Ultrasound,317.61
673,103,Physical Examination,535.84
674,411,Physical Examination,1599.95
675,196,ECG,985.38
676,401,CT Scan,720.87
677,290,Physical Examination,677.13
678,139,X-Ray,100.82
679,306,Consultation,107.14
680,416,Hospital Stay,164.25
681,242,Physical Examination,746.99
682,300,Consultation,1949.26
683,52,Consultation,1330.89
684,137,Physical Examination,1641.76
685,470,Blood Test,1539.90
686,486,Consultation,1172.60
687,409,Ultrasound,741.87
688,430,X-Ray,393.40
689,304,ECG,1622.11
690,358,ECG,1832.26
691,15,ECG,1897.74
692,289,X-Ray,1148.06
693,97,CT Scan,1107.14
694,90,CT Scan,124.03
695,29,Consultation,1223.24
696,11,Physical Examination,982.08
697,170,Medication Charge,442.86
698,67,ECG,1448.03
699,471,ECG,166.13
700,76,Medication Charge,1424.16
701,73,MRI Scan,1700.64
702,441,ECG,1923.09
703,192,Ultrasound,1192.73
704,173,Hospital Stay,679.08
705,500,X-Ray,1478.09
706,224,CT Scan,1315.90
707,90,Physical Examination,1402.44
708,476,Medication Charge,1584.63
709,115,Medication Charge,1638.19
710,194,Hospital Stay,1481.29
711,151,X-Ray,396.53
712,1,Medication Charge,813.62
713,395,Medication Charge,113.15
714,309,ECG,1846.02
715,496,Medication Charge,480.75
716,290,MRI Scan,1876.54
717,73,ECG,1503.42
718,122,ECG,1965.64
719,86,MRI Scan,1652.24
720,344,ECG,920.93
721,136,Consultation,536.60
722,35,ECG,550.48
723,56,Blood Test,143.89
724,225,Ultrasound,1939.75
725,453,Ultrasound,1011.51
726,194,ECG,1114.75
727,52,CT Scan,1588.02
728,296,Consultation,367.18
729,38,Blood Test,625.07
730,164,Hospital Stay,1905.74
731,38,ECG,381.71
732,193,X-Ray,1477.37
733,281,MRI Scan,709.00
734,315,CT Scan,1423.78
735,221,X-Ray,1234.27
736,223,X-Ray,154.43
737,170,Consultation,1950.08
738,210,Physical Examination,1457.97
739,374,Physical Examination,567.27
740,145,Hospital Stay,513.22
741,26,Ultrasound,1164.95
742,431,CT Scan,349.50
743,185,Blood Test,883.83
744,151,Medication Charge,986.64
745,50,Blood Test,453.56
746,327,Hospital Stay,1955.26
747,243,MRI Scan,651.29
748,204,CT Scan,1003.74
749,339,Hospital Stay,227.72
750,279,Ultrasound,410.52
751,454,Ultrasound,770.33
752,229,Blood Test,563.43
753,239,Hospital Stay,491.17
754,138,Medication Charge,170.20
755,386,MRI Scan,217.13
756,177,Physical Examination,857.27
757,388,Medication Charge,493.65
758,32,Ultrasound,1645.89
759,215,Physical Examination,1389.78
760,480,CT Scan,1166.79
761,121,CT Scan,632.76
762,203,Blood Test,1029.10
763,462,Physical Examination,1610.88
764,347,Medication Charge,337.52
765,487,CT Scan,387.11
766,86,Consultation,1626.50
767,65,Blood Test,875.58
768,350,Ultrasound,443.74
769,422,X-Ray,1676.51
770,133,ECG,1826.07
771,469,MRI Scan,219.70
772,285,Ultrasound,1126.51
773,439,Hospital Stay,1063.39
774,470,Blood Test,1583.77
775,320,Medication Charge,1069.00
776,215,MRI Scan,858.16
777,76,Medication Charge,1196.47
778,389,MRI Scan,1853.61
779,289,MRI Scan,1582.20
780,445,Physical Examination,1766.26
781,450,Ultrasound,565.07
782,336,CT Scan,1165.45
783,243,Blood Test,385.79
784,207,X-Ray,1255.58
785,349,Ultrasound,125.63
786,456,ECG,1396.50
787,26,CT Scan,1845.63
788,460,ECG,89.45
789,419,Hospital Stay,656.35
790,432,CT Scan,1723.56
791,351,MRI Scan,1946.37
792,117,X-Ray,635.94
793,381,CT Scan,1559.36
794,165,Hospital Stay,1471.16
795,310,MRI Scan,416.47
796,109,Ultrasound,1494.84
797,389,Physical Examination,1741.02
798,421,Blood Test,1054.78
799,82,MRI Scan,656.69
800,260,Ultrasound,314.52
801,436,Physical Examination,1764.70
802,15,X-Ray,425.89
803,427,Consultation,1682.10
804,128,Blood Test,940.07
805,471,ECG,1424.04
806,141,ECG,1655.84
807,259,Ultrasound,1289.05
808,64,Blood Test,521.78
809,251,Medication Charge,919.90
810,492,CT Scan,1194.42
811,180,ECG,368.85
812,458,Hospital Stay,1510.47
813,353,MRI Scan,605.89
814,198,Blood Test,367.67
815,293,Consultation,1721.37
816,332,Consultation,1371.51
817,138,Ultrasound,1050.90
818,443,Blood Test,974.49
819,68,X-Ray,1222.23
820,5,Consultation,542.16
821,413,Hospital Stay,1439.84
822,364,Hospital Stay,876.42
823,193,ECG,945.05
824,112,CT Scan,639.18
825,267,Medication Charge,824.45
826,53,Blood Test,1047.45
827,340,ECG,1144.84
828,305,Medication Charge,601.22
829,351,MRI Scan,989.39
830,173,Hospital Stay,1299.16
831,442,Hospital Stay,559.24
832,365,Hospital Stay,417.30
833,265,Consultation,1804.39
834,413,Medication Charge,837.99
835,164,X-Ray,1456.50
836,336,CT Scan,1995.06
837,133,Ultrasound,838.97
838,378,Blood Test,1186.90
839,293,Consultation,719.18
840,366,Consultation,1388.32
841,327,CT Scan,1817.73
842,344,ECG,1039.26
843,433,X-Ray,1689.25
844,449,Physical Examination,403.21
845,50,CT Scan,299.49
846,133,Physical Examination,1537.69
847,94,ECG,1326.15
848,114,ECG,485.49
849,447,Hospital Stay,869.92
850,455,ECG,774.78
851,300,Hospital Stay,954.33
852,61,CT Scan,154.67
853,325,Medication Charge,1181.61
854,318,MRI Scan,970.83
855,100,Physical Examination,283.64
856,349,Ultrasound,1083.19
857,212,Blood Test,1748.16
858,78,X-Ray,1985.08
859,176,Ultrasound,1975.02
860,458,CT Scan,329.29
861,442,X-Ray,1568.94
862,250,ECG,1280.51
863,91,ECG,1287.27
864,3,CT Scan,583.38
865,390,X-Ray,1173.74
866,82,CT Scan,1581.16
867,400,MRI Scan,302.34
868,223,Ultrasound,836.62
869,495,CT Scan,797.47
870,20,Physical Examination,438.86
871,192,Blood Test,1789.41
872,388,Physical Examination,421.62
873,347,Blood Test,1272.04
874,128,Consultation,1402.37
875,177,Hospital Stay,301.42
876,197,Physical Examination,1197.91
877,86,MRI Scan,1656.50
878,153,Hospital Stay,939.06
879,267,Medication Charge,1072.03
880,223,X-Ray,718.33
881,462,CT Scan,750.54
882,97,X-Ray,1898.76
883,471,Ultrasound,87.29
884,115,X-Ray,461.82
885,12,Medication Charge,1034.04
886,64,ECG,1436.66
887,406,Blood Test,781.63
888,328,Hospital Stay,1553.94
889,320,Blood Test,1208.15
890,25,MRI Scan,1324.46
891,11,Blood Test,1395.01
892,214,CT Scan,791.49
893,281,Hospital Stay,975.07
894,79,Consultation,1405.62
895,323,Blood Test,637.18
896,339,MRI Scan,1341.84
897,139,Medication Charge,1230.99
898,71,Ultrasound,1669.77
899,54,Physical Examination,1451.59
900,61,Hospital Stay,272.32
901,55,CT Scan,437.36
902,103,Hospital Stay,1671.42
903,499,Consultation,747.95
904,210,Hospital Stay,362.73
905,281,CT Scan,1825.20
906,353,CT Scan,694.68
907,2,Blood Test,1359.68
908,465,MRI Scan,1678.70
909,343,CT Scan,340.83
910,47,Physical Examination,196.34
911,371,MRI Scan,1814.32
912,330,Consultation,940.66
913,152,Hospital Stay,955.34
914,52,X-Ray,1754.57
915,437,Hospital Stay,752.42
916,347,ECG,880.69
917,60,MRI Scan,1709.93
918,456,Blood Test,68.86
919,71,X-Ray,690.89
920,458,CT Scan,1912.42
921,138,MRI Scan,776.61
922,176,X-Ray,271.97
923,205,CT Scan,580.07
924,198,CT Scan,1609.80
925,333,X-Ray,270.46
926,357,Blood Test,1964.06
927,433,X-Ray,252.24
928,467,Medication Charge,991.22
929,292,CT Scan,403.46
930,195,ECG,1242.15
931,442,X-Ray,992.01
932,250,MRI Scan,1780.81
933,226,Blood Test,173.51
934,336,ECG,74.10
935,445,Physical Examination,1546.68
936,296,Medication Charge,486.77
937,490,ECG,1062.24
938,353,Medication Charge,235.72
939,339,Consultation,989.76
940,340,Ultrasound,339.88
941,424,Physical Examination,1789.52
942,314,Blood Test,72.71
943,479,X-Ray,1035.86
944,241,CT Scan,1745.36
945,39,CT Scan,675.24
946,170,Hospital Stay,148.18
947,115,Physical Examination,1304.47
948,207,Consultation,203.72
949,228,Medication Charge,923.79
950,439,CT Scan,921.78
951,61,CT Scan,1503.22
952,10,MRI Scan,836.71
953,19,Physical Examination,1120.74
954,423,MRI Scan,1593.98
955,494,Medication Charge,1293.20
956,456,Physical Examination,1146.55
957,336,CT Scan,1903.19
958,187,Blood Test,1642.35
959,433,CT Scan,697.35
960,393,Medication Charge,1219.90
961,367,ECG,1446.03
962,59,MRI Scan,1530.67
963,114,Blood Test,715.65
964,425,Hospital Stay,1118.00
965,192,MRI Scan,139.27
966,85,CT Scan,323.88
967,368,Ultrasound,258.57
968,313,Consultation,415.71
969,477,Ultrasound,470.40
970,423,Consultation,1447.74
971,56,Ultrasound,140.68
972,325,Medication Charge,290.28
973,457,CT Scan,941.91
974,302,Physical Examination,312.54
975,256,Blood Test,1084.21
976,25,Physical Examination,1873.85
977,430,Medication Charge,991.72
978,261,X-Ray,1399.04
979,89,X-Ray,251.93
980,337,Medication Charge,1232.01
981,165,Physical Examination,1768.71
982,215,Medication Charge,1836.02
983,391,Consultation,583.51
984,494,ECG,1942.46
985,232,X-Ray,319.45
986,309,Physical Examination,632.88
987,360,Physical Examination,1728.38
988,365,Physical Examination,1283.54
989,103,Consultation,1267.13
990,149,ECG,1846.32
991,68,X-Ray,1032.59
992,356,ECG,1435.19
993,390,ECG,1146.45
994,299,Medication Charge,1888.21
995,364,Ultrasound,1364.77
996,458,Physical Examination,607.56
997,434,Ultrasound,1626.19
998,268,MRI Scan,99.28
999,75,Blood Test,1357.00
1000,103,Hospital Stay,1512.86
1001,83,Hospital Stay,1382.61
1002,75,Blood Test,1396.66
1003,152,Consultation,1519.51
1004,17,ECG,1637.35
1005,53,Medication Charge,1742.67
1006,379,Physical Examination,1736.44
1007,381,Physical Examination,808.33
1008,262,Hospital Stay,1401.23
1009,25,Ultrasound,805.73
1010,490,ECG,1933.37
1011,28,Blood Test,1500.16
1012,104,Medication Charge,1744.26
1013,441,CT Scan,1668.47
1014,467,ECG,1522.46
1015,280,Medication Charge,433.11
1016,372,Consultation,623.65
1017,91,MRI Scan,414.60
1018,89,Physical Examination,282.74
1019,21,Ultrasound,594.27
1020,136,X-Ray,363.81
1021,434,Hospital Stay,61.01
1022,239,X-Ray,127.88
1023,476,ECG,1213.92
1024,397,Medication Charge,1694.12
1025,155,CT Scan,1590.32
1026,282,ECG,192.12
1027,363,ECG,1074.52
1028,490,X-Ray,1065.18
1029,403,Physical Examination,360.77
1030,279,Physical Examination,836.66
1031,179,Consultation,1772.62
1032,340,ECG,695.58
1033,151,Consultation,1903.10
1034,317,Physical Examination,975.97
1035,288,Blood Test,273.71
1036,178,CT Scan,518.68
1037,329,Medication Charge,1841.28
1038,125,Blood Test,1380.98
1039,165,Ultrasound,1836.07
1040,484,MRI Scan,802.46
1041,277,Hospital Stay,98.18
1042,265,ECG,1052.90
1043,261,CT Scan,999.27
1044,152,Consultation,674.61
1045,43,MRI Scan,376.42
1046,490,Physical Examination,1089.75
1047,321,MRI Scan,461.02
1048,323,Consultation,1736.65
1049,218,MRI Scan,450.88
1050,425,Ultrasound,1310.79
1051,482,MRI Scan,1506.44
1052,79,Blood Test,945.49
1053,170,Blood Test,220.67
1054,28,X-Ray,1598.72
1055,286,MRI Scan,1171.18
1056,117,Hospital Stay,844.88
1057,231,Ultrasound,894.40
1058,9,Ultrasound,1362.93
1059,274,Blood Test,1300.77
1060,317,MRI Scan,1524.12
1061,300,Blood Test,1416.72
1062,38,ECG,1859.69
1063,55,Hospital Stay,1584.44
1064,155,Medication Charge,218.69
1065,392,CT Scan,793.76
1066,421,Blood Test,974.28
1067,274,Consultation,315.94
1068,201,Physical Examination,625.21
1069,325,X-Ray,631.21
1070,455,ECG,1916.91
1071,6,Physical Examination,1755.80
1072,73,MRI Scan,131.46
1073,294,Medication Charge,818.46
1074,281,MRI Scan,644.15
1075,384,ECG,462.89
1076,464,Physical Examination,327.79
1077,95,Consultation,1252.93
1078,130,Consultation,273.51
1079,344,Medication Charge,1711.89
1080,436,Physical Examination,949.47
1081,282,MRI Scan,616.77
1082,35,Hospital Stay,241.49
1083,372,Medication Charge,1000.02
1084,170,ECG,300.02
1085,336,Consultation,245.09
1086,318,MRI Scan,1805.23
1087,163,CT Scan,928.76
1088,316,Hospital Stay,1402.24
1089,79,Medication Charge,1155.38
1090,414,ECG,1919.38
1091,87,Blood Test,660.77
1092,403,Consultation,1438.79
1093,329,Ultrasound,589.53
1094,185,X-Ray,1375.18
1095,170,CT Scan,952.55
1096,184,Hospital Stay,999.59
1097,56,X-Ray,1308.83
1098,42,Hospital Stay,1724.49
1099,72,Physical Examination,433.04
1100,376,MRI Scan,1468.48
1101,457,Blood Test,1706.70
1102,324,Blood Test,1634.65
1103,297,Ultrasound,1549.94
1104,109,Blood Test,1125.61
1105,279,Physical Examination,970.60
1106,397,X-Ray,763.35
1107,115,Medication Charge,1479.79
1108,149,X-Ray,956.17
1109,262,MRI Scan,823.73
1110,258,Blood Test,1342.22
1111,435,Medication Charge,1384.12
1112,388,Physical Examination,323.72
1113,82,X-Ray,1154.40
1114,290,X-Ray,1485.04
1115,248,ECG,128.82
1116,390,CT Scan,501.91
1117,136,ECG,506.34
1118,343,Consultation,1059.88
1119,406,ECG,806.78
1120,470,CT Scan,1769.03
1121,21,ECG,251.29
1122,496,Physical Examination,1285.46
1123,141,Hospital Stay,1178.33
1124,292,X-Ray,784.49
1125,194,ECG,1195.97
1126,460,MRI Scan,1057.49
1127,193,Consultation,1056.92
1128,181,ECG,999.38
1129,247,Medication Charge,62.87
1130,452,X-Ray,907.80
1131,118,MRI Scan,1053.36
1132,144,Consultation,342.97
1133,81,ECG,1223.94
1134,419,MRI Scan,1339.16
1135,213,ECG,1454.50
1136,247,CT Scan,984.09
1137,303,X-Ray,1312.16
1138,211,Blood Test,525.16
1139,66,Medication Charge,1205.08
1140,69,Physical Examination,126.42
1141,294,X-Ray,159.03
1142,133,X-Ray,1057.45
1143,208,Medication Charge,1940.03
1144,327,Blood Test,1763.09
1145,373,Hospital Stay,1897.15
1146,111,CT Scan,1232.73
1147,242,CT Scan,382.61
1148,426,Ultrasound,1221.64
1149,407,Medication Charge,1649.88
1150,94,Medication Charge,1336.32
1151,136,X-Ray,1462.16
1152,176,CT Scan,1213.24
1153,36,Consultation,787.51
1154,68,MRI Scan,82.30
1155,268,Physical Examination,1384.52
1156,424,X-Ray,1230.75
1157,91,CT Scan,1808.14
1158,308,Blood Test,1761.62
1159,273,Physical Examination,1517.15
1160,48,CT Scan,1335.82
1161,462,Medication Charge,1101.61
1162,1,Ultrasound,1067.99
1163,190,Blood Test,1410.40
1164,220,Consultation,1879.92
1165,247,Ultrasound,733.51
1166,412,Medication Charge,240.55
1167,69,Hospital Stay,980.43
1168,120,MRI Scan,602.37
1169,449,Physical Examination,846.86
1170,97,Blood Test,1432.84
1171,405,Blood Test,1177.07
1172,61,Physical Examination,64.03
1173,336,Consultation,1391.15
1174,162,Ultrasound,756.43
1175,80,Ultrasound,1320.57
1176,130,Hospital Stay,1717.21
1177,217,Medication Charge,763.01
1178,142,Ultrasound,1522.20
1179,212,Physical Examination,1578.39
1180,248,X-Ray,771.92
1181,285,CT Scan,544.87
1182,158,Medication Charge,721.49
1183,362,Ultrasound,1484.78
1184,438,MRI Scan,1508.24
1185,229,X-Ray,245.54
1186,261,Ultrasound,1582.86
1187,411,Physical Examination,1247.35
1188,351,Blood Test,363.44
1189,494,Blood Test,1618.52
1190,422,X-Ray,969.75
1191,308,Ultrasound,221.87
1192,135,Consultation,773.13
1193,312,Blood Test,1462.76
1194,477,Ultrasound,1247.23
1195,267,Hospital Stay,1437.63
1196,306,Blood Test,1894.15
1197,420,X-Ray,1298.57
1198,225,Blood Test,443.33
1199,337,Physical Examination,607.71
1200,18,Medication Charge,1045.57
1201,358,Consultation,1249.62
1202,346,Blood Test,751.49
1203,336,Blood Test,1952.51
1204,45,Hospital Stay,1570.36
1205,181,Ultrasound,840.63
1206,103,Physical Examination,79.96
1207,361,MRI Scan,1842.40
1208,282,Hospital Stay,1465.97
1209,287,Medication Charge,728.79
1210,494,Hospital Stay,491.28
1211,494,Consultation,936.78
1212,207,Medication Charge,59.07
1213,90,Ultrasound,1037.16
1214,287,MRI Scan,1031.18
1215,175,MRI Scan,1615.74
1216,490,Hospital Stay,1758.42
1217,417,Medication Charge,537.78
1218,227,Ultrasound,1148.18
1219,395,Consultation,1527.07
1220,493,CT Scan,1379.11
1221,460,Medication Charge,1730.95
1222,247,MRI Scan,552.75
1223,196,Consultation,1369.98
1224,118,ECG,854.23
1225,181,Physical Examination,1094.52
1226,359,Hospital Stay,534.10
1227,48,Ultrasound,1363.71
1228,421,ECG,198.26
1229,477,X-Ray,979.28
1230,182,Consultation,1793.92
1231,138,X-Ray,1896.88
1232,350,Consultation,1023.05
1233,103,Consultation,1484.09
1234,447,Hospital Stay,453.22
1235,104,Consultation,1680.85
1236,183,X-Ray,1568.93
1237,62,MRI Scan,1367.83
1238,340,CT Scan,1246.96
1239,392,Physical Examination,1918.09
1240,435,CT Scan,773.83
1241,162,CT Scan,1801.34
1242,452,Medication Charge,1744.10
1243,252,X-Ray,1969.57
1244,469,Physical Examination,596.52
1245,114,Medication Charge,300.08
1246,270,Ultrasound,982.72
1247,277,Blood Test,1029.83
1248,202,X-Ray,941.53
1249,62,Physical Examination,947.14
1250,353,Blood Test,73.05
1251,108,Ultrasound,1182.97
1252,167,ECG,1244.92
1253,133,X-Ray,1119.70
1254,122,Hospital Stay,969.12
1255,314,ECG,763.55
1256,256,Ultrasound,460.54
1257,359,ECG,761.90
1258,206,Hospital Stay,928.92
1259,293,X-Ray,1959.58
1260,352,Consultation,1637.67
1261,370,Hospital Stay,1617.97
1262,285,Ultrasound,1719.80
1263,101,X-Ray,1610.07
1264,379,X-Ray,972.32
1265,5,X-Ray,871.97
1266,69,Physical Examination,1091.27
1267,162,CT Scan,635.07
1268,288,Medication Charge,143.03
1269,51,X-Ray,167.07
1270,417,Hospital Stay,979.25
1271,323,MRI Scan,927.22
1272,172,Hospital Stay,753.88
1273,287,Physical Examination,1867.10
1274,132,ECG,88.68
1275,63,ECG,1741.37
1276,494,Medication Charge,437.97
1277,295,Physical Examination,390.35
1278,400,Hospital Stay,742.46
1279,345,Physical Examination,1000.61
1280,378,CT Scan,1784.78
1281,196,Medication Charge,608.72
1282,324,X-Ray,1743.10
1283,328,ECG,872.54
1284,314,Medication Charge,839.31
1285,465,MRI Scan,204.27
1286,176,Consultation,661.29
1287,335,Hospital Stay,1435.35
1288,310,Ultrasound,578.93
1289,228,ECG,1508.40
1290,267,CT Scan,857.28
1291,95,Blood Test,293.83
1292,121,Hospital Stay,1883.85
1293,359,MRI Scan,460.61
1294,204,MRI Scan,236.33
1295,480,CT Scan,1119.45
1296,14,Ultrasound,1071.77
1297,43,MRI Scan,561.78
1298,80,MRI Scan,1326.92
1299,454,Ultrasound,653.27
1300,127,Hospital Stay,914.16
1301,65,X-Ray,1077.15
1302,88,Blood Test,118.55
1303,183,ECG,1735.27
1304,240,Physical Examination,1872.97
1305,281,CT Scan,313.47
1306,486,Physical Examination,395.22
1307,306,CT Scan,1280.54
1308,326,Medication Charge,898.21
1309,328,Physical Examination,653.84
1310,178,CT Scan,1102.35
1311,413,MRI Scan,911.63
1312,188,Ultrasound,556.62
1313,156,Blood Test,50.18
1314,418,X-Ray,720.58
1315,241,Physical Examination,66.22
1316,473,CT Scan,1896.57
1317,245,Hospital Stay,67.81
1318,221,Hospital Stay,1214.16
1319,408,Blood Test,1119.01
1320,97,Ultrasound,1770.22
1321,224,Ultrasound,537.30
1322,367,Ultrasound,1665.43
1323,113,Hospital Stay,204.46
1324,321,Consultation,1057.39
1325,410,Medication Charge,1624.77
1326,351,Hospital Stay,605.12
1327,381,Physical Examination,1627.18
1328,212,Consultation,1714.29
1329,94,X-Ray,614.71
1330,327,CT Scan,1254.57
1331,140,Medication Charge,1009.39
1332,165,Blood Test,346.69
1333,497,Physical Examination,93.16
1334,498,MRI Scan,600.12
1335,65,CT Scan,1467.86
1336,120,MRI Scan,343.83
1337,253,Consultation,716.73
1338,160,CT Scan,1996.03
1339,238,Blood Test,693.98
1340,432,X-Ray,159.27
1341,398,Ultrasound,189.20
1342,241,X-Ray,424.77
1343,431,Hospital Stay,1643.64
1344,425,Blood Test,287.83
1345,394,Consultation,800.36
1346,500,CT Scan,531.97
1347,18,Consultation,948.63
1348,395,MRI Scan,1066.22
1349,107,CT Scan,808.79
1350,493,Hospital Stay,1875.62
1351,82,Blood Test,1502.21
1352,282,Physical Examination,288.18
1353,247,Hospital Stay,437.51
1354,455,Blood Test,1734.13
1355,112,MRI Scan,510.13
1356,223,ECG,79.38
1357,407,Hospital Stay,1190.16
1358,203,Consultation,67.41
1359,22,Medication Charge,1577.78
1360,244,Medication Charge,352.23
1361,395,MRI Scan,535.01
1362,256,MRI Scan,1387.59
1363,174,Blood Test,166.56
1364,331,X-Ray,1417.59
1365,406,MRI Scan,295.36
1366,120,ECG,1964.27
1367,404,ECG,1620.77
1368,225,Consultation,91.64
1369,194,ECG,1462.58
1370,129,Blood Test,996.34
1371,225,Physical Examination,624.69
1372,357,CT Scan,420.06
1373,96,Physical Examination,727.95
1374,375,CT Scan,586.88
1375,426,Medication Charge,1833.22
1376,284,X-Ray,184.31
1377,80,CT Scan,626.56
1378,135,Physical Examination,765.87
1379,1,Physical Examination,789.13
1380,95,Blood Test,1258.48
1381,187,Medication Charge,515.63
1382,370,MRI Scan,1333.66
1383,276,Ultrasound,420.25
1384,350,CT Scan,1543.18
1385,79,Medication Charge,602.10
1386,210,ECG,265.41
1387,268,MRI Scan,135.37
1388,481,X-Ray,398.35
1389,17,Consultation,258.76
1390,99,MRI Scan,112.04
1391,329,Ultrasound,1332.95
1392,270,Medication Charge,1417.56
1393,132,Blood Test,764.39
1394,311,MRI Scan,75.52
1395,472,Consultation,1328.71
1396,476,MRI Scan,962.72
1397,328,Blood Test,753.81
1398,381,Ultrasound,1652.95
1399,407,Blood Test,1656.10
1400,137,Physical Examination,129.27
1401,37,Hospital Stay,201.97
1402,111,Physical Examination,239.38
1403,372,Consultation,1086.74
1404,98,Consultation,1076.07
1405,128,Medication Charge,1269.38
1406,92,Physical Examination,1510.93
1407,213,MRI Scan,1544.25
1408,296,ECG,1365.26
1409,360,Ultrasound,1771.51
1410,86,X-Ray,1122.43
1411,259,ECG,1332.19
1412,274,Medication Charge,913.87
1413,181,ECG,1122.66
1414,167,ECG,854.07
1415,325,Ultrasound,1661.00
1416,166,Medication Charge,519.41
1417,280,Consultation,781.37
1418,282,Hospital Stay,752.02
1419,232,CT Scan,1921.66
1420,1,Blood Test,1966.77
1421,306,Blood Test,1059.34
1422,456,Hospital Stay,62.81
1423,114,Consultation,1718.65
1424,12,Hospital Stay,1842.27
1425,262,Physical Examination,1162.80
1426,293,X-Ray,233.86
1427,236,ECG,354.41
1428,136,ECG,1784.77
1429,128,Consultation,549.68
1430,154,MRI Scan,1162.45
1431,292,Consultation,1481.82
1432,371,ECG,1596.16
1433,89,CT Scan,1660.13
1434,354,Medication Charge,1648.05
1435,49,Medication Charge,1302.40
1436,20,Medication Charge,794.01
1437,400,Blood Test,1847.65
1438,172,ECG,1765.60
1439,223,Ultrasound,1863.98
1440,62,Consultation,1507.97
1441,435,Medication Charge,1860.87
1442,325,Ultrasound,155.55
1443,269,Blood Test,672.67
1444,290,X-Ray,687.32
1445,358,Consultation,348.74
1446,345,Ultrasound,1943.53
1447,386,Medication Charge,1171.75
1448,47,Consultation,892.27
1449,403,Ultrasound,338.62
1450,173,MRI Scan,977.92
1451,382,Blood Test,1118.90
1452,135,MRI Scan,827.13
1453,223,X-Ray,1535.96
1454,247,Physical Examination,436.31
1455,203,Medication Charge,432.39
1456,316,Physical Examination,530.18
1457,37,Hospital Stay,1564.71
1458,166,Medication Charge,224.71
1459,344,Ultrasound,875.90
1460,179,Consultation,675.44
1461,305,Blood Test,1550.88
1462,87,ECG,1251.63
1463,412,CT Scan,1265.21
1464,226,Blood Test,1852.22
1465,120,Consultation,1386.45
1466,80,MRI Scan,269.12
1467,28,Consultation,1900.43
1468,475,X-Ray,1744.07
1469,420,Hospital Stay,76.78
1470,356,MRI Scan,644.98
1471,242,Blood Test,697.16
1472,379,Physical Examination,463.16
1473,280,Physical Examination,1513.19
1474,281,CT Scan,1264.93
1475,73,Blood Test,784.38
1476,464,Physical Examination,134.79
1477,88,Blood Test,603.83
1478,405,Medication Charge,579.00
1479,239,Blood Test,179.87
1480,339,Hospital Stay,1342.81
1481,468,ECG,1735.35
1482,10,Hospital Stay,1741.45
1483,333,Ultrasound,500.78
1484,195,Physical Examination,1954.39
1485,51,ECG,995.09
1486,306,Physical Examination,221.64
1487,102,Physical Examination,1935.24
1488,288,Blood Test,127.52
1489,473,Physical Examination,644.61
1490,251,Ultrasound,1501.56
1491,10,ECG,1384.41
1492,182,Hospital Stay,510.60
1493,257,Hospital Stay,1633.19
1494,321,Hospital Stay,1763.42
1495,456,Blood Test,1891.07
1496,486,Hospital Stay,489.89
1497,175,Ultrasound,1331.02
1498,45,Ultrasound,1065.40
1499,348,Medication Charge,1751.77
1500,352,Consultation,863.80
1501,294,X-Ray,881.61
1502,160,Medication Charge,692.11
1503,278,X-Ray,453.18
1504,71,Medication Charge,1105.64
1505,410,Consultation,1732.05
1506,159,Physical Examination,1823.65
1507,221,X-Ray,1329.65
1508,290,X-Ray,669.12
1509,286,Physical Examination,1899.77
1510,61,X-Ray,669.32
1511,451,X-Ray,1467.81
1512,392,ECG,1766.26
1513,212,Ultrasound,641.53
1514,382,Hospital Stay,346.32
1515,97,MRI Scan,306.51
1516,14,Medication Charge,1253.05
1517,311,Medication Charge,1244.11
1518,306,Consultation,500.28
1519,14,ECG,204.98
1520,400,CT Scan,311.47
1521,434,Medication Charge,964.09
1522,333,ECG,408.75
1523,199,CT Scan,974.00
1524,84,Consultation,491.23
1525,210,Blood Test,1854.60
1526,487,Ultrasound,483.98
1527,344,Consultation,1527.66
1528,34,X-Ray,1857.85
1529,225,Medication Charge,1005.39
1530,167,CT Scan,1780.79
1531,219,Ultrasound,1563.62
1532,312,Ultrasound,1454.39
1533,202,Medication Charge,1881.32
1534,293,Medication Charge,1095.51
1535,329,Blood Test,1065.27
1536,232,CT Scan,1662.67
1537,22,Consultation,1061.47
1538,203,Blood Test,1137.52
1539,265,Blood Test,420.21
1540,226,Ultrasound,1774.58
1541,397,Hospital Stay,949.63
1542,217,Hospital Stay,1245.61
1543,28,Physical Examination,1812.17
1544,238,CT Scan,226.36
1545,257,MRI Scan,400.55
1546,300,Physical Examination,313.85
1547,212,ECG,929.23
1548,92,CT Scan,1201.12
1549,365,Consultation,1770.97
1550,47,Hospital Stay,681.95
1551,333,X-Ray,1450.83
1552,64,MRI Scan,272.62
1553,231,ECG,216.35
1554,363,Ultrasound,1467.40
1555,500,Physical Examination,1243.54
1556,82,Ultrasound,1123.17
1557,23,X-Ray,1828.89
1558,290,X-Ray,366.14
1559,75,X-Ray,1549.86
1560,27,Ultrasound,650.72
1561,374,CT Scan,613.12
1562,93,MRI Scan,1802.16
1563,492,Consultation,56.89
1564,392,Hospital Stay,73.81
1565,255,CT Scan,1109.83
1566,3,Medication Charge,1771.27
1567,122,Consultation,1198.28
1568,244,CT Scan,849.80
1569,41,Medication Charge,1220.20
1570,126,Physical Examination,592.32
1571,322,Physical Examination,1649.24
1572,107,Blood Test,410.44
1573,29,ECG,121.61
1574,438,Blood Test,1350.64
1575,430,Medication Charge,631.96
1576,472,MRI Scan,145.61
1577,214,X-Ray,364.60
1578,146,Medication Charge,1338.80
1579,359,Medication Charge,1165.95
1580,288,X-Ray,1934.27
1581,384,Medication Charge,752.37
1582,19,MRI Scan,1548.60
1583,166,ECG,1800.18
1584,420,MRI Scan,1528.96
1585,432,Physical Examination,176.61
1586,242,X-Ray,287.95
1587,441,Hospital Stay,691.96
1588,212,Physical Examination,459.20
1589,108,Medication Charge,163.46
1590,293,Physical Examination,1975.02
1591,248,Medication Charge,1871.09
1592,362,Hospital Stay,882.75
1593,435,ECG,556.34
1594,295,Medication Charge,740.01
1595,67,Medication Charge,1147.14
1596,267,CT Scan,1010.38
1597,93,Medication Charge,503.81
1598,149,Consultation,53.08
1599,13,CT Scan,1269.65
1600,61,Consultation,1609.15
1601,213,Ultrasound,138.71
1602,180,Physical Examination,1621.78
1603,109,Blood Test,1299.21
1604,354,Hospital Stay,546.11
1605,35,Hospital Stay,635.55
1606,282,ECG,1545.71
1607,59,ECG,715.66
1608,371,Medication Charge,1251.19
1609,15,X-Ray,428.33
1610,427,ECG,1848.45
1611,246,CT Scan,1604.65
1612,331,X-Ray,988.92
1613,322,CT Scan,1789.51
1614,275,ECG,951.82
1615,417,Ultrasound,1859.19
1616,29,Physical Examination,633.72
1617,372,ECG,1132.60
1618,10,Consultation,1175.93
1619,170,ECG,179.12
1620,77,Hospital Stay,1689.44
1621,174,Ultrasound,1271.70
1622,432,X-Ray,1163.41
1623,200,X-Ray,1210.62
1624,443,Hospital Stay,1425.27
1625,162,Blood Test,579.42
1626,45,CT Scan,1760.25
1627,191,CT Scan,1667.44
1628,155,Consultation,1073.95
1629,90,MRI Scan,779.72
1630,20,Consultation,1831.04
1631,228,Physical Examination,98.62
1632,248,Physical Examination,350.45
1633,175,CT Scan,1478.26
1634,269,Hospital Stay,1562.29
1635,74,MRI Scan,1653.17
1636,481,Physical Examination,1369.60
1637,68,Consultation,1462.91
1638,236,Ultrasound,1441.67
1639,268,MRI Scan,58.01
1640,478,Blood Test,1389.75
1641,305,MRI Scan,699.92
1642,456,Blood Test,251.05
1643,393,Hospital Stay,93.84
1644,389,Hospital Stay,1295.76
1645,108,ECG,441.08
1646,147,Hospital Stay,1087.94
1647,396,CT Scan,1358.69
1648,140,X-Ray,357.12
1649,59,Blood Test,1918.68
1650,287,Physical Examination,249.63
1651,278,ECG,1121.26
1652,139,X-Ray,1889.39
1653,412,Hospital Stay,1169.46
1654,88,MRI Scan,657.19
1655,457,ECG,1104.13
1656,26,X-Ray,106.54
1657,463,Blood Test,256.56
1658,28,MRI Scan,881.61
1659,92,Medication Charge,1787.99
1660,323,CT Scan,1251.81
1661,160,ECG,1644.01
1662,366,Physical Examination,203.16
1663,473,CT Scan,1157.19
1664,48,CT Scan,239.66
1665,159,CT Scan,967.56
1666,486,Consultation,330.26
1667,459,Medication Charge,553.20
1668,187,Ultrasound,407.54
1669,470,ECG,1588.12
1670,452,ECG,933.90
1671,16,MRI Scan,976.90
1672,180,CT Scan,949.42
1673,88,Hospital Stay,1547.49
1674,310,Medication Charge,298.42
1675,53,Ultrasound,1644.23
1676,408,MRI Scan,685.45
1677,333,MRI Scan,1595.24
1678,273,CT Scan,831.59
1679,212,Consultation,1260.71
1680,281,X-Ray,1949.09
1681,197,MRI Scan,714.39
1682,417,Medication Charge,890.74
1683,223,Medication Charge,1585.29
1684,279,Consultation,387.52
1685,343,MRI Scan,1491.77
1686,365,Medication Charge,1681.66
1687,59,Medication Charge,1212.35
1688,167,Physical Examination,240.43
1689,228,X-Ray,650.67
1690,208,MRI Scan,1216.61
1691,351,Medication Charge,1554.12
1692,195,ECG,1013.88
1693,339,Blood Test,226.54
1694,419,X-Ray,1780.16
1695,463,Blood Test,1526.30
1696,339,X-Ray,933.30
1697,150,Ultrasound,1250.37
1698,229,Consultation,451.04
1699,450,ECG,634.48
1700,407,Hospital Stay,1841.08
1701,480,Ultrasound,1449.69
1702,469,ECG,1981.06
1703,299,Blood Test,1242.41
1704,262,Ultrasound,1702.89
1705,437,Hospital Stay,171.70
1706,462,Physical Examination,1937.40
1707,1,Physical Examination,1650.47
1708,184,MRI Scan,1729.43
1709,444,Blood Test,508.72
1710,360,Medication Charge,818.82
1711,163,Ultrasound,841.76
1712,223,Physical Examination,461.87
1713,89,CT Scan,321.18
1714,285,Ultrasound,1694.49
1715,185,Ultrasound,350.82
1716,447,X-Ray,311.84
1717,37,Blood Test,330.79
1718,454,CT Scan,1332.96
1719,500,X-Ray,215.09
1720,329,Ultrasound,1727.30
1721,458,Medication Charge,1864.11
1722,320,X-Ray,936.07
1723,218,Physical Examination,1649.14
1724,197,ECG,490.19
1725,218,Medication Charge,64.49
1726,256,Consultation,1438.65
1727,138,Ultrasound,1856.80
1728,296,ECG,115.25
1729,20,Medication Charge,992.37
1730,189,MRI Scan,1181.52
1731,493,MRI Scan,327.07
1732,375,Physical Examination,1967.98
1733,385,Hospital Stay,956.63
1734,41,Physical Examination,1785.34
1735,46,Consultation,971.28
1736,380,MRI Scan,1383.94
1737,277,Medication Charge,659.37
1738,28,ECG,1093.31
1739,6,CT Scan,935.37
1740,464,CT Scan,1169.23
1741,170,Ultrasound,738.18
1742,409,Hospital Stay,613.96
1743,19,Medication Charge,1511.38
1744,373,Medication Charge,557.86
1745,323,CT Scan,1177.38
1746,294,Blood Test,1329.82
1747,150,Medication Charge,103.23
1748,249,MRI Scan,297.30
1749,40,Hospital Stay,541.50
1750,316,Hospital Stay,586.67
1751,132,Blood Test,1495.79
1752,310,X-Ray,1824.76
1753,379,X-Ray,1335.35
1754,190,X-Ray,559.44
1755,359,Consultation,995.59
1756,410,Physical Examination,1730.93
1757,176,MRI Scan,1936.32
1758,305,X-Ray,1683.35
1759,386,Ultrasound,1552.22
1760,122,CT Scan,1465.70
1761,86,Consultation,1176.63
1762,432,ECG,155.94
1763,136,MRI Scan,152.42
1764,238,Ultrasound,978.65
1765,244,Physical Examination,505.64
1766,350,Ultrasound,975.45
1767,75,Physical Examination,1747.04
1768,7,Hospital Stay,1858.08
1769,230,Ultrasound,1373.06
1770,493,Physical Examination,1381.61
1771,22,MRI Scan,1839.54
1772,327,ECG,1914.56
1773,222,Medication Charge,1840.18
1774,440,Hospital Stay,703.19
1775,137,MRI Scan,547.92
1776,300,Ultrasound,949.16
1777,346,Consultation,1481.91
1778,302,Consultation,1063.91
1779,347,X-Ray,660.88
1780,6,Blood Test,1671.79
1781,7,Ultrasound,240.51
1782,54,CT Scan,735.46
1783,372,Hospital Stay,541.20
1784,18,Blood Test,1257.82
1785,30,Medication Charge,1330.38
1786,428,Consultation,1903.45
1787,327,MRI Scan,1430.75
1788,62,MRI Scan,1720.06
1789,67,Ultrasound,1329.97
1790,461,Medication Charge,1616.24
1791,95,MRI Scan,1406.52
1792,130,Hospital Stay,960.56
1793,480,MRI Scan,1295.62
1794,473,Hospital Stay,1550.25
1795,355,ECG,551.81
1796,400,MRI Scan,590.71
1797,32,Ultrasound,807.75
1798,31,Hospital Stay,1913.43
1799,136,X-Ray,909.12
1800,252,Consultation,1240.09
1801,92,CT Scan,261.44
1802,277,Ultrasound,475.85
1803,330,MRI Scan,1829.59
1804,367,Hospital Stay,251.41
1805,38,MRI Scan,1164.12
1806,129,CT Scan,86.59
1807,255,X-Ray,1323.09
1808,1,Blood Test,1345.98
1809,137,X-Ray,1415.11
1810,464,Ultrasound,1170.55
1811,264,CT Scan,982.37
1812,207,MRI Scan,1103.25
1813,2,Ultrasound,1910.60
1814,419,CT Scan,286.35
1815,275,ECG,700.21
1816,156,Ultrasound,157.63
1817,491,MRI Scan,762.44
1818,437,ECG,206.89
1819,236,Hospital Stay,1313.20
1820,91,Physical Examination,126.70
1821,197,Consultation,632.80
1822,200,MRI Scan,1279.70
1823,184,CT Scan,215.48
1824,324,CT Scan,1483.88
1825,72,Blood Test,426.53
1826,369,Medication Charge,515.05
1827,200,MRI Scan,1595.84
1828,330,Hospital Stay,1024.38
1829,495,CT Scan,1934.82
1830,9,Blood Test,711.61
1831,173,Blood Test,840.74
1832,109,Physical Examination,943.82
1833,348,Physical Examination,340.46
1834,297,Consultation,1853.39
1835,19,X-Ray,1003.34
1836,10,CT Scan,1819.00
1837,317,Blood Test,523.23
1838,333,X-Ray,78.01
1839,324,Blood Test,1814.09
1840,421,MRI Scan,939.56
1841,88,Medication Charge,174.72
1842,419,MRI Scan,272.65
1843,305,Medication Charge,480.12
1844,412,Consultation,881.11
1845,416,Ultrasound,682.26
1846,500,Medication Charge,1114.48
1847,165,Consultation,1540.24
1848,304,X-Ray,704.23
1849,62,Hospital Stay,325.41
1850,213,X-Ray,1407.78
1851,284,X-Ray,905.39
1852,474,Medication Charge,129.36
1853,52,Medication Charge,783.46
1854,81,Blood Test,1765.27
1855,42,Blood Test,64.09
1856,475,MRI Scan,1428.15
1857,304,Hospital Stay,861.63
1858,414,CT Scan,1400.10
1859,106,X-Ray,1297.66
1860,268,CT Scan,853.46
1861,481,X-Ray,1240.55
1862,20,Medication Charge,401.00
1863,256,Medication Charge,1903.08
1864,322,Hospital Stay,728.31
1865,3,Physical Examination,509.50
1866,61,Physical Examination,1954.74
1867,317,ECG,1732.33
1868,277,Physical Examination,477.59
1869,395,Consultation,589.03
1870,100,MRI Scan,1603.40
1871,351,CT Scan,1020.15
1872,82,Blood Test,155.35
1873,187,Hospital Stay,458.70
1874,129,ECG,1252.80
1875,456,CT Scan,134.47
1876,380,Blood Test,1853.48
1877,91,X-Ray,1581.71
1878,249,Physical Examination,276.33
1879,459,Consultation,1456.74
1880,304,Medication Charge,685.65
1881,102,ECG,498.62
1882,57,ECG,494.18
1883,122,Ultrasound,1746.28
1884,193,Consultation,193.38
1885,300,CT Scan,155.96
1886,224,X-Ray,471.52
1887,313,CT Scan,397.22
1888,192,X-Ray,942.59
1889,100,ECG,1952.33
1890,104,ECG,298.06
1891,355,Medication Charge,166.32
1892,70,MRI Scan,1710.72
1893,235,Ultrasound,383.84
1894,176,Consultation,1778.50
1895,310,X-Ray,1589.62
1896,327,Medication Charge,1815.88
1897,296,Physical Examination,1717.26
1898,45,Ultrasound,1721.10
1899,251,Consultation,1203.58
1900,429,CT Scan,594.38
1901,374,Ultrasound,1485.55
1902,127,Consultation,688.23
1903,297,Consultation,1789.05
1904,303,X-Ray,1831.82
1905,460,Blood Test,864.66
1906,23,Blood Test,1982.98
1907,376,Physical Examination,115.56
1908,272,Ultrasound,984.58
1909,409,MRI Scan,932.26
1910,124,MRI Scan,1139.05
1911,7,Ultrasound,1902.37
1912,68,ECG,626.79
1913,332,MRI Scan,81.06
1914,343,Hospital Stay,365.52
1915,236,Medication Charge,1507.21
1916,13,CT Scan,954.33
1917,71,Ultrasound,410.64
1918,447,ECG,1272.28
1919,361,Blood Test,1727.75
1920,37,Ultrasound,1792.20
1921,171,Physical Examination,113.79
1922,219,Hospital Stay,1411.21
1923,314,Physical Examination,1171.70
1924,107,MRI Scan,1259.89
1925,172,Blood Test,1053.74
1926,466,ECG,1781.56
1927,57,Ultrasound,762.90
1928,317,Blood Test,762.86
1929,90,Physical Examination,1424.50
1930,288,Consultation,319.89
1931,172,Consultation,1102.29
1932,333,CT Scan,1487.89
1933,386,Medication Charge,1748.71
1934,360,Consultation,1518.69
1935,390,Consultation,674.90
1936,460,Hospital Stay,1031.95
1937,217,Hospital Stay,156.20
1938,191,ECG,932.20
1939,257,Physical Examination,1667.64
1940,241,Physical Examination,1372.70
1941,273,Hospital Stay,931.36
1942,189,MRI Scan,417.29
1943,453,CT Scan,220.25
1944,201,X-Ray,612.33
1945,490,MRI Scan,263.26
1946,142,MRI Scan,1409.31
1947,255,X-Ray,1756.24
1948,267,Blood Test,621.68
1949,497,Physical Examination,1866.86
1950,243,ECG,869.25
1951,378,Blood Test,618.46
1952,33,Blood Test,1750.00
1953,119,Physical Examination,1307.11
1954,211,Medication Charge,718.45
1955,331,ECG,997.99
1956,341,Physical Examination,1691.72
1957,228,CT Scan,642.96
1958,68,Hospital Stay,384.89
1959,134,Consultation,994.27
1960,498,Hospital Stay,1551.01
1961,25,X-Ray,738.59
1962,234,X-Ray,1256.33
1963,83,Physical Examination,606.23
1964,499,X-Ray,1686.70
1965,355,X-Ray,364.45
1966,60,Blood Test,1987.86
1967,295,X-Ray,909.73
1968,190,X-Ray,450.05
1969,363,Blood Test,1347.83
1970,177,X-Ray,777.18
1971,277,X-Ray,1090.60
1972,63,Blood Test,838.90
1973,256,X-Ray,1898.19
1974,476,ECG,354.30
1975,497,Physical Examination,1952.42
1976,170,Hospital Stay,974.13
1977,149,Medication Charge,1350.43
1978,410,Medication Charge,1470.66
1979,473,CT Scan,710.43
1980,58,CT Scan,1805.34
1981,72,Physical Examination,277.91
1982,13,Ultrasound,1254.17
1983,113,CT Scan,746.92
1984,168,Blood Test,1235.89
1985,100,Medication Charge,1076.55
1986,401,Hospital Stay,431.65
1987,43,Physical Examination,1706.43
1988,347,MRI Scan,1952.89
1989,202,Consultation,1006.41
1990,309,Medication Charge,1047.53
1991,29,ECG,825.24
1992,367,Ultrasound,770.78
1993,191,Blood Test,605.07
1994,180,Hospital Stay,1956.17
1995,448,Physical Examination,220.82
1996,373,CT Scan,1495.98
1997,213,CT Scan,612.84
1998,413,Ultrasound,1470.78
1999,213,X-Ray,1679.25
2000,307,MRI Scan,330.10
2001,156,CT Scan,1977.35
2002,269,ECG,178.93
2003,492,Medication Charge,1524.42
2004,46,Blood Test,848.45
2005,469,Hospital Stay,858.30
2006,285,CT Scan,1434.98
2007,387,X-Ray,438.55
2008,427,Ultrasound,614.45
2009,252,Blood Test,1654.46
2010,155,Medication Charge,642.63
2011,287,CT Scan,487.81
2012,406,Blood Test,350.35
2013,154,CT Scan,292.15
2014,341,Hospital Stay,863.46
2015,252,Consultation,105.46
2016,392,Hospital Stay,1011.45
2017,497,MRI Scan,1217.84
2018,186,Medication Charge,986.95
2019,224,Hospital Stay,1274.59
2020,244,MRI Scan,777.74
2021,376,Medication Charge,84.21
2022,133,X-Ray,1184.23
2023,75,ECG,949.04
2024,355,X-Ray,746.90
2025,28,Hospital Stay,754.27
2026,326,ECG,144.99
2027,150,Physical Examination,1295.95
2028,40,Physical Examination,427.94
2029,322,X-Ray,1541.14
2030,307,X-Ray,1110.24
2031,447,ECG,1662.30
2032,351,Hospital Stay,579.34
2033,358,ECG,236.88
2034,297,ECG,1655.46
2035,7,X-Ray,1060.43
2036,191,CT Scan,853.39
2037,472,X-Ray,249.71
2038,80,Physical Examination,481.17
2039,97,Physical Examination,1246.19
2040,426,Physical Examination,1699.84
2041,365,Physical Examination,1419.42
2042,411,MRI Scan,863.83
2043,470,MRI Scan,277.30
2044,68,Blood Test,985.06
2045,160,ECG,321.08
2046,227,Medication Charge,1070.09
2047,497,ECG,385.80
2048,156,Blood Test,1501.70
2049,61,Consultation,300.99
2050,356,X-Ray,1391.69
2051,158,X-Ray,459.19
2052,41,Ultrasound,1397.10
2053,402,MRI Scan,201.58
2054,397,CT Scan,1526.80
2055,22,Consultation,260.24
2056,407,Physical Examination,1206.69
2057,241,MRI Scan,1821.63
2058,23,MRI Scan,638.21
2059,6,MRI Scan,1575.62
2060,472,Medication Charge,450.53
2061,462,Consultation,410.32
2062,180,Blood Test,227.02
2063,434,Hospital Stay,1900.14
2064,179,ECG,363.09
2065,257,Medication Charge,521.55
2066,292,MRI Scan,243.26
2067,297,Blood Test,1081.24
2068,367,Consultation,1930.31
2069,88,Physical Examination,58.44
2070,372,MRI Scan,1852.25
2071,472,Physical Examination,1710.03
2072,244,ECG,1411.36
2073,95,CT Scan,1363.38
2074,55,X-Ray,1677.75
2075,195,Ultrasound,467.83
2076,117,Ultrasound,270.05
2077,161,MRI Scan,958.51
2078,267,X-Ray,1016.84
2079,185,Hospital Stay,1136.41
2080,21,MRI Scan,689.83
2081,60,Ultrasound,603.04
2082,308,Hospital Stay,1389.74
2083,431,CT Scan,490.45
2084,209,Hospital Stay,1970.68
2085,220,Consultation,1720.71
2086,459,CT Scan,1881.21
2087,189,X-Ray,74.93
2088,346,CT Scan,1360.59
2089,203,CT Scan,1069.19
2090,347,MRI Scan,282.47
2091,203,Ultrasound,1405.32
2092,53,X-Ray,176.19
2093,500,Consultation,710.33
2094,305,Ultrasound,289.39
2095,430,Ultrasound,1464.14
2096,143,Medication Charge,1207.62
2097,388,Ultrasound,744.39
2098,342,Medication Charge,1902.77
2099,249,Physical Examination,593.84
2100,394,CT Scan,260.67
2101,129,CT Scan,1019.68
2102,322,X-Ray,107.96
2103,378,Blood Test,1669.11
2104,256,Blood Test,1945.54
2105,196,Medication Charge,1374.45
2106,79,Hospital Stay,1262.84
2107,50,MRI Scan,1339.11
2108,267,CT Scan,1595.83
2109,104,Hospital Stay,1341.08
2110,252,Physical Examination,560.25
2111,176,Physical Examination,1115.91
2112,488,Blood Test,1981.89
2113,451,MRI Scan,798.08
2114,162,Ultrasound,912.98
2115,19,Blood Test,394.89
2116,338,Hospital Stay,1775.17
2117,85,CT Scan,889.83
2118,160,Ultrasound,1000.54
2119,57,Medication Charge,1366.30
2120,338,Physical Examination,1386.48
2121,293,CT Scan,978.03
2122,438,X-Ray,1038.04
2123,201,Hospital Stay,1014.65
2124,498,Ultrasound,1253.03
2125,181,Hospital Stay,674.94
2126,15,Medication Charge,137.98
2127,429,ECG,730.31
2128,380,Medication Charge,102.45
2129,457,ECG,792.12
2130,220,ECG,1984.29
2131,211,ECG,160.08
2132,126,Consultation,507.51
2133,160,Medication Charge,215.64
2134,353,MRI Scan,1744.43
2135,59,ECG,381.07
2136,276,ECG,122.89
2137,337,Ultrasound,1157.70
2138,462,Ultrasound,569.91
2139,357,CT Scan,1196.58
2140,163,Ultrasound,1162.19
2141,166,Medication Charge,240.57
2142,251,MRI Scan,1397.18
2143,106,ECG,1018.63
2144,416,ECG,374.92
2145,154,ECG,1940.38
2146,104,CT Scan,1289.12
2147,499,MRI Scan,1688.74
2148,275,Consultation,610.34
2149,25,Hospital Stay,1992.64
2150,206,Consultation,1267.92
2151,491,MRI Scan,1449.53
2152,297,MRI Scan,1204.14
2153,140,MRI Scan,1154.54
2154,272,CT Scan,882.86
2155,178,MRI Scan,1320.50
2156,155,Physical Examination,1618.05
2157,222,Physical Examination,661.04
2158,213,Ultrasound,539.97
2159,264,CT Scan,1359.54
2160,281,X-Ray,1767.75
2161,322,Physical Examination,1732.28
2162,296,CT Scan,465.26
2163,493,CT Scan,572.48
2164,327,Physical Examination,1627.42
2165,437,Ultrasound,1872.54
2166,373,Blood Test,1068.43
2167,187,CT Scan,338.10
2168,78,Hospital Stay,1696.04
2169,211,ECG,1727.36
2170,467,MRI Scan,1286.16
2171,434,Ultrasound,570.52
2172,147,X-Ray,550.07
2173,308,Consultation,841.44
2174,59,X-Ray,424.24
2175,126,Hospital Stay,955.11
2176,287,Ultrasound,872.94
2177,464,Blood Test,443.88
2178,140,X-Ray,106.83
2179,405,Hospital Stay,1334.41
2180,91,Blood Test,1929.38
2181,249,Blood Test,157.89
2182,460,MRI Scan,662.11
2183,153,MRI Scan,1806.12
2184,209,ECG,1359.76
2185,454,MRI Scan,823.95
2186,430,X-Ray,510.28
2187,293,Physical Examination,1869.22
2188,268,Medication Charge,1901.87
2189,477,Physical Examination,541.03
2190,453,MRI Scan,514.25
2191,63,ECG,692.11
2192,300,Ultrasound,1621.39
2193,381,Consultation,1874.23
2194,112,X-Ray,258.29
2195,110,Hospital Stay,906.98
2196,131,Medication Charge,159.05
2197,274,ECG,1414.25
2198,58,ECG,1114.20
2199,244,Consultation,1928.46
2200,451,X-Ray,757.85
2201,367,ECG,1651.66
2202,11,Medication Charge,117.88
2203,379,Blood Test,1396.83
2204,404,Consultation,543.32
2205,197,Hospital Stay,1295.95
2206,359,ECG,1811.16
2207,351,MRI Scan,1093.08
2208,122,CT Scan,807.52
2209,466,Ultrasound,1858.64
2210,470,Hospital Stay,636.73
2211,480,Consultation,629.97
2212,441,X-Ray,1835.99
2213,324,ECG,1764.96
2214,393,Ultrasound,1589.17
2215,141,MRI Scan,1655.24
2216,482,CT Scan,968.63
2217,212,ECG,1448.90
2218,449,MRI Scan,1657.58
2219,358,Hospital Stay,1037.35
2220,181,Ultrasound,1224.13
2221,417,Physical Examination,1488.68
2222,233,Blood Test,1535.85
2223,329,X-Ray,1278.80
2224,406,X-Ray,56.00
2225,103,Hospital Stay,661.76
2226,43,MRI Scan,357.75
2227,265,X-Ray,1701.57
2228,352,Ultrasound,1595.65
2229,164,CT Scan,982.81
2230,377,X-Ray,558.33
2231,352,Medication Charge,1662.20
2232,410,Hospital Stay,437.39
2233,213,ECG,404.68
2234,449,Ultrasound,1892.28
2235,453,Medication Charge,487.75
2236,486,Blood Test,1850.07
2237,332,Medication Charge,1271.92
2238,465,MRI Scan,1949.55
2239,102,Hospital Stay,1417.46
2240,87,Blood Test,832.02
2241,220,Medication Charge,557.31
2242,46,ECG,381.74
2243,291,MRI Scan,77.52
2244,270,Ultrasound,1558.05
2245,476,CT Scan,1663.15
2246,254,MRI Scan,487.74
2247,105,Consultation,1894.80
2248,417,Hospital Stay,611.53
2249,254,Ultrasound,303.89
2250,439,Consultation,1220.16
2251,422,Hospital Stay,1467.08
2252,97,Ultrasound,401.72
2253,406,X-Ray,106.11
2254,500,Hospital Stay,509.20
2255,231,Consultation,770.79
2256,351,CT Scan,217.19
2257,241,X-Ray,1749.31
2258,499,Ultrasound,1389.36
2259,366,Ultrasound,1431.48
2260,377,Medication Charge,549.64
2261,49,Physical Examination,164.57
2262,171,Consultation,968.32
2263,182,Medication Charge,1881.68
2264,496,Medication Charge,1433.65
2265,415,Blood Test,60.45
2266,259,Medication Charge,792.83
2267,203,ECG,307.86
2268,457,Physical Examination,130.19
2269,92,Hospital Stay,381.24
2270,253,ECG,1761.90
2271,68,MRI Scan,668.77
2272,272,Ultrasound,326.50
2273,60,ECG,136.12
2274,66,CT Scan,1749.78
2275,428,Hospital Stay,1508.26
2276,475,Ultrasound,601.70
2277,449,Hospital Stay,1245.22
2278,390,Hospital Stay,1058.10
2279,224,X-Ray,665.31
2280,252,X-Ray,1133.57
2281,473,CT Scan,153.78
2282,77,Blood Test,498.23
2283,19,CT Scan,557.44
2284,362,CT Scan,901.04
2285,459,CT Scan,129.54
2286,183,Physical Examination,996.14
2287,253,MRI Scan,1699.38
2288,444,X-Ray,291.13
2289,48,Consultation,1742.94
2290,93,X-Ray,1512.38
2291,422,Hospital Stay,1148.33
2292,340,Medication Charge,464.17
2293,498,Blood Test,1075.73
2294,293,X-Ray,862.02
2295,40,Consultation,1548.09
2296,347,MRI Scan,1780.37
2297,14,Hospital Stay,1378.56
2298,349,MRI Scan,818.63
2299,303,MRI Scan,1682.11
2300,79,Blood Test,208.07
2301,426,CT Scan,935.41
2302,490,Hospital Stay,1208.70
2303,3,ECG,1941.05
2304,336,Medication Charge,1904.25
2305,167,Medication Charge,302.17
2306,442,Blood Test,1613.04
2307,145,ECG,1606.39
2308,381,MRI Scan,1116.95
2309,309,Ultrasound,230.47
2310,131,X-Ray,518.16
2311,395,Ultrasound,223.92
2312,437,Consultation,367.73
2313,400,Ultrasound,605.62
2314,386,X-Ray,285.17
2315,252,Ultrasound,1484.98
2316,472,Hospital Stay,1812.28
2317,309,X-Ray,750.14
2318,50,ECG,1049.67
2319,251,CT Scan,1776.56
2320,244,Hospital Stay,1147.96
2321,217,MRI Scan,1525.16
2322,416,ECG,1247.04
2323,223,Ultrasound,231.25
2324,263,ECG,1947.88
2325,347,Consultation,1312.84
2326,366,X-Ray,1864.80
2327,270,Physical Examination,213.74
2328,240,Ultrasound,204.41
2329,411,CT Scan,635.77
2330,66,Hospital Stay,1691.00
2331,268,Ultrasound,626.19
2332,25,Physical Examination,199.24
2333,24,Physical Examination,259.88
2334,218,Ultrasound,234.24
2335,339,Medication Charge,1635.01
2336,182,Hospital Stay,1191.86
2337,394,Physical Examination,81.72
2338,380,CT Scan,400.13
2339,94,Ultrasound,138.25
2340,214,Hospital Stay,662.20
2341,371,CT Scan,1526.84
2342,231,Medication Charge,1625.28
2343,175,X-Ray,461.58
2344,41,Medication Charge,555.67
2345,345,MRI Scan,895.91
2346,10,Blood Test,820.12
2347,7,X-Ray,1328.81
2348,236,Ultrasound,1744.12
2349,495,Medication Charge,1465.53
2350,156,Medication Charge,1635.61
2351,316,ECG,1396.79
2352,494,Ultrasound,1619.05
2353,45,X-Ray,313.47
2354,98,MRI Scan,1641.14
2355,357,Consultation,1725.07
2356,108,CT Scan,1314.82
2357,333,Consultation,899.79
2358,321,Physical Examination,422.28
2359,155,CT Scan,338.92
2360,217,Blood Test,277.09
2361,463,X-Ray,1490.62
2362,228,CT Scan,969.40
2363,441,CT Scan,1191.19
2364,104,Hospital Stay,1160.39
2365,427,Ultrasound,149.30
2366,5,MRI Scan,1279.30
2367,366,Ultrasound,1960.00
2368,435,CT Scan,1487.30
2369,306,Physical Examination,1998.10
2370,19,CT Scan,829.38
2371,263,Medication Charge,1463.00
2372,479,CT Scan,502.22
2373,32,Physical Examination,87.09
2374,296,ECG,1128.85
2375,138,Ultrasound,1783.82
2376,60,CT Scan,1264.26
2377,331,ECG,924.23
2378,224,Blood Test,364.60
2379,372,Consultation,965.02
2380,225,Consultation,1039.89
2381,301,ECG,1847.38
2382,437,CT Scan,305.76
2383,151,Ultrasound,1921.62
2384,427,ECG,1602.15
2385,410,X-Ray,1262.59
2386,145,MRI Scan,1350.76
2387,67,X-Ray,438.99
2388,311,CT Scan,246.76
2389,213,CT Scan,642.12
2390,108,Physical Examination,141.75
2391,10,ECG,1767.77
2392,183,X-Ray,390.69
2393,441,Physical Examination,112.34
2394,33,ECG,889.71
2395,317,Consultation,285.34
2396,115,CT Scan,552.75
2397,175,ECG,1550.28
2398,395,Physical Examination,571.61
2399,78,Physical Examination,1228.36
2400,54,Blood Test,1856.93
2401,225,CT Scan,1927.16
2402,387,MRI Scan,1950.59
2403,401,Medication Charge,1238.83
2404,440,MRI Scan,1656.04
2405,22,Physical Examination,255.55
2406,323,MRI Scan,1748.20
2407,467,ECG,356.21
2408,150,CT Scan,1535.83
2409,256,MRI Scan,350.88
2410,187,ECG,1647.36
2411,63,Consultation,906.26
2412,213,Blood Test,528.37
2413,415,CT Scan,715.57
2414,259,X-Ray,216.21
2415,191,Ultrasound,753.25
2416,341,Consultation,345.64
2417,386,Physical Examination,872.36
2418,117,X-Ray,1613.45
2419,212,Ultrasound,1801.23
2420,488,Physical Examination,1599.48
2421,186,Blood Test,913.03
2422,395,Blood Test,1449.37
2423,265,MRI Scan,215.32
2424,162,Ultrasound,1964.79
2425,85,Ultrasound,169.86
2426,389,Blood Test,1337.34
2427,329,X-Ray,1809.90
2428,30,Physical Examination,1946.69
2429,215,Ultrasound,1777.28
2430,359,Physical Examination,1753.42
2431,370,ECG,1823.00
2432,5,Hospital Stay,1805.41
2433,313,X-Ray,1415.58
2434,229,Consultation,1780.78
2435,320,Medication Charge,1321.47
2436,358,ECG,1780.97
2437,401,Ultrasound,1562.03
2438,452,Hospital Stay,214.35
2439,276,ECG,810.49
2440,369,X-Ray,1064.92
2441,277,Hospital Stay,466.78
2442,262,Physical Examination,658.89
2443,175,X-Ray,95.67
2444,456,Physical Examination,1205.38
2445,124,Hospital Stay,1466.69
2446,259,MRI Scan,1477.37
2447,431,ECG,556.53
2448,260,ECG,291.44
2449,388,MRI Scan,925.04
2450,294,Blood Test,933.64
2451,121,Medication Charge,1152.91
2452,458,Physical Examination,1696.77
2453,120,ECG,633.44
2454,342,Medication Charge,1361.25
2455,366,Ultrasound,1063.35
2456,127,MRI Scan,689.30
2457,299,Consultation,1654.54
2458,185,CT Scan,241.08
2459,365,Ultrasound,1665.45
2460,42,MRI Scan,171.28
2461,455,X-Ray,978.69
2462,229,MRI Scan,770.12
2463,270,Ultrasound,1197.07
2464,266,Ultrasound,1750.43
2465,300,CT Scan,1291.10
2466,226,CT Scan,1476.85
2467,214,X-Ray,331.48
2468,66,CT Scan,1436.74
2469,67,Physical Examination,1733.38
2470,61,Consultation,938.09
2471,17,X-Ray,1890.94
2472,190,MRI Scan,1223.12
2473,210,MRI Scan,285.69
2474,293,Hospital Stay,128.55
2475,79,MRI Scan,774.36
2476,192,Hospital Stay,623.26
2477,15,X-Ray,327.17
2478,302,Ultrasound,144.87
2479,458,Hospital Stay,1783.66
2480,111,X-Ray,1647.29
2481,251,Blood Test,288.54
2482,179,MRI Scan,1747.33
2483,214,CT Scan,1167.47
2484,290,CT Scan,1805.56
2485,401,Ultrasound,976.69
2486,369,Medication Charge,308.98
2487,71,Physical Examination,1291.10
2488,390,CT Scan,1351.08
2489,77,ECG,224.16
2490,320,Medication Charge,848.78
2491,120,Ultrasound,711.05
2492,24,CT Scan,1485.03
2493,331,MRI Scan,1738.61
2494,363,Blood Test,1165.39
2495,408,Hospital Stay,1144.04
2496,64,Physical Examination,216.05
2497,490,Medication Charge,1106.58
2498,388,Blood Test,1916.72
2499,268,Consultation,1513.59
2500,258,Blood Test,284.55
2501,480,Physical Examination,400.50
2502,10,Hospital Stay,1584.18
2503,126,Medication Charge,916.25
2504,414,Physical Examination,1233.37
2505,206,Medication Charge,137.72
2506,442,Blood Test,712.92
2507,93,Ultrasound,96.91
2508,271,ECG,794.92
2509,47,MRI Scan,1960.58
2510,278,X-Ray,606.44
2511,94,Hospital Stay,1548.19
2512,79,Hospital Stay,1906.72
2513,348,X-Ray,164.88
2514,493,ECG,403.84
2515,366,Blood Test,631.15
2516,51,ECG,327.80
2517,458,ECG,552.97
2518,483,MRI Scan,151.16
2519,123,Medication Charge,1192.76
2520,253,Physical Examination,1517.16
2521,198,MRI Scan,575.11
2522,163,CT Scan,1128.59
2523,34,CT Scan,106.37
2524,325,Consultation,1831.78
2525,10,Hospital Stay,1130.45
2526,301,MRI Scan,530.32
2527,285,X-Ray,644.00
2528,209,CT Scan,213.62
2529,326,Physical Examination,446.74
2530,496,X-Ray,777.95
2531,87,Consultation,1098.19
2532,217,Physical Examination,930.90
2533,1,CT Scan,1924.17
2534,318,Hospital Stay,1323.46
2535,86,Blood Test,167.34
2536,472,CT Scan,582.94
2537,129,Ultrasound,1998.52
2538,432,Consultation,1191.06
2539,262,Hospital Stay,138.70
2540,379,Physical Examination,1148.01
2541,154,MRI Scan,820.84
2542,63,X-Ray,1463.89
2543,144,Ultrasound,461.16
2544,259,ECG,1773.67
2545,485,ECG,1288.58
2546,386,CT Scan,582.38
2547,340,ECG,716.18
2548,236,Medication Charge,690.49
2549,468,X-Ray,1310.56
2550,2,Medication Charge,979.23
2551,462,Blood Test,1361.78
2552,212,Physical Examination,1795.77
2553,361,CT Scan,1536.81
2554,276,MRI Scan,1585.25
2555,333,MRI Scan,1100.37
2556,457,CT Scan,1360.88
2557,181,Ultrasound,1663.56
2558,184,Ultrasound,395.51
2559,394,Blood Test,293.29
2560,190,Consultation,916.93
2561,114,Blood Test,1528.92
2562,349,ECG,423.45
2563,418,Medication Charge,1269.21
2564,414,Consultation,506.80
2565,253,ECG,121.75
2566,253,Medication Charge,457.72
2567,101,Ultrasound,266.35
2568,143,Medication Charge,1025.63
2569,88,Physical Examination,427.85
2570,379,Medication Charge,1360.74
2571,309,Medication Charge,392.28
2572,302,X-Ray,1504.65
2573,66,Hospital Stay,1870.45
2574,439,Consultation,1767.96
2575,374,Hospital Stay,424.11
2576,348,Blood Test,1984.31
2577,355,Physical Examination,1248.19
2578,349,Physical Examination,1772.05
2579,2,Ultrasound,1299.88
2580,483,Blood Test,1715.03
2581,166,Ultrasound,1696.47
2582,209,Hospital Stay,287.35
2583,266,CT Scan,1016.37
2584,265,Blood Test,1773.41
2585,115,Blood Test,591.97
2586,216,Physical Examination,925.28
2587,3,Ultrasound,429.49
2588,42,Medication Charge,1624.96
2589,378,Consultation,1957.29
2590,217,MRI Scan,1838.14
2591,101,X-Ray,691.99
2592,33,MRI Scan,104.35
2593,222,Blood Test,1205.44
2594,321,ECG,1688.99
2595,127,MRI Scan,973.47
2596,491,ECG,1673.41
2597,421,ECG,1063.37
2598,122,MRI Scan,1562.71
2599,318,CT Scan,1539.99
2600,321,CT Scan,1178.92
2601,44,Blood Test,1837.59
2602,194,ECG,1785.66
2603,356,MRI Scan,1576.16
2604,32,CT Scan,156.84
2605,313,Ultrasound,178.29
2606,347,Blood Test,1140.55
2607,151,Ultrasound,833.28
2608,317,Ultrasound,504.57
2609,307,Medication Charge,70.68
2610,197,CT Scan,1600.57
2611,451,Medication Charge,1257.50
2612,174,Blood Test,935.45
2613,169,Medication Charge,425.34
2614,53,Blood Test,1210.59
2615,35,Medication Charge,1589.36
2616,100,Medication Charge,295.66
2617,261,Hospital Stay,743.01
2618,247,Medication Charge,917.02
2619,125,X-Ray,1604.20
2620,31,X-Ray,657.75
2621,224,Physical Examination,1921.50
2622,387,ECG,656.82
2623,454,Physical Examination,1562.22
2624,76,CT Scan,651.92
2625,176,Hospital Stay,769.22
2626,5,Physical Examination,1193.56
2627,348,X-Ray,161.77
2628,260,Physical Examination,1724.47
2629,217,ECG,431.04
2630,103,Consultation,1581.26
2631,175,Consultation,1352.33
2632,356,CT Scan,1219.54
2633,170,Medication Charge,1153.89
2634,172,Medication Charge,634.28
2635,169,X-Ray,254.45
2636,449,Blood Test,1017.06
2637,472,Blood Test,1295.60
2638,355,Consultation,959.75
2639,110,Consultation,987.46
2640,394,ECG,1624.18
2641,193,Consultation,830.61
2642,423,Blood Test,757.49
2643,38,ECG,108.53
2644,59,X-Ray,616.62
2645,100,Medication Charge,1829.78
2646,185,Blood Test,1951.85
2647,102,Consultation,604.00
2648,113,Hospital Stay,1451.73
2649,174,Physical Examination,529.63
2650,101,Blood Test,393.35
2651,135,MRI Scan,90.94
2652,347,X-Ray,788.90
2653,404,MRI Scan,709.85
2654,108,Hospital Stay,939.60
2655,190,ECG,1338.77
2656,482,Physical Examination,1955.35
2657,320,Ultrasound,1762.86
2658,34,MRI Scan,331.64
2659,474,X-Ray,1600.05
2660,99,Physical Examination,787.48
2661,192,ECG,1219.12
2662,326,Consultation,1845.98
2663,391,Medication Charge,1195.29
2664,438,Physical Examination,623.66
2665,77,ECG,531.98
2666,323,Hospital Stay,1752.06
2667,436,Physical Examination,1938.35
2668,454,CT Scan,458.01
2669,42,CT Scan,1592.44
2670,315,MRI Scan,376.50
2671,199,Physical Examination,779.82
2672,266,CT Scan,399.05
2673,365,ECG,1074.68
2674,248,CT Scan,973.83
2675,298,Ultrasound,1294.31
2676,405,Medication Charge,1316.99
2677,107,Consultation,1795.03
2678,232,Consultation,822.00
2679,157,Ultrasound,1782.98
2680,293,X-Ray,1874.22
2681,192,Hospital Stay,1123.58
2682,69,MRI Scan,625.34
2683,266,ECG,498.85
2684,22,CT Scan,1048.91
2685,173,Ultrasound,929.74
2686,222,Ultrasound,766.65
2687,255,ECG,582.39
2688,13,X-Ray,911.29
2689,136,MRI Scan,750.23
2690,43,Hospital Stay,1693.08
2691,263,Physical Examination,1305.13
2692,403,Hospital Stay,1856.88
2693,51,MRI Scan,189.13
2694,20,Physical Examination,440.60
2695,101,ECG,537.55
2696,382,Hospital Stay,421.75
2697,310,X-Ray,1996.89
2698,386,Physical Examination,1829.15
2699,5,Hospital Stay,599.60
2700,178,Ultrasound,1894.34
2701,421,Medication Charge,1527.72
2702,7,CT Scan,1325.48
2703,390,X-Ray,1737.66
2704,117,Consultation,1460.50
2705,108,CT Scan,505.76
2706,301,Physical Examination,1527.36
2707,370,CT Scan,714.29
2708,44,ECG,1699.31
2709,220,Ultrasound,458.69
2710,231,Physical Examination,108.70
2711,72,Medication Charge,1753.81
2712,157,Blood Test,1024.61
2713,338,ECG,712.65
2714,215,Ultrasound,1387.24
2715,207,Physical Examination,634.29
2716,301,Blood Test,1156.78
2717,17,X-Ray,349.70
2718,488,ECG,1157.97
2719,410,Medication Charge,1831.82
2720,294,Ultrasound,1961.34
2721,105,Ultrasound,174.23
2722,198,Consultation,975.82
2723,169,Medication Charge,1925.78
2724,328,Hospital Stay,231.82
2725,54,Physical Examination,396.39
2726,424,Medication Charge,1002.80
2727,96,Consultation,185.51
2728,494,Ultrasound,603.44
2729,120,Hospital Stay,1336.16
2730,36,CT Scan,162.03
2731,266,Blood Test,385.06
2732,441,Ultrasound,812.66
2733,57,X-Ray,1096.08
2734,245,MRI Scan,808.54
2735,463,Consultation,303.37
2736,106,Hospital Stay,892.79
2737,364,CT Scan,359.62
2738,295,Hospital Stay,1195.61
2739,258,CT Scan,587.11
2740,4,X-Ray,919.18
2741,423,Ultrasound,1229.45
2742,127,Physical Examination,691.34
2743,292,CT Scan,947.40
2744,295,Blood Test,1487.72
2745,148,CT Scan,726.22
2746,432,Hospital Stay,812.63
2747,422,X-Ray,859.35
2748,92,Medication Charge,1479.83
2749,235,Ultrasound,1826.12
2750,94,Medication Charge,236.29
2751,358,Blood Test,517.41
2752,446,X-Ray,583.86
2753,322,Physical Examination,619.18
2754,470,MRI Scan,1411.19
2755,370,Consultation,1822.04
2756,211,Physical Examination,286.40
2757,189,MRI Scan,1523.02
2758,259,ECG,849.69
2759,85,Hospital Stay,454.38
2760,23,CT Scan,102.10
2761,328,CT Scan,793.25
2762,382,Ultrasound,1718.76
2763,204,Blood Test,70.94
2764,59,X-Ray,687.87
2765,384,CT Scan,995.28
2766,35,MRI Scan,1119.44
2767,125,CT Scan,323.50
2768,421,Hospital Stay,1691.05
2769,88,Blood Test,1233.63
2770,91,Hospital Stay,292.10
2771,380,Ultrasound,378.48
2772,344,Blood Test,1370.90
2773,79,CT Scan,748.27
2774,111,Blood Test,1790.74
2775,273,Consultation,912.01
2776,25,Physical Examination,1299.97
2777,367,MRI Scan,811.71
2778,158,CT Scan,152.21
2779,3,Blood Test,1556.20
2780,393,Consultation,1861.20
2781,192,Consultation,439.97
2782,9,Ultrasound,104.49
2783,8,ECG,1650.03
2784,349,MRI Scan,480.11
2785,452,MRI Scan,1604.00
2786,426,X-Ray,1461.82
2787,23,Ultrasound,1049.38
2788,418,ECG,679.23
2789,321,Consultation,1268.11
2790,479,Physical Examination,820.37
2791,220,MRI Scan,503.20
2792,55,ECG,680.57
2793,8,Ultrasound,1325.29
2794,7,Ultrasound,464.90
2795,113,MRI Scan,1333.03
2796,143,Medication Charge,769.51
2797,35,Consultation,851.64
2798,393,Medication Charge,1024.17
2799,53,Physical Examination,1592.96
2800,473,Medication Charge,384.35
2801,492,MRI Scan,1219.74
2802,324,Ultrasound,1371.91
2803,498,X-Ray,697.49
2804,326,ECG,1957.14
2805,342,CT Scan,181.65
2806,10,Medication Charge,1828.60
2807,230,Ultrasound,1046.50
2808,380,Consultation,1031.67
2809,361,Blood Test,503.58
2810,316,MRI Scan,652.25
2811,378,Ultrasound,1526.63
2812,318,MRI Scan,166.85
2813,192,CT Scan,628.40
2814,78,Ultrasound,448.55
2815,20,Consultation,1850.65
2816,307,CT Scan,1491.55
2817,169,X-Ray,592.35
2818,330,Blood Test,1065.70
2819,213,Hospital Stay,1513.57
2820,118,ECG,718.32
2821,106,Physical Examination,155.44
2822,470,Consultation,1612.83
2823,357,Consultation,1235.72
2824,196,Physical Examination,677.19
2825,227,Blood Test,176.00
2826,252,MRI Scan,1909.64
2827,27,X-Ray,1879.64
2828,65,MRI Scan,388.67
2829,282,Consultation,510.80
2830,41,Ultrasound,1463.73
2831,160,X-Ray,1457.26
2832,126,Ultrasound,394.05
2833,128,Hospital Stay,606.44
2834,230,Consultation,580.13
2835,401,CT Scan,206.03
2836,498,ECG,826.58
2837,86,CT Scan,910.68
2838,259,Medication Charge,1483.11
2839,390,X-Ray,1648.23
2840,407,CT Scan,88.63
2841,196,Ultrasound,1715.38
2842,389,Hospital Stay,1210.61
2843,79,Physical Examination,1466.96
2844,132,Ultrasound,954.12
2845,233,Hospital Stay,781.54
2846,311,CT Scan,190.28
2847,70,CT Scan,431.65
2848,470,Consultation,58.15
2849,442,Physical Examination,1474.22
2850,192,CT Scan,838.88
2851,213,Ultrasound,1942.46
2852,192,Ultrasound,1004.62
2853,329,Medication Charge,188.91
2854,454,Blood Test,1985.32
2855,64,Ultrasound,1867.65
2856,84,Consultation,1537.75
2857,491,Hospital Stay,1553.98
2858,385,ECG,1043.74
2859,251,ECG,1408.09
2860,334,Ultrasound,1856.71
2861,377,Consultation,522.59
2862,18,ECG,1280.36
2863,347,Blood Test,1410.07
2864,331,X-Ray,559.59
2865,234,X-Ray,545.86
2866,309,Medication Charge,1905.97
2867,431,X-Ray,74.06
2868,395,MRI Scan,1306.57
2869,470,Ultrasound,825.45
2870,301,MRI Scan,1061.15
2871,97,Ultrasound,373.36
2872,219,Hospital Stay,1399.08
2873,257,Physical Examination,1334.05
2874,196,Medication Charge,650.56
2875,211,MRI Scan,263.08
2876,294,ECG,1637.74
2877,138,Consultation,1863.53
2878,204,Hospital Stay,62.52
2879,87,CT Scan,53.08
2880,36,Ultrasound,1073.68
2881,336,Hospital Stay,1479.43
2882,88,X-Ray,780.57
2883,361,X-Ray,436.14
2884,94,Physical Examination,1899.54
2885,231,Medication Charge,1638.02
2886,96,Consultation,165.02
2887,94,Consultation,555.74
2888,462,Ultrasound,909.42
2889,468,Medication Charge,262.93
2890,326,X-Ray,205.63
2891,44,Ultrasound,293.13
2892,33,ECG,107.85
2893,121,CT Scan,996.13
2894,390,MRI Scan,68.54
2895,137,Blood Test,1347.38
2896,405,Blood Test,238.84
2897,268,Blood Test,782.55
2898,267,Hospital Stay,1867.65
2899,243,ECG,1228.52
2900,173,ECG,1379.63
2901,176,ECG,1642.85
2902,482,ECG,1346.90
2903,194,Medication Charge,161.62
2904,183,ECG,1622.23
2905,2,CT Scan,1747.56
2906,206,X-Ray,100.08
2907,63,Physical Examination,594.96
2908,359,Consultation,768.44
2909,317,CT Scan,1054.08
2910,339,Consultation,56.10
2911,327,ECG,82.43
2912,185,Blood Test,1940.72
2913,377,ECG,1371.96
2914,120,Medication Charge,994.85
2915,379,Medication Charge,1598.22
2916,179,Ultrasound,1881.22
2917,483,CT Scan,1974.40
2918,439,MRI Scan,1481.84
2919,151,Medication Charge,430.40
2920,74,Physical Examination,1758.66
2921,402,Physical Examination,111.90
2922,255,MRI Scan,637.63
2923,345,Physical Examination,1975.08
2924,240,X-Ray,1798.00
2925,489,MRI Scan,990.23
2926,277,Consultation,524.54
2927,88,MRI Scan,255.67
2928,367,Blood Test,362.46
2929,476,ECG,1810.16
2930,393,Hospital Stay,479.73
2931,132,CT Scan,1905.43
2932,344,MRI Scan,1347.68
2933,473,Physical Examination,1285.42
2934,252,MRI Scan,1601.30
2935,171,Consultation,1866.97
2936,393,Medication Charge,176.10
2937,176,Ultrasound,1824.83
2938,381,Ultrasound,1325.14
2939,402,Physical Examination,1934.18
2940,224,Consultation,485.92
2941,60,Hospital Stay,220.98
2942,46,ECG,1494.13
2943,480,Consultation,1502.00
2944,60,Medication Charge,767.09
2945,437,ECG,1910.43
2946,296,Blood Test,656.06
2947,303,Physical Examination,420.22
2948,199,Ultrasound,673.30
2949,187,X-Ray,1063.52
2950,309,Medication Charge,483.18
2951,203,Blood Test,1099.67
2952,236,ECG,332.17
2953,483,Hospital Stay,1682.57
2954,256,CT Scan,337.48
2955,146,X-Ray,1506.77
2956,435,Blood Test,1217.82
2957,159,Physical Examination,1981.15
2958,64,Hospital Stay,1993.85
2959,362,Medication Charge,982.65
2960,425,Consultation,1015.30
2961,361,Ultrasound,164.68
2962,415,ECG,347.77
2963,367,Consultation,1703.74
2964,479,Consultation,1415.79
2965,27,X-Ray,1720.72
2966,373,Ultrasound,633.25
2967,418,X-Ray,1982.57
2968,281,Ultrasound,707.95
2969,348,CT Scan,1981.11
2970,388,Ultrasound,812.57
2971,271,Hospital Stay,600.61
2972,473,Consultation,1417.16
2973,281,Ultrasound,239.77
2974,166,Medication Charge,1738.42
2975,28,Hospital Stay,942.19
2976,84,Medication Charge,318.24
2977,357,CT Scan,617.61
2978,75,Consultation,475.37
2979,384,Consultation,1483.87
2980,5,ECG,1465.62
2981,295,MRI Scan,1372.72
2982,440,X-Ray,784.28
2983,219,X-Ray,1855.67
2984,50,ECG,1949.61
2985,92,Blood Test,278.83
2986,264,ECG,1207.12
2987,497,X-Ray,1272.60
2988,207,Consultation,116.29
2989,124,Ultrasound,1002.82
2990,353,Medication Charge,1911.38
2991,335,Ultrasound,1562.91
2992,408,MRI Scan,1566.58
2993,443,Ultrasound,586.67
2994,335,CT Scan,766.28
2995,62,MRI Scan,211.14
2996,251,Physical Examination,488.62
2997,301,Medication Charge,1975.33
2998,246,Hospital Stay,1402.77
2999,49,Medication Charge,403.14
3000,248,Ultrasound,631.81
3001,65,MRI Scan,684.20
3002,366,Physical Examination,410.54
3003,417,Blood Test,817.90
3004,419,Physical Examination,1577.78
3005,272,CT Scan,174.67
3006,429,Medication Charge,1101.01
3007,420,MRI Scan,1519.34
3008,107,MRI Scan,402.30
3009,307,X-Ray,60.38
3010,229,ECG,289.94
3011,66,Medication Charge,452.15
3012,83,MRI Scan,1146.87
3013,436,Blood Test,214.99
3014,64,Physical Examination,632.23
3015,495,Physical Examination,384.63
3016,484,Blood Test,534.26
3017,24,Physical Examination,1814.01
3018,151,Physical Examination,917.59
3019,296,CT Scan,1405.45
3020,268,ECG,1232.04
3021,262,Consultation,1391.46
3022,340,Blood Test,512.35
3023,97,X-Ray,634.43
3024,427,Consultation,1916.97
3025,309,Physical Examination,471.28
3026,184,Hospital Stay,300.56
3027,319,Ultrasound,195.00
3028,131,Hospital Stay,794.48
3029,463,X-Ray,830.12
3030,43,Hospital Stay,1369.23
3031,482,X-Ray,1095.01
3032,37,Hospital Stay,1990.95
3033,357,Consultation,1443.17
3034,289,Physical Examination,1229.64
3035,215,X-Ray,666.90
3036,404,Ultrasound,788.94
3037,494,Medication Charge,532.62
3038,139,MRI Scan,1086.37
3039,351,Physical Examination,843.22
3040,169,MRI Scan,757.50
3041,171,Hospital Stay,335.34
3042,409,Consultation,583.61
3043,51,Ultrasound,1960.00
3044,114,Ultrasound,1905.98
3045,401,MRI Scan,392.68
3046,373,Hospital Stay,1198.21
3047,414,CT Scan,236.30
3048,179,Medication Charge,1737.53
3049,283,Hospital Stay,1234.56
3050,460,Blood Test,382.96
3051,485,Ultrasound,402.31
3052,413,Physical Examination,1125.76
3053,452,Ultrasound,979.88
3054,66,Hospital Stay,68.52
3055,263,X-Ray,1332.25
3056,74,Ultrasound,1156.74
3057,137,Blood Test,1840.96
3058,328,ECG,1429.63
3059,128,Medication Charge,865.58
3060,235,X-Ray,905.97
3061,182,CT Scan,1029.35
3062,142,Ultrasound,1065.16
3063,368,Consultation,645.12
3064,440,MRI Scan,1897.54
3065,209,ECG,1698.23
3066,325,MRI Scan,199.55
3067,123,MRI Scan,371.97
3068,30,MRI Scan,1499.65
3069,284,CT Scan,1626.28
3070,6,Ultrasound,1370.21
3071,478,X-Ray,985.33
3072,264,Physical Examination,1410.87
3073,208,Blood Test,1251.76
3074,467,Blood Test,1442.61
3075,360,Physical Examination,1511.85
3076,126,Physical Examination,1383.95
3077,22,Medication Charge,924.87
3078,87,Physical Examination,1812.41
3079,90,MRI Scan,765.75
3080,69,Physical Examination,738.92
3081,27,Ultrasound,1016.24
3082,88,ECG,1940.97
3083,174,Consultation,1671.87
3084,436,MRI Scan,615.63
3085,248,Hospital Stay,566.26
3086,2,Medication Charge,817.56
3087,473,Hospital Stay,1861.76
3088,492,Physical Examination,1660.17
3089,19,CT Scan,1790.36
3090,435,CT Scan,162.12
3091,4,Medication Charge,947.69
3092,153,ECG,258.97
3093,180,X-Ray,834.03
3094,5,MRI Scan,890.07
3095,102,MRI Scan,1081.74
3096,461,X-Ray,850.90
3097,468,CT Scan,63.48
3098,394,Hospital Stay,490.89
3099,203,ECG,633.61
3100,220,X-Ray,1096.03
3101,138,MRI Scan,1979.27
3102,337,CT Scan,365.58
3103,182,Ultrasound,61.33
3104,453,Consultation,265.80
3105,146,Blood Test,310.68
3106,216,ECG,1806.95
3107,83,Consultation,1899.33
3108,492,Hospital Stay,281.64
3109,251,Physical Examination,1016.36
3110,350,X-Ray,683.53
3111,392,Ultrasound,1028.62
3112,473,Ultrasound,306.26
3113,491,MRI Scan,1595.79
3114,65,X-Ray,721.04
3115,7,Consultation,151.48
3116,425,ECG,887.85
3117,306,Blood Test,896.94
3118,149,Hospital Stay,997.56
3119,390,Ultrasound,533.11
3120,79,Physical Examination,414.38
3121,144,MRI Scan,1735.13
3122,359,Consultation,1349.34
3123,220,Consultation,974.09
3124,401,MRI Scan,1417.23
3125,258,Medication Charge,403.32
3126,438,Medication Charge,1276.37
3127,77,Consultation,284.90
3128,206,Blood Test,584.03
3129,99,X-Ray,881.29
3130,316,Consultation,227.32
3131,27,Ultrasound,844.23
3132,157,Consultation,482.46
3133,219,CT Scan,169.63
3134,219,Blood Test,643.37
3135,138,ECG,597.08
3136,180,Ultrasound,531.59
3137,459,Blood Test,404.42
3138,1,Blood Test,1337.84
3139,165,Consultation,606.37
3140,144,Medication Charge,246.49
3141,95,Hospital Stay,1899.24
3142,187,ECG,643.50
3143,50,Blood Test,1381.77
3144,395,X-Ray,695.86
3145,380,ECG,1498.72
3146,302,Physical Examination,1229.19
3147,122,Hospital Stay,459.56
3148,197,MRI Scan,1780.03
3149,67,Medication Charge,284.69
3150,301,Consultation,426.21
3151,229,MRI Scan,196.02
3152,280,Medication Charge,718.65
3153,372,CT Scan,1979.81
3154,104,Physical Examination,1455.50
3155,23,X-Ray,423.83
3156,282,Hospital Stay,1788.59
3157,389,Physical Examination,1951.50
3158,459,ECG,924.54
3159,368,MRI Scan,1826.16
3160,35,CT Scan,867.06
3161,477,Physical Examination,1592.23
3162,86,Medication Charge,584.59
3163,496,X-Ray,614.83
3164,490,Medication Charge,168.55
3165,498,Consultation,1494.39
3166,204,CT Scan,1385.15
3167,446,Physical Examination,1944.50
3168,85,CT Scan,1513.92
3169,197,Physical Examination,1569.78
3170,206,Medication Charge,579.41
3171,95,Blood Test,362.01
3172,112,Medication Charge,1408.61
3173,451,Physical Examination,938.11
3174,363,Physical Examination,554.73
3175,437,Consultation,627.91
3176,138,Physical Examination,282.25
3177,115,Blood Test,1090.45
3178,150,Blood Test,1297.25
3179,483,Hospital Stay,1858.13
3180,139,Blood Test,1302.71
3181,128,Consultation,1092.46
3182,1,ECG,1283.73
3183,498,ECG,682.90
3184,485,Physical Examination,564.87
3185,69,Ultrasound,1801.75
3186,151,ECG,1971.26
3187,321,Blood Test,1656.67
3188,113,Hospital Stay,394.63
3189,498,Blood Test,1097.91
3190,445,Medication Charge,257.56
3191,382,Ultrasound,1894.03
3192,132,Medication Charge,1124.21
3193,419,CT Scan,480.25
3194,138,Consultation,1184.24
3195,414,Ultrasound,353.50
3196,119,Ultrasound,768.85
3197,462,CT Scan,232.70
3198,93,CT Scan,410.80
3199,442,X-Ray,418.28
3200,252,X-Ray,1312.75
3201,11,Hospital Stay,367.69
3202,91,Ultrasound,1390.37
3203,97,MRI Scan,329.87
3204,219,Consultation,937.30
3205,331,Ultrasound,245.46
3206,270,X-Ray,1467.19
3207,414,Blood Test,1226.42
3208,194,Ultrasound,90.40
3209,424,Blood Test,1538.72
3210,330,Blood Test,307.75
3211,395,MRI Scan,571.93
3212,481,Medication Charge,76.32
3213,495,Blood Test,1917.35
3214,55,Physical Examination,1485.46
3215,174,MRI Scan,444.53
3216,246,Medication Charge,1790.16
3217,418,X-Ray,649.40
3218,246,X-Ray,525.43
3219,279,Hospital Stay,1273.60
3220,64,Blood Test,1658.60
3221,53,Physical Examination,628.64
3222,262,Ultrasound,326.58
3223,468,Consultation,96.80
3224,219,Ultrasound,337.38
3225,336,Hospital Stay,490.47
3226,451,Ultrasound,1389.19
3227,367,MRI Scan,1009.05
3228,57,Consultation,248.39
3229,490,Hospital Stay,746.75
3230,316,ECG,280.78
3231,473,MRI Scan,1796.39
3232,310,X-Ray,397.23
3233,272,ECG,1219.24
3234,348,Ultrasound,342.93
3235,342,Hospital Stay,1268.28
3236,147,ECG,1757.03
3237,139,CT Scan,1340.38
3238,478,Hospital Stay,1630.90
3239,365,MRI Scan,1588.27
3240,442,X-Ray,1566.68
3241,76,ECG,338.17
3242,229,CT Scan,1638.57
3243,58,Medication Charge,883.53
3244,373,Hospital Stay,332.10
3245,166,X-Ray,404.65
3246,198,ECG,672.67
3247,218,CT Scan,1402.17
3248,212,Medication Charge,1597.33
3249,171,X-Ray,1614.17
3250,335,Consultation,797.21
3251,282,CT Scan,1100.56
3252,253,Physical Examination,1095.61
3253,118,Ultrasound,213.05
3254,367,Ultrasound,1077.54
3255,398,Consultation,1421.03
3256,121,ECG,55.59
3257,436,Blood Test,756.68
3258,243,X-Ray,1845.76
3259,31,ECG,753.67
3260,435,X-Ray,624.66
3261,74,Physical Examination,1945.05
3262,468,Ultrasound,522.87
3263,424,Consultation,158.94
3264,71,MRI Scan,1926.00
3265,361,X-Ray,786.05
3266,14,Ultrasound,774.78
3267,360,MRI Scan,1342.36
3268,38,CT Scan,1683.00
3269,446,X-Ray,108.86
3270,188,X-Ray,204.04
3271,40,Blood Test,1159.91
3272,417,Ultrasound,341.95
3273,94,CT Scan,1499.94
3274,384,Physical Examination,1412.20
3275,154,CT Scan,852.47
3276,173,CT Scan,1573.72
3277,356,Blood Test,609.20
3278,80,Blood Test,1768.26
3279,17,Medication Charge,1514.71
3280,258,X-Ray,71.19
3281,427,Ultrasound,1375.81
3282,449,CT Scan,1130.60
3283,425,Hospital Stay,1842.34
3284,257,Hospital Stay,1433.24
3285,217,X-Ray,580.06
3286,48,Physical Examination,786.24
3287,487,X-Ray,1499.11
3288,206,Medication Charge,159.19
3289,201,X-Ray,1653.88
3290,500,Physical Examination,1229.91
3291,40,CT Scan,980.96
3292,335,Ultrasound,1663.14
3293,85,Blood Test,1616.51
3294,332,Ultrasound,429.72
3295,56,MRI Scan,201.73
3296,309,ECG,104.70
3297,145,X-Ray,1106.06
3298,34,Consultation,1214.37
3299,388,Hospital Stay,416.10
3300,104,Blood Test,518.65
3301,44,Medication Charge,1151.35
3302,289,CT Scan,139.08
3303,162,MRI Scan,1889.84
3304,5,ECG,1515.77
3305,491,Ultrasound,1025.42
3306,162,Ultrasound,1465.09
3307,499,X-Ray,1420.18
3308,50,ECG,844.21
3309,380,Physical Examination,246.96
3310,414,X-Ray,96.19
3311,408,Ultrasound,980.06
3312,445,Blood Test,615.73
3313,78,CT Scan,203.57
3314,321,MRI Scan,1908.00
3315,119,Consultation,1624.58
3316,335,X-Ray,1549.21
3317,83,Physical Examination,1056.79
3318,374,Medication Charge,1320.22
3319,477,ECG,922.59
3320,68,ECG,617.14
3321,320,Ultrasound,128.03
3322,365,Ultrasound,516.27
3323,313,Medication Charge,196.25
3324,79,Medication Charge,1274.19
3325,255,MRI Scan,1619.22
3326,74,Hospital Stay,1116.92
3327,497,MRI Scan,1022.88
3328,233,ECG,380.95
3329,152,X-Ray,182.92
3330,296,ECG,739.07
3331,37,X-Ray,1435.78
3332,236,Hospital Stay,1972.98
3333,132,CT Scan,1318.07
3334,72,MRI Scan,1944.78
3335,250,Blood Test,758.77
3336,147,Ultrasound,847.61
3337,318,X-Ray,909.61
3338,263,Medication Charge,1906.49
3339,192,MRI Scan,1380.29
3340,260,CT Scan,562.51
3341,449,Blood Test,1260.20
3342,330,Blood Test,1495.03
3343,126,Physical Examination,65.49
3344,437,MRI Scan,616.79
3345,82,Medication Charge,828.60
3346,38,Consultation,807.03
3347,237,MRI Scan,730.43
3348,240,Physical Examination,1805.25
3349,239,MRI Scan,217.35
3350,375,MRI Scan,1839.05
3351,473,Ultrasound,1548.02
3352,103,Ultrasound,691.01
3353,163,ECG,1993.05
3354,249,Consultation,1419.47
3355,244,MRI Scan,592.83
3356,20,Physical Examination,353.70
3357,241,X-Ray,1298.42
3358,164,Medication Charge,111.08
3359,308,Ultrasound,171.68
3360,414,ECG,1589.64
3361,243,Consultation,155.45
3362,445,Blood Test,1907.66
3363,351,Ultrasound,576.20
3364,326,X-Ray,213.00
3365,36,Hospital Stay,839.88
3366,153,CT Scan,1749.01
3367,269,Consultation,1355.81
3368,133,X-Ray,1669.57
3369,48,Ultrasound,716.94
3370,386,Hospital Stay,370.84
3371,179,Ultrasound,989.17
3372,275,X-Ray,1932.90
3373,224,ECG,1829.57
3374,293,Ultrasound,1654.88
3375,288,Medication Charge,437.19
3376,371,Medication Charge,1252.20
3377,166,ECG,77.66
3378,460,CT Scan,1870.95
3379,256,ECG,271.53
3380,497,Ultrasound,562.47
3381,370,Blood Test,1977.07
3382,483,X-Ray,1286.87
3383,328,Medication Charge,240.02
3384,112,Consultation,869.34
3385,280,X-Ray,1221.84
3386,111,ECG,459.04
3387,98,Medication Charge,1912.45
3388,190,ECG,81.57
3389,460,Hospital Stay,1029.07
3390,445,MRI Scan,1413.67
3391,333,CT Scan,857.40
3392,181,ECG,1664.96
3393,219,Physical Examination,1949.44
3394,172,MRI Scan,1856.38
3395,235,Ultrasound,777.59
3396,284,Medication Charge,367.18
3397,224,Ultrasound,605.80
3398,338,Ultrasound,1286.51
3399,360,Medication Charge,1878.91
3400,464,MRI Scan,1990.96
3401,413,MRI Scan,224.79
3402,9,Medication Charge,1868.37
3403,54,CT Scan,1512.39
3404,320,Physical Examination,244.42
3405,228,Physical Examination,1183.41
3406,17,Hospital Stay,1710.83
3407,109,Consultation,1564.92
3408,283,Ultrasound,273.28
3409,439,CT Scan,1903.58
3410,180,CT Scan,855.22
3411,421,Ultrasound,64.83
3412,192,Consultation,1039.74
3413,138,Hospital Stay,649.42
3414,463,Ultrasound,1362.94
3415,3,Ultrasound,113.72
3416,14,X-Ray,1591.49
3417,431,Physical Examination,1649.07
3418,308,ECG,703.43
3419,492,Medication Charge,1986.02
3420,124,Physical Examination,1948.31
3421,99,Medication Charge,1306.65
3422,425,Blood Test,1612.60
3423,296,Ultrasound,301.30
3424,326,Ultrasound,1955.84
3425,89,Ultrasound,1813.13
3426,265,X-Ray,902.93
3427,51,X-Ray,1033.30
3428,324,Medication Charge,1579.35
3429,432,Hospital Stay,1682.81
3430,82,ECG,447.34
3431,48,Blood Test,902.97
3432,322,Medication Charge,348.44
3433,317,Physical Examination,1845.16
3434,41,Medication Charge,795.69
3435,381,X-Ray,1967.66
3436,325,ECG,413.78
3437,335,Consultation,629.00
3438,275,Consultation,1466.31
3439,414,Ultrasound,1552.26
3440,338,Blood Test,586.18
3441,479,X-Ray,1273.50
3442,327,Medication Charge,1740.53
3443,57,CT Scan,1858.04
3444,63,MRI Scan,326.58
3445,135,X-Ray,230.92
3446,254,ECG,1829.80
3447,107,Ultrasound,246.31
3448,408,Blood Test,856.80
3449,250,MRI Scan,460.08
3450,215,Ultrasound,1784.94
3451,325,CT Scan,1626.67
3452,93,Hospital Stay,69.77
3453,92,Medication Charge,1280.87
3454,438,Blood Test,278.55
3455,176,ECG,993.63
3456,315,Medication Charge,1115.64
3457,82,Physical Examination,1496.31
3458,475,MRI Scan,426.05
3459,16,Physical Examination,94.92
3460,263,X-Ray,471.80
3461,187,MRI Scan,1802.22
3462,16,ECG,320.20
3463,43,X-Ray,571.80
3464,247,Consultation,1908.80
3465,179,Physical Examination,1321.25
3466,240,CT Scan,900.32
3467,485,Ultrasound,1848.58
3468,129,X-Ray,435.86
3469,434,Hospital Stay,1925.65
3470,53,Medication Charge,1596.65
3471,301,Hospital Stay,373.02
3472,106,CT Scan,895.27
3473,229,Ultrasound,1212.84
3474,140,ECG,1264.68
3475,311,Ultrasound,887.16
3476,291,ECG,779.22
3477,324,MRI Scan,926.34
3478,456,Blood Test,1918.29
3479,130,Medication Charge,849.13
3480,310,Physical Examination,736.89
3481,16,MRI Scan,400.81
3482,166,Ultrasound,1592.25
3483,184,Consultation,191.65
3484,337,ECG,775.33
3485,400,ECG,288.49
3486,164,Blood Test,1447.77
3487,110,CT Scan,1156.57
3488,165,Consultation,1145.20
3489,198,Hospital Stay,1223.51
3490,270,Consultation,250.69
3491,143,Medication Charge,1895.23
3492,414,MRI Scan,1169.20
3493,331,Ultrasound,1380.16
3494,223,ECG,1636.12
3495,102,Consultation,146.84
3496,253,CT Scan,141.24
3497,141,Ultrasound,282.56
3498,232,X-Ray,1222.79
3499,303,Ultrasound,511.02
3500,11,Hospital Stay,84.78
3501,402,Medication Charge,1976.51
3502,467,CT Scan,604.51
3503,431,Ultrasound,122.17
3504,274,Physical Examination,126.28
3505,331,Blood Test,185.44
3506,49,Ultrasound,1460.34
3507,141,ECG,1519.70
3508,205,MRI Scan,1135.08
3509,161,CT Scan,1244.03
3510,202,Hospital Stay,1408.09
3511,233,CT Scan,1704.91
3512,496,MRI Scan,1694.00
3513,481,Medication Charge,250.35
3514,115,Blood Test,1659.64
3515,72,MRI Scan,1987.40
3516,442,Ultrasound,491.37
3517,46,Consultation,1462.01
3518,416,ECG,1641.49
3519,276,Blood Test,1871.52
3520,445,Blood Test,556.39
3521,402,Blood Test,266.07
3522,485,Hospital Stay,196.33
3523,169,Medication Charge,1593.67
3524,195,Hospital Stay,1412.40
3525,474,X-Ray,1187.73
3526,62,X-Ray,672.70
3527,76,Medication Charge,1781.21
3528,495,Ultrasound,1291.96
3529,343,MRI Scan,1067.44
3530,124,Medication Charge,981.96
3531,251,Hospital Stay,677.73
3532,375,CT Scan,490.37
3533,136,Hospital Stay,1437.19
3534,181,Physical Examination,1679.31
3535,125,Consultation,1405.18
3536,39,CT Scan,167.52
3537,7,Consultation,962.89
3538,198,Consultation,1000.91
3539,175,Consultation,1637.29
3540,390,Physical Examination,1052.16
3541,161,Hospital Stay,1431.60
3542,336,X-Ray,1703.22
3543,55,X-Ray,476.63
3544,187,Ultrasound,1951.38
3545,445,Medication Charge,1051.25
3546,400,Ultrasound,416.51
3547,143,Ultrasound,370.18
3548,158,Medication Charge,1314.35
3549,76,CT Scan,1758.58
3550,382,MRI Scan,519.10
3551,458,CT Scan,414.71
3552,15,CT Scan,1340.68
3553,232,ECG,567.88
3554,475,Physical Examination,213.93
3555,221,Consultation,343.71
3556,258,Ultrasound,1040.46
3557,28,CT Scan,581.55
3558,51,Blood Test,1314.81
3559,375,Ultrasound,428.17
3560,97,Ultrasound,394.46
3561,142,Physical Examination,1234.52
3562,266,Ultrasound,262.91
3563,26,Consultation,1919.99
3564,113,MRI Scan,153.62
3565,19,Medication Charge,569.05
3566,34,Physical Examination,247.01
3567,116,Medication Charge,1414.05
3568,208,Ultrasound,816.13
3569,113,Hospital Stay,1015.58
3570,88,Consultation,727.88
3571,148,Medication Charge,611.56
3572,2,MRI Scan,410.90
3573,465,Medication Charge,979.68
3574,157,Consultation,381.95
3575,349,MRI Scan,374.96
3576,171,CT Scan,326.58
3577,7,CT Scan,884.45
3578,11,X-Ray,1950.02
3579,452,MRI Scan,382.91
3580,390,Blood Test,1208.31
3581,497,CT Scan,1187.16
3582,251,Consultation,971.51
3583,24,Blood Test,1156.17
3584,149,Consultation,1074.27
3585,86,X-Ray,1561.75
3586,52,Hospital Stay,1617.59
3587,172,CT Scan,1006.79
3588,180,Physical Examination,551.81
3589,250,Hospital Stay,760.36
3590,7,ECG,637.21
3591,171,Physical Examination,1560.33
3592,439,Medication Charge,994.49
3593,139,Physical Examination,1470.02
3594,11,X-Ray,1958.34
3595,439,Consultation,1335.77
3596,73,ECG,1020.77
3597,126,Medication Charge,1494.97
3598,499,Ultrasound,750.87
3599,382,MRI Scan,427.99
3600,489,Ultrasound,1295.53
3601,495,Hospital Stay,1760.43
3602,348,Physical Examination,1803.48
3603,231,Physical Examination,391.16
3604,467,ECG,1781.59
3605,201,Medication Charge,863.72
3606,142,Hospital Stay,421.62
3607,297,Physical Examination,1418.58
3608,428,Medication Charge,289.77
3609,408,CT Scan,1154.99
3610,406,ECG,612.40
3611,497,Blood Test,1022.91
3612,351,X-Ray,959.32
3613,77,Physical Examination,1935.01
3614,320,Physical Examination,1345.42
3615,156,CT Scan,612.11
3616,410,Hospital Stay,80.41
3617,21,Consultation,601.88
3618,304,MRI Scan,153.73
3619,157,Blood Test,889.13
3620,339,Blood Test,147.31
3621,71,ECG,1763.51
3622,403,Physical Examination,1347.39
3623,394,Physical Examination,352.32
3624,45,Hospital Stay,328.16
3625,376,Consultation,892.50
3626,471,MRI Scan,617.06
3627,17,CT Scan,1869.22
3628,128,Ultrasound,874.00
3629,496,MRI Scan,1791.42
3630,472,Hospital Stay,1214.23
3631,89,Medication Charge,899.84
3632,449,ECG,1618.54
3633,72,Consultation,537.54
3634,214,Physical Examination,439.07
3635,157,MRI Scan,629.80
3636,475,CT Scan,1114.37
3637,193,Ultrasound,237.28
3638,270,CT Scan,1403.56
3639,258,ECG,963.34
3640,219,CT Scan,869.99
3641,211,CT Scan,103.96
3642,287,Blood Test,1917.11
3643,216,MRI Scan,1523.92
3644,315,Hospital Stay,1583.93
3645,298,Physical Examination,777.57
3646,318,Physical Examination,1804.83
3647,450,Hospital Stay,154.40
3648,433,Ultrasound,295.57
3649,344,Blood Test,952.48
3650,391,Physical Examination,947.43
3651,28,MRI Scan,156.65
3652,425,MRI Scan,700.29
3653,50,Hospital Stay,1152.61
3654,354,ECG,1735.41
3655,63,Medication Charge,1365.11
3656,379,Blood Test,1418.07
3657,265,X-Ray,1146.00
3658,496,CT Scan,315.99
3659,459,X-Ray,636.74
3660,160,Blood Test,1620.95
3661,320,Consultation,273.68
3662,1,X-Ray,1227.39
3663,62,Physical Examination,238.88
3664,105,MRI Scan,973.80
3665,427,Physical Examination,915.44
3666,29,MRI Scan,634.85
3667,248,X-Ray,1649.53
3668,431,Physical Examination,557.53
3669,314,CT Scan,1725.66
3670,316,MRI Scan,893.09
3671,326,Blood Test,410.38
3672,420,Consultation,383.01
3673,380,Physical Examination,440.68
3674,246,Hospital Stay,614.43
3675,52,Medication Charge,1011.28
3676,342,Hospital Stay,812.82
3677,358,MRI Scan,954.73
3678,417,Ultrasound,338.92
3679,146,CT Scan,284.25
3680,200,Blood Test,1182.05
3681,18,Medication Charge,916.73
3682,465,ECG,1927.45
3683,240,CT Scan,589.96
3684,82,ECG,1026.24
3685,441,Physical Examination,461.02
3686,463,Physical Examination,811.72
3687,33,X-Ray,1329.04
3688,181,Medication Charge,711.62
3689,367,X-Ray,592.76
3690,391,Hospital Stay,1850.78
3691,35,CT Scan,784.22
3692,242,Medication Charge,1335.00
3693,295,Physical Examination,1562.03
3694,270,Hospital Stay,302.37
3695,166,Medication Charge,1912.63
3696,179,Medication Charge,1254.08
3697,207,MRI Scan,137.61
3698,437,X-Ray,501.82
3699,341,MRI Scan,1023.90
3700,348,CT Scan,681.14
3701,119,Consultation,255.59
3702,451,X-Ray,1469.92
3703,197,Ultrasound,1848.63
3704,32,Medication Charge,538.44
3705,20,MRI Scan,910.98
3706,192,Medication Charge,1281.02
3707,16,X-Ray,676.26
3708,358,CT Scan,786.38
3709,327,Medication Charge,1135.11
3710,101,Hospital Stay,1007.65
3711,348,Hospital Stay,489.72
3712,380,X-Ray,896.42
3713,271,Consultation,217.74
3714,13,MRI Scan,446.90
3715,415,X-Ray,1791.92
3716,185,Ultrasound,1158.18
3717,443,MRI Scan,714.39
3718,350,Physical Examination,1017.54
3719,427,Consultation,1162.22
3720,243,Physical Examination,736.61
3721,317,Physical Examination,1714.17
3722,411,MRI Scan,905.81
3723,321,Ultrasound,1754.25
3724,292,MRI Scan,298.03
3725,265,Hospital Stay,246.78
3726,256,Consultation,150.38
3727,277,ECG,93.96
3728,421,Hospital Stay,1848.43
3729,129,Ultrasound,1421.38
3730,35,X-Ray,1937.82
3731,39,Physical Examination,1171.94
3732,437,Physical Examination,1867.03
3733,257,Hospital Stay,828.48
3734,30,Physical Examination,1410.16
3735,57,Medication Charge,968.41
3736,470,Hospital Stay,1323.80
3737,17,ECG,871.74
3738,103,ECG,1781.65
3739,31,X-Ray,448.25
3740,419,ECG,1852.14
3741,340,Blood Test,509.45
3742,38,Medication Charge,1813.43
3743,360,Blood Test,724.40
3744,37,Ultrasound,1216.39
3745,314,MRI Scan,1780.66
3746,246,X-Ray,577.49
3747,22,MRI Scan,119.42
3748,260,Consultation,1318.16
3749,221,CT Scan,641.67
3750,436,Consultation,91.81
3751,29,Blood Test,1558.55
3752,416,Consultation,1091.66
3753,441,Ultrasound,1379.79
3754,378,Blood Test,1127.37
3755,27,Ultrasound,1543.08
3756,357,X-Ray,887.95
3757,219,Physical Examination,318.65
3758,225,MRI Scan,1799.44
3759,463,ECG,735.99
3760,176,Ultrasound,1840.23
3761,122,Consultation,229.38
3762,6,Consultation,855.48
3763,386,Physical Examination,1157.69
3764,411,Blood Test,1752.85
3765,128,Blood Test,199.39
3766,65,CT Scan,402.16
3767,23,ECG,731.85
3768,336,Consultation,1996.27
3769,67,Medication Charge,825.75
3770,337,MRI Scan,1330.35
3771,40,Hospital Stay,1879.82
3772,106,CT Scan,1425.25
3773,417,ECG,1800.40
3774,440,Consultation,914.91
3775,155,ECG,1571.41
3776,150,Consultation,1077.35
3777,137,ECG,1410.65
3778,258,MRI Scan,155.30
3779,462,Ultrasound,1425.73
3780,319,CT Scan,595.58
3781,105,X-Ray,1690.78
3782,267,Consultation,644.63
3783,284,Consultation,289.36
3784,372,X-Ray,119.94
3785,121,CT Scan,1317.32
3786,233,MRI Scan,91.51
3787,429,Blood Test,577.08
3788,302,Ultrasound,635.81
3789,495,MRI Scan,166.45
3790,438,Medication Charge,798.68
3791,10,Ultrasound,800.09
3792,23,Consultation,451.17
3793,95,Ultrasound,1088.36
3794,339,Hospital Stay,111.05
3795,391,ECG,1877.59
3796,466,Medication Charge,1521.23
3797,173,Hospital Stay,1629.98
3798,303,Consultation,1526.64
3799,175,Medication Charge,896.45
3800,219,Blood Test,1624.42
3801,284,Ultrasound,1907.32
3802,478,Hospital Stay,1724.10
3803,481,Physical Examination,953.83
3804,294,Medication Charge,1549.57
3805,134,X-Ray,1922.59
3806,240,Consultation,307.15
3807,8,Hospital Stay,1609.20
3808,487,Hospital Stay,216.80
3809,128,Physical Examination,626.86
3810,293,Ultrasound,125.28
3811,141,ECG,574.06
3812,129,Medication Charge,74.06
3813,158,Medication Charge,1338.51
3814,429,Hospital Stay,1702.81
3815,228,CT Scan,83.67
3816,5,CT Scan,122.16
3817,184,CT Scan,1293.60
3818,285,Consultation,846.79
3819,297,MRI Scan,589.07
3820,313,Physical Examination,662.35
3821,33,CT Scan,400.62
3822,393,Hospital Stay,556.10
3823,254,X-Ray,493.47
3824,90,X-Ray,1748.92
3825,336,Blood Test,503.71
3826,336,Blood Test,409.30
3827,260,CT Scan,1180.79
3828,22,Physical Examination,1448.85
3829,32,Hospital Stay,1951.80
3830,9,ECG,1103.86
3831,23,Medication Charge,507.66
3832,56,MRI Scan,1038.53
3833,58,Physical Examination,201.03
3834,105,ECG,1162.21
3835,425,Ultrasound,189.22
3836,219,Hospital Stay,329.00
3837,168,Medication Charge,1586.92
3838,172,Ultrasound,1799.91
3839,192,CT Scan,1887.84
3840,151,Medication Charge,110.76
3841,189,Blood Test,617.20
3842,77,Medication Charge,99.79
3843,312,Consultation,1625.67
3844,262,Physical Examination,1577.76
3845,365,ECG,1882.88
3846,194,Medication Charge,113.57
3847,372,X-Ray,793.12
3848,333,MRI Scan,1912.60
3849,491,Consultation,1152.53
3850,295,Physical Examination,1481.20
3851,276,MRI Scan,1702.81
3852,271,Blood Test,1233.85
3853,338,Physical Examination,1064.66
3854,163,Hospital Stay,430.30
3855,295,Hospital Stay,1826.59
3856,169,Consultation,1608.06
3857,186,Consultation,938.85
3858,384,MRI Scan,1401.49
3859,228,Ultrasound,755.67
3860,181,Physical Examination,1036.00
3861,469,ECG,1323.99
3862,310,Consultation,925.49
3863,215,Consultation,1160.22
3864,424,X-Ray,1855.15
3865,126,Ultrasound,1364.50
3866,341,X-Ray,1230.81
3867,408,Hospital Stay,716.07
3868,61,MRI Scan,846.58
3869,259,X-Ray,1173.22
3870,324,Consultation,1804.75
3871,449,CT Scan,80.25
3872,62,Ultrasound,563.58
3873,284,CT Scan,1498.57
3874,65,Blood Test,1676.02
3875,13,X-Ray,1980.37
3876,68,Physical Examination,1740.42
3877,471,Ultrasound,1813.31
3878,182,X-Ray,834.52
3879,286,Consultation,1438.37
3880,61,ECG,1799.98
3881,460,ECG,1203.38
3882,316,MRI Scan,1988.56
3883,24,MRI Scan,1490.56
3884,182,CT Scan,1825.81
3885,323,CT Scan,1494.36
3886,224,Hospital Stay,1527.44
3887,359,X-Ray,1480.21
3888,371,Medication Charge,1836.87
3889,480,Physical Examination,213.39
3890,459,Blood Test,1207.43
3891,190,CT Scan,789.78
3892,225,X-Ray,1041.90
3893,302,Hospital Stay,1892.30
3894,50,Consultation,629.83
3895,175,Blood Test,1150.06
3896,460,Physical Examination,1180.67
3897,433,Ultrasound,606.25
3898,197,ECG,1526.74
3899,489,X-Ray,131.77
3900,484,Consultation,889.55
3901,143,Medication Charge,1765.19
3902,161,MRI Scan,727.32
3903,85,MRI Scan,611.29
3904,250,CT Scan,486.09
3905,87,Hospital Stay,1881.45
3906,133,Medication Charge,1519.26
3907,474,Consultation,1349.55
3908,73,MRI Scan,453.34
3909,430,Physical Examination,1521.99
3910,15,Medication Charge,1809.96
3911,492,Physical Examination,1098.94
3912,100,Blood Test,1002.31
3913,422,Blood Test,770.60
3914,145,Medication Charge,881.68
3915,228,Physical Examination,296.05
3916,233,Hospital Stay,1840.09
3917,367,MRI Scan,916.59
3918,222,CT Scan,562.96
3919,443,X-Ray,1986.50
3920,375,MRI Scan,1938.46
3921,412,MRI Scan,1501.34
3922,114,MRI Scan,687.88
3923,260,ECG,588.41
3924,323,Physical Examination,1360.56
3925,38,ECG,1789.93
3926,20,Ultrasound,245.86
3927,362,Physical Examination,669.18
3928,431,Physical Examination,1339.20
3929,450,Blood Test,1900.91
3930,322,Blood Test,529.53
3931,301,Ultrasound,1750.62
3932,113,Consultation,567.31
3933,78,CT Scan,1637.04
3934,376,CT Scan,601.07
3935,102,MRI Scan,1904.12
3936,439,Consultation,56.24
3937,35,CT Scan,1137.59
3938,107,X-Ray,125.68
3939,353,Hospital Stay,1246.09
3940,324,Medication Charge,507.70
3941,179,CT Scan,1084.40
3942,489,X-Ray,1761.88
3943,431,Consultation,1756.33
3944,343,CT Scan,1005.93
3945,323,Ultrasound,1215.79
3946,279,CT Scan,626.06
3947,113,MRI Scan,1927.69
3948,460,Hospital Stay,868.21
3949,229,ECG,532.42
3950,218,MRI Scan,393.58
3951,490,ECG,1338.20
3952,178,Ultrasound,1424.40
3953,397,CT Scan,1688.24
3954,443,CT Scan,1222.06
3955,352,Consultation,106.48
3956,138,Physical Examination,469.46
3957,436,Ultrasound,168.57
3958,396,ECG,560.13
3959,163,Ultrasound,813.19
3960,227,Ultrasound,827.43
3961,468,Blood Test,573.22
3962,373,Consultation,712.69
3963,420,Blood Test,651.60
3964,210,Consultation,1166.39
3965,86,Physical Examination,452.09
3966,321,MRI Scan,1898.36
3967,315,Medication Charge,692.88
3968,310,Physical Examination,88.84
3969,370,Blood Test,1614.71
3970,47,ECG,1828.85
3971,393,Physical Examination,173.76
3972,26,Physical Examination,460.40
3973,275,Consultation,1971.17
3974,430,Physical Examination,821.28
3975,368,Consultation,615.87
3976,83,ECG,696.43
3977,111,Physical Examination,1480.00
3978,482,Blood Test,120.35
3979,11,Physical Examination,249.92
3980,204,CT Scan,132.46
3981,145,Hospital Stay,97.28
3982,324,Consultation,115.87
3983,384,MRI Scan,1635.34
3984,194,Ultrasound,305.83
3985,380,Hospital Stay,1730.87
3986,40,MRI Scan,1033.79
3987,361,Ultrasound,89.30
3988,381,Physical Examination,1229.50
3989,78,MRI Scan,1484.95
3990,406,Ultrasound,428.85
3991,311,Hospital Stay,1580.30
3992,218,Physical Examination,1499.79
3993,155,Hospital Stay,944.87
3994,52,Hospital Stay,1940.06
3995,296,CT Scan,784.33
3996,220,MRI Scan,483.39
3997,209,Physical Examination,593.19
3998,146,Physical Examination,1037.86
3999,196,Blood Test,1986.65
4000,373,Ultrasound,1905.34
4001,391,Physical Examination,1443.43
4002,232,Consultation,1176.87
4003,13,Ultrasound,1553.85
4004,229,ECG,979.77
4005,56,Hospital Stay,698.25
4006,415,MRI Scan,236.01
4007,87,Consultation,1736.41
4008,251,Medication Charge,537.44
4009,73,Ultrasound,1252.15
4010,243,Physical Examination,1459.91
4011,291,Consultation,164.92
4012,253,Hospital Stay,853.12
4013,380,ECG,1676.93
4014,19,ECG,1393.55
4015,307,Ultrasound,1749.28
4016,138,Consultation,1522.32
4017,407,CT Scan,1113.90
4018,161,Consultation,677.58
4019,363,CT Scan,1053.14
4020,440,MRI Scan,1846.40
4021,218,MRI Scan,782.59
4022,388,Blood Test,366.08
4023,384,MRI Scan,374.08
4024,225,MRI Scan,126.17
4025,218,CT Scan,382.91
4026,412,Physical Examination,1000.03
4027,384,Physical Examination,865.39
4028,5,Hospital Stay,279.29
4029,151,Hospital Stay,1068.84
4030,315,ECG,1149.43
4031,85,X-Ray,615.88
4032,351,Consultation,1615.49
4033,488,ECG,1062.79
4034,129,CT Scan,952.62
4035,480,ECG,1857.81
4036,369,X-Ray,370.26
4037,367,CT Scan,69.15
4038,214,X-Ray,343.18
4039,35,Blood Test,658.09
4040,97,Consultation,1403.39
4041,276,CT Scan,695.52
4042,32,Medication Charge,963.95
4043,81,MRI Scan,733.38
4044,287,Consultation,722.67
4045,8,Consultation,585.43
4046,421,Ultrasound,1189.71
4047,157,ECG,1267.78
4048,207,Hospital Stay,1144.17
4049,329,Consultation,201.08
4050,79,MRI Scan,1474.78
4051,144,X-Ray,562.73
4052,53,X-Ray,1603.92
4053,301,Ultrasound,693.81
4054,396,Medication Charge,1229.31
4055,495,Medication Charge,1353.57
4056,243,Consultation,377.79
4057,402,Consultation,1978.72
4058,47,Medication Charge,335.66
4059,85,CT Scan,1755.50
4060,166,MRI Scan,1797.11
4061,27,X-Ray,1047.83
4062,226,Ultrasound,1346.44
4063,168,Hospital Stay,1025.73
4064,61,Consultation,1142.28
4065,194,Ultrasound,1427.18
4066,182,Hospital Stay,1685.37
4067,163,Physical Examination,202.49
4068,310,Consultation,1912.95
4069,485,Hospital Stay,1437.13
4070,431,Ultrasound,1142.95
4071,251,Hospital Stay,1386.47
4072,286,Ultrasound,1321.58
4073,92,Blood Test,1738.97
4074,438,CT Scan,1552.95
4075,178,Ultrasound,466.87
4076,287,Consultation,795.79
4077,92,Blood Test,431.88
4078,185,Physical Examination,430.03
4079,301,Hospital Stay,690.48
4080,467,ECG,1835.82
4081,258,Blood Test,1233.21
4082,18,Hospital Stay,1301.26
4083,204,Blood Test,1991.69
4084,361,Hospital Stay,584.64
4085,30,Medication Charge,1655.49
4086,442,CT Scan,1994.60
4087,324,CT Scan,1006.09
4088,243,Physical Examination,1624.49
4089,20,ECG,106.23
4090,458,X-Ray,1426.00
4091,91,X-Ray,211.51
4092,428,MRI Scan,159.29
4093,327,Blood Test,662.76
4094,440,Physical Examination,591.08
4095,437,Consultation,1327.46
4096,378,Blood Test,698.70
4097,345,ECG,1800.59
4098,87,Medication Charge,1458.16
4099,188,Physical Examination,77.63
4100,341,Ultrasound,861.94
4101,342,Blood Test,176.66
4102,423,Physical Examination,337.65
4103,137,MRI Scan,386.54
4104,23,Hospital Stay,1236.63
4105,353,Physical Examination,848.04
4106,326,Blood Test,656.77
4107,288,ECG,279.54
4108,239,Medication Charge,1680.41
4109,45,Medication Charge,1864.03
4110,46,MRI Scan,1840.12
4111,94,MRI Scan,412.03
4112,303,Blood Test,1545.11
4113,404,Blood Test,474.18
4114,192,CT Scan,208.49
4115,371,Consultation,650.18
4116,349,Consultation,1507.45
4117,378,X-Ray,655.45
4118,195,Hospital Stay,397.11
4119,72,Medication Charge,665.30
4120,116,Consultation,581.96
4121,103,X-Ray,1959.59
4122,133,CT Scan,565.86
4123,251,ECG,1178.46
4124,179,Physical Examination,926.86
4125,324,X-Ray,121.63
4126,428,Medication Charge,802.08
4127,276,Medication Charge,460.79
4128,360,Ultrasound,726.50
4129,416,Hospital Stay,454.52
4130,359,Physical Examination,1125.64
4131,381,Hospital Stay,226.98
4132,396,Consultation,553.52
4133,240,Hospital Stay,111.32
4134,60,Physical Examination,1333.75
4135,96,CT Scan,322.64
4136,301,ECG,775.95
4137,194,Medication Charge,1807.49
4138,166,MRI Scan,1277.47
4139,446,Blood Test,359.56
4140,244,ECG,706.51
4141,463,MRI Scan,414.87
4142,184,Hospital Stay,367.35
4143,280,X-Ray,1516.49
4144,225,Medication Charge,940.07
4145,295,Ultrasound,1475.36
4146,243,Consultation,542.52
4147,192,Medication Charge,708.86
4148,348,Ultrasound,635.34
4149,498,Consultation,1538.19
4150,462,Physical Examination,260.32
4151,219,Hospital Stay,1910.26
4152,206,Medication Charge,105.68
4153,263,X-Ray,1848.59
4154,454,Medication Charge,1932.21
4155,483,Physical Examination,437.00
4156,498,Medication Charge,1516.11
4157,67,ECG,1587.71
4158,28,MRI Scan,653.08
4159,393,X-Ray,1612.90
4160,235,Ultrasound,372.42
4161,1,X-Ray,440.79
4162,89,Hospital Stay,649.68
4163,95,Consultation,1722.64
4164,224,MRI Scan,1462.06
4165,79,Physical Examination,1699.05
4166,192,Blood Test,980.82
4167,177,MRI Scan,968.06
4168,352,Ultrasound,1412.62
4169,468,CT Scan,1353.45
4170,426,CT Scan,1427.14
4171,391,MRI Scan,805.77
4172,163,X-Ray,829.77
4173,168,Hospital Stay,1648.59
4174,374,Ultrasound,1214.03
4175,274,MRI Scan,726.39
4176,343,Medication Charge,102.45
4177,454,Medication Charge,397.41
4178,121,ECG,756.45
4179,257,Blood Test,1240.60
4180,385,Ultrasound,1833.44
4181,331,Consultation,319.26
4182,97,Blood Test,461.90
4183,223,MRI Scan,712.19
4184,335,X-Ray,880.14
4185,146,Hospital Stay,804.29
4186,421,CT Scan,117.91
4187,491,Ultrasound,400.06
4188,204,Physical Examination,1676.75
4189,239,MRI Scan,725.26
4190,376,MRI Scan,1328.94
4191,208,Blood Test,363.72
4192,66,Medication Charge,1038.59
4193,352,CT Scan,72.60
4194,335,Ultrasound,873.79
4195,28,Hospital Stay,878.71
4196,380,MRI Scan,1227.09
4197,411,CT Scan,1029.02
4198,400,CT Scan,1438.45
4199,433,Physical Examination,1944.95
4200,58,X-Ray,1962.43
4201,273,Ultrasound,1747.11
4202,41,X-Ray,63.57
4203,486,Medication Charge,552.78
4204,264,Medication Charge,1468.88
4205,233,Ultrasound,144.66
4206,145,Blood Test,287.03
4207,251,CT Scan,765.85
4208,456,Medication Charge,1388.46
4209,130,Ultrasound,708.05
4210,152,Blood Test,1108.36
4211,92,Hospital Stay,745.93
4212,9,CT Scan,683.03
4213,326,Blood Test,1211.77
4214,183,Blood Test,1085.97
4215,203,Consultation,391.71
4216,274,MRI Scan,295.81
4217,75,CT Scan,890.65
4218,141,ECG,1945.11
4219,353,Medication Charge,526.00
4220,423,Physical Examination,1159.68
4221,21,MRI Scan,686.85
4222,20,X-Ray,1238.24
4223,371,MRI Scan,794.73
4224,372,MRI Scan,708.66
4225,327,Hospital Stay,873.93
4226,12,X-Ray,1903.20
4227,132,MRI Scan,1681.86
4228,222,MRI Scan,1597.61
4229,293,Hospital Stay,1990.09
4230,316,Physical Examination,1101.36
4231,407,Consultation,1403.80
4232,26,ECG,1168.01
4233,111,Ultrasound,585.83
4234,353,X-Ray,589.86
4235,344,Blood Test,1229.01
4236,466,X-Ray,1372.51
4237,140,Blood Test,844.01
4238,10,Ultrasound,1331.56
4239,141,Hospital Stay,951.76
4240,405,ECG,239.44
4241,116,Blood Test,1432.57
4242,114,MRI Scan,1242.20
4243,373,Medication Charge,1662.60
4244,302,Ultrasound,1287.81
4245,169,Physical Examination,808.63
4246,477,Physical Examination,74.51
4247,175,ECG,725.41
4248,228,X-Ray,950.80
4249,381,CT Scan,460.74
4250,358,X-Ray,1362.32
4251,131,Ultrasound,112.92
4252,437,Medication Charge,1937.06
4253,324,CT Scan,1144.59
4254,177,MRI Scan,454.72
4255,272,ECG,642.86
4256,385,ECG,930.42
4257,240,Blood Test,354.01
4258,300,X-Ray,1267.32
4259,290,Ultrasound,860.02
4260,392,Blood Test,1515.21
4261,146,Physical Examination,1500.90
4262,121,Ultrasound,1846.29
4263,68,Ultrasound,1233.89
4264,436,MRI Scan,239.11
4265,112,Consultation,1984.66
4266,293,Hospital Stay,398.31
4267,82,Ultrasound,1122.64
4268,181,Consultation,865.45
4269,307,Hospital Stay,672.84
4270,186,MRI Scan,1345.26
4271,352,ECG,1029.49
4272,273,Ultrasound,488.94
4273,207,CT Scan,1525.81
4274,147,CT Scan,356.09
4275,448,X-Ray,830.11
4276,2,Physical Examination,1668.24
4277,391,CT Scan,1329.57
4278,350,MRI Scan,797.54
4279,335,Ultrasound,1949.78
4280,211,Consultation,1291.01
4281,317,Consultation,320.22
4282,318,Physical Examination,1997.87
4283,307,Medication Charge,1477.69
4284,485,Blood Test,683.79
4285,128,X-Ray,1160.15
4286,242,MRI Scan,1906.10
4287,12,Medication Charge,1772.85
4288,335,Ultrasound,1126.51
4289,443,Consultation,1708.10
4290,83,CT Scan,769.68
4291,448,Consultation,391.66
4292,480,Consultation,679.31
4293,151,MRI Scan,1794.17
4294,106,Medication Charge,949.30
4295,126,Medication Charge,915.12
4296,124,X-Ray,1946.97
4297,257,MRI Scan,1617.19
4298,429,ECG,1750.57
4299,466,X-Ray,527.48
4300,370,MRI Scan,63.42
4301,17,Ultrasound,1740.77
4302,241,Ultrasound,187.21
4303,214,Hospital Stay,1772.55
4304,276,MRI Scan,1445.80
4305,311,Physical Examination,1443.79
4306,225,CT Scan,1664.12
4307,31,Hospital Stay,1632.74
4308,425,Blood Test,758.58
4309,367,Physical Examination,1277.07
4310,226,Ultrasound,1585.48
4311,54,X-Ray,1701.79
4312,389,Medication Charge,1519.48
4313,58,X-Ray,764.61
4314,337,ECG,326.80
4315,125,CT Scan,459.67
4316,50,ECG,1301.97
4317,38,CT Scan,1803.43
4318,252,Consultation,1526.11
4319,176,Hospital Stay,1393.93
4320,170,CT Scan,1414.15
4321,291,Hospital Stay,1209.13
4322,390,X-Ray,338.65
4323,148,Blood Test,480.99
4324,190,Medication Charge,757.31
4325,150,Hospital Stay,1892.34
4326,82,Medication Charge,1286.09
4327,244,CT Scan,1362.89
4328,80,X-Ray,335.73
4329,150,Ultrasound,551.75
4330,117,Blood Test,1709.29
4331,299,Hospital Stay,339.31
4332,7,Hospital Stay,760.12
4333,261,Physical Examination,841.40
4334,317,X-Ray,1946.19
4335,330,X-Ray,1194.91
4336,257,ECG,1070.51
4337,194,CT Scan,1314.33
4338,446,Physical Examination,990.00
4339,248,Ultrasound,77.75
4340,485,MRI Scan,717.62
4341,159,Consultation,487.40
4342,143,Medication Charge,1567.13
4343,405,MRI Scan,1317.49
4344,183,CT Scan,945.68
4345,468,Blood Test,1687.96
4346,434,Physical Examination,1801.36
4347,380,Consultation,758.94
4348,17,Ultrasound,1271.48
4349,488,ECG,1039.46
4350,139,Physical Examination,1925.23
4351,434,Physical Examination,1751.60
4352,497,Blood Test,920.93
4353,268,Consultation,527.15
4354,409,X-Ray,1394.91
4355,334,Consultation,495.26
4356,368,CT Scan,395.99
4357,312,Hospital Stay,1126.35
4358,47,Consultation,1480.01
4359,470,MRI Scan,1816.97
4360,68,Physical Examination,640.38
4361,107,Consultation,525.68
4362,390,Medication Charge,980.70
4363,51,Physical Examination,1769.20
4364,27,ECG,1590.53
4365,38,Consultation,982.68
4366,227,MRI Scan,978.27
4367,52,Physical Examination,1199.28
4368,307,CT Scan,634.92
4369,5,Medication Charge,888.02
4370,464,MRI Scan,1453.96
4371,227,Consultation,1198.43
4372,326,Medication Charge,1523.31
4373,1,Hospital Stay,1521.39
4374,308,Hospital Stay,1010.58
4375,91,ECG,1039.22
4376,264,Hospital Stay,1905.30
4377,154,Hospital Stay,1741.16
4378,128,ECG,586.81
4379,288,Physical Examination,652.17
4380,226,MRI Scan,1955.60
4381,485,X-Ray,1000.78
4382,164,Physical Examination,967.49
4383,84,X-Ray,177.84
4384,222,Hospital Stay,234.41
4385,442,CT Scan,717.74
4386,352,Physical Examination,1653.99
4387,100,MRI Scan,1537.56
4388,110,Hospital Stay,1028.47
4389,164,Physical Examination,970.16
4390,351,Hospital Stay,1858.73
4391,108,Medication Charge,1360.18
4392,166,X-Ray,424.21
4393,203,X-Ray,1712.10
4394,313,X-Ray,685.08
4395,265,CT Scan,1324.31
4396,404,Ultrasound,1570.52
4397,138,Consultation,1869.04
4398,242,Hospital Stay,773.04
4399,157,ECG,1467.08
4400,425,ECG,926.93
4401,218,Medication Charge,817.41
4402,214,Blood Test,1536.33
4403,207,Blood Test,1938.93
4404,182,X-Ray,1951.22
4405,393,Hospital Stay,87.99
4406,361,Consultation,456.79
4407,367,Hospital Stay,624.85
4408,192,Blood Test,677.60
4409,405,Ultrasound,685.09
4410,287,Consultation,1605.08
4411,317,Physical Examination,908.20
4412,141,MRI Scan,195.13
4413,83,ECG,1459.56
4414,483,Medication Charge,966.25
4415,498,Blood Test,1573.39
4416,200,CT Scan,537.20
4417,311,Medication Charge,781.29
4418,52,Blood Test,1297.28
4419,142,Physical Examination,770.43
4420,473,Hospital Stay,266.51
4421,69,MRI Scan,682.86
4422,397,Ultrasound,1657.41
4423,448,X-Ray,1200.13
4424,294,Consultation,1145.58
4425,225,Consultation,689.29
4426,280,Hospital Stay,1135.52
4427,419,Hospital Stay,1394.66
4428,72,MRI Scan,1747.91
4429,359,ECG,1916.54
4430,185,CT Scan,1507.18
4431,110,X-Ray,676.47
4432,117,CT Scan,756.30
4433,102,Hospital Stay,547.95
4434,383,Blood Test,323.53
4435,329,Ultrasound,883.30
4436,413,CT Scan,1606.29
4437,426,Physical Examination,167.56
4438,263,ECG,81.59
4439,224,Blood Test,1921.59
4440,448,ECG,1590.77
4441,252,Hospital Stay,1170.89
4442,325,MRI Scan,1482.15
4443,290,MRI Scan,1949.74
4444,400,MRI Scan,1086.94
4445,409,Physical Examination,1700.28
4446,45,Medication Charge,1848.87
4447,313,Consultation,1516.22
4448,393,Ultrasound,1644.62
4449,239,CT Scan,1784.24
4450,379,X-Ray,1318.37
4451,38,X-Ray,1313.29
4452,174,CT Scan,1079.04
4453,355,Ultrasound,1784.32
4454,206,Medication Charge,622.94
4455,320,Ultrasound,86.80
4456,116,ECG,882.94
4457,133,Consultation,1189.53
4458,394,ECG,1088.11
4459,335,Consultation,1551.36
4460,295,ECG,1791.82
4461,367,Medication Charge,347.58
4462,396,X-Ray,451.98
4463,93,MRI Scan,101.14
4464,309,Blood Test,1569.95
4465,277,ECG,1911.59
4466,168,ECG,1860.51
4467,337,Consultation,443.32
4468,84,Ultrasound,1982.46
4469,120,Consultation,1556.07
4470,14,X-Ray,1761.39
4471,484,CT Scan,290.06
4472,486,Ultrasound,99.58
4473,445,Consultation,791.81
4474,229,CT Scan,828.40
4475,106,Ultrasound,1200.92
4476,64,MRI Scan,1940.03
4477,260,Medication Charge,1462.81
4478,63,X-Ray,1525.38
4479,62,CT Scan,1494.25
4480,184,ECG,859.50
4481,108,MRI Scan,1609.59
4482,185,CT Scan,547.80
4483,58,CT Scan,81.48
4484,195,Ultrasound,830.60
4485,440,MRI Scan,741.63
4486,485,Hospital Stay,1681.24
4487,223,Hospital Stay,497.25
4488,360,MRI Scan,1318.34
4489,415,Ultrasound,1758.09
4490,9,Hospital Stay,1472.78
4491,460,ECG,138.47
4492,434,Consultation,395.85
4493,5,X-Ray,1061.31
4494,72,CT Scan,1536.46
4495,32,Medication Charge,1614.64
4496,444,Hospital Stay,774.82
4497,213,X-Ray,867.52
4498,90,Physical Examination,1932.34
4499,380,X-Ray,761.88
4500,474,MRI Scan,1583.79
4501,16,CT Scan,447.95
4502,207,ECG,1822.51
4503,136,Medication Charge,676.09
4504,402,Blood Test,696.58
4505,456,CT Scan,116.73
4506,447,X-Ray,1831.48
4507,24,Physical Examination,785.22
4508,307,Physical Examination,380.99
4509,52,Blood Test,729.90
4510,115,MRI Scan,868.77
4511,34,MRI Scan,1939.02
4512,238,Ultrasound,1719.47
4513,275,CT Scan,312.09
4514,309,Blood Test,657.29
4515,241,Hospital Stay,299.99
4516,337,Physical Examination,762.89
4517,315,MRI Scan,981.69
4518,384,Medication Charge,432.76
4519,113,Physical Examination,303.12
4520,483,X-Ray,489.83
4521,43,MRI Scan,1448.67
4522,145,Medication Charge,255.20
4523,116,Hospital Stay,410.02
4524,338,Hospital Stay,690.82
4525,499,CT Scan,1353.29
4526,267,Physical Examination,1175.48
4527,453,Hospital Stay,1531.79
4528,68,ECG,872.94
4529,339,X-Ray,1179.77
4530,479,Blood Test,1508.48
4531,410,Ultrasound,1282.17
4532,407,Consultation,1960.08
4533,8,X-Ray,1287.53
4534,428,Consultation,365.68
4535,166,Blood Test,1165.57
4536,248,ECG,416.11
4537,446,Medication Charge,841.03
4538,110,CT Scan,1261.56
4539,280,CT Scan,279.75
4540,144,Physical Examination,1851.58
4541,173,X-Ray,547.80
4542,414,CT Scan,1555.42
4543,234,MRI Scan,1352.62
4544,176,Physical Examination,562.58
4545,401,ECG,881.70
4546,14,Physical Examination,296.14
4547,117,CT Scan,1668.65
4548,62,Physical Examination,1439.76
4549,65,ECG,648.71
4550,224,Physical Examination,1969.41
4551,43,Physical Examination,406.09
4552,420,Physical Examination,430.01
4553,431,Consultation,1563.03
4554,102,ECG,1074.87
4555,400,X-Ray,1147.62
4556,272,Physical Examination,141.64
4557,273,ECG,1101.94
4558,356,Physical Examination,375.17
4559,82,MRI Scan,1376.77
4560,326,Medication Charge,491.20
4561,477,X-Ray,1104.60
4562,490,Medication Charge,876.83
4563,104,Hospital Stay,145.38
4564,497,Ultrasound,628.17
4565,462,Physical Examination,1945.42
4566,458,CT Scan,962.61
4567,70,Hospital Stay,50.69
4568,129,Physical Examination,1352.83
4569,107,Medication Charge,1208.27
4570,35,Blood Test,1522.58
4571,72,X-Ray,987.82
4572,83,Consultation,812.91
4573,82,Ultrasound,812.45
4574,100,Consultation,1676.94
4575,37,Consultation,1928.55
4576,142,X-Ray,1790.65
4577,64,Medication Charge,1891.47
4578,78,Consultation,914.59
4579,345,Hospital Stay,1533.14
4580,6,MRI Scan,1065.21
4581,269,MRI Scan,1554.73
4582,307,CT Scan,502.75
4583,225,Hospital Stay,1653.37
4584,278,Medication Charge,936.02
4585,37,ECG,1756.71
4586,487,Blood Test,793.93
4587,457,Hospital Stay,270.03
4588,239,Ultrasound,1190.71
4589,449,CT Scan,1529.00
4590,116,Physical Examination,250.95
4591,375,Medication Charge,1921.48
4592,443,ECG,520.52
4593,436,CT Scan,1681.58
4594,494,Ultrasound,872.26
4595,327,MRI Scan,1737.08
4596,144,Hospital Stay,1814.23
4597,328,Physical Examination,691.22
4598,342,Hospital Stay,1967.02
4599,43,Blood Test,247.21
4600,413,CT Scan,523.35
4601,254,Consultation,1202.61
4602,341,Hospital Stay,252.73
4603,400,CT Scan,1143.31
4604,429,Medication Charge,782.85
4605,266,Ultrasound,132.10
4606,56,Medication Charge,1684.50
4607,330,MRI Scan,1172.47
4608,61,Consultation,753.37
4609,345,Medication Charge,872.57
4610,202,Blood Test,727.24
4611,404,CT Scan,1711.85
4612,294,Physical Examination,122.69
4613,205,Ultrasound,1354.68
4614,14,Consultation,1155.51
4615,13,ECG,242.67
4616,472,Ultrasound,1613.70
4617,374,CT Scan,1706.39
4618,130,ECG,1645.82
4619,177,ECG,1948.48
4620,128,Hospital Stay,919.71
4621,25,ECG,943.50
4622,326,Hospital Stay,1548.79
4623,83,Consultation,1139.03
4624,443,Physical Examination,1314.16
4625,380,Ultrasound,1518.97
4626,400,X-Ray,1697.20
4627,439,MRI Scan,700.84
4628,316,Physical Examination,1492.73
4629,429,Consultation,667.24
4630,157,MRI Scan,1832.63
4631,47,Ultrasound,660.20
4632,255,X-Ray,1525.30
4633,104,Hospital Stay,1719.15
4634,249,ECG,707.15
4635,225,ECG,1521.80
4636,492,X-Ray,679.38
4637,58,Consultation,1184.60
4638,466,Physical Examination,1415.45
4639,287,Hospital Stay,1525.70
4640,276,X-Ray,826.04
4641,357,MRI Scan,437.31
4642,47,Medication Charge,1833.66
4643,340,Ultrasound,1711.81
4644,75,ECG,1089.01
4645,204,X-Ray,1846.45
4646,54,Hospital Stay,1246.17
4647,498,MRI Scan,681.48
4648,116,CT Scan,1660.96
4649,126,Physical Examination,352.27
4650,141,Blood Test,1014.26
4651,427,Consultation,528.44
4652,116,CT Scan,1313.40
4653,111,X-Ray,74.22
4654,125,Blood Test,1722.19
4655,248,CT Scan,858.33
4656,283,Medication Charge,424.87
4657,96,Physical Examination,1182.75
4658,322,Medication Charge,1782.78
4659,199,Hospital Stay,1428.15
4660,187,Hospital Stay,891.06
4661,187,Consultation,674.30
4662,183,MRI Scan,1918.28
4663,69,ECG,1726.89
4664,360,Consultation,1601.34
4665,297,X-Ray,238.41
4666,470,Physical Examination,1431.29
4667,275,ECG,254.37
4668,424,Medication Charge,494.26
4669,179,Physical Examination,1651.10
4670,115,CT Scan,574.81
4671,429,Blood Test,947.47
4672,225,CT Scan,1202.57
4673,34,X-Ray,93.12
4674,230,Physical Examination,1318.04
4675,459,ECG,979.42
4676,362,X-Ray,174.36
4677,182,MRI Scan,1911.73
4678,142,Medication Charge,541.42
4679,460,Blood Test,1441.54
4680,252,Ultrasound,1423.22
4681,483,X-Ray,1973.10
4682,111,CT Scan,654.16
4683,357,Hospital Stay,694.54
4684,292,Physical Examination,1895.22
4685,74,Physical Examination,1961.35
4686,301,ECG,1732.33
4687,498,Medication Charge,153.29
4688,387,ECG,1195.52
4689,397,MRI Scan,1247.01
4690,272,Ultrasound,1474.24
4691,376,Consultation,535.16
4692,308,X-Ray,1679.69
4693,16,CT Scan,1470.90
4694,170,MRI Scan,233.61
4695,207,Medication Charge,1416.81
4696,351,Ultrasound,1619.58
4697,196,CT Scan,320.09
4698,176,X-Ray,236.93
4699,182,X-Ray,1429.16
4700,451,Hospital Stay,1024.38
4701,95,Hospital Stay,832.78
4702,117,ECG,1971.99
4703,325,MRI Scan,712.45
4704,385,MRI Scan,1071.54
4705,11,Medication Charge,168.76
4706,286,Blood Test,1381.28
4707,49,X-Ray,53.37
4708,271,Blood Test,59.09
4709,197,Hospital Stay,103.92
4710,464,Medication Charge,1148.56
4711,440,MRI Scan,1913.64
4712,97,Medication Charge,1021.49
4713,275,Consultation,1952.76
4714,50,X-Ray,1219.45
4715,294,X-Ray,1788.30
4716,362,X-Ray,1039.29
4717,417,CT Scan,109.17
4718,20,Physical Examination,1782.06
4719,407,MRI Scan,1624.05
4720,160,Hospital Stay,260.16
4721,350,X-Ray,1200.71
4722,86,MRI Scan,1020.42
4723,309,X-Ray,1994.82
4724,472,ECG,1878.75
4725,476,Physical Examination,1671.95
4726,402,CT Scan,1890.82
4727,343,Physical Examination,177.65
4728,127,ECG,325.69
4729,492,CT Scan,417.26
4730,207,Blood Test,748.73
4731,470,CT Scan,1631.27
4732,466,Medication Charge,242.62
4733,267,MRI Scan,1343.85
4734,165,Physical Examination,1147.84
4735,360,Physical Examination,1067.26
4736,388,Physical Examination,1304.24
4737,145,ECG,314.18
4738,391,Consultation,621.27
4739,321,Ultrasound,838.26
4740,194,MRI Scan,1006.41
4741,252,MRI Scan,676.95
4742,248,Medication Charge,808.18
4743,255,Hospital Stay,1553.14
4744,358,Blood Test,1078.72
4745,22,Consultation,1896.22
4746,158,Medication Charge,1508.31
4747,293,Physical Examination,388.05
4748,161,Blood Test,1091.87
4749,25,Hospital Stay,800.56
4750,181,Physical Examination,152.25
4751,423,Ultrasound,1490.15
4752,269,X-Ray,1042.05
4753,349,Blood Test,1825.79
4754,51,CT Scan,1902.43
4755,457,Consultation,1439.20
4756,38,Consultation,1015.79
4757,293,Medication Charge,80.41
4758,473,Ultrasound,451.76
4759,353,MRI Scan,1852.41
4760,3,Consultation,1336.21
4761,469,ECG,1969.58
4762,200,Consultation,774.98
4763,429,Ultrasound,137.28
4764,73,Medication Charge,530.04
4765,343,Hospital Stay,1769.79
4766,217,Medication Charge,1434.84
4767,462,Hospital Stay,449.51
4768,450,Hospital Stay,847.95
4769,6,Ultrasound,1655.93
4770,194,Hospital Stay,1693.14
4771,98,CT Scan,544.18
4772,6,Ultrasound,131.51
4773,393,CT Scan,301.33
4774,354,Consultation,187.52
4775,59,MRI Scan,359.90
4776,406,CT Scan,179.68
4777,275,ECG,376.37
4778,379,Hospital Stay,1912.87
4779,367,Ultrasound,605.37
4780,147,Hospital Stay,1718.24
4781,134,MRI Scan,1533.93
4782,203,Consultation,1902.91
4783,285,CT Scan,441.54
4784,266,Blood Test,964.47
4785,56,MRI Scan,495.86
4786,427,Ultrasound,409.73
4787,391,MRI Scan,521.42
4788,316,ECG,904.31
4789,74,CT Scan,1214.15
4790,22,Physical Examination,1545.24
4791,97,Consultation,1463.57
4792,23,Medication Charge,77.71
4793,79,ECG,1726.00
4794,129,X-Ray,732.73
4795,103,Blood Test,813.06
4796,79,Hospital Stay,1035.91
4797,116,X-Ray,1273.07
4798,172,CT Scan,99.35
4799,226,MRI Scan,1694.67
4800,309,Physical Examination,611.22
4801,83,X-Ray,1116.89
4802,163,Blood Test,267.16
4803,34,Ultrasound,1060.19
4804,9,Medication Charge,1454.94
4805,371,ECG,772.23
4806,74,MRI Scan,1384.42
4807,4,Ultrasound,56.67
4808,30,Ultrasound,1548.96
4809,62,Consultation,1536.24
4810,19,Medication Charge,1113.89
4811,11,CT Scan,1877.56
4812,331,Ultrasound,600.81
4813,316,Ultrasound,926.86
4814,384,Consultation,1381.62
4815,314,Hospital Stay,723.04
4816,326,CT Scan,984.30
4817,461,X-Ray,935.74
4818,451,ECG,486.49
4819,147,X-Ray,1927.93
4820,199,Hospital Stay,1769.78
4821,189,Blood Test,891.89
4822,154,X-Ray,132.98
4823,211,Physical Examination,1710.78
4824,206,X-Ray,1688.26
4825,181,Consultation,1886.67
4826,216,Ultrasound,948.13
4827,232,CT Scan,1907.13
4828,238,ECG,708.71
4829,341,Ultrasound,309.57
4830,272,Consultation,529.71
4831,365,Consultation,1158.35
4832,486,Medication Charge,758.66
4833,238,Physical Examination,1731.76
4834,406,Ultrasound,780.89
4835,158,Consultation,816.02
4836,241,MRI Scan,1108.52
4837,232,Hospital Stay,1814.12
4838,490,Medication Charge,853.63
4839,103,Consultation,708.48
4840,456,X-Ray,1336.32
4841,480,Physical Examination,891.98
4842,483,CT Scan,96.48
4843,106,Ultrasound,1156.42
4844,89,Hospital Stay,1968.08
4845,349,Medication Charge,1550.02
4846,329,Ultrasound,1171.38
4847,411,Consultation,343.83
4848,163,CT Scan,529.11
4849,379,X-Ray,1537.11
4850,250,ECG,1240.20
4851,391,Medication Charge,1084.65
4852,322,Blood Test,1368.57
4853,403,MRI Scan,217.21
4854,5,Blood Test,696.44
4855,47,ECG,1866.55
4856,183,Consultation,1499.99
4857,491,Consultation,649.75
4858,34,ECG,1265.30
4859,162,Medication Charge,1813.80
4860,229,CT Scan,710.31
4861,90,Hospital Stay,641.32
4862,411,Physical Examination,361.63
4863,451,X-Ray,368.35
4864,61,Physical Examination,1824.95
4865,210,X-Ray,1145.24
4866,322,CT Scan,1414.73
4867,144,Consultation,1953.44
4868,340,X-Ray,1822.91
4869,50,Blood Test,314.42
4870,196,CT Scan,789.77
4871,88,Blood Test,1193.04
4872,419,ECG,1865.34
4873,300,Medication Charge,404.58
4874,458,Blood Test,1942.08
4875,485,Medication Charge,720.47
4876,174,MRI Scan,1778.66
4877,36,X-Ray,313.14
4878,154,Ultrasound,1837.69
4879,57,Consultation,1925.07
4880,165,Hospital Stay,1437.25
4881,486,MRI Scan,741.69
4882,410,CT Scan,81.11
4883,457,Medication Charge,864.59
4884,87,ECG,1709.94
4885,99,Physical Examination,596.48
4886,267,Blood Test,1004.74
4887,464,X-Ray,151.42
4888,123,Hospital Stay,563.07
4889,222,ECG,128.89
4890,384,CT Scan,1335.85
4891,171,Physical Examination,111.18
4892,447,Medication Charge,70.82
4893,294,Blood Test,640.29
4894,103,CT Scan,791.03
4895,19,Hospital Stay,1408.87
4896,172,ECG,1616.13
4897,438,Ultrasound,844.03
4898,176,X-Ray,1888.67
4899,369,Hospital Stay,1127.15
4900,251,Hospital Stay,570.01
4901,468,CT Scan,1841.61
4902,44,ECG,1729.88
4903,459,MRI Scan,94.86
4904,66,MRI Scan,523.77
4905,91,ECG,176.67
4906,293,Consultation,1568.81
4907,443,MRI Scan,68.81
4908,7,ECG,1746.81
4909,317,MRI Scan,354.68
4910,321,CT Scan,1280.46
4911,170,MRI Scan,1244.50
4912,29,X-Ray,439.07
4913,382,MRI Scan,411.87
4914,368,MRI Scan,57.49
4915,406,Consultation,459.93
4916,368,MRI Scan,804.46
4917,321,Physical Examination,425.65
4918,419,Consultation,1431.06
4919,254,Medication Charge,1427.23
4920,241,Hospital Stay,1476.55
4921,304,Blood Test,912.91
4922,260,Blood Test,205.14
4923,499,Consultation,563.36
4924,450,Physical Examination,1172.10
4925,97,MRI Scan,1420.59
4926,39,Consultation,414.74
4927,165,Consultation,366.73
4928,326,Medication Charge,628.60
4929,212,Physical Examination,1299.16
4930,112,Ultrasound,539.35
4931,177,Consultation,1084.57
4932,336,Hospital Stay,598.83
4933,83,MRI Scan,170.16
4934,253,ECG,1810.25
4935,31,Medication Charge,1523.52
4936,221,MRI Scan,1364.37
4937,461,CT Scan,73.40
4938,382,MRI Scan,670.88
4939,395,ECG,1411.25
4940,311,MRI Scan,1159.94
4941,373,ECG,929.03
4942,381,CT Scan,772.36
4943,154,CT Scan,661.28
4944,382,Consultation,494.82
4945,88,Blood Test,1397.19
4946,210,CT Scan,1765.95
4947,167,Ultrasound,954.07
4948,461,CT Scan,931.74
4949,73,Ultrasound,868.21
4950,13,X-Ray,1587.12
4951,196,X-Ray,828.87
4952,8,Ultrasound,1593.18
4953,339,X-Ray,344.53
4954,485,X-Ray,473.14
4955,9,Ultrasound,970.96
4956,139,ECG,435.63
4957,255,Ultrasound,358.72
4958,425,Physical Examination,591.46
4959,98,CT Scan,1233.31
4960,256,Ultrasound,898.46
4961,437,X-Ray,1000.32
4962,341,Blood Test,739.07
4963,55,MRI Scan,1908.25
4964,362,CT Scan,1235.24
4965,73,Consultation,1061.59
4966,254,Consultation,861.87
4967,7,Hospital Stay,1281.44
4968,174,Hospital Stay,1383.91
4969,220,Medication Charge,287.60
4970,67,Physical Examination,599.70
4971,372,ECG,1623.89
4972,443,X-Ray,770.66
4973,497,CT Scan,173.09
4974,229,ECG,863.15
4975,108,ECG,1392.15
4976,466,ECG,1286.05
4977,462,CT Scan,1584.27
4978,285,ECG,1175.58
4979,170,Consultation,1808.62
4980,495,ECG,1574.11
4981,294,Consultation,1430.80
4982,313,Consultation,1635.98
4983,128,CT Scan,1148.43
4984,456,Blood Test,661.25
4985,451,MRI Scan,799.08
4986,76,Medication Charge,677.23
4987,271,CT Scan,952.24
4988,462,Hospital Stay,180.50
4989,200,Consultation,1593.00
4990,142,X-Ray,759.38
4991,399,Blood Test,973.81
4992,115,Blood Test,688.07
4993,423,Medication Charge,990.98
4994,75,Hospital Stay,1915.50
4995,249,ECG,1229.30
4996,275,Consultation,1657.07
4997,331,Consultation,1917.57
4998,306,Medication Charge,284.71
4999,376,Blood Test,1484.22
5000,100,Physical Examination,1607.75
5001,145,Consultation,1591.88
5002,217,Blood Test,631.45
5003,105,X-Ray,627.40
5004,15,Ultrasound,203.48
5005,239,X-Ray,921.04
5006,196,Physical Examination,356.11
5007,228,ECG,260.10
5008,141,CT Scan,588.10
5009,362,Medication Charge,934.00
5010,84,Medication Charge,300.64
5011,490,Blood Test,291.63
5012,445,ECG,1127.52
5013,189,X-Ray,664.77
5014,369,Ultrasound,1122.75
5015,322,Ultrasound,1310.34
5016,203,X-Ray,686.89
5017,429,Blood Test,1305.06
5018,166,Medication Charge,1525.16
5019,21,Physical Examination,158.93
5020,368,X-Ray,1018.52
5021,475,MRI Scan,322.83
5022,53,Physical Examination,368.59
5023,366,Consultation,229.13
5024,185,ECG,709.41
5025,212,ECG,1514.16
5026,253,Ultrasound,1112.97
5027,269,Ultrasound,1301.55
5028,203,X-Ray,1118.79
5029,46,Consultation,924.57
5030,60,Hospital Stay,493.42
5031,29,Physical Examination,97.24
5032,330,Consultation,983.45
5033,22,Consultation,1529.13
5034,487,X-Ray,1911.12
5035,71,Physical Examination,672.95
5036,199,Ultrasound,87.55
5037,392,Hospital Stay,1009.84
5038,343,Ultrasound,1122.56
5039,21,Consultation,1199.85
5040,107,Consultation,1186.34
5041,4,ECG,1418.56
5042,298,ECG,1042.84
5043,425,X-Ray,824.50
5044,78,Physical Examination,64.33
5045,322,Medication Charge,598.76
5046,285,ECG,1046.22
5047,82,Consultation,1520.63
5048,132,ECG,431.76
5049,460,Hospital Stay,815.63
5050,334,Hospital Stay,930.72
5051,229,Medication Charge,1937.08
5052,344,Physical Examination,1551.53
5053,105,X-Ray,269.75
5054,199,MRI Scan,1498.49
5055,448,Consultation,440.28
5056,292,Hospital Stay,1674.21
5057,346,Consultation,1778.97
5058,419,Hospital Stay,753.83
5059,28,Consultation,1155.35
5060,453,Hospital Stay,472.77
5061,13,Hospital Stay,74.10
5062,425,X-Ray,1727.70
5063,106,CT Scan,1896.25
5064,199,ECG,942.87
5065,201,Medication Charge,1520.02
5066,472,CT Scan,986.34
5067,306,Hospital Stay,1600.26
5068,342,Consultation,201.46
5069,55,Blood Test,1712.73
5070,318,Blood Test,1721.47
5071,485,Hospital Stay,1863.81
5072,156,CT Scan,793.77
5073,291,X-Ray,239.60
5074,189,Consultation,1309.26
5075,498,Ultrasound,1496.60
5076,191,MRI Scan,595.96
5077,335,Blood Test,630.07
5078,18,MRI Scan,639.00
5079,135,CT Scan,1863.75
5080,455,Consultation,284.63
5081,326,Blood Test,1766.57
5082,478,CT Scan,390.43
5083,58,MRI Scan,1463.38
5084,234,Medication Charge,1405.09
5085,140,Hospital Stay,93.99
5086,289,CT Scan,173.40
5087,355,X-Ray,470.18
5088,204,Ultrasound,108.30
5089,255,Ultrasound,1669.38
5090,212,X-Ray,1947.17
5091,296,Blood Test,1330.39
5092,492,Hospital Stay,1434.31
5093,369,CT Scan,445.26
5094,137,Blood Test,1358.92
5095,494,Consultation,507.90
5096,230,Blood Test,1991.88
5097,23,Medication Charge,1679.02
5098,223,Physical Examination,1906.69
5099,251,Consultation,1445.36
5100,381,Blood Test,608.71
5101,46,Medication Charge,766.23
5102,421,CT Scan,1111.95
5103,192,ECG,1466.09
5104,277,X-Ray,675.39
5105,328,ECG,843.65
5106,298,Ultrasound,775.61
5107,178,Hospital Stay,337.88
5108,345,CT Scan,1367.64
5109,209,ECG,1924.70
5110,45,Medication Charge,543.74
5111,71,ECG,1853.20
5112,331,CT Scan,929.00
5113,277,X-Ray,1784.99
5114,176,Physical Examination,1840.68
5115,321,X-Ray,1217.65
5116,277,X-Ray,1709.64
5117,294,X-Ray,1955.60
5118,406,Consultation,1658.14
5119,203,MRI Scan,1655.71
5120,451,MRI Scan,1981.48
5121,279,Blood Test,1063.16
5122,295,Blood Test,546.70
5123,282,X-Ray,1492.44
5124,351,ECG,1003.90
5125,167,ECG,1119.48
5126,203,Physical Examination,1330.94
5127,202,Consultation,1175.19
5128,384,Ultrasound,1391.21
5129,55,Consultation,1298.92
5130,233,X-Ray,1676.98
5131,459,Consultation,1446.59
5132,458,Physical Examination,1609.87
5133,254,X-Ray,1835.90
5134,356,Hospital Stay,521.58
5135,208,Hospital Stay,1659.20
5136,278,MRI Scan,1905.52
5137,98,Blood Test,81.63
5138,152,MRI Scan,453.82
5139,424,MRI Scan,180.69
5140,232,MRI Scan,872.74
5141,184,Ultrasound,70.61
5142,306,Hospital Stay,719.18
5143,192,Consultation,642.38
5144,318,Medication Charge,1843.13
5145,326,Medication Charge,1207.01
5146,348,CT Scan,1955.18
5147,256,ECG,735.42
5148,131,CT Scan,1729.29
5149,197,Physical Examination,1551.09
5150,217,Medication Charge,1259.45
5151,180,CT Scan,1989.54
5152,195,Blood Test,1927.40
5153,389,MRI Scan,976.00
5154,279,MRI Scan,211.78
5155,371,MRI Scan,936.64
5156,384,ECG,520.69
5157,241,Blood Test,679.60
5158,283,CT Scan,472.28
5159,211,MRI Scan,70.07
5160,66,Medication Charge,1732.30
5161,400,Blood Test,1874.30
5162,228,MRI Scan,1029.04
5163,238,Hospital Stay,1409.41
5164,199,Physical Examination,1324.72
5165,25,Hospital Stay,1192.04
5166,358,Physical Examination,1007.64
5167,462,CT Scan,622.11
5168,84,Blood Test,616.06
5169,170,Ultrasound,263.87
5170,80,MRI Scan,438.29
5171,249,Consultation,61.10
5172,398,X-Ray,1556.30
5173,23,Hospital Stay,406.22
5174,175,Medication Charge,1698.80
5175,118,CT Scan,1626.42
5176,486,MRI Scan,248.00
5177,72,X-Ray,1493.69
5178,485,Medication Charge,1147.40
5179,225,CT Scan,765.02
5180,358,Ultrasound,90.05
5181,269,ECG,1287.92
5182,55,Ultrasound,973.63
5183,143,Ultrasound,1136.70
5184,217,MRI Scan,177.09
5185,135,ECG,975.52
5186,260,Consultation,1817.90
5187,449,X-Ray,285.97
5188,83,MRI Scan,1162.32
5189,341,Consultation,919.90
5190,280,ECG,1136.87
5191,245,MRI Scan,1943.19
5192,337,X-Ray,1185.13
5193,60,Physical Examination,127.52
5194,104,X-Ray,635.67
5195,383,Ultrasound,71.83
5196,31,Physical Examination,1586.77
5197,58,Physical Examination,1348.53
5198,300,Physical Examination,67.27
5199,451,X-Ray,673.08
5200,125,CT Scan,1612.39
5201,97,CT Scan,982.64
5202,110,MRI Scan,386.22
5203,284,Physical Examination,1724.45
5204,37,X-Ray,1350.81
5205,440,Physical Examination,333.54
5206,390,MRI Scan,981.49
5207,38,Medication Charge,371.23
5208,321,Ultrasound,1687.55
5209,186,Consultation,1664.55
5210,209,Blood Test,1517.12
5211,22,ECG,1572.23
5212,15,Consultation,1359.73
5213,477,ECG,812.01
5214,311,Consultation,1509.79
5215,66,CT Scan,1249.05
5216,405,Physical Examination,1783.05
5217,331,X-Ray,520.61
5218,267,Hospital Stay,1019.41
5219,39,Ultrasound,1219.65
5220,214,MRI Scan,1145.29
5221,361,X-Ray,1557.19
5222,21,ECG,590.91
5223,144,CT Scan,1317.83
5224,470,ECG,641.82
5225,275,Medication Charge,687.82
5226,158,CT Scan,1047.31
5227,198,Medication Charge,1405.74
5228,473,Medication Charge,1218.72
5229,403,Medication Charge,317.67
5230,173,MRI Scan,1398.28
5231,500,ECG,1088.84
5232,316,MRI Scan,540.61
5233,138,Hospital Stay,1755.77
5234,305,Physical Examination,494.29
5235,475,ECG,1819.07
5236,290,Consultation,729.60
5237,157,Consultation,1660.18
5238,266,Ultrasound,593.12
5239,307,Ultrasound,1355.89
5240,97,Medication Charge,1786.57
5241,72,Hospital Stay,420.43
5242,352,ECG,1439.61
5243,284,ECG,448.71
5244,237,Medication Charge,1064.22
5245,61,Hospital Stay,1295.26
5246,106,Medication Charge,1590.39
5247,426,ECG,407.00
5248,332,CT Scan,781.25
5249,201,CT Scan,1448.23
5250,478,Medication Charge,945.20
5251,175,X-Ray,546.72
5252,37,Hospital Stay,292.64
5253,193,Physical Examination,1968.54
5254,2,MRI Scan,418.41
5255,479,Hospital Stay,1859.22
5256,233,Physical Examination,1187.99
5257,142,Physical Examination,1156.53
5258,102,Hospital Stay,149.44
5259,219,CT Scan,1210.78
5260,244,Ultrasound,804.43
5261,62,X-Ray,403.15
5262,186,Blood Test,130.02
5263,36,Hospital Stay,259.55
5264,275,Hospital Stay,298.47
5265,50,Ultrasound,449.54
5266,457,Medication Charge,166.77
5267,58,ECG,1954.83
5268,369,Hospital Stay,604.17
5269,124,Consultation,479.85
5270,310,Medication Charge,1515.87
5271,476,Physical Examination,739.43
5272,122,X-Ray,94.76
5273,300,ECG,1536.58
5274,88,Ultrasound,446.13
5275,316,Blood Test,1911.22
5276,47,Medication Charge,1493.89
5277,499,Hospital Stay,1628.62
5278,64,MRI Scan,530.08
5279,209,Consultation,521.95
5280,313,X-Ray,1789.18
5281,470,Consultation,594.97
5282,2,Consultation,1358.77
5283,223,Medication Charge,1728.75
5284,435,Ultrasound,920.02
5285,119,MRI Scan,1702.20
5286,210,CT Scan,912.93
5287,379,Ultrasound,1708.64
5288,385,Ultrasound,94.90
5289,392,Hospital Stay,450.00
5290,345,CT Scan,901.47
5291,449,Physical Examination,717.46
5292,11,CT Scan,1039.74
5293,199,CT Scan,1232.78
5294,191,X-Ray,1421.74
5295,308,Ultrasound,378.34
5296,207,Consultation,474.96
5297,181,Ultrasound,584.58
5298,367,Hospital Stay,1801.98
5299,195,Medication Charge,1761.57
5300,492,Blood Test,1388.66
5301,289,Consultation,1308.68
5302,34,CT Scan,1440.49
5303,12,Ultrasound,1164.73
5304,185,Ultrasound,89.96
5305,224,CT Scan,1822.92
5306,46,Ultrasound,547.11
5307,118,Hospital Stay,764.86
5308,134,CT Scan,358.29
5309,113,Medication Charge,1307.77
5310,307,Physical Examination,1629.78
5311,434,Blood Test,1959.36
5312,187,Blood Test,1533.38
5313,47,X-Ray,230.13
5314,357,Physical Examination,147.63
5315,41,Physical Examination,1867.42
5316,232,X-Ray,621.65
5317,440,Ultrasound,593.10
5318,469,X-Ray,496.72
5319,160,X-Ray,1064.99
5320,119,MRI Scan,1260.84
5321,294,X-Ray,612.07
5322,241,Ultrasound,1795.10
5323,121,Blood Test,1625.07
5324,101,Medication Charge,1439.43
5325,35,MRI Scan,574.64
5326,401,X-Ray,1091.21
5327,399,CT Scan,1129.21
5328,189,X-Ray,347.80
5329,478,X-Ray,529.01
5330,5,ECG,1718.04
5331,393,Hospital Stay,1050.83
5332,11,Physical Examination,1033.79
5333,30,Ultrasound,313.15
5334,25,CT Scan,354.02
5335,68,Consultation,1730.29
5336,428,ECG,1169.04
5337,143,CT Scan,529.29
5338,90,MRI Scan,1441.19
5339,83,Medication Charge,1521.30
5340,35,Ultrasound,315.01
5341,148,CT Scan,1081.34
5342,251,Ultrasound,1123.12
5343,372,Ultrasound,1783.15
5344,239,Physical Examination,740.17
5345,311,Medication Charge,1450.79
5346,384,Ultrasound,1515.68
5347,269,Ultrasound,375.45
5348,440,CT Scan,296.17
5349,19,Consultation,193.16
5350,189,Hospital Stay,275.30
5351,463,Ultrasound,796.02
5352,154,ECG,96.56
5353,250,Consultation,1513.11
5354,111,Ultrasound,1561.39
5355,385,X-Ray,927.38
5356,303,X-Ray,1315.69
5357,155,Ultrasound,526.76
5358,9,Consultation,1812.14
5359,130,CT Scan,828.52
5360,365,CT Scan,774.56
5361,105,CT Scan,304.31
5362,492,Blood Test,528.46
5363,75,MRI Scan,626.07
5364,28,ECG,956.92
5365,198,Ultrasound,202.34
5366,151,ECG,1651.13
5367,283,CT Scan,129.02
5368,445,CT Scan,182.12
5369,170,Consultation,655.17
5370,260,X-Ray,71.56
5371,52,X-Ray,1501.46
5372,288,Hospital Stay,166.78
5373,261,Consultation,1279.82
5374,191,Blood Test,924.30
5375,172,Medication Charge,947.57
5376,319,ECG,605.61
5377,27,Physical Examination,1191.96
5378,453,CT Scan,1529.06
5379,222,Physical Examination,120.50
5380,400,Physical Examination,1470.90
5381,290,Physical Examination,181.21
5382,496,X-Ray,1869.25
5383,194,ECG,1338.20
5384,226,Hospital Stay,330.71
5385,391,Consultation,231.72
5386,197,Hospital Stay,819.08
5387,22,Blood Test,640.68
5388,489,X-Ray,429.26
5389,292,Consultation,864.30
5390,423,X-Ray,882.48
5391,291,Hospital Stay,1981.33
5392,108,Blood Test,1982.50
5393,84,Blood Test,567.74
5394,248,MRI Scan,477.23
5395,469,X-Ray,1853.40
5396,253,MRI Scan,205.94
5397,236,ECG,1252.76
5398,191,CT Scan,1913.55
5399,133,Medication Charge,1139.21
5400,456,ECG,1281.47
5401,168,Physical Examination,353.42
5402,350,Medication Charge,1064.09
5403,143,Medication Charge,1567.68
5404,126,Consultation,1639.12
5405,223,CT Scan,580.77
5406,482,Physical Examination,636.11
5407,499,Ultrasound,150.01
5408,303,Hospital Stay,1613.26
5409,132,MRI Scan,1656.93
5410,285,Consultation,1696.75
5411,113,Consultation,955.48
5412,79,MRI Scan,1409.89
5413,259,ECG,854.66
5414,205,Ultrasound,1154.82
5415,154,MRI Scan,522.86
5416,320,CT Scan,1899.56
5417,340,MRI Scan,1561.18
5418,475,Blood Test,899.47
5419,418,Ultrasound,350.39
5420,243,Blood Test,700.88
5421,190,MRI Scan,650.61
5422,250,CT Scan,1859.28
5423,203,Medication Charge,467.36
5424,221,Consultation,608.61
5425,313,X-Ray,705.42
5426,307,ECG,1207.22
5427,437,MRI Scan,246.29
5428,43,Blood Test,342.59
5429,220,CT Scan,1798.33
5430,479,X-Ray,1984.08
5431,2,CT Scan,396.27
5432,69,Hospital Stay,1968.22
5433,188,ECG,1348.81
5434,45,Blood Test,372.18
5435,159,ECG,244.94
5436,299,MRI Scan,1976.96
5437,315,Blood Test,1651.79
5438,99,X-Ray,1799.26
5439,422,CT Scan,259.70
5440,304,Hospital Stay,1250.10
5441,270,MRI Scan,1672.01
5442,146,X-Ray,176.64
5443,311,Hospital Stay,356.92
5444,398,Physical Examination,237.43
5445,311,Consultation,1393.61
5446,17,Ultrasound,1711.71
5447,341,X-Ray,1405.07
5448,415,CT Scan,749.57
5449,261,Hospital Stay,622.62
5450,362,Ultrasound,865.04
5451,477,Consultation,1598.80
5452,434,Hospital Stay,1349.20
5453,108,Consultation,949.51
5454,361,X-Ray,121.76
5455,31,Medication Charge,1756.53
5456,76,MRI Scan,1996.54
5457,65,X-Ray,1459.40
5458,145,ECG,1391.07
5459,297,Consultation,1451.35
5460,223,Ultrasound,289.11
5461,330,Physical Examination,1472.29
5462,155,Consultation,1796.40
5463,336,Blood Test,760.21
5464,201,Consultation,722.92
5465,26,Blood Test,1690.19
5466,412,Hospital Stay,809.64
5467,417,CT Scan,953.83
5468,495,Ultrasound,1578.26
5469,442,ECG,926.74
5470,418,ECG,1503.30
5471,363,Ultrasound,1333.89
5472,491,Medication Charge,1742.86
5473,95,Blood Test,1744.89
5474,85,Hospital Stay,860.81
5475,250,ECG,338.93
5476,453,X-Ray,518.05
5477,310,CT Scan,1916.27
5478,465,Consultation,1455.53
5479,214,Blood Test,1553.18
5480,324,ECG,1437.16
5481,410,Medication Charge,777.40
5482,2,MRI Scan,991.46
5483,423,Physical Examination,443.34
5484,76,ECG,1376.69
5485,440,Physical Examination,583.22
5486,201,Physical Examination,1987.58
5487,314,Medication Charge,433.49
5488,395,Blood Test,937.16
5489,369,Medication Charge,1116.89
5490,276,CT Scan,136.80
5491,171,Blood Test,844.31
5492,322,MRI Scan,975.31
5493,450,Ultrasound,1861.64
5494,469,Medication Charge,1165.20
5495,473,ECG,1677.86
5496,115,CT Scan,566.17
5497,457,Blood Test,1642.64
5498,343,Medication Charge,545.58
5499,136,Blood Test,1084.95
5500,21,Consultation,1906.42
5501,231,Consultation,824.11
5502,221,Blood Test,1919.34
5503,411,Hospital Stay,1093.75
5504,461,Physical Examination,1882.84
5505,9,Physical Examination,1743.66
5506,376,Hospital Stay,1549.36
5507,340,Blood Test,1018.44
5508,298,Consultation,1091.48
5509,283,Hospital Stay,1570.37
5510,438,Consultation,1854.98
5511,200,Physical Examination,1465.16
5512,91,Physical Examination,1329.40
5513,8,Ultrasound,205.37
5514,332,Consultation,1895.83
5515,11,MRI Scan,303.26
5516,384,Hospital Stay,379.59
5517,150,Hospital Stay,860.37
5518,464,Ultrasound,447.98
5519,84,ECG,240.33
5520,478,Hospital Stay,653.51
5521,278,Physical Examination,1296.09
5522,40,X-Ray,1752.78
5523,437,Blood Test,1909.49
5524,34,Hospital Stay,1932.03
5525,59,CT Scan,708.18
5526,257,Physical Examination,957.33
5527,63,CT Scan,1352.60
5528,143,MRI Scan,744.71
5529,48,ECG,393.98
5530,413,Consultation,1113.34
5531,129,Blood Test,1826.29
5532,318,MRI Scan,1984.64
5533,84,X-Ray,717.10
5534,268,Physical Examination,428.63
5535,474,ECG,108.09
5536,437,Ultrasound,1595.70
5537,222,MRI Scan,1624.19
5538,398,Ultrasound,464.10
5539,98,Medication Charge,1293.10
5540,397,Medication Charge,1508.08
5541,35,Consultation,1677.30
5542,479,CT Scan,1137.04
5543,235,Ultrasound,678.32
5544,189,Consultation,1804.94
5545,19,CT Scan,416.76
5546,293,ECG,83.39
5547,341,ECG,1315.00
5548,213,Blood Test,1940.69
5549,442,CT Scan,216.19
5550,432,MRI Scan,1209.56
5551,288,MRI Scan,1206.13
5552,243,CT Scan,1129.49
5553,283,ECG,283.52
5554,416,Blood Test,1582.99
5555,327,ECG,529.77
5556,275,Ultrasound,622.23
5557,440,MRI Scan,157.08
5558,154,X-Ray,1407.02
5559,418,Ultrasound,1998.60
5560,144,ECG,1706.99
5561,39,Physical Examination,759.38
5562,256,Hospital Stay,1490.33
5563,209,Blood Test,100.99
5564,146,ECG,410.31
5565,48,X-Ray,1866.25
5566,309,Medication Charge,1710.56
5567,186,MRI Scan,235.56
5568,136,ECG,670.71
5569,64,X-Ray,1174.00
5570,299,MRI Scan,501.46
5571,142,Hospital Stay,1690.86
5572,282,Physical Examination,1830.30
5573,41,Physical Examination,1873.66
5574,446,Physical Examination,629.55
5575,283,Hospital Stay,245.85
5576,207,Blood Test,658.19
5577,450,Ultrasound,231.29
5578,171,Hospital Stay,1495.13
5579,71,MRI Scan,233.91
5580,484,Medication Charge,57.82
5581,457,CT Scan,132.92
5582,415,ECG,841.68
5583,55,Hospital Stay,359.67
5584,482,Physical Examination,1795.30
5585,127,MRI Scan,701.42
5586,95,Medication Charge,1416.36
5587,54,Blood Test,967.12
5588,374,X-Ray,380.27
5589,491,Physical Examination,515.24
5590,209,Blood Test,1378.75
5591,449,Hospital Stay,1174.55
5592,374,Consultation,1010.67
5593,122,Blood Test,887.96
5594,314,Ultrasound,425.32
5595,271,Hospital Stay,721.32
5596,208,Medication Charge,852.51
5597,297,Hospital Stay,575.25
5598,316,MRI Scan,1428.46
5599,131,Medication Charge,1020.47
5600,59,Ultrasound,1201.94
5601,383,Hospital Stay,1398.03
5602,296,X-Ray,1638.17
5603,298,MRI Scan,1935.99
5604,128,X-Ray,1436.58
5605,119,Consultation,1502.52
5606,375,MRI Scan,1383.93
5607,69,Consultation,589.27
5608,58,Medication Charge,55.49
5609,108,MRI Scan,1668.44
5610,8,Ultrasound,258.56
5611,106,CT Scan,331.55
5612,371,MRI Scan,1744.16
5613,167,Ultrasound,788.51
5614,266,Hospital Stay,914.65
5615,104,X-Ray,453.22
5616,181,Consultation,1746.40
5617,440,Consultation,1005.33
5618,486,Hospital Stay,903.03
5619,130,Blood Test,894.92
5620,82,Blood Test,1573.72
5621,427,Blood Test,1509.23
5622,269,Hospital Stay,447.49
5623,57,Hospital Stay,324.36
5624,144,X-Ray,881.00
5625,8,CT Scan,1582.11
5626,272,MRI Scan,1193.64
5627,179,Hospital Stay,1306.29
5628,231,Consultation,1392.44
5629,142,CT Scan,1928.84
5630,139,X-Ray,986.68
5631,225,X-Ray,83.43
5632,121,CT Scan,799.93
5633,486,Physical Examination,1043.91
5634,479,X-Ray,264.16
5635,370,ECG,1067.96
5636,354,MRI Scan,580.03
5637,338,Physical Examination,1608.95
5638,383,Ultrasound,89.58
5639,291,MRI Scan,520.39
5640,145,Hospital Stay,1628.93
5641,388,Physical Examination,1718.91
5642,295,Physical Examination,1847.56
5643,322,CT Scan,1956.03
5644,2,X-Ray,1919.31
5645,168,Physical Examination,868.47
5646,175,Blood Test,987.99
5647,96,MRI Scan,1478.61
5648,370,Ultrasound,539.78
5649,412,Hospital Stay,1193.08
5650,322,Ultrasound,1356.18
5651,492,Medication Charge,1152.17
5652,183,MRI Scan,790.85
5653,320,Consultation,1786.00
5654,167,Blood Test,1722.70
5655,183,CT Scan,1529.91
5656,273,ECG,1011.64
5657,221,Physical Examination,82.04
5658,40,MRI Scan,1152.06
5659,71,Consultation,850.93
5660,23,Consultation,960.81
5661,274,MRI Scan,250.10
5662,500,Physical Examination,910.50
5663,70,Consultation,1489.15
5664,112,ECG,238.87
5665,132,Blood Test,1840.50
5666,210,MRI Scan,1983.07
5667,330,Medication Charge,1785.11
5668,458,Consultation,232.29
5669,473,Consultation,1242.96
5670,48,Hospital Stay,1592.64
5671,275,Consultation,136.13
5672,353,Hospital Stay,1105.10
5673,337,Blood Test,1856.15
5674,251,Consultation,1601.66
5675,455,ECG,245.18
5676,258,Medication Charge,497.19
5677,295,Hospital Stay,50.18
5678,357,ECG,1872.58
5679,386,CT Scan,1134.76
5680,85,Blood Test,1490.86
5681,322,Medication Charge,91.65
5682,141,Consultation,385.53
5683,81,Consultation,1488.08
5684,376,X-Ray,431.92
5685,108,Consultation,308.62
5686,236,Blood Test,1340.24
5687,116,Medication Charge,312.30
5688,61,Consultation,764.95
5689,388,Hospital Stay,1677.76
5690,222,X-Ray,1391.44
5691,427,X-Ray,973.77
5692,4,X-Ray,780.34
5693,273,X-Ray,1384.66
5694,458,Ultrasound,261.62
5695,392,X-Ray,462.98
5696,79,Ultrasound,261.46
5697,118,X-Ray,568.97
5698,267,Physical Examination,1773.47
5699,272,Medication Charge,1803.00
5700,470,Medication Charge,1969.59
5701,454,CT Scan,356.92
5702,305,Physical Examination,1338.01
5703,111,CT Scan,878.53
5704,313,CT Scan,594.39
5705,134,Medication Charge,467.59
5706,376,Blood Test,432.73
5707,152,Ultrasound,1556.49
5708,239,MRI Scan,1755.71
5709,60,X-Ray,1806.62
5710,118,Physical Examination,1901.65
5711,58,Physical Examination,984.68
5712,466,Medication Charge,1439.28
5713,419,X-Ray,153.02
5714,93,Physical Examination,1757.81
5715,410,X-Ray,518.94
5716,26,Physical Examination,1723.69
5717,279,MRI Scan,520.91
5718,283,MRI Scan,711.27
5719,276,MRI Scan,556.33
5720,171,Physical Examination,315.55
5721,92,Blood Test,884.06
5722,436,Consultation,322.44
5723,405,Consultation,1412.61
5724,46,Physical Examination,338.25
5725,227,MRI Scan,873.14
5726,325,Physical Examination,206.31
5727,390,ECG,948.75
5728,349,Hospital Stay,1985.87
5729,173,Blood Test,114.56
5730,6,Blood Test,1561.84
5731,354,Blood Test,1732.63
5732,371,Blood Test,213.09
5733,85,Medication Charge,208.07
5734,353,Consultation,987.52
5735,413,MRI Scan,906.01
5736,458,Physical Examination,1312.72
5737,30,Medication Charge,100.39
5738,77,ECG,660.05
5739,345,MRI Scan,1599.64
5740,259,Hospital Stay,1517.43
5741,134,X-Ray,215.83
5742,417,X-Ray,1220.68
5743,296,Physical Examination,979.72
5744,252,Physical Examination,1824.99
5745,40,X-Ray,392.66
5746,391,Hospital Stay,1027.76
5747,404,Blood Test,662.52
5748,241,Blood Test,1038.93
5749,240,Blood Test,136.09
5750,26,Blood Test,1340.97
5751,454,Consultation,786.90
5752,326,ECG,222.94
5753,371,Physical Examination,586.40
5754,77,Ultrasound,786.56
5755,63,Consultation,855.30
5756,409,Hospital Stay,1047.78
5757,165,ECG,1339.58
5758,188,Hospital Stay,1652.08
5759,402,Medication Charge,781.88
5760,22,Physical Examination,1442.86
5761,321,CT Scan,153.42
5762,107,Consultation,849.86
5763,439,Medication Charge,1138.61
5764,317,ECG,1583.72
5765,9,Medication Charge,1568.30
5766,488,Physical Examination,410.29
5767,34,Blood Test,572.23
5768,25,MRI Scan,1737.24
5769,130,Physical Examination,292.32
5770,285,Physical Examination,1490.09
5771,134,Hospital Stay,1926.20
5772,330,X-Ray,1117.58
5773,243,CT Scan,1766.89
5774,128,Physical Examination,428.02
5775,368,Consultation,1080.23
5776,33,Ultrasound,572.21
5777,80,MRI Scan,325.93
5778,205,Medication Charge,1371.91
5779,372,X-Ray,1067.36
5780,331,Hospital Stay,844.90
5781,82,Blood Test,523.30
5782,215,X-Ray,768.10
5783,372,Physical Examination,890.23
5784,54,Hospital Stay,1923.51
5785,129,MRI Scan,950.83
5786,21,Ultrasound,618.67
5787,324,Ultrasound,355.51
5788,485,ECG,1527.43
5789,444,Blood Test,413.85
5790,404,Consultation,1456.19
5791,189,ECG,1109.76
5792,96,Hospital Stay,423.76
5793,444,Blood Test,1353.90
5794,241,Ultrasound,650.07
5795,406,Hospital Stay,1733.01
5796,263,Medication Charge,1921.94
5797,272,Physical Examination,1836.74
5798,12,Consultation,1475.02
5799,189,Consultation,1134.38
5800,257,Physical Examination,397.99
5801,142,ECG,1464.71
5802,69,CT Scan,1239.69
5803,357,Blood Test,1363.67
5804,175,Blood Test,614.91
5805,328,Blood Test,1986.60
5806,150,Consultation,449.05
5807,111,Consultation,1940.98
5808,422,ECG,428.94
5809,270,Hospital Stay,1194.89
5810,453,MRI Scan,819.70
5811,114,X-Ray,1621.60
5812,47,MRI Scan,1437.05
5813,233,Physical Examination,959.58
5814,450,MRI Scan,1111.54
5815,311,Consultation,520.14
5816,47,Consultation,1010.53
5817,69,Ultrasound,1305.86
5818,116,Blood Test,1770.65
5819,438,Blood Test,1460.55
5820,490,MRI Scan,1840.35
5821,314,Physical Examination,1018.50
5822,493,ECG,1983.27
5823,49,CT Scan,1923.44
5824,440,Ultrasound,1568.88
5825,369,Physical Examination,1789.06
5826,6,X-Ray,456.97
5827,14,Blood Test,1192.88
5828,172,Ultrasound,268.43
5829,66,Medication Charge,1071.55
5830,7,Consultation,1392.37
5831,171,CT Scan,1291.83
5832,255,Hospital Stay,1472.06
5833,422,Medication Charge,283.42
5834,372,Ultrasound,1837.51
5835,452,Medication Charge,1376.24
5836,201,ECG,1239.00
5837,178,X-Ray,1777.47
5838,40,Hospital Stay,1227.20
5839,414,MRI Scan,1748.14
5840,328,Medication Charge,609.33
5841,277,Hospital Stay,490.40
5842,204,Physical Examination,980.83
5843,430,Blood Test,1193.79
5844,388,Ultrasound,429.68
5845,418,X-Ray,1886.12
5846,311,Medication Charge,1036.41
5847,38,Consultation,930.02
5848,172,ECG,865.62
5849,48,Hospital Stay,1870.87
5850,357,Hospital Stay,303.60
5851,275,Ultrasound,1884.30
5852,22,ECG,1279.43
5853,399,ECG,513.41
5854,480,Ultrasound,885.91
5855,495,Blood Test,1062.71
5856,50,MRI Scan,1505.37
5857,219,Blood Test,1880.75
5858,484,Consultation,1755.92
5859,29,Physical Examination,1775.63
5860,185,Ultrasound,825.77
5861,312,MRI Scan,1645.44
5862,391,Blood Test,803.25
5863,351,CT Scan,191.72
5864,482,Consultation,244.89
5865,90,Consultation,545.35
5866,175,ECG,151.50
5867,221,Physical Examination,1123.07
5868,224,Medication Charge,262.11
5869,321,CT Scan,877.72
5870,288,X-Ray,1261.30
5871,269,Hospital Stay,616.28
5872,494,Blood Test,275.87
5873,156,Physical Examination,59.67
5874,271,CT Scan,1571.47
5875,176,Hospital Stay,512.98
5876,442,Physical Examination,1486.48
5877,271,X-Ray,844.54
5878,109,Consultation,1308.01
5879,315,MRI Scan,154.13
5880,342,ECG,930.49
5881,356,Blood Test,1231.08
5882,25,Physical Examination,768.07
5883,290,Medication Charge,1429.72
5884,412,Hospital Stay,607.24
5885,94,Blood Test,1443.57
5886,232,Hospital Stay,1186.65
5887,85,Ultrasound,1524.63
5888,362,Medication Charge,1266.36
5889,321,Ultrasound,1544.93
5890,294,Ultrasound,1745.68
5891,337,Hospital Stay,1669.05
5892,329,Medication Charge,1531.01
5893,382,CT Scan,224.83
5894,268,Hospital Stay,333.10
5895,402,ECG,1179.60
5896,327,Medication Charge,533.99
5897,170,Medication Charge,250.74
5898,11,Physical Examination,1780.31
5899,292,Medication Charge,1594.98
5900,439,Consultation,1908.91
5901,456,Consultation,261.29
5902,430,Consultation,624.14
5903,73,Ultrasound,838.21
5904,287,Blood Test,845.25
5905,359,Blood Test,1980.54
5906,243,X-Ray,826.09
5907,61,CT Scan,1539.39
5908,498,Blood Test,1301.78
5909,90,Consultation,653.53
5910,483,Consultation,1063.99
5911,113,ECG,1356.79
5912,309,ECG,1317.87
5913,461,Physical Examination,320.12
5914,460,Physical Examination,1526.17
5915,429,Hospital Stay,1664.63
5916,460,ECG,1922.04
5917,455,MRI Scan,1964.12
5918,462,Medication Charge,1239.51
5919,175,Blood Test,1121.04
5920,435,X-Ray,842.15
5921,391,ECG,1111.78
5922,76,Ultrasound,1338.79
5923,48,Physical Examination,795.75
5924,194,ECG,843.50
5925,38,Consultation,79.12
5926,247,Ultrasound,241.59
5927,426,X-Ray,1544.66
5928,414,Physical Examination,661.70
5929,173,MRI Scan,541.26
5930,99,Hospital Stay,827.41
5931,77,Consultation,1195.84
5932,396,Hospital Stay,1707.04
5933,140,Blood Test,1716.54
5934,427,X-Ray,982.91
5935,115,Blood Test,62.70
5936,437,Physical Examination,896.78
5937,201,Ultrasound,172.08
5938,29,MRI Scan,1675.74
5939,391,Ultrasound,1032.60
5940,39,MRI Scan,1353.21
5941,417,Medication Charge,702.94
5942,497,Blood Test,143.44
5943,34,Ultrasound,1079.23
5944,314,Hospital Stay,206.20
5945,323,Medication Charge,192.67
5946,378,ECG,155.93
5947,209,X-Ray,1732.65
5948,268,Consultation,1750.09
5949,487,CT Scan,1302.04
5950,322,X-Ray,148.08
5951,189,Consultation,1293.13
5952,139,Blood Test,1796.65
5953,226,CT Scan,1217.73
5954,201,X-Ray,163.45
5955,483,CT Scan,1776.60
5956,372,Ultrasound,1537.78
5957,211,X-Ray,1212.81
5958,177,Blood Test,1133.16
5959,48,CT Scan,1463.73
5960,423,CT Scan,1849.52
5961,473,Blood Test,1964.87
5962,290,Medication Charge,180.25
5963,399,Hospital Stay,94.33
5964,480,Physical Examination,1365.53
5965,135,MRI Scan,1942.08
5966,102,Consultation,935.04
5967,46,X-Ray,1910.68
5968,161,ECG,1444.09
5969,88,Consultation,722.25
5970,493,Ultrasound,261.99
5971,279,MRI Scan,955.30
5972,105,X-Ray,1372.16
5973,41,Medication Charge,368.60
5974,195,MRI Scan,476.80
5975,217,Consultation,1659.08
5976,343,ECG,308.09
5977,254,Physical Examination,1168.20
5978,177,Ultrasound,286.47
5979,112,CT Scan,194.96
5980,342,Physical Examination,628.62
5981,136,Medication Charge,145.91
5982,493,X-Ray,1735.89
5983,166,Blood Test,324.66
5984,203,Hospital Stay,1045.02
5985,499,MRI Scan,890.76
5986,146,Blood Test,511.19
5987,105,Hospital Stay,1672.40
5988,204,CT Scan,1091.65
5989,475,X-Ray,1814.83
5990,380,CT Scan,1351.19
5991,88,X-Ray,196.60
5992,427,X-Ray,1296.17
5993,450,CT Scan,1793.82
5994,302,Physical Examination,1663.28
5995,53,Consultation,559.14
5996,477,Ultrasound,384.66
5997,280,ECG,1482.37
5998,252,Medication Charge,903.97
5999,389,Ultrasound,1739.84
6000,119,Physical Examination,523.91
6001,59,Physical Examination,395.57
6002,349,ECG,846.43
6003,174,Consultation,1166.23
6004,231,Blood Test,1011.01
6005,360,Medication Charge,1111.97
6006,326,Ultrasound,835.42
6007,475,MRI Scan,934.47
6008,359,Blood Test,835.19
6009,481,CT Scan,510.10
6010,208,Physical Examination,1570.78
6011,76,Blood Test,761.92
6012,2,Ultrasound,1104.21
6013,44,X-Ray,401.88
6014,323,ECG,689.39
6015,82,MRI Scan,1984.69
6016,348,ECG,78.92
6017,172,Physical Examination,1978.30
6018,480,MRI Scan,1389.16
6019,208,Medication Charge,343.16
6020,38,Physical Examination,1320.04
6021,480,X-Ray,191.87
6022,293,X-Ray,688.42
6023,204,CT Scan,1522.18
6024,489,Blood Test,1137.18
6025,274,Hospital Stay,508.68
6026,320,Medication Charge,1106.62
6027,402,Physical Examination,1742.75
6028,488,X-Ray,297.40
6029,471,Blood Test,1709.20
6030,409,Blood Test,1905.23
6031,355,Consultation,1341.51
6032,278,Ultrasound,1951.27
6033,307,Hospital Stay,1039.35
6034,150,X-Ray,631.37
6035,311,ECG,1699.96
6036,313,Physical Examination,1129.40
6037,34,MRI Scan,602.95
6038,232,Physical Examination,1039.69
6039,493,Blood Test,1405.80
6040,226,MRI Scan,746.03
6041,92,Consultation,1795.63
6042,206,CT Scan,811.47
6043,101,Physical Examination,1549.76
6044,337,X-Ray,101.12
6045,316,CT Scan,586.06
6046,400,MRI Scan,1928.87
6047,33,CT Scan,1015.05
6048,273,CT Scan,799.73
6049,77,Medication Charge,1170.46
6050,224,Physical Examination,1019.59
6051,433,X-Ray,1682.24
6052,67,ECG,1056.43
6053,101,CT Scan,1988.67
6054,20,Physical Examination,670.60
6055,269,Blood Test,827.26
6056,96,Consultation,768.93
6057,357,Hospital Stay,1771.89
6058,340,ECG,1523.36
6059,200,Ultrasound,1468.99
6060,170,CT Scan,1159.93
6061,16,MRI Scan,377.44
6062,461,Physical Examination,393.02
6063,383,ECG,1712.34
6064,138,Hospital Stay,405.98
6065,269,Ultrasound,948.34
6066,202,Consultation,323.69
6067,424,Medication Charge,623.62
6068,327,Consultation,1286.20
6069,69,Physical Examination,1491.75
6070,434,Hospital Stay,1589.59
6071,426,Consultation,1739.27
6072,100,Physical Examination,1922.93
6073,473,Medication Charge,1872.35
6074,175,Ultrasound,370.62
6075,41,ECG,413.87
6076,390,ECG,1458.72
6077,478,CT Scan,396.90
6078,484,ECG,808.70
6079,496,Medication Charge,385.12
6080,485,Medication Charge,482.22
6081,356,Consultation,719.48
6082,312,ECG,249.33
6083,441,Physical Examination,257.11
6084,364,Ultrasound,770.00
6085,14,CT Scan,1061.92
6086,490,Ultrasound,1901.68
6087,287,ECG,80.48
6088,165,CT Scan,1557.36
6089,148,Hospital Stay,487.20
6090,100,Hospital Stay,1274.85
6091,62,Physical Examination,1657.44
6092,39,MRI Scan,1832.07
6093,307,CT Scan,371.39
6094,102,Physical Examination,1674.40
6095,171,Medication Charge,510.24
6096,407,Blood Test,217.72
6097,187,Consultation,819.33
6098,46,ECG,622.62
6099,56,ECG,1663.82
6100,104,MRI Scan,472.36
6101,89,ECG,1257.79
6102,110,Ultrasound,977.92
6103,434,Physical Examination,239.89
6104,409,Ultrasound,922.29
6105,163,Blood Test,81.31
6106,318,Hospital Stay,1907.82
6107,77,MRI Scan,602.78
6108,395,MRI Scan,118.62
6109,182,X-Ray,940.43
6110,316,Physical Examination,1898.55
6111,63,Medication Charge,1071.26
6112,288,Blood Test,1229.89
6113,428,X-Ray,1527.64
6114,4,Hospital Stay,753.92
6115,121,Physical Examination,1077.23
6116,439,ECG,834.28
6117,456,X-Ray,1873.59
6118,286,Ultrasound,861.36
6119,490,ECG,1734.87
6120,299,Physical Examination,860.25
6121,387,CT Scan,1100.88
6122,144,Hospital Stay,1732.06
6123,71,CT Scan,1426.90
6124,262,ECG,1967.15
6125,458,Hospital Stay,1105.63
6126,174,Medication Charge,872.83
6127,187,ECG,1585.84
6128,431,Medication Charge,611.66
6129,258,X-Ray,643.86
6130,315,MRI Scan,1936.89
6131,416,Ultrasound,1971.50
6132,14,X-Ray,1868.52
6133,4,Blood Test,133.61
6134,411,Hospital Stay,776.38
6135,118,Medication Charge,1312.31
6136,119,MRI Scan,1919.00
6137,68,MRI Scan,1608.66
6138,445,ECG,185.02
6139,3,ECG,712.86
6140,18,Physical Examination,447.98
6141,325,Ultrasound,1133.31
6142,94,MRI Scan,603.62
6143,146,Physical Examination,1073.34
6144,197,Ultrasound,1193.55
6145,367,CT Scan,330.94
6146,494,Consultation,874.99
6147,461,CT Scan,1452.75
6148,150,Ultrasound,341.92
6149,4,X-Ray,764.27
6150,264,X-Ray,1842.52
6151,148,Consultation,1901.92
6152,36,Physical Examination,475.96
6153,417,X-Ray,1429.75
6154,414,MRI Scan,1487.24
6155,98,MRI Scan,296.28
6156,311,X-Ray,1763.39
6157,331,Blood Test,1272.48
6158,320,MRI Scan,165.02
6159,379,Blood Test,1776.69
6160,267,Consultation,859.97
6161,251,X-Ray,447.72
6162,284,CT Scan,722.76
6163,273,X-Ray,1545.52
6164,207,Physical Examination,1427.03
6165,341,CT Scan,395.04
6166,93,ECG,986.16
6167,165,Hospital Stay,1506.31
6168,186,Physical Examination,1274.08
6169,248,X-Ray,788.87
6170,442,Medication Charge,1887.17
6171,167,X-Ray,1256.29
6172,262,CT Scan,795.70
6173,337,Physical Examination,520.12
6174,53,Ultrasound,153.54
6175,445,X-Ray,1450.66
6176,492,MRI Scan,1308.57
6177,90,MRI Scan,941.48
6178,111,Consultation,913.65
6179,368,Consultation,1855.30
6180,336,Medication Charge,1934.91
6181,490,Blood Test,685.35
6182,89,X-Ray,1174.46
6183,291,Medication Charge,467.49
6184,211,X-Ray,1912.92
6185,376,Ultrasound,1608.84
6186,337,Medication Charge,196.96
6187,156,Consultation,1128.62
6188,74,Consultation,1798.58
6189,167,ECG,1419.82
6190,126,Medication Charge,1718.61
6191,277,Consultation,674.40
6192,482,Hospital Stay,570.22
6193,63,CT Scan,1463.33
6194,238,CT Scan,476.79
6195,414,Ultrasound,615.19
6196,483,Blood Test,1163.54
6197,134,Hospital Stay,1176.34
6198,488,CT Scan,1241.87
6199,372,MRI Scan,401.90
6200,229,Medication Charge,1658.49
6201,441,Medication Charge,905.65
6202,96,Medication Charge,389.94
6203,36,X-Ray,158.10
6204,127,Medication Charge,963.60
6205,270,CT Scan,1451.59
6206,110,CT Scan,1430.44
6207,419,ECG,319.64
6208,488,Physical Examination,1894.32
6209,266,Consultation,304.80
6210,15,MRI Scan,312.70
6211,187,Ultrasound,1471.95
6212,372,Blood Test,1118.56
6213,89,Blood Test,1772.57
6214,136,Physical Examination,1003.44
6215,416,CT Scan,1061.32
6216,260,Medication Charge,904.82
6217,351,Consultation,1401.97
6218,370,ECG,1351.33
6219,183,X-Ray,511.75
6220,274,Ultrasound,1852.39
6221,409,Blood Test,443.89
6222,143,Hospital Stay,510.76
6223,199,MRI Scan,1638.61
6224,438,Medication Charge,675.43
6225,236,MRI Scan,726.43
6226,447,X-Ray,1910.48
6227,447,Medication Charge,1802.15
6228,445,MRI Scan,94.54
6229,77,Medication Charge,376.59
6230,475,Medication Charge,1511.09
6231,340,Blood Test,230.33
6232,102,CT Scan,590.51
6233,445,Physical Examination,426.06
6234,314,Consultation,1827.73
6235,296,Ultrasound,1984.75
6236,43,Consultation,1389.21
6237,256,MRI Scan,1236.96
6238,59,X-Ray,825.75
6239,325,X-Ray,1476.92
6240,60,Consultation,356.94
6241,444,CT Scan,849.72
6242,386,X-Ray,154.33
6243,311,MRI Scan,276.07
6244,196,Ultrasound,253.79
6245,468,X-Ray,131.61
6246,317,Blood Test,920.66
6247,371,ECG,1340.35
6248,474,Physical Examination,1531.91
6249,478,Consultation,436.01
6250,319,Consultation,122.19
6251,293,Consultation,891.32
6252,173,Consultation,1095.49
6253,339,X-Ray,937.92
6254,449,Hospital Stay,1564.47
6255,54,X-Ray,1540.50
6256,145,X-Ray,245.89
6257,146,Blood Test,1590.18
6258,350,Ultrasound,1269.43
6259,72,ECG,1726.70
6260,296,ECG,1964.87
6261,77,Medication Charge,609.09
6262,66,Blood Test,1687.98
6263,303,Consultation,1416.22
6264,188,ECG,1457.07
6265,430,MRI Scan,1630.41
6266,377,Blood Test,1620.46
6267,110,Medication Charge,1212.60
6268,66,Medication Charge,1018.29
6269,9,MRI Scan,496.28
6270,233,MRI Scan,326.66
6271,98,Ultrasound,1873.58
6272,282,ECG,1102.30
6273,199,Hospital Stay,1537.02
6274,67,Consultation,1700.37
6275,133,MRI Scan,1781.80
6276,399,X-Ray,100.01
6277,247,Blood Test,873.80
6278,186,Medication Charge,365.81
6279,119,Physical Examination,1014.97
6280,31,X-Ray,1218.18
6281,32,CT Scan,1451.74
6282,494,MRI Scan,890.88
6283,442,Medication Charge,93.64
6284,117,X-Ray,296.64
6285,145,Physical Examination,1317.68
6286,462,MRI Scan,717.66
6287,134,X-Ray,1664.15
6288,351,Blood Test,482.58
6289,364,Hospital Stay,113.15
6290,31,MRI Scan,82.88
6291,186,Ultrasound,1915.35
6292,289,CT Scan,768.70
6293,458,Hospital Stay,1264.67
6294,190,CT Scan,1200.74
6295,399,ECG,775.34
6296,218,X-Ray,1894.25
6297,129,CT Scan,1691.08
6298,71,Hospital Stay,950.40
6299,2,MRI Scan,136.04
6300,31,MRI Scan,1604.66
6301,264,MRI Scan,125.52
6302,14,Ultrasound,1129.99
6303,52,CT Scan,827.34
6304,391,MRI Scan,1003.52
6305,217,Physical Examination,133.12
6306,7,Physical Examination,239.99
6307,373,ECG,923.13
6308,76,Medication Charge,109.44
6309,369,MRI Scan,1949.69
6310,361,Blood Test,953.74
6311,101,Physical Examination,132.78
6312,232,MRI Scan,530.68
6313,237,Consultation,697.67
6314,497,Blood Test,1635.34
6315,148,ECG,1941.44
6316,489,Hospital Stay,1009.46
6317,103,Ultrasound,391.21
6318,361,Consultation,98.34
6319,290,Ultrasound,404.37
6320,273,Physical Examination,1368.91
6321,229,Ultrasound,1421.65
6322,306,Hospital Stay,1017.54
6323,105,MRI Scan,1144.45
6324,171,Consultation,1999.53
6325,412,Consultation,1233.58
6326,81,CT Scan,1847.84
6327,430,Ultrasound,1784.79
6328,224,X-Ray,203.92
6329,300,MRI Scan,1073.00
6330,426,X-Ray,1413.98
6331,244,Blood Test,112.57
6332,137,Ultrasound,858.87
6333,52,Hospital Stay,1931.91
6334,321,Medication Charge,98.62
6335,35,MRI Scan,148.63
6336,302,CT Scan,1349.75
6337,64,Hospital Stay,122.83
6338,384,Hospital Stay,1191.85
6339,279,Physical Examination,182.49
6340,367,Medication Charge,1526.71
6341,440,Hospital Stay,1169.63
6342,162,Consultation,1352.03
6343,363,MRI Scan,667.50
6344,89,Blood Test,548.27
6345,312,Physical Examination,123.90
6346,302,Hospital Stay,1310.84
6347,307,CT Scan,1862.06
6348,203,Medication Charge,1081.92
6349,253,Consultation,1313.65
6350,102,CT Scan,1201.12
6351,351,MRI Scan,1636.65
6352,196,Medication Charge,1135.26
6353,150,MRI Scan,851.23
6354,196,MRI Scan,339.46
6355,249,Hospital Stay,1907.47
6356,249,CT Scan,1163.48
6357,128,Consultation,1670.29
6358,391,ECG,901.94
6359,108,Physical Examination,1355.98
6360,305,Hospital Stay,1186.58
6361,467,MRI Scan,1991.56
6362,229,Blood Test,180.64
6363,422,Hospital Stay,372.03
6364,221,X-Ray,101.30
6365,240,Blood Test,1055.36
6366,420,Physical Examination,1696.29
6367,55,MRI Scan,850.95
6368,431,X-Ray,1338.47
6369,338,Blood Test,1280.11
6370,339,Hospital Stay,235.40
6371,477,Physical Examination,1890.24
6372,410,MRI Scan,508.66
6373,351,Medication Charge,1164.55
6374,305,Physical Examination,1775.65
6375,400,Medication Charge,924.73
6376,76,MRI Scan,212.83
6377,228,Blood Test,1475.37
6378,276,Physical Examination,1270.62
6379,494,Hospital Stay,1859.22
6380,261,Blood Test,1639.87
6381,436,MRI Scan,1942.49
6382,476,Ultrasound,1793.62
6383,156,Physical Examination,319.57
6384,389,MRI Scan,930.02
6385,451,ECG,1067.80
6386,378,Consultation,1163.62
6387,226,Physical Examination,778.91
6388,478,Blood Test,1101.24
6389,32,Blood Test,556.03
6390,24,Ultrasound,974.90
6391,243,MRI Scan,1666.18
6392,93,Consultation,791.49
6393,44,Hospital Stay,1211.58
6394,47,MRI Scan,1871.59
6395,262,CT Scan,1364.96
6396,303,Hospital Stay,1593.35
6397,308,Ultrasound,1141.39
6398,259,X-Ray,953.55
6399,386,Ultrasound,1178.26
6400,344,CT Scan,1345.94
6401,26,Hospital Stay,134.11
6402,182,Consultation,1441.09
6403,133,MRI Scan,1590.73
6404,217,MRI Scan,741.49
6405,23,CT Scan,1804.19
6406,329,Consultation,395.21
6407,146,Physical Examination,1138.47
6408,171,Ultrasound,740.38
6409,399,CT Scan,1183.02
6410,440,Ultrasound,404.36
6411,328,Blood Test,1775.30
6412,475,Ultrasound,1418.92
6413,145,Medication Charge,783.81
6414,280,Consultation,1454.69
6415,480,Medication Charge,887.15
6416,137,CT Scan,1047.82
6417,78,MRI Scan,915.70
6418,79,Physical Examination,709.13
6419,198,X-Ray,361.62
6420,478,ECG,1180.99
6421,125,Ultrasound,586.67
6422,280,X-Ray,50.67
6423,496,Medication Charge,1922.30
6424,399,Consultation,568.54
6425,205,Physical Examination,1408.54
6426,117,Medication Charge,130.12
6427,224,X-Ray,1970.77
6428,203,CT Scan,345.11
6429,386,Physical Examination,918.09
6430,295,MRI Scan,878.58
6431,320,MRI Scan,223.90
6432,38,Consultation,1997.49
6433,58,Medication Charge,1797.32
6434,372,Consultation,747.61
6435,387,Medication Charge,1298.19
6436,84,Consultation,1443.73
6437,56,Consultation,466.02
6438,369,Ultrasound,1794.16
6439,175,X-Ray,1962.97
6440,23,Hospital Stay,676.37
6441,262,MRI Scan,831.19
6442,400,Blood Test,1824.52
6443,185,Hospital Stay,1513.43
6444,254,X-Ray,561.26
6445,316,MRI Scan,886.39
6446,333,Blood Test,1752.43
6447,357,Hospital Stay,583.52
6448,404,Medication Charge,861.96
6449,433,MRI Scan,966.59
6450,380,CT Scan,1798.32
6451,477,MRI Scan,1556.18
6452,65,Hospital Stay,1209.37
6453,294,Physical Examination,1279.45
6454,280,Physical Examination,1915.03
6455,374,Blood Test,1739.28
6456,237,Physical Examination,333.65
6457,140,MRI Scan,913.56
6458,212,Physical Examination,1703.19
6459,54,Consultation,1687.48
6460,319,X-Ray,1842.28
6461,321,Ultrasound,1897.01
6462,280,Ultrasound,1252.11
6463,276,Medication Charge,1619.29
6464,128,Medication Charge,821.86
6465,317,Physical Examination,908.68
6466,477,Physical Examination,793.27
6467,160,MRI Scan,688.29
6468,302,Hospital Stay,1958.85
6469,412,Blood Test,265.76
6470,315,X-Ray,1458.64
6471,348,X-Ray,164.25
6472,352,CT Scan,1989.63
6473,127,Ultrasound,1783.85
6474,23,ECG,271.11
6475,243,MRI Scan,873.84
6476,373,Blood Test,492.78
6477,306,Physical Examination,1517.78
6478,285,Ultrasound,453.93
6479,161,Consultation,851.04
6480,364,X-Ray,245.02
6481,297,Hospital Stay,688.92
6482,307,Blood Test,789.02
6483,4,Blood Test,98.31
6484,336,Medication Charge,637.21
6485,70,Hospital Stay,1084.19
6486,298,Hospital Stay,398.91
6487,151,Ultrasound,1997.35
6488,350,Hospital Stay,1581.76
6489,380,Physical Examination,1246.11
6490,221,CT Scan,850.40
6491,168,Ultrasound,561.16
6492,8,Hospital Stay,663.76
6493,443,ECG,1005.56
6494,227,ECG,1098.16
6495,15,Medication Charge,928.71
6496,488,Hospital Stay,1547.61
6497,494,Consultation,424.96
6498,260,Medication Charge,106.34
6499,67,Consultation,1721.22
6500,190,Hospital Stay,1607.91
6501,449,Ultrasound,1577.39
6502,438,X-Ray,1552.33
6503,173,Hospital Stay,155.68
6504,204,ECG,1227.12
6505,178,Consultation,1854.44
6506,5,Ultrasound,362.52
6507,96,MRI Scan,391.07
6508,151,X-Ray,1928.39
6509,409,CT Scan,884.95
6510,452,CT Scan,1403.20
6511,243,Hospital Stay,832.41
6512,392,ECG,1245.88
6513,200,Blood Test,252.13
6514,91,Hospital Stay,1432.82
6515,52,MRI Scan,776.39
6516,498,Physical Examination,1639.81
6517,129,Physical Examination,1603.92
6518,328,Ultrasound,1987.08
6519,4,Physical Examination,79.28
6520,243,Medication Charge,1056.73
6521,203,CT Scan,1436.39
6522,287,X-Ray,431.97
6523,41,X-Ray,1176.79
6524,452,ECG,915.97
6525,403,Blood Test,1865.42
6526,140,CT Scan,313.07
6527,368,Ultrasound,1595.43
6528,437,X-Ray,1295.26
6529,218,MRI Scan,337.19
6530,57,X-Ray,154.27
6531,271,Hospital Stay,496.17
6532,389,CT Scan,717.19
6533,221,ECG,1408.05
6534,374,Ultrasound,1739.48
6535,273,Blood Test,949.35
6536,180,X-Ray,768.57
6537,136,Physical Examination,390.92
6538,66,MRI Scan,1359.91
6539,356,Consultation,1031.75
6540,450,Hospital Stay,755.96
6541,386,Hospital Stay,141.94
6542,347,Ultrasound,546.21
6543,335,ECG,606.15
6544,240,ECG,1492.55
6545,446,Consultation,1698.74
6546,40,MRI Scan,322.89
6547,100,X-Ray,1872.58
6548,230,Hospital Stay,1551.01
6549,315,CT Scan,1380.24
6550,318,MRI Scan,928.96
6551,462,Ultrasound,1540.11
6552,125,Hospital Stay,1307.88
6553,348,X-Ray,1004.11
6554,16,Consultation,1741.84
6555,285,Physical Examination,790.04
6556,87,MRI Scan,1800.59
6557,182,Blood Test,1327.36
6558,32,MRI Scan,1233.14
6559,199,Consultation,1662.07
6560,131,ECG,1443.78
6561,100,Blood Test,803.90
6562,406,Consultation,683.75
6563,280,Physical Examination,1668.00
6564,137,Medication Charge,1792.90
6565,170,Consultation,1768.14
6566,7,Blood Test,1722.79
6567,442,MRI Scan,1053.67
6568,367,Ultrasound,909.06
6569,259,Hospital Stay,1052.67
6570,35,Ultrasound,723.41
6571,89,Hospital Stay,545.50
6572,470,ECG,560.22
6573,219,Blood Test,1660.41
6574,108,Physical Examination,1764.07
6575,353,MRI Scan,976.47
6576,318,Consultation,928.16
6577,402,Physical Examination,258.95
6578,329,ECG,519.80
6579,306,MRI Scan,336.81
6580,234,Physical Examination,1049.36
6581,131,Physical Examination,1483.92
6582,412,Medication Charge,1157.40
6583,218,Medication Charge,1079.00
6584,398,X-Ray,1775.36
6585,392,Medication Charge,168.80
6586,162,CT Scan,1178.61
6587,69,CT Scan,254.08
6588,430,CT Scan,1378.00
6589,130,Ultrasound,503.47
6590,415,MRI Scan,1730.60
6591,307,Physical Examination,1508.01
6592,196,Hospital Stay,391.31
6593,68,Consultation,1671.70
6594,333,Consultation,1205.17
6595,84,Physical Examination,509.16
6596,291,MRI Scan,344.35
6597,58,Physical Examination,1024.94
6598,201,X-Ray,1890.22
6599,291,Consultation,1967.64
6600,265,Physical Examination,1852.10
6601,365,Medication Charge,1136.24
6602,109,X-Ray,334.13
6603,23,MRI Scan,79.06
6604,118,X-Ray,1783.48
6605,9,MRI Scan,1398.75
6606,198,CT Scan,896.24
6607,59,Blood Test,1824.58
6608,261,Medication Charge,1359.37
6609,286,CT Scan,1443.99
6610,63,Blood Test,1118.10
6611,419,Hospital Stay,419.23
6612,197,MRI Scan,613.09
6613,470,Consultation,1800.60
6614,149,ECG,1317.26
6615,329,MRI Scan,1199.78
6616,387,Blood Test,1583.03
6617,142,Ultrasound,1576.92
6618,393,Physical Examination,1300.95
6619,100,ECG,653.19
6620,444,Medication Charge,666.96
6621,347,MRI Scan,117.99
6622,102,Blood Test,941.24
6623,385,Ultrasound,1836.20
6624,2,ECG,1643.87
6625,143,ECG,1907.37
6626,302,Ultrasound,903.19
6627,39,ECG,88.11
6628,353,Blood Test,900.03
6629,498,Ultrasound,873.06
6630,48,MRI Scan,75.43
6631,332,Ultrasound,1836.47
6632,154,MRI Scan,1432.47
6633,361,Consultation,1974.22
6634,1,CT Scan,1106.22
6635,52,Ultrasound,1247.53
6636,473,Medication Charge,574.29
6637,317,CT Scan,131.82
6638,315,Blood Test,766.20
6639,288,Consultation,888.30
6640,281,Consultation,623.69
6641,73,Ultrasound,1091.88
6642,291,Medication Charge,1262.57
6643,82,Ultrasound,1233.52
6644,402,Blood Test,1079.51
6645,277,Ultrasound,1138.16
6646,267,Medication Charge,280.71
6647,271,CT Scan,1574.10
6648,38,ECG,109.74
6649,412,Medication Charge,886.07
6650,186,CT Scan,1695.59
6651,292,CT Scan,1798.74
6652,12,Medication Charge,511.66
6653,12,MRI Scan,308.77
6654,452,ECG,936.38
6655,494,Physical Examination,1175.76
6656,426,X-Ray,791.27
6657,155,MRI Scan,1128.93
6658,3,Medication Charge,768.66
6659,72,MRI Scan,1578.73
6660,185,ECG,1045.47
6661,498,MRI Scan,948.11
6662,234,Hospital Stay,1426.83
6663,344,X-Ray,1002.14
6664,198,Medication Charge,410.51
6665,39,MRI Scan,1106.53
6666,409,Physical Examination,332.07
6667,48,Medication Charge,1439.90
6668,207,X-Ray,899.70
6669,91,X-Ray,324.78
6670,483,CT Scan,701.82
6671,301,MRI Scan,926.09
6672,416,Hospital Stay,1455.96
6673,188,Hospital Stay,1836.68
6674,54,Physical Examination,725.89
6675,151,ECG,997.91
6676,428,Blood Test,671.97
6677,400,Physical Examination,296.52
6678,433,Medication Charge,326.00
6679,433,ECG,1019.04
6680,1,Medication Charge,85.22
6681,376,Blood Test,173.57
6682,205,Consultation,1854.41
6683,461,ECG,849.52
6684,487,Blood Test,945.75
6685,109,X-Ray,592.97
6686,443,CT Scan,1984.16
6687,258,X-Ray,1843.11
6688,313,ECG,1780.48
6689,454,Hospital Stay,59.86
6690,46,CT Scan,1064.33
6691,485,Physical Examination,406.40
6692,353,Hospital Stay,1448.30
6693,124,MRI Scan,315.69
6694,215,MRI Scan,809.50
6695,479,Physical Examination,1852.18
6696,407,ECG,62.18
6697,34,Blood Test,1583.29
6698,483,Physical Examination,1300.89
6699,386,Blood Test,228.36
6700,295,ECG,1950.71
6701,313,X-Ray,1695.49
6702,454,MRI Scan,1963.06
6703,337,MRI Scan,664.22
6704,219,MRI Scan,1507.69
6705,23,ECG,493.45
6706,419,CT Scan,153.82
6707,292,X-Ray,439.24
6708,17,CT Scan,188.22
6709,221,Medication Charge,662.12
6710,8,Blood Test,1916.11
6711,132,MRI Scan,1760.65
6712,294,Hospital Stay,1145.46
6713,168,Hospital Stay,492.66
6714,331,X-Ray,1605.03
6715,268,CT Scan,855.75
6716,285,Medication Charge,466.01
6717,440,Ultrasound,722.00
6718,305,Hospital Stay,594.11
6719,242,MRI Scan,856.17
6720,376,MRI Scan,1920.71
6721,407,Physical Examination,1855.11
6722,243,Consultation,1619.31
6723,416,Physical Examination,211.15
6724,462,MRI Scan,119.27
6725,171,Blood Test,349.77
6726,397,Physical Examination,1344.78
6727,207,Consultation,1384.97
6728,36,CT Scan,1790.18
6729,110,ECG,903.81
6730,269,Consultation,707.92
6731,471,X-Ray,870.32
6732,31,Ultrasound,1730.99
6733,280,Ultrasound,125.89
6734,220,CT Scan,427.82
6735,281,Consultation,1979.97
6736,129,Hospital Stay,1865.35
6737,258,Consultation,1116.97
6738,496,X-Ray,669.94
6739,117,Ultrasound,1846.22
6740,409,Hospital Stay,841.49
6741,71,Physical Examination,142.49
6742,172,Blood Test,918.76
6743,228,Hospital Stay,1424.14
6744,202,ECG,925.52
6745,172,ECG,206.12
6746,492,Ultrasound,360.94
6747,290,X-Ray,1471.91
6748,5,Medication Charge,116.33
6749,480,ECG,1809.51
6750,167,MRI Scan,132.89
6751,323,Hospital Stay,1474.71
6752,342,Medication Charge,248.35
6753,120,MRI Scan,1904.53
6754,52,CT Scan,1568.87
6755,482,Ultrasound,234.77
6756,352,Blood Test,327.53
6757,413,Hospital Stay,1423.11
6758,228,Ultrasound,155.27
6759,360,X-Ray,377.97
6760,13,Ultrasound,1448.32
6761,190,Consultation,664.50
6762,471,Hospital Stay,1412.33
6763,43,X-Ray,1996.51
6764,458,MRI Scan,1350.38
6765,94,CT Scan,1807.18
6766,402,Medication Charge,746.82
6767,493,Blood Test,70.62
6768,441,Ultrasound,1531.12
6769,359,Blood Test,203.93
6770,57,ECG,468.47
6771,369,X-Ray,1817.69
6772,178,Medication Charge,556.28
6773,325,Medication Charge,712.58
6774,225,Hospital Stay,135.46
6775,428,CT Scan,244.79
6776,227,Consultation,1696.82
6777,238,Medication Charge,1123.95
6778,477,ECG,1431.18
6779,303,ECG,1305.63
6780,468,Consultation,1349.53
6781,425,MRI Scan,143.88
6782,202,Hospital Stay,1916.92
6783,319,Consultation,1941.18
6784,396,Blood Test,446.36
6785,460,Medication Charge,281.11
6786,143,ECG,295.81
6787,17,Consultation,885.40
6788,260,Medication Charge,1412.52
6789,390,Hospital Stay,175.60
6790,278,Hospital Stay,1272.38
6791,466,MRI Scan,1913.05
6792,335,ECG,1766.98
6793,316,X-Ray,1921.70
6794,184,ECG,1531.93
6795,125,ECG,1387.75
6796,175,X-Ray,139.12
6797,199,MRI Scan,114.85
6798,209,CT Scan,1160.32
6799,296,Blood Test,1306.04
6800,204,Medication Charge,885.52
6801,468,Physical Examination,164.64
6802,280,Ultrasound,1448.40
6803,245,Hospital Stay,135.97
6804,357,Consultation,1992.43
6805,257,Hospital Stay,1404.06
6806,65,Consultation,1341.31
6807,292,Hospital Stay,648.18
6808,358,ECG,1730.68
6809,11,Blood Test,815.63
6810,235,Ultrasound,1529.59
6811,434,X-Ray,701.64
6812,5,Consultation,363.33
6813,179,Blood Test,192.11
6814,109,Ultrasound,660.55
6815,67,Ultrasound,408.11
6816,55,CT Scan,1097.62
6817,95,Medication Charge,169.24
6818,96,Medication Charge,1419.79
6819,77,Consultation,1589.09
6820,158,ECG,1719.22
6821,36,Blood Test,1487.60
6822,17,Medication Charge,127.68
6823,459,Ultrasound,1685.91
6824,24,ECG,526.36
6825,327,Physical Examination,1133.78
6826,212,Physical Examination,543.89
6827,8,X-Ray,1778.48
6828,60,MRI Scan,798.85
6829,228,Consultation,1599.43
6830,316,Blood Test,599.10
6831,348,ECG,1917.49
6832,473,CT Scan,701.46
6833,449,Medication Charge,1135.14
6834,279,CT Scan,680.39
6835,290,X-Ray,221.07
6836,304,Medication Charge,1553.58
6837,160,X-Ray,820.72
6838,119,Consultation,867.21
6839,412,X-Ray,1604.81
6840,453,X-Ray,942.27
6841,182,Physical Examination,413.75
6842,131,CT Scan,1967.44
6843,456,Blood Test,1405.06
6844,65,Blood Test,1819.30
6845,59,MRI Scan,1612.25
6846,432,X-Ray,490.02
6847,385,Physical Examination,61.93
6848,97,Ultrasound,1415.83
6849,87,MRI Scan,1311.72
6850,312,X-Ray,181.67
6851,465,Physical Examination,1582.07
6852,268,Medication Charge,1824.23
6853,371,Blood Test,1388.47
6854,290,MRI Scan,895.78
6855,396,MRI Scan,1031.11
6856,109,Physical Examination,774.29
6857,282,Physical Examination,209.03
6858,302,ECG,1159.50
6859,238,CT Scan,376.58
6860,354,MRI Scan,794.35
6861,265,Blood Test,1432.22
6862,385,ECG,1838.48
6863,246,Physical Examination,1542.90
6864,359,Medication Charge,1723.26
6865,35,Physical Examination,1959.22
6866,312,X-Ray,1041.61
6867,298,CT Scan,1803.47
6868,412,Physical Examination,588.42
6869,493,Hospital Stay,1739.15
6870,337,MRI Scan,1991.09
6871,71,X-Ray,1458.65
6872,245,X-Ray,52.38
6873,91,Physical Examination,466.82
6874,151,Physical Examination,298.55
6875,475,Consultation,313.78
6876,485,X-Ray,165.36
6877,46,Hospital Stay,593.55
6878,143,Consultation,1475.73
6879,474,Physical Examination,1508.16
6880,34,Ultrasound,1949.18
6881,490,ECG,1175.68
6882,364,Consultation,1417.15
6883,345,X-Ray,1484.65
6884,377,Blood Test,298.78
6885,325,Consultation,1958.42
6886,142,X-Ray,477.08
6887,68,X-Ray,1448.03
6888,255,ECG,1708.45
6889,66,MRI Scan,525.21
6890,368,Consultation,130.79
6891,398,X-Ray,1031.51
6892,214,ECG,1778.35
6893,209,Hospital Stay,821.95
6894,2,Blood Test,721.65
6895,407,Medication Charge,500.08
6896,425,CT Scan,940.99
6897,183,Ultrasound,1811.03
6898,50,Medication Charge,1097.67
6899,68,MRI Scan,1383.38
6900,334,X-Ray,1981.80
6901,46,Ultrasound,1381.14
6902,417,MRI Scan,965.87
6903,194,Medication Charge,129.71
6904,484,X-Ray,1184.98
6905,490,Physical Examination,475.43
6906,484,Blood Test,564.16
6907,432,Physical Examination,1651.30
6908,35,Medication Charge,804.84
6909,84,X-Ray,1156.60
6910,411,Consultation,1880.83
6911,215,CT Scan,77.28
6912,29,ECG,841.43
6913,454,ECG,1939.24
6914,214,Ultrasound,947.98
6915,386,Blood Test,797.17
6916,359,Ultrasound,1863.23
6917,44,Medication Charge,1048.68
6918,202,ECG,755.26
6919,156,Medication Charge,609.53
6920,391,Hospital Stay,635.98
6921,19,CT Scan,1932.36
6922,201,Consultation,1385.47
6923,310,Consultation,1448.70
6924,291,Ultrasound,720.39
6925,155,Medication Charge,785.01
6926,233,Consultation,302.48
6927,87,Ultrasound,312.64
6928,452,MRI Scan,222.50
6929,496,X-Ray,548.67
6930,403,Ultrasound,1347.66
6931,471,ECG,1884.63
6932,285,ECG,569.78
6933,78,MRI Scan,1374.40
6934,436,Physical Examination,1290.65
6935,489,Blood Test,1090.91
6936,253,Medication Charge,1903.22
6937,317,MRI Scan,1492.82
6938,477,Ultrasound,337.66
6939,123,Hospital Stay,1819.51
6940,365,MRI Scan,1333.13
6941,293,Ultrasound,564.16
6942,103,Physical Examination,710.73
6943,123,X-Ray,1454.32
6944,493,Hospital Stay,1897.11
6945,499,X-Ray,1783.48
6946,342,Blood Test,761.11
6947,121,Consultation,528.77
6948,487,Consultation,1901.26
6949,18,Consultation,201.22
6950,362,ECG,1704.26
6951,271,CT Scan,841.05
6952,192,Hospital Stay,771.10
6953,240,Ultrasound,1836.47
6954,289,Hospital Stay,1023.79
6955,408,CT Scan,832.68
6956,365,Hospital Stay,1457.40
6957,483,ECG,1896.63
6958,185,Consultation,901.34
6959,289,CT Scan,1982.70
6960,139,Ultrasound,803.99
6961,373,Medication Charge,1565.00
6962,196,MRI Scan,890.27
6963,464,Hospital Stay,296.62
6964,91,ECG,606.82
6965,12,Physical Examination,1410.60
6966,5,Medication Charge,697.48
6967,430,Medication Charge,1838.28
6968,157,Physical Examination,220.70
6969,175,X-Ray,1532.81
6970,306,X-Ray,680.04
6971,482,ECG,1172.65
6972,204,Hospital Stay,1696.27
6973,94,MRI Scan,1714.22
6974,123,Blood Test,933.74
6975,142,X-Ray,517.21
6976,398,Medication Charge,1975.23
6977,137,X-Ray,800.37
6978,478,Hospital Stay,152.65
6979,342,Hospital Stay,1318.80
6980,299,Consultation,533.23
6981,460,X-Ray,1884.87
6982,419,MRI Scan,636.94
6983,163,Hospital Stay,466.31
6984,415,Blood Test,932.97
6985,212,Consultation,1332.68
6986,235,Consultation,253.29
6987,465,Blood Test,108.48
6988,331,MRI Scan,1016.58
6989,272,ECG,1843.52
6990,73,MRI Scan,204.83
6991,374,Physical Examination,920.94
6992,470,Physical Examination,597.66
6993,81,Consultation,757.36
6994,497,Hospital Stay,1491.29
6995,91,Ultrasound,1783.90
6996,259,CT Scan,556.54
6997,433,CT Scan,144.79
6998,255,Consultation,1303.49
6999,84,Blood Test,1398.43
7000,211,ECG,1756.86
7001,421,X-Ray,484.00
7002,228,CT Scan,933.28
7003,296,Ultrasound,830.59
7004,166,Ultrasound,417.19
7005,240,Blood Test,267.38
7006,467,Blood Test,1309.13
7007,24,ECG,1639.82
7008,417,CT Scan,1868.24
7009,33,Blood Test,1858.76
7010,189,ECG,1315.70
7011,338,Blood Test,120.91
7012,472,X-Ray,993.50
7013,350,X-Ray,1472.50
7014,34,Hospital Stay,413.30
7015,238,Consultation,283.83
7016,14,Medication Charge,637.19
7017,496,Medication Charge,1399.98
7018,64,Consultation,1537.97
7019,271,MRI Scan,1014.04
7020,85,Blood Test,437.00
7021,102,Ultrasound,1263.75
7022,180,X-Ray,1060.29
7023,201,X-Ray,1817.64
7024,14,Medication Charge,1307.51
7025,295,CT Scan,1578.98
7026,177,X-Ray,1452.32
7027,495,Medication Charge,736.89
7028,458,Consultation,1823.61
7029,76,X-Ray,344.01
7030,355,CT Scan,492.34
7031,316,Consultation,1792.56
7032,309,Medication Charge,389.90
7033,148,ECG,1713.08
7034,354,Consultation,1574.62
7035,116,X-Ray,491.94
7036,219,MRI Scan,1039.19
7037,498,Blood Test,965.61
7038,47,Blood Test,1124.89
7039,236,Blood Test,1047.33
7040,200,Medication Charge,1020.78
7041,492,MRI Scan,1540.76
7042,414,X-Ray,1668.04
7043,103,Ultrasound,125.22
7044,8,CT Scan,293.13
7045,203,MRI Scan,740.73
7046,433,Physical Examination,483.41
7047,493,Physical Examination,1371.65
7048,324,X-Ray,1426.87
7049,494,CT Scan,1349.13
7050,432,Ultrasound,1849.93
7051,391,Hospital Stay,1091.56
7052,133,Ultrasound,983.03
7053,167,CT Scan,1519.82
7054,68,X-Ray,459.15
7055,497,Consultation,1965.20
7056,79,X-Ray,1906.95
7057,471,Physical Examination,82.93
7058,55,Medication Charge,619.47
7059,79,ECG,1142.42
7060,344,Medication Charge,350.85
7061,418,X-Ray,398.34
7062,491,ECG,839.80
7063,194,X-Ray,1651.05
7064,317,ECG,461.57
7065,336,Blood Test,1805.43
7066,125,CT Scan,1735.76
7067,126,MRI Scan,1717.41
7068,59,Physical Examination,158.07
7069,204,CT Scan,587.77
7070,424,Consultation,62.31
7071,343,ECG,496.77
7072,287,Hospital Stay,1555.73
7073,335,Physical Examination,681.72
7074,7,MRI Scan,478.52
7075,198,X-Ray,832.52
7076,30,Physical Examination,1579.86
7077,340,Ultrasound,497.02
7078,425,CT Scan,1330.86
7079,198,MRI Scan,661.97
7080,142,CT Scan,137.81
7081,164,Hospital Stay,1158.92
7082,410,X-Ray,1876.73
7083,338,MRI Scan,768.16
7084,220,Hospital Stay,190.44
7085,290,ECG,693.40
7086,140,Blood Test,1160.67
7087,344,MRI Scan,1173.65
7088,193,Medication Charge,1970.29
7089,303,ECG,929.18
7090,255,ECG,1619.46
7091,31,CT Scan,1616.68
7092,416,X-Ray,85.41
7093,87,Ultrasound,1953.97
7094,342,Blood Test,188.69
7095,444,CT Scan,237.38
7096,374,MRI Scan,341.86
7097,38,Consultation,1164.57
7098,385,Ultrasound,1816.58
7099,318,Ultrasound,952.38
7100,291,CT Scan,841.67
7101,290,Physical Examination,975.40
7102,38,X-Ray,881.41
7103,458,CT Scan,501.08
7104,409,Medication Charge,1970.93
7105,95,X-Ray,903.81
7106,200,Blood Test,947.75
7107,174,Medication Charge,1929.48
7108,274,Medication Charge,976.55
7109,279,Ultrasound,737.21
7110,431,Consultation,1884.37
7111,351,Medication Charge,1805.21
7112,358,Hospital Stay,445.88
7113,309,MRI Scan,1278.43
7114,196,ECG,652.10
7115,16,Physical Examination,1360.62
7116,403,Medication Charge,1292.02
7117,94,Consultation,293.14
7118,24,X-Ray,286.05
7119,36,ECG,1692.22
7120,397,ECG,998.27
7121,194,Hospital Stay,1986.72
7122,289,CT Scan,1609.10
7123,146,CT Scan,63.43
7124,26,Blood Test,323.55
7125,496,Physical Examination,955.32
7126,157,Hospital Stay,1112.27
7127,391,Ultrasound,1018.00
7128,153,Medication Charge,923.26
7129,231,Hospital Stay,1775.39
7130,46,Ultrasound,1641.62
7131,198,ECG,881.93
7132,18,Hospital Stay,1722.91
7133,17,Blood Test,843.08
7134,181,ECG,1413.11
7135,241,Consultation,123.39
7136,379,Ultrasound,1951.35
7137,290,Ultrasound,1252.09
7138,493,CT Scan,910.69
7139,57,Medication Charge,1317.64
7140,71,Medication Charge,1407.09
7141,115,ECG,451.48
7142,356,ECG,1207.45
7143,369,Blood Test,399.53
7144,180,MRI Scan,364.95
7145,83,CT Scan,856.37
7146,106,Ultrasound,634.43
7147,41,ECG,1247.46
7148,470,Physical Examination,1260.49
7149,287,Medication Charge,1538.73
7150,314,Ultrasound,729.93
7151,145,Ultrasound,1332.05
7152,127,Hospital Stay,1946.13
7153,386,Hospital Stay,1755.59
7154,483,Hospital Stay,1503.39
7155,158,Hospital Stay,1581.85
7156,406,Hospital Stay,1243.37
7157,203,Medication Charge,1859.61
7158,302,Consultation,1518.31
7159,125,Hospital Stay,587.79
7160,231,Hospital Stay,491.51
7161,452,Hospital Stay,1760.29
7162,136,Blood Test,1075.36
7163,347,Physical Examination,384.11
7164,115,Blood Test,1206.98
7165,257,Ultrasound,300.19
7166,371,CT Scan,1460.91
7167,112,Medication Charge,1354.57
7168,273,Physical Examination,1186.14
7169,479,Hospital Stay,244.53
7170,81,MRI Scan,1936.31
7171,458,Medication Charge,918.81
7172,32,X-Ray,274.53
7173,246,Blood Test,983.91
7174,155,Physical Examination,728.11
7175,147,Ultrasound,772.56
7176,242,Medication Charge,307.23
7177,399,X-Ray,122.72
7178,6,Blood Test,638.45
7179,291,Ultrasound,1704.10
7180,196,MRI Scan,339.34
7181,313,Consultation,1154.82
7182,422,Blood Test,325.80
7183,378,ECG,257.94
7184,399,MRI Scan,447.88
7185,443,CT Scan,699.97
7186,202,ECG,1081.09
7187,305,Ultrasound,421.11
7188,299,ECG,1274.61
7189,430,CT Scan,1929.49
7190,285,Ultrasound,1943.16
7191,41,Medication Charge,1238.49
7192,484,MRI Scan,559.13
7193,185,Physical Examination,631.77
7194,133,ECG,823.27
7195,114,MRI Scan,191.33
7196,479,Physical Examination,1123.92
7197,25,Consultation,628.42
7198,94,Consultation,1666.19
7199,81,X-Ray,115.30
7200,128,Consultation,654.55
7201,150,X-Ray,566.99
7202,107,MRI Scan,86.50
7203,119,CT Scan,1442.70
7204,213,Physical Examination,1495.83
7205,346,Ultrasound,1573.79
7206,277,Blood Test,113.71
7207,406,ECG,1435.97
7208,460,X-Ray,1159.71
7209,144,Ultrasound,1518.86
7210,492,Blood Test,348.33
7211,413,MRI Scan,1310.93
7212,498,CT Scan,904.40
7213,147,MRI Scan,958.34
7214,97,Blood Test,639.09
7215,431,ECG,163.97
7216,117,Physical Examination,1598.18
7217,428,ECG,1897.14
7218,84,X-Ray,1639.38
7219,313,Hospital Stay,873.14
7220,174,X-Ray,924.49
7221,173,X-Ray,437.99
7222,69,Physical Examination,1988.33
7223,320,Consultation,68.17
7224,9,X-Ray,693.87
7225,294,MRI Scan,470.28
7226,450,Blood Test,497.96
7227,113,Consultation,544.60
7228,240,CT Scan,182.06
7229,355,MRI Scan,1357.14
7230,220,CT Scan,762.14
7231,418,Blood Test,903.20
7232,219,X-Ray,1563.02
7233,313,Medication Charge,727.38
7234,417,ECG,535.79
7235,384,Blood Test,388.44
7236,329,ECG,460.69
7237,41,X-Ray,1824.96
7238,377,Medication Charge,1134.45
7239,133,CT Scan,382.72
7240,15,Consultation,578.16
7241,470,X-Ray,141.00
7242,277,Hospital Stay,943.98
7243,485,Medication Charge,1628.52
7244,409,Blood Test,227.19
7245,368,X-Ray,1917.34
7246,339,X-Ray,620.71
7247,452,ECG,164.05
7248,417,Ultrasound,1836.77
7249,133,Physical Examination,952.01
7250,398,MRI Scan,1671.81
7251,244,CT Scan,676.17
7252,134,Ultrasound,256.45
7253,403,Medication Charge,1874.64
7254,94,Hospital Stay,147.59
7255,185,Physical Examination,493.41
7256,447,CT Scan,350.47
7257,347,CT Scan,1276.40
7258,174,Physical Examination,1750.81
7259,33,X-Ray,353.33
7260,307,Blood Test,1615.20
7261,300,ECG,801.29
7262,389,Physical Examination,599.41
7263,131,Physical Examination,1463.18
7264,76,Consultation,996.66
7265,322,Consultation,930.17
7266,394,MRI Scan,1599.14
7267,52,X-Ray,214.85
7268,25,MRI Scan,1085.29
7269,495,Physical Examination,131.83
7270,357,ECG,1965.91
7271,284,Ultrasound,1624.32
7272,381,Medication Charge,147.49
7273,470,MRI Scan,936.11
7274,26,CT Scan,618.13
7275,19,Consultation,1216.62
7276,181,MRI Scan,1196.13
7277,318,Medication Charge,541.05
7278,182,X-Ray,1216.45
7279,377,MRI Scan,1013.28
7280,89,X-Ray,327.10
7281,253,Ultrasound,1509.45
7282,128,Consultation,1137.23
7283,94,X-Ray,91.85
7284,439,Hospital Stay,341.82
7285,58,Ultrasound,393.49
7286,348,ECG,1385.94
7287,134,Medication Charge,1764.19
7288,196,Consultation,1822.10
7289,379,Blood Test,1400.09
7290,419,Consultation,444.60
7291,149,Hospital Stay,638.98
7292,450,Blood Test,644.23
7293,431,Physical Examination,1023.24
7294,307,Medication Charge,1848.77
7295,7,Hospital Stay,956.02
7296,412,X-Ray,70.13
7297,192,Medication Charge,1382.08
7298,393,Physical Examination,1384.49
7299,37,Medication Charge,1543.87
7300,161,Consultation,1586.64
7301,230,CT Scan,551.89
7302,360,X-Ray,824.66
7303,325,Consultation,361.92
7304,450,Medication Charge,1495.11
7305,213,Consultation,572.61
7306,232,CT Scan,974.62
7307,407,X-Ray,362.04
7308,184,Medication Charge,349.54
7309,215,MRI Scan,1777.35
7310,179,Physical Examination,213.24
7311,415,Medication Charge,310.95
7312,335,ECG,1166.77
7313,475,X-Ray,344.27
7314,147,MRI Scan,189.10
7315,474,Ultrasound,475.81
7316,78,Medication Charge,669.60
7317,388,Medication Charge,834.34
7318,224,Consultation,953.38
7319,369,X-Ray,1309.22
7320,89,Medication Charge,1459.30
7321,341,X-Ray,133.35
7322,194,MRI Scan,703.69
7323,133,Medication Charge,1053.03
7324,331,Physical Examination,712.30
7325,100,Consultation,1461.51
7326,115,Physical Examination,1532.55
7327,21,Blood Test,581.59
7328,274,Consultation,1423.53
7329,81,MRI Scan,1646.90
7330,43,X-Ray,1708.48
7331,49,X-Ray,1575.12
7332,191,Hospital Stay,1047.16
7333,467,MRI Scan,1436.90
7334,276,X-Ray,1745.97
7335,279,Ultrasound,1094.78
7336,206,Hospital Stay,1792.58
7337,54,Medication Charge,263.98
7338,168,Hospital Stay,1134.73
7339,30,Ultrasound,653.14
7340,157,X-Ray,1682.48
7341,345,Blood Test,133.03
7342,199,X-Ray,1161.53
7343,258,CT Scan,912.38
7344,269,CT Scan,526.88
7345,161,Physical Examination,688.22
7346,378,Ultrasound,1293.72
7347,145,Ultrasound,1510.42
7348,397,MRI Scan,1211.80
7349,371,X-Ray,474.54
7350,338,X-Ray,268.00
7351,73,Ultrasound,1626.89
7352,92,MRI Scan,426.95
7353,9,Hospital Stay,1395.85
7354,24,Hospital Stay,368.04
7355,130,Physical Examination,473.07
7356,498,MRI Scan,598.74
7357,249,Physical Examination,1838.22
7358,291,MRI Scan,225.59
7359,442,Medication Charge,920.70
7360,423,Ultrasound,1196.85
7361,305,Medication Charge,591.49
7362,354,Physical Examination,238.24
7363,83,Physical Examination,1411.70
7364,57,Physical Examination,88.81
7365,113,Ultrasound,873.38
7366,11,X-Ray,1427.15
7367,32,Blood Test,728.28
7368,101,X-Ray,1101.52
7369,100,Physical Examination,822.26
7370,447,MRI Scan,57.51
7371,324,Blood Test,686.94
7372,92,Hospital Stay,526.33
7373,272,Consultation,1122.17
7374,1,ECG,1128.64
7375,83,Ultrasound,1692.78
7376,316,X-Ray,1336.97
7377,290,Medication Charge,171.77
7378,231,Ultrasound,1091.26
7379,222,X-Ray,1654.14
7380,388,Ultrasound,1870.45
7381,440,Consultation,395.76
7382,285,Consultation,1769.93
7383,257,Medication Charge,1791.27
7384,345,Consultation,468.26
7385,248,Ultrasound,1805.25
7386,43,Physical Examination,705.63
7387,59,Physical Examination,1830.45
7388,385,Ultrasound,395.21
7389,233,MRI Scan,533.27
7390,283,Hospital Stay,1932.01
7391,56,Blood Test,1947.64
7392,98,X-Ray,1344.46
7393,406,X-Ray,442.19
7394,116,Medication Charge,347.09
7395,345,Physical Examination,1705.84
7396,375,Consultation,731.19
7397,96,CT Scan,1487.49
7398,373,MRI Scan,1080.29
7399,167,Blood Test,841.82
7400,459,CT Scan,1011.37
7401,49,Blood Test,873.86
7402,323,ECG,1659.77
7403,86,Blood Test,1287.87
7404,479,Physical Examination,1069.16
7405,439,Hospital Stay,532.36
7406,39,Medication Charge,298.50
7407,311,CT Scan,1915.22
7408,60,CT Scan,1840.53
7409,356,MRI Scan,737.07
7410,304,Ultrasound,1180.13
7411,274,Consultation,1104.98
7412,154,ECG,1338.45
7413,92,Blood Test,1981.82
7414,421,X-Ray,1417.92
7415,193,ECG,1407.07
7416,421,Ultrasound,1091.04
7417,392,X-Ray,1242.69
7418,182,Medication Charge,1667.39
7419,71,ECG,924.02
7420,158,Medication Charge,1039.10
7421,290,X-Ray,719.69
7422,115,Medication Charge,582.02
7423,223,Blood Test,1539.79
7424,378,Hospital Stay,1778.86
7425,297,Medication Charge,93.83
7426,138,CT Scan,328.30
7427,317,Ultrasound,874.95
7428,156,MRI Scan,1540.72
7429,294,Medication Charge,822.90
7430,12,Physical Examination,57.50
7431,401,Medication Charge,941.70
7432,352,CT Scan,547.07
7433,181,Medication Charge,1708.69
7434,146,Ultrasound,587.81
7435,489,Physical Examination,427.41
7436,312,Physical Examination,1701.61
7437,58,Ultrasound,950.98
7438,148,CT Scan,1062.03
7439,323,ECG,452.20
7440,376,Medication Charge,1096.05
7441,274,MRI Scan,1994.62
7442,150,Medication Charge,1090.72
7443,136,Hospital Stay,666.27
7444,406,Medication Charge,375.00
7445,328,Physical Examination,1622.10
7446,449,Blood Test,687.00
7447,88,MRI Scan,1679.60
7448,17,X-Ray,827.02
7449,493,CT Scan,126.21
7450,205,Hospital Stay,1128.11
7451,462,Blood Test,85.25
7452,279,X-Ray,577.59
7453,427,Hospital Stay,749.21
7454,54,Consultation,51.06
7455,450,Physical Examination,1167.61
7456,98,Blood Test,693.27
7457,157,Physical Examination,1124.58
7458,317,Medication Charge,1486.94
7459,135,MRI Scan,1129.00
7460,213,Consultation,78.41
7461,474,CT Scan,1587.19
7462,469,Blood Test,142.12
7463,109,Blood Test,1375.33
7464,369,Ultrasound,1531.56
7465,207,MRI Scan,1204.74
7466,446,Medication Charge,743.99
7467,105,Blood Test,1826.76
7468,487,ECG,805.44
7469,50,Physical Examination,559.07
7470,290,Consultation,1659.66
7471,278,Hospital Stay,892.39
7472,292,Blood Test,1030.17
7473,246,Blood Test,1324.57
7474,272,CT Scan,365.89
7475,450,Blood Test,110.90
7476,324,Consultation,884.07
7477,455,MRI Scan,142.83
7478,139,Hospital Stay,640.88
7479,497,Hospital Stay,306.48
7480,305,Blood Test,817.12
7481,141,ECG,1911.65
7482,287,Ultrasound,1646.08
7483,192,X-Ray,636.72
7484,20,Ultrasound,326.44
7485,399,X-Ray,277.82
7486,467,ECG,1242.00
7487,224,CT Scan,317.01
7488,478,Ultrasound,1547.83
7489,95,X-Ray,293.52
7490,5,ECG,510.03
7491,478,Hospital Stay,907.17
7492,16,Hospital Stay,1022.86
7493,246,Ultrasound,641.97
7494,148,ECG,776.11
7495,115,Medication Charge,902.29
7496,88,MRI Scan,1703.80
7497,419,Consultation,1092.04
7498,161,Blood Test,1003.74
7499,42,X-Ray,610.57
7500,374,ECG,475.41
7501,86,Medication Charge,159.90
7502,380,Consultation,819.05
7503,338,X-Ray,1895.68
7504,477,MRI Scan,1862.13
7505,399,CT Scan,511.82
7506,399,X-Ray,1284.95
7507,238,CT Scan,356.25
7508,396,Hospital Stay,1095.34
7509,280,Consultation,1254.10
7510,285,ECG,1439.11
7511,165,Physical Examination,683.21
7512,93,Medication Charge,1353.76
7513,88,ECG,322.89
7514,440,ECG,247.74
7515,60,Physical Examination,689.00
7516,189,Medication Charge,213.87
7517,35,Blood Test,705.18
7518,27,Physical Examination,1710.77
7519,25,ECG,651.60
7520,48,Hospital Stay,924.06
7521,158,Hospital Stay,969.65
7522,392,ECG,1295.33
7523,183,X-Ray,630.25
7524,448,Physical Examination,1477.01
7525,437,Hospital Stay,268.66
7526,405,CT Scan,282.21
7527,298,Hospital Stay,1419.54
7528,293,CT Scan,438.91
7529,149,Medication Charge,446.19
7530,171,Consultation,1002.24
7531,274,Blood Test,483.38
7532,64,Physical Examination,474.66
7533,43,MRI Scan,1392.34
7534,123,Physical Examination,1840.97
7535,94,Ultrasound,1875.86
7536,263,CT Scan,1036.75
7537,456,X-Ray,1633.57
7538,286,MRI Scan,737.62
7539,90,CT Scan,1109.44
7540,101,Blood Test,606.22
7541,285,Ultrasound,408.71
7542,351,MRI Scan,661.25
7543,63,CT Scan,1398.44
7544,210,ECG,1671.88
7545,109,ECG,1471.43
7546,248,Physical Examination,147.50
7547,263,Medication Charge,1733.78
7548,183,Ultrasound,1386.84
7549,97,Hospital Stay,594.47
7550,196,CT Scan,220.86
7551,246,CT Scan,1497.50
7552,478,X-Ray,1205.36
7553,204,Medication Charge,1867.68
7554,159,Consultation,459.31
7555,203,X-Ray,1195.94
7556,295,Hospital Stay,1782.88
7557,323,Ultrasound,560.89
7558,464,ECG,152.68
7559,301,Medication Charge,1192.38
7560,15,Blood Test,268.72
7561,273,Medication Charge,1130.50
7562,246,Consultation,1176.01
7563,273,Consultation,1673.69
7564,351,ECG,369.27
7565,361,MRI Scan,1103.59
7566,210,Physical Examination,616.49
7567,148,X-Ray,1318.57
7568,200,Hospital Stay,1485.44
7569,264,Physical Examination,630.20
7570,385,Medication Charge,1462.18
7571,299,ECG,904.18
7572,288,ECG,1656.58
7573,456,CT Scan,690.76
7574,364,Medication Charge,729.63
7575,267,X-Ray,1893.62
7576,380,MRI Scan,1693.04
7577,27,X-Ray,329.75
7578,226,Medication Charge,952.38
7579,276,Medication Charge,1337.65
7580,340,MRI Scan,1649.00
7581,154,Physical Examination,1103.87
7582,328,Medication Charge,1819.24
7583,232,MRI Scan,951.14
7584,475,ECG,1513.69
7585,271,Hospital Stay,1836.01
7586,135,ECG,1631.23
7587,405,Hospital Stay,1599.87
7588,106,Ultrasound,1017.86
7589,448,X-Ray,1069.99
7590,201,Physical Examination,254.38
7591,94,Consultation,1294.48
7592,108,Physical Examination,1030.42
7593,386,Ultrasound,1705.40
7594,59,MRI Scan,1177.34
7595,313,CT Scan,1676.87
7596,41,Hospital Stay,1893.26
7597,173,Medication Charge,72.15
7598,421,Blood Test,1488.88
7599,317,Medication Charge,1279.04
7600,86,MRI Scan,918.33
7601,296,Blood Test,772.29
7602,76,Physical Examination,1729.81
7603,474,Ultrasound,1191.14
7604,114,ECG,224.39
7605,425,ECG,1501.80
7606,276,Blood Test,1521.36
7607,238,Blood Test,1549.16
7608,343,ECG,430.56
7609,345,Ultrasound,88.95
7610,382,MRI Scan,287.63
7611,124,Medication Charge,205.65
7612,128,Physical Examination,295.02
7613,294,CT Scan,649.38
7614,331,ECG,731.65
7615,125,Ultrasound,132.41
7616,31,Physical Examination,689.78
7617,274,MRI Scan,1718.39
7618,368,MRI Scan,133.30
7619,168,Blood Test,1764.67
7620,154,Consultation,1443.54
7621,106,Ultrasound,185.87
7622,176,Physical Examination,1017.57
7623,195,Ultrasound,322.73
7624,226,MRI Scan,473.21
7625,179,Physical Examination,1455.22
7626,206,Medication Charge,528.42
7627,181,Consultation,1607.03
7628,31,Blood Test,1271.93
7629,279,ECG,1952.08
7630,385,Ultrasound,226.18
7631,325,Hospital Stay,928.21
7632,127,MRI Scan,1318.79
7633,441,Ultrasound,1649.80
7634,123,Medication Charge,1000.32
7635,96,ECG,726.10
7636,450,MRI Scan,247.46
7637,149,Consultation,816.13
7638,348,Medication Charge,133.05
7639,69,Physical Examination,1826.48
7640,242,CT Scan,404.34
7641,15,X-Ray,1112.17
7642,216,Ultrasound,849.23
7643,176,Consultation,625.22
7644,267,MRI Scan,786.54
7645,131,Hospital Stay,183.94
7646,361,Ultrasound,199.26
7647,458,MRI Scan,1265.73
7648,357,CT Scan,1919.85
7649,166,Consultation,702.79
7650,447,Hospital Stay,848.71
7651,136,Blood Test,1951.86
7652,494,MRI Scan,123.07
7653,343,Physical Examination,1116.38
7654,70,CT Scan,1961.25
7655,5,Hospital Stay,328.28
7656,215,Consultation,873.33
7657,479,Physical Examination,1751.11
7658,135,Hospital Stay,1369.04
7659,233,MRI Scan,1081.29
7660,297,Consultation,1204.36
7661,407,Consultation,1856.80
7662,295,Ultrasound,1171.51
7663,23,Ultrasound,1015.83
7664,134,Medication Charge,1272.06
7665,355,Blood Test,1160.85
7666,89,Physical Examination,1096.33
7667,440,Hospital Stay,1880.04
7668,261,CT Scan,1542.26
7669,447,ECG,1521.08
7670,180,MRI Scan,1718.57
7671,122,ECG,1098.39
7672,458,CT Scan,314.78
7673,252,MRI Scan,934.35
7674,455,Consultation,91.48
7675,496,Ultrasound,1621.79
7676,492,Physical Examination,1970.98
7677,404,MRI Scan,1527.24
7678,430,Hospital Stay,1562.54
7679,393,Blood Test,446.04
7680,485,Consultation,1201.76
7681,390,Physical Examination,1807.23
7682,260,CT Scan,450.82
7683,241,CT Scan,1321.20
7684,184,Physical Examination,483.77
7685,120,Consultation,839.17
7686,390,CT Scan,926.54
7687,425,Hospital Stay,233.87
7688,368,Blood Test,1229.83
7689,319,MRI Scan,1887.06
7690,179,Consultation,1049.67
7691,327,Ultrasound,1940.18
7692,96,Physical Examination,299.05
7693,69,ECG,565.79
7694,86,Blood Test,1851.47
7695,35,X-Ray,1731.60
7696,120,MRI Scan,1241.87
7697,371,ECG,927.91
7698,69,Blood Test,573.64
7699,144,MRI Scan,88.38
7700,363,CT Scan,1394.46
7701,430,Hospital Stay,244.42
7702,111,X-Ray,577.91
7703,400,Consultation,1688.37
7704,330,MRI Scan,166.02
7705,248,Medication Charge,653.65
7706,489,X-Ray,331.19
7707,142,Physical Examination,1906.63
7708,15,Medication Charge,1473.87
7709,286,CT Scan,344.50
7710,200,Hospital Stay,1737.82
7711,295,Ultrasound,449.14
7712,91,ECG,202.35
7713,254,Hospital Stay,1597.23
7714,95,Hospital Stay,77.28
7715,427,Consultation,386.16
7716,52,MRI Scan,1090.46
7717,319,Blood Test,119.12
7718,157,Ultrasound,1075.39
7719,51,Ultrasound,469.47
7720,244,Blood Test,341.15
7721,205,CT Scan,1404.19
7722,87,Blood Test,1871.79
7723,78,Blood Test,112.01
7724,172,Consultation,812.30
7725,411,Ultrasound,1456.81
7726,36,Medication Charge,752.76
7727,210,Physical Examination,1187.62
7728,6,ECG,956.45
7729,310,ECG,108.55
7730,50,CT Scan,524.62
7731,171,Medication Charge,1933.11
7732,14,CT Scan,471.57
7733,237,MRI Scan,419.54
7734,399,Blood Test,1325.98
7735,88,X-Ray,232.37
7736,105,Physical Examination,1635.34
7737,290,Blood Test,1499.33
7738,242,MRI Scan,1327.42
7739,254,X-Ray,411.99
7740,13,Hospital Stay,666.62
7741,473,Hospital Stay,1499.79
7742,406,MRI Scan,1997.65
7743,57,Medication Charge,376.01
7744,414,MRI Scan,974.22
7745,4,CT Scan,550.83
7746,126,Ultrasound,154.90
7747,75,Consultation,1531.17
7748,151,X-Ray,408.15
7749,74,MRI Scan,1313.49
7750,8,X-Ray,717.53
7751,110,Medication Charge,576.26
7752,43,X-Ray,1910.98
7753,468,Blood Test,1187.52
7754,157,CT Scan,1605.78
7755,243,X-Ray,782.86
7756,12,Consultation,1365.09
7757,216,ECG,665.82
7758,116,X-Ray,967.13
7759,41,CT Scan,1225.22
7760,154,Physical Examination,97.01
7761,497,X-Ray,577.18
7762,177,ECG,1189.47
7763,180,MRI Scan,795.42
7764,68,MRI Scan,257.29
7765,342,MRI Scan,673.35
7766,477,Physical Examination,1183.81
7767,431,MRI Scan,382.92
7768,221,Physical Examination,1767.64
7769,388,Hospital Stay,1478.39
7770,411,Physical Examination,1775.55
7771,131,CT Scan,1134.21
7772,406,Physical Examination,1365.21
7773,65,Consultation,954.04
7774,31,Blood Test,1025.39
7775,138,Hospital Stay,939.56
7776,13,Physical Examination,1510.94
7777,225,Physical Examination,1954.02
7778,290,MRI Scan,1165.18
7779,252,Hospital Stay,1258.44
7780,291,X-Ray,217.22
7781,154,Blood Test,148.19
7782,293,Physical Examination,1869.92
7783,394,Consultation,816.42
7784,493,X-Ray,1675.53
7785,403,ECG,1960.31
7786,143,Physical Examination,574.58
7787,224,Hospital Stay,925.64
7788,487,Blood Test,1033.13
7789,61,Consultation,1169.46
7790,271,Ultrasound,671.19
7791,222,X-Ray,338.67
7792,439,Blood Test,377.94
7793,86,Consultation,1499.79
7794,252,X-Ray,1739.13
7795,184,ECG,52.91
7796,107,Consultation,53.86
7797,11,Blood Test,1119.66
7798,193,Consultation,1596.89
7799,381,Ultrasound,934.20
7800,304,MRI Scan,1243.76
7801,2,Physical Examination,1066.13
7802,394,Medication Charge,1998.58
7803,63,Hospital Stay,282.27
7804,409,Blood Test,95.13
7805,489,MRI Scan,799.74
7806,386,X-Ray,1649.78
7807,72,CT Scan,443.01
7808,234,Medication Charge,1362.85
7809,484,Medication Charge,1467.17
7810,379,Medication Charge,137.22
7811,5,Physical Examination,1600.56
7812,173,Hospital Stay,1109.49
7813,432,MRI Scan,1888.47
7814,444,Physical Examination,879.25
7815,133,Ultrasound,527.64
7816,26,Blood Test,1846.65
7817,418,Medication Charge,1054.35
7818,351,Consultation,535.63
7819,61,MRI Scan,1459.87
7820,126,CT Scan,210.84
7821,50,Physical Examination,1770.64
7822,163,MRI Scan,1341.20
7823,285,ECG,1403.89
7824,169,Physical Examination,325.97
7825,294,Hospital Stay,342.66
7826,10,Consultation,1290.05
7827,413,Blood Test,183.41
7828,105,ECG,1537.15
7829,143,Ultrasound,851.68
7830,229,ECG,781.37
7831,295,Medication Charge,1214.60
7832,146,Medication Charge,1786.61
7833,140,Ultrasound,892.29
7834,76,Blood Test,236.21
7835,282,X-Ray,570.64
7836,330,Blood Test,1629.72
7837,362,Physical Examination,1824.99
7838,353,Physical Examination,346.80
7839,71,Consultation,1051.01
7840,306,Hospital Stay,1937.88
7841,77,Ultrasound,324.44
7842,272,ECG,1026.55
7843,36,CT Scan,561.06
7844,167,X-Ray,961.76
7845,405,ECG,1292.49
7846,99,Ultrasound,657.57
7847,487,Consultation,721.66
7848,233,Blood Test,66.42
7849,45,X-Ray,1258.52
7850,396,Physical Examination,1903.31
7851,283,ECG,259.01
7852,60,Ultrasound,1879.62
7853,322,X-Ray,1583.29
7854,499,ECG,724.61
7855,10,Hospital Stay,1347.84
7856,457,Ultrasound,273.12
7857,17,Blood Test,956.06
7858,89,Consultation,157.99
7859,219,Ultrasound,95.89
7860,44,X-Ray,1145.04
7861,268,X-Ray,943.65
7862,16,MRI Scan,1460.64
7863,382,X-Ray,440.98
7864,463,X-Ray,1157.21
7865,474,Ultrasound,183.86
7866,46,X-Ray,107.26
7867,464,Hospital Stay,1895.68
7868,367,ECG,72.48
7869,377,Ultrasound,898.69
7870,167,Consultation,1913.65
7871,396,Hospital Stay,658.51
7872,372,Blood Test,1942.76
7873,157,X-Ray,1792.98
7874,226,Ultrasound,1975.77
7875,437,Hospital Stay,796.50
7876,495,Blood Test,258.79
7877,46,ECG,511.37
7878,188,CT Scan,1452.40
7879,409,Consultation,1929.88
7880,159,CT Scan,1698.42
7881,133,Consultation,731.96
7882,493,Ultrasound,211.99
7883,210,Physical Examination,379.70
7884,482,ECG,1525.88
7885,384,X-Ray,1660.80
7886,343,X-Ray,818.77
7887,2,Physical Examination,814.37
7888,215,Ultrasound,1873.15
7889,478,Ultrasound,1907.77
7890,439,X-Ray,588.32
7891,40,Medication Charge,1764.68
7892,453,Ultrasound,1711.99
7893,227,Physical Examination,1719.71
7894,139,Medication Charge,622.23
7895,240,MRI Scan,1341.66
7896,297,Blood Test,1296.27
7897,186,Blood Test,121.17
7898,500,MRI Scan,1622.24
7899,156,Physical Examination,1152.97
7900,155,X-Ray,294.83
7901,161,Hospital Stay,1632.81
7902,158,Blood Test,649.12
7903,215,Ultrasound,1117.98
7904,486,MRI Scan,344.09
7905,173,Ultrasound,1694.78
7906,310,ECG,369.07
7907,132,Medication Charge,1582.03
7908,9,Ultrasound,1336.85
7909,142,Hospital Stay,1303.50
7910,46,MRI Scan,247.10
7911,364,Medication Charge,1011.46
7912,101,Physical Examination,1123.34
7913,272,X-Ray,954.02
7914,2,Ultrasound,505.33
7915,116,ECG,1370.48
7916,404,Hospital Stay,1025.86
7917,443,Physical Examination,1622.27
7918,371,MRI Scan,1080.06
7919,142,Medication Charge,1612.67
7920,275,Blood Test,1986.49
7921,208,Hospital Stay,1739.03
7922,10,ECG,1701.15
7923,419,MRI Scan,1986.28
7924,94,MRI Scan,363.95
7925,450,ECG,656.45
7926,337,Hospital Stay,210.41
7927,372,X-Ray,531.91
7928,16,MRI Scan,1431.05
7929,27,Hospital Stay,1242.04
7930,487,Physical Examination,876.57
7931,422,Consultation,1018.51
7932,52,Physical Examination,800.85
7933,30,Consultation,368.15
7934,358,Consultation,254.82
7935,229,Physical Examination,1664.74
7936,319,Medication Charge,1829.22
7937,26,MRI Scan,224.46
7938,142,Blood Test,1879.80
7939,108,Hospital Stay,1842.02
7940,244,MRI Scan,519.37
7941,385,CT Scan,1507.70
7942,302,CT Scan,1535.76
7943,285,Ultrasound,138.90
7944,384,MRI Scan,1775.02
7945,388,Ultrasound,1774.01
7946,80,ECG,1383.30
7947,316,Blood Test,1457.43
7948,133,MRI Scan,1184.58
7949,146,CT Scan,1651.88
7950,169,ECG,1846.47
7951,322,MRI Scan,200.23
7952,491,CT Scan,714.42
7953,173,Physical Examination,373.01
7954,62,Blood Test,971.47
7955,86,Physical Examination,1080.54
7956,445,CT Scan,1069.04
7957,2,CT Scan,318.32
7958,240,Medication Charge,1532.88
7959,367,Consultation,962.50
7960,485,Ultrasound,256.28
7961,15,Physical Examination,1396.01
7962,57,Medication Charge,966.46
7963,428,X-Ray,303.07
7964,104,Medication Charge,1764.27
7965,302,Ultrasound,540.06
7966,252,MRI Scan,1094.17
7967,249,ECG,1683.13
7968,21,CT Scan,1762.70
7969,287,MRI Scan,1804.36
7970,4,X-Ray,1606.62
7971,281,Blood Test,1363.79
7972,367,Physical Examination,764.36
7973,181,CT Scan,1740.91
7974,257,Blood Test,78.72
7975,334,Hospital Stay,1354.80
7976,151,Consultation,1606.88
7977,70,Consultation,1758.86
7978,494,X-Ray,366.43
7979,423,MRI Scan,811.87
7980,20,Ultrasound,1224.81
7981,391,Ultrasound,1125.40
7982,434,CT Scan,556.18
7983,342,CT Scan,88.85
7984,411,CT Scan,1380.37
7985,183,MRI Scan,902.01
7986,354,MRI Scan,529.52
7987,436,ECG,1409.11
7988,482,X-Ray,224.41
7989,29,MRI Scan,1685.52
7990,459,Hospital Stay,1655.73
7991,199,MRI Scan,58.60
7992,476,Blood Test,474.29
7993,187,Blood Test,1959.49
7994,489,Physical Examination,1545.35
7995,458,X-Ray,600.04
7996,109,MRI Scan,1259.01
7997,444,Consultation,1176.88
7998,148,Physical Examination,1717.79
7999,258,MRI Scan,479.76
8000,6,Hospital Stay,1830.11
8001,379,Ultrasound,1221.34
8002,415,MRI Scan,1637.39
8003,162,Consultation,141.36
8004,52,ECG,1827.60
8005,194,CT Scan,1453.41
8006,391,Physical Examination,1978.87
8007,358,Hospital Stay,838.35
8008,407,Consultation,500.62
8009,445,Medication Charge,1731.88
8010,120,Hospital Stay,1122.40
8011,48,Blood Test,685.41
8012,420,MRI Scan,1766.91
8013,142,CT Scan,870.19
8014,394,X-Ray,1006.64
8015,420,Medication Charge,1585.11
8016,439,MRI Scan,674.11
8017,127,Physical Examination,707.07
8018,382,MRI Scan,316.79
8019,395,MRI Scan,1816.37
8020,465,CT Scan,692.56
8021,51,X-Ray,506.71
8022,191,Medication Charge,1020.61
8023,51,ECG,756.45
8024,80,Ultrasound,1715.46
8025,328,Blood Test,1536.73
8026,416,Medication Charge,950.63
8027,117,Ultrasound,86.78
8028,152,Hospital Stay,898.51
8029,378,ECG,1554.82
8030,217,CT Scan,963.70
8031,19,ECG,176.08
8032,53,Blood Test,948.35
8033,32,Physical Examination,954.50
8034,186,Ultrasound,1620.74
8035,387,CT Scan,1086.54
8036,329,Consultation,988.25
8037,371,Blood Test,472.20
8038,250,ECG,648.45
8039,117,Physical Examination,81.09
8040,96,CT Scan,628.19
8041,38,Hospital Stay,1031.35
8042,167,CT Scan,1359.85
8043,197,Blood Test,365.90
8044,89,ECG,556.14
8045,385,Ultrasound,1386.24
8046,207,X-Ray,1792.33
8047,96,Physical Examination,1056.58
8048,154,Blood Test,924.96
8049,220,Hospital Stay,315.41
8050,229,Ultrasound,1382.23
8051,74,CT Scan,1893.91
8052,441,Consultation,1889.00
8053,107,Physical Examination,1935.45
8054,206,CT Scan,864.26
8055,71,ECG,1227.30
8056,112,Physical Examination,890.91
8057,259,CT Scan,1234.39
8058,209,Blood Test,1604.80
8059,265,Physical Examination,1987.61
8060,303,Consultation,393.91
8061,356,ECG,1571.34
8062,399,Consultation,556.43
8063,178,Blood Test,1390.24
8064,484,Medication Charge,1555.41
8065,243,Consultation,1176.54
8066,381,MRI Scan,1916.14
8067,168,Medication Charge,1714.82
8068,220,Hospital Stay,1564.20
8069,161,Consultation,1379.53
8070,378,ECG,852.41
8071,30,CT Scan,1025.37
8072,452,CT Scan,1024.63
8073,174,ECG,546.65
8074,224,MRI Scan,1194.06
8075,442,Blood Test,520.42
8076,401,Physical Examination,556.36
8077,433,X-Ray,979.87
8078,441,Ultrasound,1511.68
8079,67,CT Scan,1470.85
8080,93,Blood Test,1427.02
8081,90,X-Ray,990.18
8082,55,MRI Scan,1680.04
8083,426,ECG,1319.94
8084,251,Ultrasound,1233.16
8085,496,CT Scan,257.89
8086,85,Blood Test,1569.90
8087,81,Medication Charge,1771.93
8088,191,MRI Scan,613.45
8089,429,Physical Examination,838.09
8090,284,Consultation,113.14
8091,90,MRI Scan,1679.31
8092,490,Medication Charge,65.33
8093,300,X-Ray,415.00
8094,461,X-Ray,1506.41
8095,493,Medication Charge,1599.69
8096,8,MRI Scan,1993.92
8097,456,Hospital Stay,409.55
8098,204,Hospital Stay,1016.14
8099,40,Blood Test,873.49
8100,13,MRI Scan,928.63
8101,453,Blood Test,1847.10
8102,413,MRI Scan,830.12
8103,100,CT Scan,1779.83
8104,21,ECG,1386.24
8105,482,Blood Test,617.85
8106,102,Consultation,410.26
8107,428,CT Scan,407.90
8108,470,Hospital Stay,784.63
8109,115,MRI Scan,1732.90
8110,226,X-Ray,1148.24
8111,401,CT Scan,894.80
8112,124,Physical Examination,60.39
8113,114,Medication Charge,113.40
8114,204,ECG,557.21
8115,81,ECG,1250.78
8116,314,Physical Examination,683.85
8117,358,Medication Charge,477.02
8118,310,Consultation,298.08
8119,359,X-Ray,1983.05
8120,253,X-Ray,1104.79
8121,45,X-Ray,1794.87
8122,61,Ultrasound,483.31
8123,334,Blood Test,632.01
8124,396,Medication Charge,1643.35
8125,31,X-Ray,1669.37
8126,368,Ultrasound,932.50
8127,331,ECG,1656.92
8128,233,X-Ray,1128.28
8129,156,ECG,1955.60
8130,302,CT Scan,566.31
8131,384,Medication Charge,778.59
8132,232,Blood Test,1036.05
8133,280,Ultrasound,637.64
8134,2,Ultrasound,1508.96
8135,187,Ultrasound,1700.65
8136,12,X-Ray,136.96
8137,6,MRI Scan,1151.84
8138,432,X-Ray,1210.29
8139,85,X-Ray,1554.71
8140,463,ECG,1564.43
8141,484,Hospital Stay,1770.13
8142,122,Medication Charge,113.52
8143,133,Physical Examination,1166.22
8144,18,Medication Charge,489.08
8145,461,X-Ray,729.57
8146,99,Consultation,452.27
8147,4,X-Ray,527.12
8148,35,Blood Test,350.23
8149,192,ECG,720.90
8150,499,Blood Test,271.37
8151,453,Consultation,1979.16
8152,146,ECG,1602.62
8153,350,Blood Test,490.77
8154,208,Medication Charge,1033.37
8155,284,Physical Examination,605.43
8156,402,Consultation,1266.37
8157,387,Consultation,425.86
8158,84,Hospital Stay,1707.11
8159,202,X-Ray,1204.59
8160,68,Blood Test,1633.10
8161,14,ECG,1150.44
8162,380,Physical Examination,1999.65
8163,119,MRI Scan,296.33
8164,495,Hospital Stay,1517.68
8165,47,X-Ray,1765.42
8166,30,CT Scan,1571.15
8167,385,Medication Charge,816.00
8168,465,Medication Charge,1222.23
8169,69,Blood Test,279.91
8170,125,CT Scan,832.90
8171,39,CT Scan,946.58
8172,302,ECG,591.82
8173,34,Blood Test,798.67
8174,305,Hospital Stay,1299.79
8175,290,Consultation,1808.29
8176,176,Medication Charge,1972.67
8177,51,Medication Charge,308.26
8178,203,CT Scan,198.23
8179,118,MRI Scan,989.15
8180,119,Ultrasound,299.81
8181,217,Hospital Stay,973.23
8182,78,Physical Examination,1277.63
8183,205,Hospital Stay,797.04
8184,460,X-Ray,1417.38
8185,456,Medication Charge,880.16
8186,230,Consultation,101.58
8187,293,Medication Charge,358.76
8188,380,Physical Examination,1809.65
8189,162,X-Ray,577.44
8190,98,X-Ray,1425.04
8191,33,ECG,1397.61
8192,441,ECG,741.52
8193,163,MRI Scan,578.27
8194,369,X-Ray,245.72
8195,328,MRI Scan,634.05
8196,342,Blood Test,1058.98
8197,227,CT Scan,1838.78
8198,237,X-Ray,558.81
8199,310,X-Ray,780.01
8200,380,Hospital Stay,1726.94
8201,79,MRI Scan,1028.35
8202,121,Hospital Stay,1275.15
8203,346,ECG,1415.80
8204,277,MRI Scan,1201.87
8205,377,Blood Test,639.90
8206,278,CT Scan,1010.64
8207,221,CT Scan,1286.39
8208,425,Medication Charge,436.63
8209,107,Consultation,1527.23
8210,302,Medication Charge,1973.05
8211,221,ECG,235.79
8212,447,Medication Charge,1888.37
8213,85,ECG,961.18
8214,278,Hospital Stay,1922.07
8215,141,Blood Test,1772.67
8216,171,Physical Examination,1581.94
8217,184,Physical Examination,1084.29
8218,425,Physical Examination,385.00
8219,397,ECG,1413.97
8220,364,CT Scan,313.20
8221,404,X-Ray,85.08
8222,261,Hospital Stay,825.90
8223,65,Medication Charge,1568.89
8224,186,Hospital Stay,1851.76
8225,442,ECG,1487.37
8226,42,Medication Charge,813.99
8227,285,X-Ray,386.60
8228,446,ECG,66.81
8229,55,Physical Examination,407.53
8230,374,Ultrasound,377.61
8231,453,Hospital Stay,922.08
8232,283,Ultrasound,417.97
8233,390,Hospital Stay,1767.58
8234,331,Blood Test,226.75
8235,485,X-Ray,1596.19
8236,126,Hospital Stay,220.02
8237,292,Medication Charge,391.26
8238,6,Blood Test,1230.69
8239,336,Ultrasound,819.12
8240,426,CT Scan,127.53
8241,210,Ultrasound,50.48
8242,471,ECG,1664.66
8243,27,Medication Charge,754.55
8244,100,X-Ray,180.17
8245,429,Hospital Stay,1311.68
8246,10,Consultation,1248.32
8247,26,MRI Scan,1171.10
8248,126,ECG,1537.88
8249,276,Medication Charge,396.39
8250,83,Hospital Stay,1680.89
8251,48,MRI Scan,1901.79
8252,114,Ultrasound,1711.75
8253,356,Blood Test,868.75
8254,11,Physical Examination,329.95
8255,249,Blood Test,674.72
8256,144,Ultrasound,266.25
8257,351,Ultrasound,1670.36
8258,29,CT Scan,1952.45
8259,446,X-Ray,812.30
8260,112,Physical Examination,1440.80
8261,182,Blood Test,78.71
8262,167,Consultation,952.91
8263,103,Hospital Stay,876.14
8264,228,Ultrasound,1335.12
8265,439,Consultation,1362.93
8266,106,Consultation,1583.68
8267,59,Blood Test,1303.68
8268,406,Medication Charge,555.00
8269,365,MRI Scan,1931.75
8270,154,X-Ray,1880.45
8271,367,MRI Scan,808.72
8272,142,Hospital Stay,276.79
8273,384,Consultation,946.55
8274,238,CT Scan,1334.06
8275,199,Physical Examination,755.92
8276,487,Ultrasound,1793.88
8277,386,Blood Test,872.88
8278,355,Consultation,1590.58
8279,310,Hospital Stay,401.12
8280,500,Blood Test,1646.64
8281,451,Ultrasound,1627.26
8282,243,ECG,1723.78
8283,52,Physical Examination,1123.43
8284,11,MRI Scan,1679.99
8285,254,Medication Charge,1250.22
8286,97,X-Ray,634.57
8287,94,Blood Test,1770.30
8288,147,Physical Examination,477.43
8289,158,Hospital Stay,1554.42
8290,40,CT Scan,378.03
8291,138,ECG,885.38
8292,172,Consultation,1026.92
8293,200,Medication Charge,548.28
8294,292,Blood Test,372.74
8295,448,Hospital Stay,1556.79
8296,190,Consultation,788.08
8297,390,X-Ray,865.14
8298,291,Blood Test,597.70
8299,240,X-Ray,435.83
8300,223,Hospital Stay,173.28
8301,7,Blood Test,1211.46
8302,117,Physical Examination,1755.07
8303,321,ECG,989.33
8304,484,Hospital Stay,390.04
8305,201,Hospital Stay,507.19
8306,400,Medication Charge,1226.64
8307,428,Blood Test,1184.02
8308,113,CT Scan,1090.58
8309,135,Ultrasound,147.33
8310,251,Ultrasound,1487.23
8311,151,Consultation,938.44
8312,490,Physical Examination,560.75
8313,109,CT Scan,149.90
8314,373,Ultrasound,210.59
8315,386,CT Scan,1694.32
8316,494,ECG,1763.02
8317,132,Ultrasound,1705.71
8318,68,Ultrasound,1522.29
8319,207,Physical Examination,1853.00
8320,462,MRI Scan,767.10
8321,153,MRI Scan,1062.96
8322,419,Physical Examination,1505.76
8323,293,Blood Test,1879.85
8324,77,CT Scan,976.99
8325,357,X-Ray,1174.89
8326,57,Blood Test,1565.29
8327,158,ECG,129.97
8328,233,Physical Examination,800.86
8329,149,Consultation,758.51
8330,386,Ultrasound,114.87
8331,461,Blood Test,494.39
8332,127,CT Scan,570.67
8333,218,Medication Charge,1042.93
8334,109,Blood Test,822.90
8335,331,CT Scan,1348.45
8336,12,Ultrasound,968.46
8337,406,MRI Scan,1118.59
8338,70,X-Ray,1483.05
8339,216,Ultrasound,1781.31
8340,244,Medication Charge,1302.63
8341,398,MRI Scan,1247.90
8342,395,Physical Examination,931.64
8343,332,Physical Examination,890.27
8344,112,Physical Examination,1531.86
8345,347,Medication Charge,1626.26
8346,24,Ultrasound,967.92
8347,106,Medication Charge,858.68
8348,156,X-Ray,1407.93
8349,356,Medication Charge,1743.49
8350,258,CT Scan,1975.45
8351,13,ECG,1607.70
8352,327,ECG,1703.91
8353,433,Hospital Stay,1163.45
8354,72,MRI Scan,1404.22
8355,31,Hospital Stay,1313.43
8356,288,Ultrasound,1541.74
8357,392,MRI Scan,1112.88
8358,206,CT Scan,107.99
8359,201,Consultation,414.30
8360,32,MRI Scan,834.33
8361,84,Medication Charge,1865.32
8362,347,Blood Test,975.40
8363,484,Medication Charge,1183.64
8364,393,Physical Examination,1686.65
8365,42,Medication Charge,1641.98
8366,477,X-Ray,1006.55
8367,288,X-Ray,866.43
8368,166,Consultation,1556.60
8369,120,CT Scan,226.35
8370,378,Blood Test,1091.09
8371,422,Hospital Stay,1240.95
8372,88,Ultrasound,1195.26
8373,81,Blood Test,452.18
8374,357,Medication Charge,1094.35
8375,489,Consultation,1946.33
8376,45,Consultation,1917.40
8377,155,Medication Charge,1400.04
8378,58,Hospital Stay,749.65
8379,290,Medication Charge,1957.87
8380,231,Blood Test,1988.07
8381,307,X-Ray,173.84
8382,175,Physical Examination,906.42
8383,2,ECG,554.00
8384,311,Physical Examination,366.69
8385,140,Consultation,1144.75
8386,263,Hospital Stay,1334.44
8387,126,Blood Test,1409.88
8388,401,MRI Scan,958.52
8389,276,MRI Scan,857.86
8390,258,Blood Test,803.41
8391,193,Hospital Stay,1343.48
8392,348,MRI Scan,720.29
8393,331,Physical Examination,1180.80
8394,387,Blood Test,250.76
8395,334,Hospital Stay,1770.84
8396,298,X-Ray,1807.44
8397,335,Physical Examination,231.65
8398,1,Consultation,1881.99
8399,397,Blood Test,273.15
8400,28,Medication Charge,1955.79
8401,212,Hospital Stay,132.94
8402,451,Blood Test,446.99
8403,263,Physical Examination,111.32
8404,328,MRI Scan,935.81
8405,206,X-Ray,1080.95
8406,308,Ultrasound,1123.02
8407,334,Hospital Stay,1674.20
8408,432,Physical Examination,686.19
8409,485,Blood Test,1338.00
8410,10,CT Scan,337.25
8411,260,Medication Charge,1933.58
8412,488,Medication Charge,408.51
8413,332,CT Scan,1281.12
8414,46,MRI Scan,866.95
8415,2,Ultrasound,1877.27
8416,351,MRI Scan,1452.50
8417,453,Ultrasound,1724.23
8418,88,CT Scan,841.98
8419,68,Blood Test,1137.07
8420,272,X-Ray,1689.31
8421,123,Medication Charge,284.09
8422,30,X-Ray,1988.82
8423,216,Consultation,1361.41
8424,452,Hospital Stay,597.19
8425,112,ECG,1615.98
8426,196,X-Ray,1301.75
8427,172,Physical Examination,1376.91
8428,449,CT Scan,1804.98
8429,42,X-Ray,71.36
8430,383,Hospital Stay,1630.49
8431,477,X-Ray,631.60
8432,337,ECG,469.15
8433,306,Blood Test,1191.86
8434,481,X-Ray,1915.81
8435,235,ECG,534.86
8436,94,Physical Examination,1823.47
8437,292,CT Scan,839.88
8438,418,Blood Test,537.35
8439,193,CT Scan,51.50
8440,471,Hospital Stay,522.45
8441,163,X-Ray,1696.70
8442,457,Hospital Stay,131.96
8443,182,Consultation,1411.88
8444,218,Hospital Stay,1027.40
8445,41,Physical Examination,1639.55
8446,405,ECG,1568.82
8447,143,Blood Test,1943.25
8448,448,Ultrasound,1662.78
8449,140,Physical Examination,1116.23
8450,61,ECG,1754.84
8451,292,CT Scan,1996.25
8452,128,Physical Examination,770.41
8453,481,Ultrasound,851.67
8454,102,X-Ray,500.10
8455,20,Ultrasound,836.30
8456,238,Medication Charge,1562.15
8457,497,Physical Examination,845.12
8458,300,MRI Scan,302.23
8459,298,Hospital Stay,1155.55
8460,249,X-Ray,313.03
8461,26,Hospital Stay,412.69
8462,269,Ultrasound,409.81
8463,493,Ultrasound,1149.17
8464,66,Blood Test,798.47
8465,204,MRI Scan,1934.67
8466,486,Medication Charge,1187.64
8467,91,Consultation,1790.45
8468,194,Medication Charge,1971.27
8469,466,Medication Charge,1331.74
8470,80,Medication Charge,1833.89
8471,309,Physical Examination,533.50
8472,165,Physical Examination,1482.87
8473,443,Ultrasound,1134.16
8474,238,CT Scan,929.33
8475,96,ECG,1836.91
8476,223,Blood Test,637.16
8477,127,Hospital Stay,1074.12
8478,26,Physical Examination,1897.68
8479,414,Hospital Stay,1795.66
8480,417,Consultation,236.51
8481,103,Medication Charge,1079.37
8482,98,Medication Charge,215.04
8483,65,Ultrasound,69.19
8484,3,MRI Scan,614.71
8485,26,CT Scan,1863.40
8486,76,Medication Charge,1462.53
8487,484,MRI Scan,1915.34
8488,157,Consultation,1713.17
8489,446,Hospital Stay,1475.62
8490,289,MRI Scan,474.57
8491,61,Blood Test,448.04
8492,416,Medication Charge,1016.63
8493,78,Physical Examination,966.65
8494,17,Medication Charge,1245.15
8495,223,ECG,1674.01
8496,197,Hospital Stay,361.55
8497,403,X-Ray,628.86
8498,6,ECG,1261.12
8499,364,X-Ray,158.44
8500,94,Consultation,706.83
8501,119,Blood Test,1161.94
8502,249,Ultrasound,884.81
8503,483,MRI Scan,1263.65
8504,134,Physical Examination,1816.20
8505,206,X-Ray,1834.98
8506,292,Physical Examination,1846.37
8507,419,Blood Test,1315.62
8508,439,ECG,834.48
8509,68,Blood Test,216.09
8510,338,ECG,529.71
8511,479,Blood Test,924.71
8512,210,Ultrasound,245.98
8513,270,Ultrasound,1165.15
8514,246,X-Ray,1527.51
8515,334,Hospital Stay,1706.67
8516,4,Hospital Stay,533.42
8517,481,Hospital Stay,1006.97
8518,62,X-Ray,670.08
8519,494,MRI Scan,1330.46
8520,247,Medication Charge,665.71
8521,208,MRI Scan,74.83
8522,255,CT Scan,1016.94
8523,329,X-Ray,192.89
8524,497,ECG,171.11
8525,215,MRI Scan,1527.26
8526,391,X-Ray,1933.70
8527,76,ECG,1674.99
8528,382,Medication Charge,1215.36
8529,37,Medication Charge,436.64
8530,248,Consultation,459.44
8531,21,Consultation,631.63
8532,95,Hospital Stay,1710.98
8533,159,Hospital Stay,1700.93
8534,147,Physical Examination,1237.42
8535,400,Hospital Stay,1012.10
8536,14,CT Scan,1512.10
8537,274,Ultrasound,1738.70
8538,397,Consultation,664.67
8539,34,Blood Test,1399.07
8540,241,Ultrasound,676.64
8541,399,Medication Charge,189.02
8542,242,Blood Test,1956.04
8543,353,Physical Examination,1714.00
8544,500,ECG,225.17
8545,356,Consultation,1923.98
8546,86,Physical Examination,1206.52
8547,41,Hospital Stay,735.77
8548,99,Hospital Stay,122.23
8549,417,MRI Scan,1138.77
8550,182,Physical Examination,52.84
8551,178,Physical Examination,1496.88
8552,374,MRI Scan,675.87
8553,428,CT Scan,558.12
8554,368,Medication Charge,815.18
8555,188,Consultation,1224.44
8556,60,Ultrasound,141.44
8557,252,CT Scan,55.25
8558,146,Blood Test,1196.27
8559,457,Blood Test,1447.81
8560,164,Hospital Stay,278.60
8561,142,Blood Test,1989.20
8562,128,Medication Charge,1850.08
8563,365,Physical Examination,341.74
8564,42,Physical Examination,97.06
8565,108,Medication Charge,796.11
8566,394,X-Ray,1546.00
8567,379,Blood Test,515.17
8568,191,Physical Examination,1131.63
8569,351,Hospital Stay,1275.27
8570,356,Blood Test,1337.14
8571,274,Physical Examination,74.27
8572,201,ECG,357.02
8573,358,ECG,226.56
8574,462,Ultrasound,600.84
8575,224,Medication Charge,452.96
8576,105,Consultation,717.96
8577,214,X-Ray,440.17
8578,478,Consultation,1229.56
8579,240,Hospital Stay,564.11
8580,11,Physical Examination,1820.37
8581,461,Blood Test,1536.07
8582,431,Ultrasound,1000.39
8583,259,Medication Charge,1138.86
8584,497,Blood Test,1213.33
8585,22,MRI Scan,1219.00
8586,315,MRI Scan,1104.66
8587,371,Hospital Stay,1738.02
8588,41,MRI Scan,439.40
8589,439,X-Ray,1630.98
8590,194,MRI Scan,237.68
8591,276,Hospital Stay,1129.41
8592,288,Blood Test,718.67
8593,410,Ultrasound,519.89
8594,337,MRI Scan,267.30
8595,336,Ultrasound,113.08
8596,233,X-Ray,336.14
8597,161,Consultation,1221.21
8598,241,Blood Test,978.30
8599,488,Hospital Stay,758.55
8600,143,Hospital Stay,986.48
8601,358,Blood Test,1733.91
8602,348,X-Ray,1841.14
8603,459,Consultation,205.86
8604,385,MRI Scan,614.09
8605,382,MRI Scan,1654.60
8606,294,ECG,1471.93
8607,296,Hospital Stay,871.39
8608,406,CT Scan,1617.62
8609,209,X-Ray,1751.92
8610,93,Consultation,687.10
8611,389,Medication Charge,783.06
8612,2,ECG,502.57
8613,7,X-Ray,1510.63
8614,38,Physical Examination,637.35
8615,67,ECG,998.02
8616,285,CT Scan,61.58
8617,465,Ultrasound,1058.03
8618,25,ECG,1859.85
8619,27,Ultrasound,511.18
8620,203,Ultrasound,515.48
8621,425,Blood Test,773.38
8622,67,Physical Examination,1779.84
8623,45,Ultrasound,568.66
8624,5,Medication Charge,1112.79
8625,62,Blood Test,1726.18
8626,301,Blood Test,1205.11
8627,85,Blood Test,1620.71
8628,122,Blood Test,329.17
8629,70,Blood Test,1236.20
8630,174,X-Ray,1392.69
8631,393,CT Scan,1526.10
8632,292,CT Scan,1407.42
8633,188,Consultation,1722.06
8634,295,X-Ray,1939.89
8635,22,Blood Test,1265.40
8636,274,Ultrasound,133.85
8637,442,CT Scan,730.19
8638,418,CT Scan,1872.17
8639,339,ECG,552.69
8640,140,Medication Charge,1906.05
8641,23,ECG,607.37
8642,286,Medication Charge,598.96
8643,147,ECG,489.00
8644,47,MRI Scan,1137.00
8645,323,Physical Examination,285.51
8646,281,Medication Charge,809.11
8647,323,ECG,1082.32
8648,146,Hospital Stay,1536.07
8649,204,Ultrasound,355.96
8650,86,Medication Charge,1598.69
8651,190,X-Ray,290.53
8652,316,CT Scan,152.05
8653,359,Ultrasound,790.78
8654,121,Ultrasound,249.97
8655,216,X-Ray,653.71
8656,217,Blood Test,922.91
8657,152,CT Scan,1734.20
8658,79,Ultrasound,1808.51
8659,208,Blood Test,305.61
8660,181,MRI Scan,763.65
8661,187,Blood Test,188.46
8662,489,Consultation,1377.75
8663,35,CT Scan,499.28
8664,372,MRI Scan,875.16
8665,415,MRI Scan,666.27
8666,28,ECG,1076.79
8667,293,Blood Test,778.17
8668,92,Hospital Stay,639.33
8669,108,Consultation,1201.92
8670,158,CT Scan,1155.98
8671,29,Ultrasound,1938.83
8672,375,ECG,466.90
8673,349,ECG,1404.07
8674,470,CT Scan,1187.87
8675,164,CT Scan,290.06
8676,478,MRI Scan,1529.02
8677,478,Physical Examination,1292.59
8678,273,Ultrasound,897.72
8679,381,Hospital Stay,1702.84
8680,208,Medication Charge,468.88
8681,170,Ultrasound,1776.09
8682,284,Consultation,429.88
8683,166,Medication Charge,1015.05
8684,322,Physical Examination,947.01
8685,281,Blood Test,779.80
8686,240,Blood Test,1555.39
8687,497,Consultation,1987.95
8688,356,CT Scan,1702.75
8689,411,MRI Scan,1107.02
8690,126,Blood Test,1621.14
8691,52,Medication Charge,411.94
8692,14,Medication Charge,751.77
8693,251,Consultation,473.18
8694,436,X-Ray,1395.90
8695,310,CT Scan,464.77
8696,350,X-Ray,460.15
8697,441,Ultrasound,613.74
8698,21,X-Ray,1743.73
8699,472,X-Ray,678.21
8700,391,X-Ray,1640.18
8701,479,CT Scan,783.32
8702,441,Medication Charge,1322.84
8703,133,X-Ray,906.63
8704,471,Consultation,1262.80
8705,364,X-Ray,486.48
8706,274,ECG,1320.83
8707,24,X-Ray,514.68
8708,94,Blood Test,1171.70
8709,129,Blood Test,177.25
8710,316,Consultation,494.51
8711,409,X-Ray,1056.72
8712,151,X-Ray,464.21
8713,153,CT Scan,1336.69
8714,310,Medication Charge,1074.28
8715,456,Medication Charge,67.73
8716,345,CT Scan,696.23
8717,165,MRI Scan,690.10
8718,138,ECG,297.33
8719,200,Blood Test,1833.94
8720,227,ECG,901.01
8721,354,Medication Charge,1263.55
8722,104,Physical Examination,1920.83
8723,64,Blood Test,57.37
8724,427,Ultrasound,1587.77
8725,126,Consultation,1363.20
8726,95,Ultrasound,1986.15
8727,372,X-Ray,1831.54
8728,253,CT Scan,961.51
8729,112,Consultation,1881.51
8730,213,Physical Examination,1414.69
8731,18,Ultrasound,833.53
8732,153,CT Scan,105.14
8733,411,CT Scan,56.73
8734,286,ECG,152.10
8735,194,Blood Test,703.36
8736,161,X-Ray,1266.61
8737,408,Hospital Stay,313.78
8738,148,MRI Scan,1469.46
8739,20,CT Scan,1592.62
8740,153,Blood Test,307.94
8741,254,Hospital Stay,86.08
8742,332,Ultrasound,972.82
8743,389,ECG,1037.36
8744,220,CT Scan,869.48
8745,191,Medication Charge,1855.71
8746,432,Ultrasound,1669.29
8747,8,Blood Test,527.97
8748,208,Consultation,1619.46
8749,340,ECG,1286.87
8750,407,Ultrasound,1771.92
8751,408,Hospital Stay,1894.44
8752,374,MRI Scan,601.31
8753,230,Hospital Stay,664.37
8754,249,Medication Charge,457.29
8755,268,Consultation,1962.83
8756,358,Medication Charge,1374.81
8757,384,Medication Charge,1685.35
8758,363,Hospital Stay,1692.12
8759,307,MRI Scan,552.49
8760,468,Physical Examination,883.14
8761,302,Medication Charge,1783.05
8762,417,ECG,77.70
8763,145,Medication Charge,1419.29
8764,339,Consultation,328.70
8765,214,Ultrasound,628.37
8766,66,X-Ray,1503.34
8767,500,Medication Charge,551.66
8768,196,MRI Scan,304.99
8769,81,Physical Examination,1192.16
8770,479,Physical Examination,1620.88
8771,39,MRI Scan,692.61
8772,148,Physical Examination,1868.93
8773,117,Hospital Stay,81.75
8774,359,MRI Scan,405.78
8775,231,Ultrasound,1495.56
8776,471,X-Ray,318.07
8777,99,Medication Charge,1945.73
8778,361,Hospital Stay,1881.14
8779,154,X-Ray,1662.09
8780,476,X-Ray,714.97
8781,367,CT Scan,1505.72
8782,357,CT Scan,175.22
8783,263,Physical Examination,1076.39
8784,466,X-Ray,449.81
8785,270,Physical Examination,1315.42
8786,30,ECG,1331.67
8787,498,Hospital Stay,181.42
8788,268,Blood Test,799.62
8789,40,Consultation,1410.92
8790,131,Medication Charge,1302.75
8791,206,Hospital Stay,961.70
8792,295,Medication Charge,1096.14
8793,446,Hospital Stay,813.26
8794,386,ECG,1054.86
8795,352,CT Scan,1265.89
8796,291,Ultrasound,425.96
8797,348,Physical Examination,520.81
8798,2,Medication Charge,1723.26
8799,228,X-Ray,442.59
8800,412,MRI Scan,148.86
8801,279,Blood Test,1169.16
8802,73,Ultrasound,213.16
8803,206,X-Ray,64.45
8804,215,ECG,744.84
8805,164,CT Scan,1384.55
8806,209,Hospital Stay,694.56
8807,341,Physical Examination,1896.69
8808,166,ECG,1515.64
8809,184,CT Scan,736.53
8810,495,X-Ray,546.79
8811,221,Hospital Stay,61.16
8812,27,Ultrasound,1071.36
8813,173,Physical Examination,1584.45
8814,213,Physical Examination,1718.88
8815,150,Blood Test,746.96
8816,213,Ultrasound,738.16
8817,167,MRI Scan,350.12
8818,457,Hospital Stay,1730.07
8819,134,MRI Scan,1551.19
8820,302,Medication Charge,971.00
8821,152,Blood Test,330.25
8822,435,Consultation,443.10
8823,209,Physical Examination,1996.32
8824,9,Physical Examination,1562.29
8825,429,ECG,1650.14
8826,445,Blood Test,1473.87
8827,232,Blood Test,1918.75
8828,210,Consultation,138.88
8829,319,Hospital Stay,1629.29
8830,138,X-Ray,1836.80
8831,263,Ultrasound,168.49
8832,24,ECG,1476.08
8833,277,Medication Charge,1484.97
8834,115,Blood Test,1967.08
8835,398,Hospital Stay,1506.08
8836,109,Hospital Stay,1352.55
8837,7,Medication Charge,1551.81
8838,327,MRI Scan,1656.16
8839,244,Medication Charge,995.34
8840,433,Medication Charge,1761.40
8841,70,Hospital Stay,706.44
8842,79,Physical Examination,574.02
8843,108,ECG,809.02
8844,139,Physical Examination,75.71
8845,163,Blood Test,954.88
8846,182,Ultrasound,1515.99
8847,252,Hospital Stay,1976.32
8848,499,Blood Test,1167.42
8849,256,Consultation,1167.42
8850,347,Blood Test,1782.13
8851,300,Physical Examination,138.06
8852,337,Ultrasound,52.13
8853,368,Medication Charge,539.40
8854,76,Blood Test,1612.79
8855,497,MRI Scan,739.86
8856,272,Medication Charge,1951.17
8857,72,ECG,1065.14
8858,313,Blood Test,963.86
8859,433,Hospital Stay,349.45
8860,117,MRI Scan,1148.87
8861,226,CT Scan,968.77
8862,273,Ultrasound,947.54
8863,313,ECG,1913.55
8864,59,Hospital Stay,180.05
8865,461,Ultrasound,1488.74
8866,466,Physical Examination,1457.19
8867,104,Blood Test,1026.68
8868,387,X-Ray,1686.24
8869,164,Physical Examination,1753.89
8870,357,Physical Examination,1621.66
8871,142,MRI Scan,1162.58
8872,82,Consultation,1311.07
8873,113,X-Ray,1943.59
8874,220,Blood Test,1486.82
8875,185,Physical Examination,784.65
8876,319,Hospital Stay,373.21
8877,216,CT Scan,620.44
8878,265,Consultation,242.38
8879,228,Consultation,1414.60
8880,197,Ultrasound,404.50
8881,303,Consultation,1331.55
8882,329,MRI Scan,774.48
8883,416,Physical Examination,1850.48
8884,409,MRI Scan,964.04
8885,257,X-Ray,625.06
8886,76,Ultrasound,1655.49
8887,421,ECG,1148.10
8888,213,Medication Charge,1120.08
8889,429,Blood Test,1870.45
8890,476,X-Ray,509.35
8891,236,X-Ray,479.12
8892,243,MRI Scan,928.10
8893,258,Medication Charge,102.60
8894,78,X-Ray,494.60
8895,348,Medication Charge,160.40
8896,363,Ultrasound,666.90
8897,140,Physical Examination,1273.99
8898,230,Blood Test,1358.64
8899,283,Hospital Stay,1629.34
8900,229,Medication Charge,679.77
8901,133,MRI Scan,1272.88
8902,228,Ultrasound,1017.98
8903,161,Consultation,1207.03
8904,40,Physical Examination,1104.53
8905,351,Blood Test,1693.84
8906,384,Consultation,952.40
8907,34,ECG,1187.21
8908,165,CT Scan,1224.93
8909,286,Medication Charge,639.87
8910,262,Medication Charge,1536.11
8911,322,Ultrasound,376.91
8912,424,Physical Examination,459.69
8913,135,Physical Examination,1047.87
8914,211,Consultation,1073.99
8915,441,X-Ray,1921.00
8916,351,CT Scan,827.26
8917,78,Consultation,1207.67
8918,349,MRI Scan,401.79
8919,480,Medication Charge,104.32
8920,436,ECG,1489.54
8921,281,Physical Examination,244.55
8922,476,Medication Charge,1311.73
8923,277,Physical Examination,1304.97
8924,434,MRI Scan,1045.95
8925,69,Blood Test,1315.27
8926,251,Blood Test,1835.05
8927,199,Medication Charge,121.46
8928,61,Blood Test,936.63
8929,68,Consultation,988.04
8930,76,Medication Charge,1131.93
8931,199,Physical Examination,1233.06
8932,119,Consultation,586.06
8933,362,Physical Examination,1342.37
8934,435,Ultrasound,1339.64
8935,312,CT Scan,1846.57
8936,125,ECG,136.27
8937,252,ECG,947.47
8938,315,Ultrasound,1731.39
8939,401,Consultation,1993.26
8940,98,ECG,740.91
8941,229,Blood Test,1610.71
8942,227,Consultation,1492.48
8943,393,X-Ray,1687.74
8944,337,Consultation,245.29
8945,169,ECG,1282.64
8946,349,ECG,907.96
8947,464,Blood Test,747.08
8948,330,MRI Scan,1073.36
8949,317,Medication Charge,1367.23
8950,379,Consultation,1057.33
8951,364,Hospital Stay,563.64
8952,160,ECG,1964.62
8953,276,Consultation,254.11
8954,40,Hospital Stay,174.59
8955,455,CT Scan,1904.40
8956,334,MRI Scan,1517.46
8957,480,Consultation,1956.66
8958,407,ECG,1709.12
8959,102,Ultrasound,1094.72
8960,228,MRI Scan,682.38
8961,385,Ultrasound,1647.31
8962,398,Physical Examination,1223.39
8963,381,Blood Test,1186.42
8964,225,CT Scan,1254.92
8965,276,Blood Test,1753.74
8966,73,Consultation,1295.68
8967,155,Hospital Stay,746.46
8968,263,Hospital Stay,563.64
8969,500,CT Scan,1170.28
8970,151,Blood Test,1834.21
8971,119,Ultrasound,1464.98
8972,219,Hospital Stay,1638.09
8973,34,Ultrasound,474.96
8974,69,Medication Charge,672.63
8975,112,CT Scan,1036.76
8976,107,MRI Scan,742.38
8977,484,CT Scan,763.80
8978,362,X-Ray,1222.77
8979,361,X-Ray,1341.97
8980,120,MRI Scan,1042.64
8981,493,Physical Examination,1559.35
8982,107,Blood Test,316.58
8983,425,MRI Scan,696.28
8984,189,Hospital Stay,1302.94
8985,421,Consultation,491.95
8986,154,MRI Scan,783.03
8987,378,ECG,184.50
8988,178,Hospital Stay,1098.21
8989,299,Ultrasound,1604.34
8990,13,CT Scan,1825.24
8991,154,Hospital Stay,1599.68
8992,434,CT Scan,1432.59
8993,200,X-Ray,1467.95
8994,177,Medication Charge,745.64
8995,146,MRI Scan,1847.08
8996,250,Hospital Stay,1494.41
8997,473,Medication Charge,274.06
8998,33,CT Scan,55.73
8999,7,X-Ray,1800.24
9000,40,Physical Examination,1345.59
9001,208,Medication Charge,1126.03
9002,331,Hospital Stay,1787.92
9003,51,Consultation,1586.08
9004,154,Hospital Stay,1351.91
9005,198,Blood Test,1425.21
9006,131,Physical Examination,446.62
9007,250,CT Scan,611.21
9008,377,X-Ray,1203.41
9009,369,X-Ray,1095.23
9010,148,Consultation,1943.63
9011,395,Blood Test,1633.22
9012,218,ECG,1940.03
9013,384,Blood Test,1171.52
9014,331,Medication Charge,799.72
9015,420,X-Ray,277.32
9016,457,Consultation,860.45
9017,232,CT Scan,290.07
9018,383,Ultrasound,1980.40
9019,212,Ultrasound,1907.47
9020,1,X-Ray,1994.89
9021,383,Ultrasound,1834.78
9022,143,X-Ray,1632.05
9023,472,Blood Test,312.13
9024,435,X-Ray,310.60
9025,358,Consultation,573.90
9026,302,Physical Examination,127.25
9027,461,Consultation,1464.14
9028,498,Ultrasound,1129.77
9029,457,Ultrasound,1002.03
9030,317,Blood Test,232.89
9031,443,CT Scan,1247.82
9032,168,X-Ray,1289.55
9033,142,Ultrasound,284.58
9034,151,Blood Test,1252.72
9035,109,Consultation,1564.88
9036,180,MRI Scan,942.95
9037,436,Ultrasound,1820.53
9038,223,Hospital Stay,323.22
9039,415,Ultrasound,1636.43
9040,57,Physical Examination,798.27
9041,251,X-Ray,790.24
9042,35,Medication Charge,1189.89
9043,385,ECG,1483.38
9044,330,Ultrasound,1792.57
9045,325,ECG,744.23
9046,389,X-Ray,1296.75
9047,249,CT Scan,782.48
9048,451,Hospital Stay,1633.19
9049,153,Medication Charge,137.71
9050,111,Physical Examination,680.58
9051,499,X-Ray,1498.75
9052,172,ECG,173.91
9053,370,Consultation,1671.90
9054,401,Hospital Stay,1570.00
9055,474,Hospital Stay,1756.26
9056,205,CT Scan,324.33
9057,274,Physical Examination,495.95
9058,1,Hospital Stay,964.20
9059,124,Consultation,178.90
9060,474,ECG,588.19
9061,375,MRI Scan,778.89
9062,247,Hospital Stay,1181.51
9063,102,X-Ray,747.32
9064,59,Hospital Stay,1408.53
9065,302,CT Scan,1075.67
9066,239,Medication Charge,1656.60
9067,110,MRI Scan,311.33
9068,353,Blood Test,614.55
9069,299,ECG,606.56
9070,226,CT Scan,1318.73
9071,218,MRI Scan,1051.97
9072,27,Physical Examination,1618.56
9073,258,Blood Test,166.56
9074,371,Physical Examination,986.83
9075,125,MRI Scan,658.44
9076,299,MRI Scan,682.92
9077,481,MRI Scan,537.83
9078,222,CT Scan,1092.98
9079,88,MRI Scan,1893.31
9080,8,CT Scan,1606.94
9081,40,Physical Examination,939.41
9082,24,Medication Charge,1359.21
9083,324,Physical Examination,674.16
9084,155,X-Ray,694.80
9085,233,Blood Test,842.76
9086,281,Blood Test,328.44
9087,220,Medication Charge,1330.26
9088,126,MRI Scan,775.96
9089,135,X-Ray,1428.12
9090,101,Blood Test,838.28
9091,28,X-Ray,430.71
9092,95,Physical Examination,891.89
9093,172,ECG,1824.41
9094,10,ECG,1835.25
9095,71,X-Ray,612.20
9096,49,MRI Scan,614.09
9097,79,Blood Test,837.25
9098,246,Blood Test,251.04
9099,39,Hospital Stay,673.53
9100,302,Medication Charge,326.25
9101,49,Ultrasound,877.61
9102,128,Consultation,1705.17
9103,266,X-Ray,301.01
9104,437,X-Ray,591.86
9105,17,ECG,502.61
9106,301,X-Ray,409.17
9107,91,Blood Test,776.25
9108,72,Blood Test,236.43
9109,340,Medication Charge,1527.14
9110,436,MRI Scan,272.05
9111,107,Hospital Stay,1091.66
9112,108,Consultation,1172.96
9113,99,Consultation,1301.40
9114,187,X-Ray,1058.20
9115,490,MRI Scan,1603.38
9116,82,Consultation,1479.23
9117,131,ECG,1673.19
9118,211,Hospital Stay,699.85
9119,111,Hospital Stay,412.06
9120,205,Hospital Stay,1556.40
9121,153,Medication Charge,913.30
9122,407,Blood Test,387.86
9123,299,Physical Examination,888.59
9124,99,Hospital Stay,389.04
9125,28,Medication Charge,1903.97
9126,127,Ultrasound,1513.19
9127,326,CT Scan,1268.95
9128,444,Consultation,589.62
9129,294,Physical Examination,1292.10
9130,185,X-Ray,1262.57
9131,426,Consultation,744.61
9132,428,MRI Scan,702.49
9133,91,Ultrasound,1964.58
9134,207,ECG,1637.44
9135,289,MRI Scan,571.65
9136,392,Ultrasound,1922.86
9137,190,Consultation,1751.06
9138,262,Blood Test,1258.20
9139,214,Ultrasound,635.29
9140,137,CT Scan,1576.37
9141,190,Consultation,535.97
9142,435,Medication Charge,1411.04
9143,82,Hospital Stay,1762.41
9144,399,Hospital Stay,1851.42
9145,202,Ultrasound,1453.37
9146,342,Consultation,709.22
9147,288,Medication Charge,1412.55
9148,359,Ultrasound,298.20
9149,325,Medication Charge,1125.32
9150,174,Consultation,350.49
9151,104,Ultrasound,1013.02
9152,304,X-Ray,630.73
9153,174,CT Scan,209.50
9154,329,CT Scan,1733.65
9155,358,Ultrasound,1904.26
9156,382,Physical Examination,1865.88
9157,166,Hospital Stay,464.38
9158,338,Hospital Stay,851.11
9159,169,Physical Examination,1510.71
9160,127,Medication Charge,100.96
9161,402,MRI Scan,816.93
9162,276,X-Ray,627.27
9163,241,Medication Charge,1295.89
9164,316,Medication Charge,1516.50
9165,389,Physical Examination,1585.29
9166,40,Ultrasound,237.55
9167,441,Consultation,1363.93
9168,257,MRI Scan,247.94
9169,460,Physical Examination,1328.77
9170,356,CT Scan,222.35
9171,126,Blood Test,1019.35
9172,107,CT Scan,305.06
9173,31,CT Scan,1397.71
9174,397,Blood Test,1888.82
9175,141,Physical Examination,1246.41
9176,418,CT Scan,1919.91
9177,463,Blood Test,1134.07
9178,72,Ultrasound,1477.24
9179,294,Consultation,279.76
9180,63,Hospital Stay,826.55
9181,101,Medication Charge,1548.02
9182,401,CT Scan,823.88
9183,166,Hospital Stay,1684.74
9184,384,Medication Charge,1983.42
9185,325,X-Ray,807.77
9186,360,Hospital Stay,721.72
9187,208,Consultation,1838.46
9188,98,Medication Charge,262.33
9189,72,Medication Charge,1728.12
9190,302,Hospital Stay,72.13
9191,203,Medication Charge,561.42
9192,434,MRI Scan,1987.28
9193,57,X-Ray,1301.96
9194,360,Ultrasound,1451.28
9195,291,CT Scan,222.44
9196,210,CT Scan,1979.67
9197,14,Ultrasound,1379.76
9198,282,Consultation,475.98
9199,113,Medication Charge,266.33
9200,54,Ultrasound,259.50
9201,180,Medication Charge,103.70
9202,206,Consultation,1156.99
9203,140,Medication Charge,116.08
9204,387,MRI Scan,429.64
9205,119,Hospital Stay,1945.52
9206,111,CT Scan,1839.40
9207,215,CT Scan,1330.74
9208,106,Hospital Stay,1090.28
9209,52,Hospital Stay,138.90
9210,289,Physical Examination,1604.43
9211,136,MRI Scan,1470.32
9212,489,MRI Scan,1736.70
9213,253,Medication Charge,472.19
9214,38,Hospital Stay,1821.98
9215,47,MRI Scan,830.89
9216,500,Hospital Stay,1177.77
9217,364,Medication Charge,1342.69
9218,43,Blood Test,142.74
9219,160,X-Ray,1792.58
9220,20,X-Ray,1082.79
9221,426,Ultrasound,1713.77
9222,475,MRI Scan,838.19
9223,279,Blood Test,1508.58
9224,38,Medication Charge,1224.33
9225,127,Hospital Stay,331.54
9226,489,Consultation,552.74
9227,459,ECG,639.61
9228,134,X-Ray,1993.01
9229,108,ECG,435.09
9230,218,Blood Test,1405.95
9231,290,MRI Scan,997.04
9232,481,Medication Charge,244.39
9233,472,Physical Examination,795.21
9234,41,ECG,1585.05
9235,51,MRI Scan,1591.90
9236,60,Consultation,1759.96
9237,401,MRI Scan,1186.79
9238,159,Blood Test,1992.90
9239,156,CT Scan,1354.56
9240,3,X-Ray,1942.77
9241,267,Physical Examination,1615.86
9242,46,Hospital Stay,229.43
9243,68,Physical Examination,945.78
9244,324,Hospital Stay,668.37
9245,466,CT Scan,1871.08
9246,39,Medication Charge,465.60
9247,224,CT Scan,1705.81
9248,189,CT Scan,792.10
9249,441,Ultrasound,415.67
9250,37,Consultation,1130.51
9251,494,MRI Scan,123.14
9252,327,CT Scan,638.25
9253,497,MRI Scan,1332.36
9254,195,MRI Scan,1575.79
9255,147,X-Ray,536.53
9256,78,MRI Scan,729.28
9257,450,Blood Test,198.46
9258,122,MRI Scan,1844.16
9259,112,ECG,150.23
9260,306,Ultrasound,1933.33
9261,95,Ultrasound,179.54
9262,281,Hospital Stay,1637.59
9263,173,X-Ray,1996.76
9264,90,CT Scan,1492.21
9265,458,MRI Scan,53.93
9266,325,ECG,601.84
9267,369,MRI Scan,1871.76
9268,239,Medication Charge,1108.47
9269,361,Medication Charge,588.04
9270,270,ECG,880.54
9271,310,Hospital Stay,1038.03
9272,487,Medication Charge,480.77
9273,30,Blood Test,770.03
9274,303,ECG,893.74
9275,179,Ultrasound,456.00
9276,187,Physical Examination,627.68
9277,75,X-Ray,924.10
9278,371,MRI Scan,938.59
9279,200,Ultrasound,309.87
9280,335,ECG,839.93
9281,14,Hospital Stay,796.42
9282,5,CT Scan,93.98
9283,22,MRI Scan,623.42
9284,335,Hospital Stay,266.90
9285,114,Blood Test,1974.32
9286,194,Physical Examination,1314.15
9287,493,Ultrasound,1729.23
9288,134,Blood Test,1585.53
9289,263,CT Scan,1567.16
9290,53,Blood Test,56.69
9291,327,Ultrasound,847.90
9292,307,Blood Test,1361.02
9293,498,MRI Scan,997.43
9294,275,X-Ray,65.03
9295,209,X-Ray,424.74
9296,369,MRI Scan,287.34
9297,446,X-Ray,323.01
9298,74,Physical Examination,338.76
9299,90,Physical Examination,352.30
9300,7,Physical Examination,591.55
9301,168,X-Ray,1075.72
9302,184,Medication Charge,1202.56
9303,153,Blood Test,52.51
9304,48,Blood Test,1466.27
9305,284,Hospital Stay,932.12
9306,411,MRI Scan,494.94
9307,456,MRI Scan,1423.84
9308,480,Consultation,726.71
9309,16,ECG,428.77
9310,496,CT Scan,1858.91
9311,85,Physical Examination,1204.49
9312,473,Blood Test,1593.51
9313,224,Hospital Stay,279.44
9314,359,ECG,1915.18
9315,285,Blood Test,1217.65
9316,238,Physical Examination,518.51
9317,66,Physical Examination,83.53
9318,38,Blood Test,1795.16
9319,53,Medication Charge,611.01
9320,444,ECG,523.04
9321,40,Medication Charge,699.19
9322,389,X-Ray,1583.95
9323,262,MRI Scan,1863.18
9324,135,Hospital Stay,965.59
9325,210,CT Scan,611.28
9326,453,X-Ray,1123.68
9327,90,MRI Scan,1301.04
9328,346,Physical Examination,1856.36
9329,115,Blood Test,801.78
9330,388,ECG,1020.56
9331,468,Physical Examination,1302.83
9332,496,Blood Test,1363.69
9333,117,CT Scan,1138.71
9334,396,MRI Scan,1351.89
9335,50,Consultation,1656.62
9336,318,CT Scan,538.63
9337,470,Consultation,1652.94
9338,207,Medication Charge,1172.63
9339,164,ECG,1127.47
9340,491,ECG,1834.18
9341,402,ECG,1205.10
9342,157,Blood Test,1112.23
9343,143,X-Ray,1173.03
9344,378,Blood Test,1676.53
9345,309,Ultrasound,1154.56
9346,26,Hospital Stay,750.61
9347,79,Physical Examination,1235.09
9348,279,Ultrasound,78.81
9349,35,Blood Test,807.59
9350,216,CT Scan,519.16
9351,232,Hospital Stay,773.95
9352,458,Blood Test,211.84
9353,163,X-Ray,916.11
9354,48,Consultation,865.60
9355,287,MRI Scan,632.74
9356,461,Physical Examination,164.24
9357,184,Consultation,1288.29
9358,263,Hospital Stay,429.18
9359,371,Ultrasound,1251.13
9360,83,Medication Charge,1705.32
9361,152,Hospital Stay,637.52
9362,397,CT Scan,1726.38
9363,93,ECG,1615.28
9364,416,Blood Test,1086.43
9365,346,X-Ray,518.76
9366,73,Hospital Stay,389.51
9367,155,Physical Examination,59.30
9368,17,Hospital Stay,206.03
9369,364,X-Ray,650.24
9370,369,ECG,716.92
9371,483,Ultrasound,1220.69
9372,168,Physical Examination,709.17
9373,235,Hospital Stay,1699.40
9374,300,Blood Test,799.14
9375,428,CT Scan,1148.04
9376,194,Blood Test,366.20
9377,85,ECG,931.75
9378,123,Consultation,482.17
9379,74,Medication Charge,1599.92
9380,346,Medication Charge,617.68
9381,93,Consultation,1704.23
9382,165,Physical Examination,1847.16
9383,72,Physical Examination,804.41
9384,24,Hospital Stay,89.50
9385,425,X-Ray,1229.95
9386,201,X-Ray,1814.40
9387,354,Medication Charge,1220.18
9388,227,X-Ray,243.46
9389,152,X-Ray,1220.47
9390,425,X-Ray,101.56
9391,45,Ultrasound,954.82
9392,475,X-Ray,1815.09
9393,184,Consultation,1201.16
9394,461,Ultrasound,795.78
9395,108,CT Scan,1723.95
9396,428,Blood Test,822.62
9397,65,ECG,1515.47
9398,498,Consultation,286.16
9399,119,Medication Charge,355.94
9400,24,Hospital Stay,1086.70
9401,481,ECG,64.80
9402,78,Blood Test,865.07
9403,344,Medication Charge,145.06
9404,296,Consultation,1303.82
9405,109,ECG,1257.04
9406,251,Medication Charge,1000.07
9407,310,Blood Test,54.02
9408,331,Blood Test,408.42
9409,298,ECG,889.06
9410,193,X-Ray,409.20
9411,175,Ultrasound,1445.31
9412,347,Hospital Stay,1415.03
9413,33,Physical Examination,1492.93
9414,182,Medication Charge,652.75
9415,373,CT Scan,1179.77
9416,319,X-Ray,492.46
9417,147,ECG,1467.56
9418,112,X-Ray,1498.65
9419,43,Ultrasound,1319.23
9420,240,CT Scan,1836.30
9421,274,MRI Scan,605.48
9422,193,Hospital Stay,910.13
9423,148,Consultation,915.68
9424,401,MRI Scan,1249.13
9425,484,ECG,431.83
9426,315,MRI Scan,1843.99
9427,344,CT Scan,1949.37
9428,220,Ultrasound,1437.42
9429,175,Blood Test,721.97
9430,338,CT Scan,1313.80
9431,389,Ultrasound,180.45
9432,14,Medication Charge,362.24
9433,45,ECG,979.74
9434,29,Ultrasound,1341.25
9435,409,Medication Charge,166.75
9436,68,Consultation,185.03
9437,59,Ultrasound,983.00
9438,281,CT Scan,96.88
9439,323,CT Scan,1283.59
9440,105,ECG,529.85
9441,78,Consultation,1383.71
9442,64,Physical Examination,743.68
9443,80,MRI Scan,1744.56
9444,194,Physical Examination,1454.90
9445,332,Physical Examination,766.89
9446,113,CT Scan,213.39
9447,147,X-Ray,1232.23
9448,99,Blood Test,128.08
9449,481,Consultation,934.43
9450,173,Consultation,1161.11
9451,276,Medication Charge,1820.33
9452,77,Consultation,1420.93
9453,38,Consultation,329.24
9454,224,ECG,1218.90
9455,321,Physical Examination,1710.34
9456,195,Medication Charge,456.95
9457,498,CT Scan,1522.18
9458,275,Hospital Stay,251.40
9459,338,Physical Examination,443.33
9460,350,CT Scan,854.83
9461,292,MRI Scan,1770.65
9462,175,Consultation,1842.73
9463,72,Blood Test,233.78
9464,399,Hospital Stay,1351.23
9465,16,Ultrasound,1617.47
9466,84,Ultrasound,816.19
9467,95,Ultrasound,917.98
9468,407,Consultation,1749.43
9469,189,MRI Scan,1620.69
9470,250,X-Ray,1987.18
9471,162,ECG,480.18
9472,414,Consultation,1003.57
9473,428,ECG,1361.65
9474,161,Ultrasound,1246.51
9475,211,Hospital Stay,1081.42
9476,262,Hospital Stay,1197.93
9477,82,X-Ray,593.43
9478,411,Medication Charge,611.56
9479,189,MRI Scan,92.28
9480,209,X-Ray,664.06
9481,491,Ultrasound,1178.26
9482,497,Medication Charge,866.67
9483,197,Physical Examination,1861.18
9484,440,MRI Scan,328.84
9485,345,Blood Test,1739.42
9486,393,X-Ray,1513.85
9487,449,Ultrasound,1436.38
9488,92,Medication Charge,1892.08
9489,379,ECG,1419.20
9490,315,CT Scan,1189.40
9491,111,Hospital Stay,1385.39
9492,138,X-Ray,192.25
9493,295,MRI Scan,637.27
9494,445,ECG,1807.02
9495,96,X-Ray,1585.47
9496,150,CT Scan,949.86
9497,439,Blood Test,609.41
9498,177,CT Scan,1459.93
9499,238,X-Ray,778.48
9500,443,Physical Examination,618.05
9501,336,Blood Test,944.96
9502,105,Consultation,1316.97
9503,272,X-Ray,232.53
9504,232,Physical Examination,1377.24
9505,485,X-Ray,1559.63
9506,99,CT Scan,1307.96
9507,451,X-Ray,1402.16
9508,475,Medication Charge,1412.50
9509,139,ECG,174.86
9510,473,Ultrasound,1002.06
9511,393,CT Scan,72.91
9512,101,Ultrasound,1278.77
9513,344,X-Ray,1704.97
9514,402,Physical Examination,881.36
9515,3,MRI Scan,181.36
9516,71,X-Ray,102.78
9517,486,Blood Test,1788.12
9518,369,Physical Examination,619.75
9519,471,Hospital Stay,296.68
9520,419,Hospital Stay,1557.81
9521,446,Physical Examination,446.90
9522,386,Consultation,874.58
9523,232,Medication Charge,793.00
9524,485,Physical Examination,374.45
9525,354,Physical Examination,1230.24
9526,256,MRI Scan,1409.76
9527,196,Blood Test,1711.05
9528,328,Hospital Stay,1232.85
9529,147,Ultrasound,1759.58
9530,307,X-Ray,96.85
9531,190,Ultrasound,595.87
9532,367,Blood Test,271.76
9533,97,X-Ray,560.02
9534,190,MRI Scan,1820.79
9535,477,Consultation,779.69
9536,423,Blood Test,201.02
9537,461,ECG,618.96
9538,57,CT Scan,722.71
9539,461,Physical Examination,1445.02
9540,459,Blood Test,1104.74
9541,25,Consultation,1905.73
9542,376,Physical Examination,1175.30
9543,388,Blood Test,607.39
9544,327,MRI Scan,169.44
9545,32,Hospital Stay,521.88
9546,179,Ultrasound,800.68
9547,261,ECG,197.90
9548,110,ECG,422.32
9549,325,MRI Scan,585.16
9550,331,Consultation,980.76
9551,235,ECG,736.91
9552,26,Consultation,132.02
9553,328,Blood Test,251.06
9554,207,Physical Examination,1866.22
9555,196,Hospital Stay,922.39
9556,250,CT Scan,1120.38
9557,19,MRI Scan,1926.03
9558,312,Blood Test,351.80
9559,237,MRI Scan,839.36
9560,311,Physical Examination,1403.13
9561,331,Consultation,993.28
9562,53,Ultrasound,232.15
9563,188,Physical Examination,1859.29
9564,218,Physical Examination,1956.64
9565,58,MRI Scan,1159.06
9566,241,Ultrasound,905.15
9567,297,Physical Examination,443.83
9568,102,X-Ray,856.96
9569,244,Blood Test,1452.86
9570,443,Blood Test,699.04
9571,275,Consultation,781.10
9572,131,ECG,1305.07
9573,35,Medication Charge,728.17
9574,168,CT Scan,1425.90
9575,280,ECG,531.48
9576,488,Consultation,1975.41
9577,297,Medication Charge,1552.40
9578,261,X-Ray,600.46
9579,199,Ultrasound,1335.94
9580,49,CT Scan,1815.57
9581,359,CT Scan,703.54
9582,23,MRI Scan,1378.57
9583,277,Hospital Stay,1861.61
9584,220,Physical Examination,995.51
9585,445,Consultation,58.39
9586,448,Consultation,62.60
9587,404,Physical Examination,714.90
9588,81,CT Scan,398.60
9589,387,Ultrasound,888.50
9590,287,Consultation,547.34
9591,36,ECG,1631.46
9592,364,Blood Test,370.98
9593,65,Physical Examination,772.70
9594,154,Ultrasound,257.67
9595,123,Blood Test,1617.39
9596,240,Consultation,1885.68
9597,4,Physical Examination,1836.39
9598,474,CT Scan,293.87
9599,370,Blood Test,1295.87
9600,392,Consultation,1133.36
9601,367,X-Ray,1902.76
9602,407,CT Scan,964.83
9603,471,MRI Scan,285.70
9604,390,Physical Examination,620.35
9605,164,X-Ray,1401.92
9606,247,Physical Examination,1847.01
9607,102,Blood Test,1571.45
9608,32,Blood Test,913.04
9609,43,X-Ray,192.71
9610,424,X-Ray,1446.84
9611,143,X-Ray,427.25
9612,346,Hospital Stay,1003.28
9613,455,Blood Test,730.16
9614,338,CT Scan,1705.09
9615,355,CT Scan,1971.64
9616,49,Medication Charge,1676.73
9617,402,Ultrasound,1872.62
9618,348,Medication Charge,1186.00
9619,244,MRI Scan,783.59
9620,364,Medication Charge,897.28
9621,396,Ultrasound,835.14
9622,234,Ultrasound,627.19
9623,311,Medication Charge,1460.69
9624,194,Physical Examination,1716.65
9625,100,Hospital Stay,1569.01
9626,9,Blood Test,1249.24
9627,188,X-Ray,364.88
9628,422,Hospital Stay,1892.70
9629,346,Ultrasound,1380.19
9630,187,Consultation,1571.65
9631,320,Consultation,1916.52
9632,94,X-Ray,1683.69
9633,297,MRI Scan,1532.47
9634,125,Medication Charge,1421.67
9635,235,Blood Test,755.60
9636,146,CT Scan,1359.94
9637,216,Blood Test,1536.41
9638,172,CT Scan,1587.75
9639,301,MRI Scan,211.10
9640,484,ECG,122.43
9641,360,MRI Scan,135.52
9642,204,X-Ray,867.17
9643,16,Physical Examination,113.76
9644,206,ECG,1143.02
9645,368,Consultation,1355.38
9646,433,CT Scan,1823.98
9647,307,CT Scan,1733.86
9648,471,Consultation,480.28
9649,148,Physical Examination,1025.77
9650,106,ECG,1009.39
9651,46,Medication Charge,414.44
9652,146,Medication Charge,835.69
9653,292,MRI Scan,1645.49
9654,197,Consultation,1942.08
9655,364,Physical Examination,1852.05
9656,325,Ultrasound,1713.47
9657,348,Consultation,1634.01
9658,12,Consultation,228.66
9659,487,CT Scan,1400.71
9660,419,Ultrasound,875.40
9661,75,Physical Examination,326.87
9662,202,Physical Examination,699.49
9663,440,Medication Charge,1808.20
9664,369,CT Scan,1356.13
9665,149,Blood Test,126.83
9666,18,X-Ray,90.54
9667,201,Blood Test,218.40
9668,342,Ultrasound,1590.33
9669,164,MRI Scan,1199.00
9670,287,ECG,595.62
9671,422,X-Ray,1016.24
9672,59,Ultrasound,1911.00
9673,104,Blood Test,1764.26
9674,357,Consultation,1977.29
9675,164,Ultrasound,1697.78
9676,466,Consultation,793.71
9677,365,Consultation,1633.06
9678,46,Blood Test,160.89
9679,20,Medication Charge,152.21
9680,421,Medication Charge,1197.86
9681,34,Physical Examination,914.57
9682,59,Blood Test,1628.61
9683,159,Physical Examination,1935.99
9684,89,Physical Examination,1305.21
9685,486,Consultation,705.05
9686,488,Hospital Stay,175.71
9687,279,Medication Charge,1524.20
9688,320,Blood Test,1262.19
9689,118,Blood Test,1850.75
9690,362,Consultation,1285.05
9691,214,Ultrasound,222.61
9692,395,Ultrasound,818.12
9693,274,Blood Test,1048.10
9694,416,MRI Scan,323.64
9695,71,Ultrasound,1063.83
9696,179,Medication Charge,641.04
9697,235,Hospital Stay,1549.75
9698,434,Blood Test,1750.04
9699,467,Consultation,193.62
9700,425,MRI Scan,120.85
9701,179,Physical Examination,1896.41
9702,346,Consultation,66.32
9703,314,Ultrasound,1019.53
9704,104,Medication Charge,923.34
9705,258,Hospital Stay,1958.53
9706,49,Physical Examination,1189.83
9707,64,Hospital Stay,322.87
9708,217,Medication Charge,503.92
9709,209,ECG,1312.90
9710,388,MRI Scan,840.80
9711,249,Ultrasound,983.93
9712,444,MRI Scan,1042.72
9713,246,Ultrasound,1745.98
9714,65,Physical Examination,1108.25
9715,491,Consultation,847.88
9716,121,Ultrasound,1112.26
9717,464,ECG,97.92
9718,374,Ultrasound,1764.24
9719,401,X-Ray,946.79
9720,206,X-Ray,1204.64
9721,95,Ultrasound,892.90
9722,228,Physical Examination,1670.06
9723,264,Blood Test,1161.26
9724,353,Consultation,922.72
9725,204,MRI Scan,1901.72
9726,419,ECG,379.57
9727,282,Medication Charge,1368.16
9728,366,Physical Examination,1936.54
9729,1,CT Scan,618.30
9730,299,Consultation,1626.43
9731,290,Physical Examination,257.04
9732,166,ECG,1263.85
9733,246,CT Scan,346.97
9734,166,Medication Charge,1680.09
9735,195,Hospital Stay,98.63
9736,430,Consultation,1828.66
9737,190,Physical Examination,98.04
9738,16,MRI Scan,1840.99
9739,482,Hospital Stay,293.36
9740,226,MRI Scan,1789.29
9741,400,Ultrasound,692.84
9742,283,Medication Charge,417.52
9743,36,X-Ray,1200.95
9744,486,ECG,1741.43
9745,180,MRI Scan,1092.05
9746,226,MRI Scan,1314.16
9747,431,Hospital Stay,1074.89
9748,21,Blood Test,1752.42
9749,185,Blood Test,58.51
9750,309,X-Ray,560.69
9751,305,X-Ray,1069.56
9752,229,Physical Examination,1678.78
9753,252,ECG,1296.93
9754,26,Consultation,1302.99
9755,397,X-Ray,1199.82
9756,10,MRI Scan,248.27
9757,450,X-Ray,712.80
9758,7,MRI Scan,1305.30
9759,201,Blood Test,1012.14
9760,88,Medication Charge,1520.76
9761,12,Ultrasound,1340.06
9762,308,ECG,341.01
9763,93,X-Ray,492.77
9764,97,Ultrasound,1229.22
9765,421,MRI Scan,1286.28
9766,9,Ultrasound,377.89
9767,22,Blood Test,1575.80
9768,256,Consultation,88.64
9769,70,Hospital Stay,1581.72
9770,464,Ultrasound,1319.86
9771,217,X-Ray,556.15
9772,413,Medication Charge,929.90
9773,123,CT Scan,1893.12
9774,377,Hospital Stay,1988.58
9775,358,ECG,1014.90
9776,401,MRI Scan,1623.18
9777,391,Hospital Stay,644.90
9778,485,Medication Charge,766.58
9779,209,CT Scan,548.64
9780,369,Ultrasound,1108.36
9781,253,Consultation,755.68
9782,156,Hospital Stay,1882.50
9783,113,Hospital Stay,694.10
9784,34,Hospital Stay,792.59
9785,220,Physical Examination,1951.61
9786,340,Ultrasound,740.17
9787,448,Physical Examination,437.32
9788,383,Hospital Stay,1038.02
9789,403,Hospital Stay,1145.05
9790,439,Consultation,1339.63
9791,475,ECG,1327.08
9792,484,Ultrasound,1278.46
9793,438,Ultrasound,1672.64
9794,111,Ultrasound,1958.34
9795,425,Hospital Stay,1059.29
9796,124,X-Ray,107.13
9797,340,CT Scan,971.89
9798,269,CT Scan,58.92
9799,261,Medication Charge,616.92
9800,82,Ultrasound,1554.33
9801,313,Physical Examination,475.96
9802,425,Hospital Stay,636.49
9803,447,Ultrasound,1993.79
9804,354,ECG,1739.72
9805,17,ECG,96.37
9806,371,Hospital Stay,672.30
9807,31,ECG,1989.33
9808,17,Medication Charge,390.99
9809,138,Ultrasound,953.79
9810,376,Blood Test,149.72
9811,101,Hospital Stay,385.82
9812,389,Medication Charge,1529.05
9813,291,Blood Test,1409.04
9814,229,Consultation,1833.62
9815,251,X-Ray,1696.85
9816,303,ECG,575.80
9817,404,ECG,1350.56
9818,497,Blood Test,521.29
9819,474,Blood Test,173.70
9820,71,ECG,1140.23
9821,180,MRI Scan,740.98
9822,347,X-Ray,1393.80
9823,326,Blood Test,634.80
9824,176,Blood Test,1332.97
9825,492,Physical Examination,233.72
9826,108,ECG,492.60
9827,34,X-Ray,1822.27
9828,306,Hospital Stay,1554.97
9829,352,Consultation,1657.51
9830,385,CT Scan,1259.86
9831,427,ECG,416.78
9832,409,MRI Scan,267.77
9833,123,ECG,1173.40
9834,141,X-Ray,832.15
9835,95,CT Scan,1643.37
9836,77,Physical Examination,896.56
9837,346,Ultrasound,1816.92
9838,413,ECG,266.47
9839,27,Physical Examination,758.78
9840,115,Physical Examination,425.26
9841,367,ECG,729.70
9842,176,MRI Scan,556.11
9843,388,Ultrasound,1954.76
9844,409,Medication Charge,1656.40
9845,321,MRI Scan,1189.97
9846,166,MRI Scan,202.87
9847,341,Hospital Stay,720.84
9848,184,ECG,1523.81
9849,113,CT Scan,1412.15
9850,473,Ultrasound,314.64
9851,96,Physical Examination,1698.14
9852,213,CT Scan,439.60
9853,227,Hospital Stay,801.28
9854,432,X-Ray,1699.42
9855,342,ECG,1669.39
9856,192,Ultrasound,1452.33
9857,391,X-Ray,1534.05
9858,132,MRI Scan,388.91
9859,218,Blood Test,1051.71
9860,270,MRI Scan,1046.77
9861,402,CT Scan,814.90
9862,8,Medication Charge,1261.80
9863,31,Ultrasound,1163.49
9864,43,Medication Charge,1672.90
9865,124,Blood Test,1590.69
9866,121,Medication Charge,1215.54
9867,487,MRI Scan,899.86
9868,253,Blood Test,655.99
9869,17,ECG,1456.15
9870,421,Medication Charge,1102.71
9871,470,X-Ray,1833.04
9872,361,Ultrasound,909.39
9873,347,MRI Scan,1897.90
9874,488,Consultation,596.77
9875,118,Physical Examination,1843.53
9876,272,Blood Test,651.72
9877,177,MRI Scan,1332.26
9878,333,X-Ray,161.51
9879,190,Medication Charge,1641.02
9880,206,Hospital Stay,764.22
9881,440,X-Ray,1128.31
9882,403,Consultation,258.78
9883,131,X-Ray,969.19
9884,393,ECG,911.05
9885,239,X-Ray,1232.44
9886,33,MRI Scan,1450.75
9887,150,Medication Charge,97.35
9888,147,Hospital Stay,428.46
9889,44,Physical Examination,1709.14
9890,104,Hospital Stay,535.03
9891,453,Medication Charge,776.40
9892,469,MRI Scan,1778.87
9893,352,X-Ray,1345.72
9894,300,CT Scan,993.11
9895,348,MRI Scan,675.35
9896,209,X-Ray,1382.47
9897,59,CT Scan,1229.67
9898,200,ECG,1627.35
9899,466,CT Scan,466.58
9900,83,Physical Examination,267.51
9901,219,X-Ray,1386.35
9902,43,Blood Test,1475.75
9903,251,Consultation,1649.19
9904,80,X-Ray,241.00
9905,282,Consultation,824.29
9906,461,MRI Scan,1584.35
9907,227,Consultation,1374.82
9908,223,CT Scan,272.12
9909,14,ECG,316.97
9910,264,CT Scan,1000.28
9911,227,Hospital Stay,725.20
9912,305,Medication Charge,1688.95
9913,42,ECG,1733.61
9914,29,Hospital Stay,584.62
9915,27,Blood Test,1627.29
9916,91,Blood Test,305.32
9917,331,Ultrasound,1497.68
9918,267,Consultation,1142.90
9919,285,Medication Charge,116.72
9920,110,Hospital Stay,1294.00
9921,451,Blood Test,381.70
9922,162,Physical Examination,829.54
9923,390,Ultrasound,142.10
9924,333,Blood Test,580.79
9925,310,Consultation,582.63
9926,351,CT Scan,1374.87
9927,153,MRI Scan,1096.12
9928,371,X-Ray,518.18
9929,218,Physical Examination,1034.73
9930,23,MRI Scan,1782.90
9931,426,Physical Examination,1346.81
9932,229,X-Ray,189.76
9933,447,ECG,245.25
9934,126,Hospital Stay,781.83
9935,52,Physical Examination,655.48
9936,77,Blood Test,242.15
9937,275,Physical Examination,379.66
9938,408,Consultation,388.93
9939,395,Physical Examination,1493.45
9940,351,MRI Scan,1768.89
9941,345,Ultrasound,1069.80
9942,371,Ultrasound,483.41
9943,431,Blood Test,513.24
9944,290,MRI Scan,1314.60
9945,360,CT Scan,1981.20
9946,378,Ultrasound,1220.45
9947,239,Physical Examination,1205.40
9948,157,CT Scan,885.40
9949,95,Blood Test,133.35
9950,182,X-Ray,207.55
9951,358,MRI Scan,1572.06
9952,495,CT Scan,1830.98
9953,234,MRI Scan,895.72
9954,138,Physical Examination,762.11
9955,407,Blood Test,1599.19
9956,344,Physical Examination,1684.00
9957,165,MRI Scan,401.59
9958,235,Blood Test,1081.72
9959,42,MRI Scan,1770.20
9960,300,MRI Scan,1263.32
9961,409,Hospital Stay,755.52
9962,479,ECG,869.62
9963,242,X-Ray,1252.83
9964,177,ECG,809.50
9965,59,Medication Charge,412.83
9966,220,CT Scan,202.58
9967,225,CT Scan,1482.01
9968,416,MRI Scan,1391.79
9969,346,Physical Examination,1025.93
9970,385,X-Ray,1700.59
9971,124,Medication Charge,741.03
9972,55,X-Ray,1497.26
9973,392,Ultrasound,1851.15
9974,226,Physical Examination,476.58
9975,13,ECG,758.74
9976,107,CT Scan,241.97
9977,279,Physical Examination,981.76
9978,147,Blood Test,373.45
9979,72,Consultation,1390.41
9980,475,Hospital Stay,1351.07
9981,493,MRI Scan,638.76
9982,404,Ultrasound,1777.21
9983,91,CT Scan,877.31
9984,373,Consultation,51.65
9985,488,MRI Scan,189.66
9986,235,Ultrasound,1569.31
9987,351,Hospital Stay,389.53
9988,344,MRI Scan,780.46
9989,152,Physical Examination,492.19
9990,308,Ultrasound,1981.18
9991,378,Ultrasound,454.06
9992,473,Ultrasound,560.77
9993,14,Hospital Stay,807.18
9994,194,Physical Examination,1955.07
9995,199,Medication Charge,1045.50
9996,248,Blood Test,472.08
9997,283,Physical Examination,1569.85
9998,119,Blood Test,105.20
9999,278,Consultation,998.52
10000,309,Consultation,833.05
10001,117,MRI Scan,1542.74
10002,296,X-Ray,1506.30
10003,75,Medication Charge,271.55
10004,330,X-Ray,990.98
10005,30,Ultrasound,693.17
10006,115,Hospital Stay,175.61
10007,465,Hospital Stay,147.27
10008,381,X-Ray,1179.07
10009,42,Physical Examination,930.74
10010,66,Physical Examination,355.91
10011,246,MRI Scan,1061.26
10012,11,MRI Scan,1096.12
10013,229,Medication Charge,1556.72
10014,485,Ultrasound,1321.41
10015,435,CT Scan,702.60
10016,230,Physical Examination,1245.00
10017,405,Physical Examination,1329.53
10018,427,Medication Charge,980.28
10019,146,Medication Charge,1247.89
10020,320,Medication Charge,160.92
10021,83,X-Ray,257.59
10022,64,MRI Scan,594.36
10023,438,Ultrasound,1591.53
10024,214,ECG,1057.73
10025,49,Physical Examination,1258.63
10026,340,MRI Scan,1990.06
10027,457,Blood Test,893.70
10028,253,Consultation,1282.09
10029,351,ECG,842.45
10030,125,MRI Scan,1986.65
10031,103,MRI Scan,377.92
10032,237,ECG,1673.97
10033,230,X-Ray,1502.45
10034,386,Ultrasound,251.54
10035,306,Hospital Stay,1237.16
10036,112,CT Scan,1832.02
10037,260,MRI Scan,222.93
10038,430,Consultation,1074.83
10039,354,Medication Charge,1314.13
10040,455,Medication Charge,154.43
10041,272,X-Ray,1410.51
10042,59,Consultation,1303.85
10043,7,CT Scan,199.88
10044,253,ECG,417.62
10045,350,X-Ray,274.09
10046,114,Consultation,872.10
10047,62,Consultation,199.92
10048,315,Physical Examination,692.37
10049,297,Blood Test,1520.91
10050,24,Hospital Stay,1394.03
10051,428,Blood Test,523.21
10052,345,X-Ray,1222.68
10053,384,Hospital Stay,774.56
10054,398,ECG,1031.87
10055,175,Ultrasound,1812.42
10056,421,Consultation,1376.16
10057,470,Medication Charge,1118.91
10058,426,MRI Scan,348.64
10059,436,Hospital Stay,1998.42
10060,112,Medication Charge,1282.63
10061,75,ECG,1565.53
10062,457,ECG,256.39
10063,415,Hospital Stay,185.99
10064,308,X-Ray,679.21
10065,451,MRI Scan,1277.23
10066,432,Hospital Stay,1672.54
10067,445,Ultrasound,1801.16
10068,464,MRI Scan,1646.86
10069,94,Consultation,841.34
10070,20,MRI Scan,1407.62
10071,203,Consultation,1164.32
10072,134,ECG,553.51
10073,423,Consultation,1460.49
10074,285,Hospital Stay,670.76
10075,49,ECG,809.74
10076,398,Blood Test,1226.06
10077,5,CT Scan,1215.74
10078,267,ECG,1561.58
10079,319,Blood Test,1318.69
10080,220,Hospital Stay,756.61
10081,404,Medication Charge,1099.84
10082,70,Hospital Stay,1833.60
10083,17,Physical Examination,1971.28
10084,313,Medication Charge,1739.18
10085,360,MRI Scan,948.76
10086,326,Consultation,690.81
10087,485,MRI Scan,866.15
10088,261,MRI Scan,179.76
10089,106,Consultation,1927.83
10090,241,Consultation,1871.90
10091,232,Blood Test,982.53
10092,70,MRI Scan,983.70
10093,116,Hospital Stay,1950.51
10094,362,X-Ray,645.98
10095,334,X-Ray,1310.36
10096,377,Hospital Stay,233.41
10097,316,Physical Examination,1765.14
10098,430,Consultation,1630.98
10099,32,Ultrasound,1363.73
10100,126,X-Ray,1480.36
10101,223,ECG,651.66
10102,8,MRI Scan,1788.54
10103,52,Hospital Stay,615.87
10104,87,Hospital Stay,1533.52
10105,284,Hospital Stay,352.84
10106,343,Blood Test,356.82
10107,144,Consultation,1626.59
10108,387,ECG,64.28
10109,308,Hospital Stay,906.48
10110,180,MRI Scan,280.13
10111,377,Physical Examination,880.30
10112,34,ECG,862.23
10113,141,Blood Test,1244.74
10114,295,Hospital Stay,250.95
10115,254,ECG,425.19
10116,277,Medication Charge,1428.03
10117,460,Consultation,961.54
10118,164,Hospital Stay,1670.10
10119,69,Hospital Stay,1685.60
10120,48,Medication Charge,158.81
10121,466,X-Ray,801.81
10122,39,MRI Scan,102.96
10123,103,ECG,797.50
10124,316,Hospital Stay,403.42
10125,296,Medication Charge,1980.65
10126,19,X-Ray,521.63
10127,196,Ultrasound,893.93
10128,340,Ultrasound,1219.90
10129,397,X-Ray,1161.20
10130,120,Consultation,1097.66
10131,48,Medication Charge,537.59
10132,428,MRI Scan,1268.97
10133,278,Consultation,1237.22
10134,9,Medication Charge,1596.45
10135,402,Hospital Stay,297.29
10136,335,X-Ray,623.41
10137,194,Ultrasound,1363.03
10138,263,Consultation,576.81
10139,98,Consultation,1621.61
10140,346,Physical Examination,1100.66
10141,118,Consultation,551.84
10142,242,ECG,249.93
10143,491,Physical Examination,793.44
10144,463,Medication Charge,546.08
10145,20,Physical Examination,897.58
10146,414,ECG,1633.27
10147,90,Hospital Stay,535.72
10148,288,X-Ray,798.25
10149,318,X-Ray,1131.25
10150,176,Blood Test,927.05
10151,105,ECG,1651.33
10152,12,Medication Charge,1730.84
10153,84,Physical Examination,1285.52
10154,480,Physical Examination,1623.57
10155,192,Medication Charge,580.36
10156,472,CT Scan,1694.88
10157,444,Blood Test,535.04
10158,219,Medication Charge,1753.57
10159,217,Hospital Stay,687.18
10160,166,Medication Charge,237.45
10161,442,CT Scan,839.47
10162,23,Hospital Stay,942.92
10163,411,Physical Examination,1069.92
10164,3,Blood Test,1535.94
10165,409,Medication Charge,713.43
10166,70,Physical Examination,1041.88
10167,234,Consultation,1872.39
10168,146,Medication Charge,1307.86
10169,342,Ultrasound,1056.87
10170,223,Ultrasound,927.45
10171,276,Medication Charge,1179.81
10172,234,Blood Test,846.74
10173,55,CT Scan,1415.55
10174,438,Blood Test,1750.76
10175,444,Ultrasound,1189.27
10176,44,Hospital Stay,1261.39
10177,465,MRI Scan,207.55
10178,494,Consultation,1606.92
10179,134,CT Scan,250.13
10180,201,CT Scan,1667.08
10181,215,Ultrasound,1469.40
10182,1,ECG,199.32
10183,373,Physical Examination,873.64
10184,11,MRI Scan,799.50
10185,340,Hospital Stay,558.48
10186,455,X-Ray,448.60
10187,356,Consultation,1940.83
10188,189,Medication Charge,1780.80
10189,223,Medication Charge,1058.39
10190,10,Hospital Stay,682.20
10191,466,Blood Test,1309.14
10192,401,Ultrasound,846.63
10193,363,Medication Charge,1592.43
10194,118,CT Scan,719.15
10195,24,X-Ray,1658.41
10196,384,Hospital Stay,1807.42
10197,408,Physical Examination,897.54
10198,242,Physical Examination,1196.26
10199,461,ECG,1613.00
10200,64,Hospital Stay,1919.98
10201,433,X-Ray,694.35
10202,442,Consultation,1100.89
10203,447,CT Scan,884.27
10204,89,Ultrasound,1755.36
10205,155,Physical Examination,1985.80
10206,37,Ultrasound,1533.15
10207,128,Physical Examination,1311.31
10208,294,Consultation,1529.54
10209,209,Physical Examination,1742.94
10210,344,Ultrasound,431.93
10211,263,ECG,480.43
10212,369,MRI Scan,92.38
10213,41,X-Ray,906.59
10214,296,Ultrasound,1222.11
10215,44,Medication Charge,1314.62
10216,1,Hospital Stay,1303.27
10217,258,ECG,337.49
10218,445,CT Scan,946.35
10219,269,Ultrasound,1530.02
10220,25,Consultation,805.22
10221,213,X-Ray,150.63
10222,100,Ultrasound,470.48
10223,156,Hospital Stay,462.01
10224,305,Hospital Stay,835.78
10225,400,Medication Charge,786.16
10226,379,Consultation,503.63
10227,276,MRI Scan,1364.82
10228,78,Consultation,483.58
10229,226,Ultrasound,223.12
10230,366,Blood Test,924.56
10231,113,MRI Scan,1777.52
10232,155,Hospital Stay,1739.45
10233,237,CT Scan,1777.98
10234,89,Ultrasound,1785.87
10235,199,Consultation,1889.24
10236,228,Physical Examination,660.67
10237,22,Physical Examination,1247.79
10238,466,Physical Examination,1833.92
10239,310,CT Scan,1636.75
10240,136,CT Scan,1934.07
10241,440,ECG,1245.89
10242,351,Hospital Stay,1317.62
10243,482,Hospital Stay,1686.66
10244,365,ECG,319.76
10245,182,Consultation,919.94
10246,236,Hospital Stay,1762.45
10247,446,Blood Test,1926.49
10248,402,Consultation,978.59
10249,239,Ultrasound,1137.27
10250,145,Blood Test,567.02
10251,77,Blood Test,1918.68
10252,246,Ultrasound,961.13
10253,42,Hospital Stay,1213.71
10254,180,Consultation,631.19
10255,39,ECG,1521.04
10256,393,Consultation,1320.89
10257,107,Blood Test,1262.88
10258,30,Blood Test,1304.53
10259,24,Medication Charge,1709.66
10260,379,Blood Test,1602.80
10261,191,Ultrasound,746.28
10262,260,X-Ray,522.23
10263,149,Hospital Stay,719.64
10264,269,ECG,1326.65
10265,217,ECG,529.70
10266,489,X-Ray,1831.89
10267,443,X-Ray,1885.90
10268,221,Blood Test,1281.03
10269,469,Blood Test,1730.32
10270,19,Hospital Stay,959.51
10271,438,Medication Charge,1486.88
10272,36,Blood Test,1484.44
10273,418,Hospital Stay,1190.58
10274,386,ECG,1657.72
10275,40,MRI Scan,1220.01
10276,392,Medication Charge,1028.64
10277,303,Ultrasound,1675.42
10278,42,MRI Scan,1117.86
10279,350,ECG,1029.65
10280,384,CT Scan,1585.73
10281,142,Ultrasound,881.45
10282,160,Hospital Stay,967.25
10283,218,MRI Scan,1045.92
10284,392,Ultrasound,1046.69
10285,343,Blood Test,597.30
10286,237,Medication Charge,852.64
10287,344,Ultrasound,1117.74
10288,76,Medication Charge,80.85
10289,191,X-Ray,769.28
10290,176,Medication Charge,1193.03
10291,9,Physical Examination,1301.71
10292,35,Hospital Stay,1450.74
10293,360,Consultation,1398.73
10294,2,X-Ray,1169.79
10295,96,CT Scan,874.49
10296,147,Blood Test,665.31
10297,430,CT Scan,1376.80
10298,320,Physical Examination,873.55
10299,469,X-Ray,180.82
10300,29,ECG,181.10
10301,449,MRI Scan,1087.27
10302,193,Blood Test,651.24
10303,158,CT Scan,1741.85
10304,110,Physical Examination,1202.02
10305,47,Hospital Stay,934.88
10306,380,Physical Examination,712.19
10307,134,CT Scan,633.50
10308,155,X-Ray,55.19
10309,168,Medication Charge,561.79
10310,53,Blood Test,1863.54
10311,383,X-Ray,1836.83
10312,116,Physical Examination,987.66
10313,116,ECG,1984.62
10314,276,Ultrasound,856.56
10315,474,CT Scan,984.18
10316,49,Consultation,225.84
10317,105,ECG,198.89
10318,346,Consultation,66.89
10319,182,Physical Examination,779.08
10320,137,Ultrasound,1556.27
10321,274,MRI Scan,731.06
10322,487,Medication Charge,1874.55
10323,398,Physical Examination,761.13
10324,86,MRI Scan,1003.47
10325,309,ECG,720.27
10326,319,Medication Charge,162.88
10327,296,Physical Examination,642.00
10328,454,MRI Scan,1837.51
10329,498,Physical Examination,1959.45
10330,170,ECG,1624.92
10331,430,MRI Scan,784.74
10332,177,Medication Charge,396.74
10333,276,Consultation,1887.80
10334,50,Medication Charge,479.66
10335,273,Medication Charge,228.81
10336,457,Blood Test,1478.06
10337,101,Physical Examination,176.81
10338,133,Ultrasound,418.70
10339,66,Medication Charge,1964.96
10340,89,Hospital Stay,1833.72
10341,53,Medication Charge,1758.79
10342,295,CT Scan,1501.90
10343,124,Blood Test,1688.81
10344,377,MRI Scan,388.11
10345,264,ECG,351.74
10346,464,Consultation,625.62
10347,45,Hospital Stay,1461.27
10348,46,Consultation,536.44
10349,171,ECG,756.76
10350,435,Blood Test,1906.93
10351,165,Consultation,126.03
10352,31,Hospital Stay,628.82
10353,231,CT Scan,1089.01
10354,344,MRI Scan,1792.72
10355,316,Ultrasound,753.10
10356,282,Hospital Stay,1344.11
10357,161,ECG,940.41
10358,380,Ultrasound,512.89
10359,410,Hospital Stay,684.80
10360,454,Hospital Stay,283.37
10361,286,X-Ray,1215.39
10362,51,X-Ray,842.89
10363,315,Medication Charge,570.46
10364,79,Blood Test,863.10
10365,351,MRI Scan,1873.12
10366,470,MRI Scan,94.67
10367,498,MRI Scan,1839.55
10368,384,Ultrasound,1965.29
10369,195,Medication Charge,231.90
10370,31,Physical Examination,1291.07
10371,82,Hospital Stay,311.30
10372,379,MRI Scan,838.77
10373,73,Ultrasound,1657.24
10374,474,X-Ray,346.29
10375,43,CT Scan,743.89
10376,327,Ultrasound,382.47
10377,401,Ultrasound,1679.53
10378,292,Ultrasound,1911.48
10379,16,Physical Examination,427.43
10380,139,CT Scan,1167.22
10381,478,MRI Scan,1504.22
10382,6,ECG,1158.97
10383,72,ECG,1009.94
10384,390,X-Ray,1124.97
10385,234,Blood Test,1421.75
10386,81,X-Ray,109.49
10387,492,CT Scan,1830.09
10388,137,Physical Examination,712.22
10389,253,X-Ray,545.47
10390,98,Physical Examination,953.01
10391,63,X-Ray,1239.62
10392,46,Hospital Stay,702.62
10393,462,Blood Test,695.81
10394,263,Blood Test,1427.67
10395,76,Physical Examination,828.90
10396,413,Ultrasound,135.64
10397,283,Blood Test,388.33
10398,479,X-Ray,561.19
10399,215,ECG,1702.04
10400,454,CT Scan,563.81
10401,489,Ultrasound,1400.55
10402,311,ECG,131.23
10403,297,Blood Test,551.49
10404,43,Physical Examination,1945.50
10405,300,Physical Examination,694.44
10406,201,Hospital Stay,448.26
10407,49,Ultrasound,692.00
10408,431,ECG,891.26
10409,69,Consultation,1053.91
10410,252,Physical Examination,1041.89
10411,262,CT Scan,1469.61
10412,196,ECG,879.86
10413,467,Medication Charge,1265.71
10414,122,MRI Scan,451.71
10415,338,Blood Test,862.55
10416,66,X-Ray,1694.52
10417,12,MRI Scan,1984.97
10418,410,Consultation,1134.22
10419,5,Hospital Stay,989.89
10420,302,Hospital Stay,1347.55
10421,229,MRI Scan,1519.65
10422,316,Blood Test,467.92
10423,9,Consultation,692.08
10424,390,Hospital Stay,1720.83
10425,267,Medication Charge,1605.40
10426,392,ECG,1473.21
10427,287,X-Ray,1903.94
10428,292,Hospital Stay,650.68
10429,302,MRI Scan,556.25
10430,415,Medication Charge,1475.60
10431,491,ECG,505.05
10432,226,X-Ray,1143.55
10433,302,ECG,1771.27
10434,491,Ultrasound,974.75
10435,328,Blood Test,1649.14
10436,170,Consultation,295.88
10437,374,Ultrasound,1012.18
10438,414,Physical Examination,548.90
10439,262,Physical Examination,837.82
10440,321,Physical Examination,1509.02
10441,212,ECG,791.00
10442,339,X-Ray,1206.35
10443,86,ECG,1559.88
10444,481,Physical Examination,1343.92
10445,447,X-Ray,1074.80
10446,85,Physical Examination,1807.09
10447,390,MRI Scan,1077.54
10448,79,Consultation,778.36
10449,22,Ultrasound,1801.64
10450,264,ECG,882.83
10451,373,Hospital Stay,1378.94
10452,426,Ultrasound,995.67
10453,210,CT Scan,1029.64
10454,313,Ultrasound,593.16
10455,411,Physical Examination,476.68
10456,499,Hospital Stay,1481.43
10457,295,ECG,1670.35
10458,244,ECG,335.79
10459,119,ECG,1290.55
10460,42,CT Scan,678.64
10461,177,ECG,1219.42
10462,82,Physical Examination,1415.04
10463,251,Hospital Stay,1098.03
10464,235,Hospital Stay,219.62
10465,352,MRI Scan,1426.22
10466,150,Physical Examination,802.25
10467,455,X-Ray,885.66
10468,166,MRI Scan,1686.11
10469,334,MRI Scan,1590.32
10470,317,CT Scan,877.58
10471,172,Consultation,573.03
10472,209,ECG,1584.90
10473,37,ECG,1568.37
10474,224,Hospital Stay,1779.11
10475,314,Ultrasound,909.17
10476,307,Ultrasound,513.29
10477,370,Blood Test,1831.35
10478,26,Medication Charge,1913.06
10479,180,Physical Examination,1645.44
10480,32,MRI Scan,822.21
10481,99,Blood Test,217.43
10482,378,ECG,1172.43
10483,334,X-Ray,386.48
10484,144,X-Ray,296.19
10485,144,Physical Examination,1594.17
10486,111,Hospital Stay,1555.97
10487,308,X-Ray,985.21
10488,211,Physical Examination,145.20
10489,322,Physical Examination,1544.27
10490,224,Blood Test,1912.09
10491,412,Physical Examination,1943.12
10492,141,Blood Test,1597.59
10493,101,Hospital Stay,1129.42
10494,37,ECG,1747.41
10495,225,Consultation,780.72
10496,452,Physical Examination,828.31
10497,383,CT Scan,253.44
10498,178,ECG,559.37
10499,214,Blood Test,722.85
10500,300,X-Ray,1790.37
10501,21,Medication Charge,1786.54
10502,249,Hospital Stay,1866.22
10503,423,Ultrasound,1284.33
10504,71,CT Scan,315.26
10505,323,ECG,1511.30
10506,203,Hospital Stay,1266.90
10507,33,MRI Scan,1218.64
10508,79,Physical Examination,1650.97
10509,179,Ultrasound,916.67
10510,321,X-Ray,1615.89
10511,187,Blood Test,382.89
10512,44,ECG,1941.21
10513,370,Consultation,1136.31
10514,441,Blood Test,1363.48
10515,233,ECG,1755.77
10516,282,X-Ray,224.21
10517,82,Ultrasound,405.67
10518,134,Consultation,1887.67
10519,190,Ultrasound,981.50
10520,263,Hospital Stay,612.71
10521,203,Blood Test,919.33
10522,313,Blood Test,1670.82
10523,426,ECG,210.26
10524,401,Medication Charge,1409.09
10525,481,MRI Scan,1233.94
10526,34,CT Scan,992.39
10527,190,MRI Scan,348.69
10528,347,Hospital Stay,632.92
10529,407,Hospital Stay,1227.83
10530,85,ECG,451.72
10531,52,Ultrasound,1839.42
10532,318,Physical Examination,396.79
10533,389,Consultation,1058.83
10534,330,ECG,1342.78
10535,244,Hospital Stay,907.95
10536,223,ECG,789.51
10537,164,Medication Charge,1800.89
10538,247,Blood Test,755.21
10539,156,Medication Charge,563.48
10540,407,Consultation,1295.36
10541,157,Consultation,1968.78
10542,222,Physical Examination,967.96
10543,253,MRI Scan,705.76
10544,211,Medication Charge,390.71
10545,73,Blood Test,1668.63
10546,137,Medication Charge,1724.26
10547,28,CT Scan,839.58
10548,487,Consultation,631.99
10549,58,ECG,460.49
10550,304,CT Scan,959.91
10551,27,Blood Test,264.09
10552,487,ECG,1304.73
10553,237,CT Scan,1724.68
10554,393,Hospital Stay,1248.40
10555,135,Consultation,1343.26
10556,420,Hospital Stay,1403.76
10557,248,X-Ray,387.25
10558,483,ECG,963.18
10559,257,ECG,832.52
10560,54,Consultation,718.09
10561,332,CT Scan,652.59
10562,202,Physical Examination,691.16
10563,333,ECG,961.81
10564,318,ECG,345.71
10565,441,X-Ray,1095.99
10566,495,ECG,731.56
10567,10,Medication Charge,1582.22
10568,429,ECG,997.67
10569,307,Hospital Stay,1674.09
10570,186,Physical Examination,240.56
10571,210,Ultrasound,136.41
10572,404,Physical Examination,1558.15
10573,135,MRI Scan,1564.55
10574,211,X-Ray,514.76
10575,380,Hospital Stay,915.88
10576,154,Blood Test,956.78
10577,129,Ultrasound,1623.38
10578,500,CT Scan,1285.52
10579,50,Hospital Stay,1472.59
10580,253,Medication Charge,1003.82
10581,415,Consultation,1949.68
10582,64,Physical Examination,731.13
10583,164,Medication Charge,713.09
10584,22,Physical Examination,1440.09
10585,256,Hospital Stay,777.08
10586,393,Ultrasound,122.31
10587,237,Blood Test,422.38
10588,423,Ultrasound,246.51
10589,40,CT Scan,728.47
10590,348,Blood Test,1335.15
10591,21,MRI Scan,904.74
10592,19,Ultrasound,947.02
10593,405,Hospital Stay,1170.52
10594,251,Physical Examination,893.33
10595,306,X-Ray,1891.11
10596,161,ECG,1375.81
10597,204,X-Ray,264.19
10598,409,ECG,1177.69
10599,400,Consultation,1345.94
10600,395,Medication Charge,877.23
10601,206,Consultation,738.23
10602,102,Ultrasound,999.27
10603,123,ECG,1764.42
10604,408,ECG,1421.30
10605,305,Ultrasound,138.68
10606,30,CT Scan,299.77
10607,274,Physical Examination,468.08
10608,399,MRI Scan,1935.73
10609,119,ECG,1649.53
10610,386,Consultation,1243.58
10611,39,Hospital Stay,419.64
10612,310,CT Scan,1826.01
10613,159,X-Ray,1010.37
10614,159,Medication Charge,492.09
10615,208,Consultation,661.61
10616,365,Medication Charge,857.39
10617,394,MRI Scan,1903.85
10618,138,Physical Examination,1928.37
10619,101,Blood Test,1345.18
10620,469,CT Scan,1363.41
10621,117,ECG,1559.65
10622,224,ECG,1143.40
10623,79,Ultrasound,1657.51
10624,263,X-Ray,1949.90
10625,176,X-Ray,1899.74
10626,343,Ultrasound,512.70
10627,374,CT Scan,1629.07
10628,485,Hospital Stay,1429.71
10629,410,MRI Scan,325.91
10630,260,Physical Examination,811.16
10631,481,Medication Charge,252.19
10632,415,X-Ray,1360.83
10633,490,Consultation,1603.69
10634,86,MRI Scan,564.52
10635,337,X-Ray,678.43
10636,82,Ultrasound,211.09
10637,56,Medication Charge,1004.00
10638,329,Physical Examination,1156.84
10639,76,ECG,1629.52
10640,443,Hospital Stay,818.91
10641,389,ECG,930.43
10642,136,Hospital Stay,786.21
10643,191,Consultation,402.68
10644,352,ECG,596.32
10645,474,MRI Scan,263.28
10646,50,Physical Examination,1348.18
10647,392,ECG,216.39
10648,196,CT Scan,415.78
10649,495,Blood Test,1389.94
10650,74,Blood Test,451.85
10651,423,Physical Examination,245.52
10652,304,Consultation,916.89
10653,488,Ultrasound,1050.33
10654,400,MRI Scan,1097.26
10655,460,Hospital Stay,1730.81
10656,481,MRI Scan,557.33
10657,344,X-Ray,373.33
10658,485,MRI Scan,559.02
10659,268,Consultation,436.74
10660,166,Hospital Stay,1950.82
10661,461,MRI Scan,267.02
10662,227,X-Ray,1106.32
10663,467,Ultrasound,72.26
10664,1,Physical Examination,989.28
10665,399,Ultrasound,1844.26
10666,240,CT Scan,140.11
10667,294,Blood Test,1983.20
10668,339,CT Scan,899.21
10669,498,Physical Examination,512.61
10670,239,Ultrasound,331.54
10671,310,ECG,55.04
10672,216,CT Scan,1393.63
10673,34,Ultrasound,411.81
10674,49,CT Scan,337.20
10675,145,Physical Examination,1070.93
10676,265,Ultrasound,1143.78
10677,337,Hospital Stay,250.81
10678,200,Medication Charge,483.62
10679,116,X-Ray,804.89
10680,153,ECG,1601.90
10681,132,Medication Charge,887.33
10682,153,MRI Scan,1198.20
10683,43,Ultrasound,122.16
10684,368,Consultation,1237.99
10685,11,Ultrasound,1580.02
10686,129,Medication Charge,114.72
10687,290,CT Scan,1308.09
10688,118,Hospital Stay,304.84
10689,417,MRI Scan,1425.08
10690,306,CT Scan,1381.22
10691,64,Physical Examination,184.85
10692,443,ECG,1139.37
10693,52,Consultation,824.36
10694,279,X-Ray,1180.18
10695,238,Blood Test,951.62
10696,90,MRI Scan,1923.41
10697,473,Consultation,180.62
10698,128,Ultrasound,1470.82
10699,400,ECG,1907.57
10700,206,Blood Test,324.16
10701,58,Ultrasound,1164.20
10702,476,Blood Test,1123.29
10703,262,CT Scan,765.33
10704,142,Physical Examination,70.41
10705,443,Medication Charge,502.21
10706,396,ECG,1113.21
10707,388,Physical Examination,1663.73
10708,99,Medication Charge,1295.62
10709,3,Ultrasound,756.07
10710,123,ECG,1710.00
10711,246,Hospital Stay,709.24
10712,130,Ultrasound,1169.12
10713,396,ECG,288.13
10714,449,X-Ray,1482.09
10715,156,Blood Test,1819.33
10716,392,MRI Scan,343.56
10717,279,Consultation,419.33
10718,293,ECG,766.90
10719,488,Medication Charge,1427.74
10720,290,Medication Charge,73.27
10721,113,ECG,1625.65
10722,442,Medication Charge,934.90
10723,253,CT Scan,208.82
10724,249,Blood Test,424.88
10725,177,Ultrasound,1025.62
10726,465,Blood Test,1791.84
10727,156,MRI Scan,302.66
10728,466,Ultrasound,59.38
10729,48,Ultrasound,544.07
10730,415,Consultation,1533.49
10731,324,Physical Examination,1201.66
10732,107,Consultation,924.03
10733,287,Hospital Stay,274.84
10734,286,CT Scan,1539.73
10735,207,CT Scan,956.34
10736,342,Ultrasound,1722.53
10737,5,Ultrasound,595.64
10738,159,ECG,1886.40
10739,336,Medication Charge,1608.12
10740,233,Consultation,1693.38
10741,328,CT Scan,1532.59
10742,23,Consultation,490.31
10743,136,Medication Charge,1592.93
10744,384,CT Scan,700.00
10745,387,CT Scan,1797.47
10746,136,ECG,276.81
10747,1,Hospital Stay,1108.55
10748,460,Physical Examination,1724.63
10749,301,Hospital Stay,1416.77
10750,225,Consultation,1695.21
10751,278,MRI Scan,1982.11
10752,199,Blood Test,1720.07
10753,433,Hospital Stay,366.29
10754,27,CT Scan,1208.99
10755,435,Medication Charge,1787.45
10756,185,Medication Charge,1450.33
10757,154,CT Scan,856.44
10758,61,MRI Scan,259.63
10759,248,Medication Charge,971.68
10760,158,CT Scan,756.01
10761,345,ECG,865.74
10762,237,X-Ray,1047.89
10763,405,CT Scan,345.82
10764,199,Medication Charge,459.67
10765,260,ECG,573.31
10766,349,Blood Test,1528.51
10767,297,Blood Test,1237.27
10768,133,Ultrasound,1080.43
10769,179,Ultrasound,72.25
10770,223,Ultrasound,1460.95
10771,374,Medication Charge,404.89
10772,444,Ultrasound,181.97
10773,266,X-Ray,1866.40
10774,401,Physical Examination,978.90
10775,320,CT Scan,1772.15
10776,456,CT Scan,906.11
10777,192,CT Scan,129.72
10778,335,Consultation,1160.53
10779,458,Ultrasound,331.41
10780,115,CT Scan,963.45
10781,95,CT Scan,186.03
10782,403,MRI Scan,157.59
10783,225,Consultation,1977.29
10784,64,X-Ray,1130.10
10785,215,X-Ray,415.49
10786,407,Blood Test,843.39
10787,496,X-Ray,610.47
10788,84,Consultation,425.56
10789,483,Consultation,151.18
10790,74,Consultation,1252.73
10791,476,Consultation,541.85
10792,195,Blood Test,1585.62
10793,417,Blood Test,1677.31
10794,488,Ultrasound,1153.70
10795,499,Hospital Stay,1430.05
10796,349,Blood Test,827.71
10797,177,X-Ray,421.92
10798,225,Physical Examination,1765.91
10799,166,X-Ray,1217.63
10800,47,X-Ray,1036.40
10801,125,CT Scan,1445.03
10802,25,Blood Test,1581.67
10803,442,Hospital Stay,544.93
10804,454,Physical Examination,705.85
10805,273,CT Scan,1570.75
10806,175,Consultation,257.94
10807,493,Medication Charge,1281.91
10808,392,Physical Examination,1577.44
10809,132,X-Ray,756.11
10810,494,Hospital Stay,1813.80
10811,272,Blood Test,681.77
10812,499,CT Scan,849.88
10813,155,X-Ray,762.07
10814,410,Blood Test,985.36
10815,441,Ultrasound,1123.76
10816,327,CT Scan,1111.50
10817,15,X-Ray,131.98
10818,370,Medication Charge,1904.36
10819,87,MRI Scan,535.76
10820,39,CT Scan,116.66
10821,461,MRI Scan,1261.79
10822,368,ECG,1142.36
10823,494,Ultrasound,1848.88
10824,488,Medication Charge,1562.59
10825,339,X-Ray,1102.89
10826,242,Medication Charge,1072.74
10827,248,X-Ray,1843.39
10828,266,CT Scan,445.82
10829,409,MRI Scan,540.62
10830,81,Hospital Stay,1156.40
10831,409,Ultrasound,388.68
10832,419,MRI Scan,974.08
10833,342,Medication Charge,814.99
10834,154,MRI Scan,882.87
10835,121,Consultation,1532.47
10836,278,Physical Examination,1037.79
10837,242,Blood Test,87.80
10838,41,Blood Test,398.66
10839,250,Hospital Stay,710.03
10840,41,X-Ray,1881.04
10841,76,X-Ray,1474.71
10842,336,Blood Test,210.42
10843,455,CT Scan,753.66
10844,188,Hospital Stay,180.31
10845,142,Physical Examination,1021.66
10846,71,MRI Scan,158.33
10847,455,Hospital Stay,841.29
10848,68,CT Scan,673.10
10849,379,Blood Test,1570.84
10850,183,X-Ray,841.22
10851,349,Medication Charge,922.27
10852,142,X-Ray,1659.21
10853,118,Ultrasound,158.03
10854,274,ECG,620.09
10855,278,Consultation,443.24
10856,294,ECG,1039.99
10857,253,X-Ray,1809.07
10858,353,Physical Examination,471.53
10859,274,Blood Test,881.18
10860,408,MRI Scan,1735.64
10861,172,CT Scan,1956.76
10862,79,Consultation,312.44
10863,249,MRI Scan,572.39
10864,340,Physical Examination,717.37
10865,361,MRI Scan,1260.87
10866,236,Blood Test,236.52
10867,23,MRI Scan,1152.72
10868,255,Medication Charge,1963.37
10869,500,CT Scan,1355.15
10870,15,Medication Charge,301.80
10871,38,Medication Charge,304.86
10872,62,Physical Examination,351.74
10873,371,ECG,296.34
10874,117,X-Ray,1940.59
10875,231,Blood Test,1671.11
10876,295,Consultation,1520.20
10877,300,ECG,1035.77
10878,304,MRI Scan,720.16
10879,494,ECG,1833.25
10880,416,MRI Scan,200.78
10881,432,Consultation,1614.04
10882,331,CT Scan,212.40
10883,308,X-Ray,1948.51
10884,463,CT Scan,701.78
10885,480,CT Scan,640.27
10886,440,MRI Scan,1990.09
10887,494,Hospital Stay,1833.74
10888,154,Physical Examination,1630.87
10889,424,Consultation,1186.51
10890,82,Ultrasound,304.06
10891,308,MRI Scan,1058.41
10892,280,Consultation,1401.55
10893,92,Hospital Stay,1323.61
10894,488,CT Scan,1468.85
10895,121,Ultrasound,1431.15
10896,237,CT Scan,385.11
10897,385,Hospital Stay,629.28
10898,326,Hospital Stay,435.23
10899,453,ECG,1726.86
10900,319,CT Scan,1061.84
10901,85,Medication Charge,1950.25
10902,193,ECG,979.28
10903,173,Ultrasound,1517.73
10904,436,Hospital Stay,484.46
10905,266,Blood Test,1678.09
10906,315,Medication Charge,141.41
10907,413,Consultation,576.91
10908,274,Blood Test,1299.38
10909,65,Hospital Stay,968.26
10910,443,Ultrasound,1923.97
10911,321,Blood Test,1455.94
10912,291,Hospital Stay,68.49
10913,34,Ultrasound,1413.05
10914,248,Consultation,981.87
10915,66,Hospital Stay,1764.01
10916,208,Ultrasound,1404.32
10917,497,X-Ray,295.49
10918,134,Medication Charge,349.89
10919,17,Consultation,854.55
10920,307,Consultation,153.45
10921,390,MRI Scan,1449.77
10922,138,Blood Test,1829.12
10923,348,ECG,339.20
10924,124,MRI Scan,1891.23
10925,59,CT Scan,409.48
10926,94,Ultrasound,655.94
10927,34,Hospital Stay,1008.12
10928,444,ECG,871.15
10929,497,Blood Test,1763.66
10930,325,MRI Scan,1067.32
10931,65,Medication Charge,1604.51
10932,112,ECG,1241.10
10933,378,Hospital Stay,924.33
10934,157,X-Ray,357.93
10935,276,Consultation,1676.43
10936,493,ECG,1252.09
10937,351,Ultrasound,1827.61
10938,247,CT Scan,1604.64
10939,43,ECG,535.93
10940,305,Blood Test,1589.81
10941,86,Ultrasound,1549.84
10942,84,Hospital Stay,956.70
10943,400,Consultation,835.23
10944,6,Blood Test,1453.42
10945,74,Medication Charge,1147.40
10946,295,Blood Test,1421.18
10947,326,Blood Test,893.03
10948,432,CT Scan,842.83
10949,443,Hospital Stay,637.16
10950,232,Physical Examination,1003.34
10951,432,ECG,670.29
10952,338,Blood Test,1443.08
10953,146,X-Ray,1300.53
10954,64,Ultrasound,1257.52
10955,307,X-Ray,1462.03
10956,384,Blood Test,1482.68
10957,227,ECG,1632.28
10958,138,Medication Charge,488.04
10959,101,Hospital Stay,1914.12
10960,351,Medication Charge,830.48
10961,10,Hospital Stay,672.96
10962,109,Medication Charge,1737.00
10963,406,ECG,390.31
10964,241,Physical Examination,1403.13
10965,172,CT Scan,436.35
10966,424,Physical Examination,242.29
10967,114,Consultation,88.40
10968,247,Consultation,590.61
10969,128,Consultation,148.42
10970,118,Ultrasound,654.94
10971,433,X-Ray,347.43
10972,389,CT Scan,1870.14
10973,12,Medication Charge,1100.53
10974,98,CT Scan,356.70
10975,124,Consultation,726.34
10976,166,MRI Scan,829.53
10977,65,Consultation,1651.92
10978,168,MRI Scan,1646.76
10979,250,MRI Scan,762.99
10980,183,ECG,1091.93
10981,256,Blood Test,1617.75
10982,490,Hospital Stay,1286.40
10983,358,Blood Test,583.10
10984,78,Hospital Stay,1895.29
10985,202,Hospital Stay,188.85
10986,304,Medication Charge,354.73
10987,417,ECG,1718.91
10988,68,ECG,503.51
10989,411,Blood Test,1885.69
10990,395,Physical Examination,196.97
10991,47,Consultation,1653.48
10992,376,ECG,1811.67
10993,179,Consultation,1471.99
10994,159,Medication Charge,1923.95
10995,477,MRI Scan,1252.12
10996,448,CT Scan,264.65
10997,355,CT Scan,1723.73
10998,161,ECG,1017.55
10999,63,Ultrasound,892.87
11000,119,X-Ray,1919.65
11001,324,X-Ray,1962.29
11002,210,Consultation,84.03
11003,402,Ultrasound,284.63
11004,211,X-Ray,1698.48
11005,39,Physical Examination,1331.41
11006,457,Ultrasound,513.02
11007,68,Blood Test,1754.30
11008,1,CT Scan,899.85
11009,38,ECG,130.99
11010,79,Blood Test,663.06
11011,288,Ultrasound,1026.90
11012,184,Ultrasound,1211.51
11013,236,MRI Scan,646.84
11014,352,Consultation,1400.82
11015,217,Blood Test,1830.16
11016,259,Blood Test,1503.07
11017,304,Blood Test,263.14
11018,41,Hospital Stay,1542.32
11019,214,MRI Scan,1706.68
11020,376,Consultation,1219.80
11021,249,Physical Examination,1072.67
11022,286,MRI Scan,1099.00
11023,107,Blood Test,598.04
11024,499,Ultrasound,1330.07
11025,198,Consultation,1131.98
11026,59,Ultrasound,1935.43
11027,243,Physical Examination,1481.03
11028,46,Physical Examination,1643.74
11029,181,Ultrasound,1865.38
11030,24,ECG,1274.04
11031,339,Medication Charge,794.53
11032,205,Physical Examination,1095.79
11033,83,Ultrasound,983.33
11034,269,Blood Test,73.46
11035,487,X-Ray,1443.34
11036,81,Blood Test,1461.80
11037,284,MRI Scan,1362.80
11038,484,Hospital Stay,922.49
11039,324,Consultation,943.30
11040,181,Ultrasound,601.30
11041,239,Physical Examination,485.39
11042,371,Blood Test,1920.88
11043,114,Blood Test,1548.86
11044,310,CT Scan,1906.98
11045,267,Medication Charge,1188.78
11046,292,ECG,251.32
11047,131,ECG,1955.04
11048,312,Physical Examination,448.62
11049,237,MRI Scan,557.41
11050,247,Hospital Stay,1150.38
11051,484,Ultrasound,788.89
11052,264,Ultrasound,926.41
11053,36,Physical Examination,708.37
11054,252,MRI Scan,213.80
11055,156,ECG,890.66
11056,180,Medication Charge,1601.43
11057,421,Ultrasound,454.10
11058,156,Consultation,1855.95
11059,46,Physical Examination,145.19
11060,321,CT Scan,458.54
11061,478,X-Ray,81.70
11062,17,X-Ray,731.51
11063,428,ECG,885.62
11064,389,Consultation,518.44
11065,241,CT Scan,990.12
11066,124,Blood Test,1370.16
11067,51,Ultrasound,1015.50
11068,286,CT Scan,261.12
11069,401,X-Ray,1687.32
11070,56,ECG,602.18
11071,247,X-Ray,74.60
11072,53,X-Ray,562.11
11073,30,X-Ray,1910.18
11074,490,Hospital Stay,707.18
11075,13,Blood Test,1993.74
11076,152,Medication Charge,1985.48
11077,260,Blood Test,1348.33
11078,301,Physical Examination,1693.72
11079,291,CT Scan,832.85
11080,235,Consultation,1064.84
11081,245,X-Ray,654.22
11082,50,Ultrasound,468.38
11083,104,Hospital Stay,535.02
11084,113,Blood Test,103.62
11085,298,MRI Scan,617.55
11086,161,X-Ray,1249.42
11087,317,Consultation,1972.54
11088,252,Hospital Stay,257.40
11089,291,Medication Charge,1925.46
11090,212,ECG,1981.22
11091,212,Ultrasound,347.58
11092,318,CT Scan,1401.71
11093,184,MRI Scan,1067.64
11094,409,Ultrasound,355.69
11095,173,X-Ray,932.07
11096,168,Ultrasound,158.59
11097,85,X-Ray,537.13
11098,67,Consultation,1798.45
11099,147,Blood Test,775.95
11100,381,CT Scan,930.64
11101,435,MRI Scan,409.68
11102,41,ECG,1061.38
11103,378,Blood Test,1660.83
11104,53,Physical Examination,1709.14
11105,85,Physical Examination,1771.00
11106,7,ECG,185.43
11107,207,Ultrasound,134.72
11108,278,MRI Scan,1707.11
11109,112,Medication Charge,297.82
11110,270,Physical Examination,623.13
11111,142,CT Scan,1288.03
11112,18,Medication Charge,1135.90
11113,410,Consultation,861.75
11114,168,X-Ray,973.59
11115,314,ECG,1666.80
11116,415,Hospital Stay,640.35
11117,80,Blood Test,332.26
11118,410,Hospital Stay,1403.46
11119,77,Hospital Stay,1096.55
11120,429,Ultrasound,423.22
11121,37,Consultation,1743.20
11122,121,CT Scan,199.78
11123,188,Blood Test,491.41
11124,38,MRI Scan,1831.13
11125,17,X-Ray,791.51
11126,195,Medication Charge,1633.74
11127,472,Hospital Stay,1586.57
11128,310,Consultation,1355.60
11129,210,Blood Test,797.31
11130,13,Hospital Stay,935.69
11131,401,MRI Scan,1753.05
11132,291,MRI Scan,1670.10
11133,418,Medication Charge,1618.26
11134,316,X-Ray,1480.59
11135,434,Ultrasound,1915.01
11136,347,Medication Charge,328.88
11137,156,CT Scan,847.95
11138,283,Consultation,614.46
11139,497,Blood Test,479.87
11140,41,Hospital Stay,231.81
11141,387,MRI Scan,1055.55
11142,57,Physical Examination,1285.30
11143,160,Blood Test,1900.12
11144,176,MRI Scan,1409.94
11145,119,X-Ray,663.98
11146,60,CT Scan,1754.05
11147,343,Blood Test,653.95
11148,231,Blood Test,1029.54
11149,213,Blood Test,1166.42
11150,141,Blood Test,1623.01
11151,463,Ultrasound,933.81
11152,152,Physical Examination,944.60
11153,109,MRI Scan,92.47
11154,54,Hospital Stay,1628.18
11155,182,Ultrasound,579.94
11156,243,X-Ray,1895.41
11157,79,CT Scan,689.84
11158,242,Medication Charge,574.15
11159,28,CT Scan,1465.01
11160,14,Consultation,468.85
11161,480,CT Scan,567.77
11162,317,Medication Charge,1246.20
11163,497,Physical Examination,927.07
11164,310,Consultation,531.52
11165,55,Consultation,816.71
11166,497,Medication Charge,613.41
11167,96,Ultrasound,1928.77
11168,37,Blood Test,1675.24
11169,9,Consultation,377.27
11170,389,CT Scan,733.66
11171,482,MRI Scan,1420.51
11172,285,Blood Test,727.98
11173,474,Ultrasound,520.80
11174,351,Blood Test,208.37
11175,274,Medication Charge,841.79
11176,171,Hospital Stay,843.66
11177,49,X-Ray,678.13
11178,203,Blood Test,807.57
11179,148,Blood Test,169.79
11180,226,Hospital Stay,1903.64
11181,205,CT Scan,1218.92
11182,449,Physical Examination,788.21
11183,326,Medication Charge,1641.80
11184,303,Hospital Stay,1042.09
11185,265,MRI Scan,961.23
11186,460,Consultation,840.31
11187,55,Blood Test,1977.04
11188,472,CT Scan,1605.97
11189,3,MRI Scan,916.81
11190,487,Consultation,1324.99
11191,161,Medication Charge,1819.53
11192,305,Consultation,1627.44
11193,418,Blood Test,916.09
11194,53,MRI Scan,1866.58
11195,38,CT Scan,257.90
11196,361,Ultrasound,1672.69
11197,19,Hospital Stay,1251.37
11198,88,MRI Scan,572.70
11199,151,MRI Scan,1892.39
11200,415,ECG,701.67
11201,304,Ultrasound,923.09
11202,117,Consultation,504.92
11203,339,Physical Examination,640.92
11204,290,Ultrasound,1970.61
11205,474,ECG,779.35
11206,83,Consultation,1156.72
11207,56,CT Scan,1563.50
11208,14,Consultation,1467.44
11209,185,Consultation,1818.40
11210,449,Blood Test,656.68
11211,356,Medication Charge,1188.03
11212,197,Ultrasound,1960.90
11213,110,Ultrasound,1449.38
11214,491,Medication Charge,981.36
11215,426,CT Scan,508.95
11216,233,Consultation,1924.98
11217,445,Hospital Stay,1538.53
11218,356,X-Ray,582.44
11219,254,X-Ray,1861.73
11220,101,Physical Examination,1654.23
11221,434,Physical Examination,783.43
11222,169,Consultation,1679.41
11223,79,CT Scan,1334.76
11224,199,Physical Examination,933.81
11225,48,Hospital Stay,1417.53
11226,474,Consultation,583.29
11227,103,MRI Scan,1794.37
11228,247,Medication Charge,811.51
11229,480,Blood Test,889.32
11230,188,ECG,1140.47
11231,52,CT Scan,1751.79
11232,423,ECG,951.89
11233,65,MRI Scan,1767.63
11234,63,Ultrasound,315.68
11235,13,Ultrasound,1410.10
11236,301,Physical Examination,1244.09
11237,479,ECG,1512.72
11238,202,Hospital Stay,831.26
11239,420,Medication Charge,1093.47
11240,306,CT Scan,80.37
11241,481,Hospital Stay,1342.11
11242,322,ECG,753.21
11243,3,Consultation,1218.63
11244,122,Hospital Stay,1339.75
11245,244,MRI Scan,1462.38
11246,203,Ultrasound,1909.84
11247,299,X-Ray,756.13
11248,65,Medication Charge,1675.81
11249,333,Blood Test,692.07
11250,319,X-Ray,809.39
11251,28,Blood Test,143.43
11252,42,MRI Scan,1351.08
11253,384,Blood Test,212.17
11254,168,Ultrasound,193.91
11255,37,Medication Charge,946.36
11256,288,Hospital Stay,1586.17
11257,496,Medication Charge,1272.26
11258,42,X-Ray,1897.74
11259,438,Consultation,52.35
11260,345,Physical Examination,1048.39
11261,336,Consultation,1085.17
11262,156,Ultrasound,1672.81
11263,320,Blood Test,1540.12
11264,352,Physical Examination,1712.76
11265,245,X-Ray,433.45
11266,478,Consultation,193.47
11267,136,Hospital Stay,1081.99
11268,253,CT Scan,1899.94
11269,126,Ultrasound,1719.35
11270,481,ECG,1940.38
11271,372,Ultrasound,186.90
11272,71,X-Ray,1976.26
11273,396,Physical Examination,1116.55
11274,450,X-Ray,90.93
11275,110,MRI Scan,1076.23
11276,204,Hospital Stay,287.05
11277,197,MRI Scan,1294.25
11278,322,Consultation,1665.52
11279,80,Consultation,856.25
11280,392,MRI Scan,1396.04
11281,224,Medication Charge,515.53
11282,260,Consultation,667.89
11283,321,Medication Charge,1202.56
11284,212,CT Scan,897.36
11285,8,Consultation,337.32
11286,401,Medication Charge,1349.53
11287,366,Medication Charge,1481.64
11288,338,X-Ray,1956.15
11289,72,Physical Examination,340.91
11290,455,Ultrasound,1619.83
11291,467,MRI Scan,390.87
11292,455,Medication Charge,518.78
11293,299,Hospital Stay,1229.78
11294,320,Medication Charge,675.71
11295,441,X-Ray,1875.75
11296,161,X-Ray,1818.65
11297,213,Hospital Stay,553.37
11298,351,Physical Examination,592.92
11299,493,Consultation,1612.80
11300,383,Ultrasound,1545.15
11301,374,Physical Examination,898.26
11302,58,MRI Scan,195.05
11303,401,Consultation,480.53
11304,219,Hospital Stay,97.40
11305,363,Physical Examination,97.82
11306,288,CT Scan,983.86
11307,431,ECG,668.66
11308,179,Medication Charge,1365.89
11309,401,Blood Test,1553.30
11310,466,Ultrasound,1412.27
11311,86,CT Scan,1084.76
11312,476,Medication Charge,151.65
11313,473,ECG,1175.40
11314,353,X-Ray,80.83
11315,374,Hospital Stay,1911.33
11316,489,Consultation,962.53
11317,60,Ultrasound,398.23
11318,371,Ultrasound,820.78
11319,12,Consultation,334.22
11320,166,Physical Examination,629.07
11321,275,Blood Test,391.66
11322,164,ECG,1332.89
11323,302,Medication Charge,1905.21
11324,240,Consultation,1456.89
11325,497,Medication Charge,431.35
11326,426,ECG,1954.65
11327,437,Medication Charge,665.90
11328,178,MRI Scan,1150.43
11329,330,X-Ray,546.97
11330,232,Hospital Stay,1380.27
11331,38,MRI Scan,984.99
11332,111,Ultrasound,1928.19
11333,234,Blood Test,475.92
11334,271,Ultrasound,339.41
11335,182,Ultrasound,1917.79
11336,238,Ultrasound,252.94
11337,83,ECG,1898.75
11338,150,X-Ray,450.31
11339,16,Blood Test,1108.93
11340,186,Ultrasound,1914.67
11341,17,Physical Examination,1413.88
11342,296,X-Ray,1275.14
11343,327,Physical Examination,321.67
11344,239,Consultation,1925.02
11345,430,X-Ray,1608.77
11346,21,CT Scan,1381.76
11347,268,Physical Examination,445.31
11348,88,CT Scan,497.58
11349,219,ECG,1536.87
11350,149,Physical Examination,730.42
11351,95,Blood Test,970.28
11352,4,MRI Scan,1253.51
11353,433,Blood Test,1123.31
11354,71,Physical Examination,966.42
11355,425,MRI Scan,901.86
11356,367,X-Ray,1005.61
11357,358,Ultrasound,1535.96
11358,108,Ultrasound,686.18
11359,81,Medication Charge,1476.17
11360,168,ECG,697.43
11361,351,Blood Test,85.72
11362,187,MRI Scan,113.10
11363,59,Medication Charge,641.97
11364,276,Hospital Stay,1434.51
11365,66,Ultrasound,1760.37
11366,107,Blood Test,75.09
11367,215,Blood Test,1992.26
11368,69,X-Ray,519.22
11369,20,X-Ray,1504.35
11370,271,Consultation,55.50
11371,464,Consultation,1355.85
11372,350,X-Ray,1760.45
11373,328,Hospital Stay,435.11
11374,234,ECG,1623.41
11375,295,MRI Scan,1962.19
11376,393,Medication Charge,326.01
11377,490,Physical Examination,108.76
11378,311,MRI Scan,1748.84
11379,364,Ultrasound,481.17
11380,217,Ultrasound,1243.82
11381,429,Physical Examination,968.93
11382,347,Hospital Stay,68.04
11383,106,Blood Test,545.77
11384,143,Hospital Stay,175.34
11385,10,Ultrasound,244.20
11386,201,Hospital Stay,1181.56
11387,3,Blood Test,1387.26
11388,148,Hospital Stay,1588.12
11389,170,Physical Examination,103.57
11390,169,MRI Scan,1005.11
11391,154,X-Ray,1181.21
11392,212,X-Ray,1055.66
11393,301,X-Ray,626.65
11394,61,ECG,61.84
11395,419,Blood Test,1325.68
11396,494,Ultrasound,1249.78
11397,362,Ultrasound,242.50
11398,369,Consultation,288.23
11399,429,X-Ray,1431.28
11400,191,X-Ray,1411.36
11401,357,X-Ray,309.66
11402,407,Physical Examination,1874.12
11403,167,Physical Examination,1683.03
11404,99,CT Scan,1313.45
11405,326,Hospital Stay,508.27
11406,472,Hospital Stay,1493.33
11407,489,Hospital Stay,1019.04
11408,208,X-Ray,1879.92
11409,383,Consultation,1211.84
11410,24,MRI Scan,219.53
11411,469,ECG,1563.77
11412,419,ECG,672.72
11413,352,Ultrasound,1677.91
11414,238,CT Scan,1423.04
11415,283,Physical Examination,395.48
11416,21,Consultation,210.79
11417,228,Hospital Stay,1086.47
11418,10,Consultation,88.75
11419,466,ECG,1614.57
11420,274,Physical Examination,63.64
11421,389,Medication Charge,968.23
11422,429,Physical Examination,891.94
11423,410,Hospital Stay,1662.29
11424,68,X-Ray,1237.85
11425,458,Consultation,767.55
11426,360,ECG,1921.27
11427,394,Hospital Stay,1338.46
11428,187,Medication Charge,1764.60
11429,24,ECG,1486.08
11430,181,Medication Charge,843.19
11431,165,CT Scan,1017.05
11432,311,MRI Scan,258.60
11433,97,CT Scan,1979.41
11434,409,Physical Examination,485.82
11435,363,Hospital Stay,1529.26
11436,240,Ultrasound,1944.55
11437,227,Hospital Stay,684.02
11438,445,MRI Scan,221.14
11439,200,Blood Test,1121.51
11440,457,ECG,1937.56
11441,293,CT Scan,1827.55
11442,20,MRI Scan,1762.48
11443,338,X-Ray,403.99
11444,398,Consultation,442.76
11445,364,Physical Examination,1210.47
11446,193,Blood Test,65.14
11447,264,Consultation,580.97
11448,222,MRI Scan,303.31
11449,260,Medication Charge,1781.84
11450,301,Medication Charge,1456.96
11451,4,CT Scan,597.49
11452,463,MRI Scan,1493.92
11453,383,Consultation,1474.52
11454,293,Medication Charge,1522.45
11455,246,Medication Charge,1773.52
11456,433,Medication Charge,296.96
11457,54,ECG,1407.07
11458,479,Blood Test,1829.11
11459,439,Consultation,461.93
11460,347,CT Scan,1508.93
11461,452,Physical Examination,1369.42
11462,452,X-Ray,1051.06
11463,376,Physical Examination,1728.52
11464,263,Ultrasound,1049.43
11465,54,Physical Examination,1557.29
11466,133,Consultation,1939.85
11467,240,Ultrasound,1408.52
11468,27,Medication Charge,66.68
11469,3,CT Scan,512.56
11470,301,Hospital Stay,1250.18
11471,314,Hospital Stay,1574.58
11472,161,CT Scan,1383.78
11473,329,Hospital Stay,1745.62
11474,159,Hospital Stay,265.12
11475,494,Blood Test,931.20
11476,298,X-Ray,1500.44
11477,70,Ultrasound,1298.49
11478,475,ECG,605.38
11479,119,Hospital Stay,1548.75
11480,426,ECG,1987.35
11481,56,Ultrasound,110.44
11482,410,Hospital Stay,536.50
11483,297,Physical Examination,458.13
11484,313,Physical Examination,692.31
11485,321,Medication Charge,1494.51
11486,237,Medication Charge,1422.88
11487,294,Ultrasound,759.55
11488,438,ECG,928.36
11489,388,Consultation,1847.77
11490,255,ECG,862.45
11491,409,Physical Examination,190.48
11492,245,Physical Examination,653.39
11493,422,Consultation,1982.42
11494,347,Blood Test,1003.17
11495,490,Consultation,160.74
11496,227,MRI Scan,1622.42
11497,431,CT Scan,958.10
11498,199,MRI Scan,1766.31
11499,352,Consultation,666.79
11500,14,Blood Test,1009.26
11501,274,Consultation,806.41
11502,81,X-Ray,421.96
11503,367,Physical Examination,677.02
11504,7,Consultation,1813.17
11505,210,Medication Charge,1196.34
11506,175,X-Ray,1910.17
11507,171,Blood Test,1469.69
11508,115,MRI Scan,1541.71
11509,493,X-Ray,1862.91
11510,350,Ultrasound,664.37
11511,82,CT Scan,513.89
11512,356,ECG,1627.28
11513,146,Medication Charge,928.46
11514,135,Medication Charge,1395.45
11515,97,X-Ray,1938.73
11516,126,Hospital Stay,990.04
11517,39,Hospital Stay,876.57
11518,314,ECG,1778.15
11519,300,Consultation,1435.20
11520,161,ECG,722.12
11521,232,Blood Test,1830.83
11522,77,Blood Test,129.86
11523,59,CT Scan,540.38
11524,100,Ultrasound,1950.03
11525,136,ECG,1149.02
11526,410,CT Scan,1608.43
11527,57,X-Ray,260.16
11528,289,Consultation,1857.98
11529,306,MRI Scan,1915.28
11530,76,CT Scan,1370.15
11531,387,Blood Test,1693.34
11532,167,Blood Test,903.32
11533,208,MRI Scan,1816.95
11534,87,X-Ray,1817.39
11535,278,Consultation,1329.62
11536,324,Blood Test,761.12
11537,152,Hospital Stay,867.53
11538,356,ECG,534.25
11539,3,Hospital Stay,773.41
11540,166,ECG,1182.23
11541,27,X-Ray,1940.57
11542,109,ECG,885.97
11543,256,CT Scan,1000.21
11544,276,Medication Charge,1613.92
11545,160,Consultation,502.57
11546,71,CT Scan,849.39
11547,99,Medication Charge,1460.19
11548,32,Hospital Stay,1372.83
11549,211,Blood Test,107.00
11550,92,Consultation,830.60
11551,194,X-Ray,1898.68
11552,218,Medication Charge,83.88
11553,485,X-Ray,341.85
11554,289,CT Scan,780.32
11555,173,Blood Test,830.80
11556,235,Medication Charge,122.40
11557,330,CT Scan,96.33
11558,370,MRI Scan,1914.56
11559,348,MRI Scan,386.65
11560,29,Consultation,1188.84
11561,107,Hospital Stay,653.21
11562,17,CT Scan,901.03
11563,244,X-Ray,1829.11
11564,196,X-Ray,1469.83
11565,283,Consultation,1387.44
11566,387,Consultation,1196.92
11567,326,MRI Scan,1494.23
11568,81,Medication Charge,1843.74
11569,401,Medication Charge,336.08
11570,2,ECG,487.45
11571,246,MRI Scan,361.25
11572,471,Ultrasound,132.14
11573,29,Physical Examination,295.55
11574,75,Physical Examination,504.69
11575,238,CT Scan,1509.77
11576,94,CT Scan,1569.84
11577,162,Hospital Stay,1259.86
11578,166,CT Scan,1483.91
11579,275,CT Scan,1589.11
11580,457,Physical Examination,1870.39
11581,32,Ultrasound,427.36
11582,82,Physical Examination,1669.66
11583,383,Blood Test,1921.97
11584,86,Ultrasound,1953.28
11585,284,Blood Test,1808.00
11586,133,Ultrasound,1422.19
11587,188,Physical Examination,1180.20
11588,71,Hospital Stay,1007.59
11589,7,Medication Charge,863.06
11590,355,Blood Test,1311.13
11591,454,Hospital Stay,907.92
11592,356,Hospital Stay,1837.79
11593,176,X-Ray,755.48
11594,112,CT Scan,1122.72
11595,356,Hospital Stay,965.08
11596,281,Physical Examination,558.70
11597,227,Blood Test,1630.40
11598,358,Medication Charge,581.54
11599,163,CT Scan,962.80
11600,398,Blood Test,1988.31
11601,45,X-Ray,1814.52
11602,264,Physical Examination,1232.99
11603,489,X-Ray,1114.22
11604,80,Ultrasound,1068.78
11605,408,Medication Charge,315.85
11606,408,X-Ray,1792.48
11607,352,MRI Scan,1429.52
11608,388,Ultrasound,551.46
11609,225,Blood Test,52.55
11610,101,CT Scan,195.34
11611,265,Ultrasound,114.89
11612,199,Ultrasound,1108.36
11613,6,Consultation,194.83
11614,430,Ultrasound,787.10
11615,242,Medication Charge,1684.32
11616,326,MRI Scan,331.47
11617,299,Physical Examination,422.27
11618,64,X-Ray,1533.89
11619,135,X-Ray,1135.46
11620,185,Consultation,1966.81
11621,345,Hospital Stay,212.25
11622,205,Blood Test,215.24
11623,310,MRI Scan,1955.35
11624,285,Hospital Stay,1134.52
11625,268,CT Scan,55.39
11626,360,MRI Scan,969.00
11627,355,Physical Examination,1569.92
11628,351,Ultrasound,997.50
11629,460,MRI Scan,765.69
11630,21,CT Scan,961.31
11631,53,Blood Test,969.03
11632,147,Blood Test,605.71
11633,116,Ultrasound,1951.33
11634,297,ECG,1477.42
11635,306,Ultrasound,933.37
11636,78,Hospital Stay,853.95
11637,343,Blood Test,688.67
11638,35,MRI Scan,118.23
11639,425,Medication Charge,1854.05
11640,27,CT Scan,149.44
11641,55,CT Scan,1132.77
11642,186,Blood Test,1466.70
11643,7,ECG,143.73
11644,179,Hospital Stay,1152.42
11645,84,Consultation,1421.49
11646,317,X-Ray,113.91
11647,7,X-Ray,1259.20
11648,454,CT Scan,760.73
11649,320,Medication Charge,973.07
11650,332,CT Scan,1365.16
11651,335,ECG,1298.01
11652,445,Medication Charge,873.41
11653,305,CT Scan,1508.92
11654,131,X-Ray,725.77
11655,197,Medication Charge,1538.93
11656,133,X-Ray,159.50
11657,43,Ultrasound,604.22
11658,179,Consultation,909.58
11659,21,ECG,231.19
11660,460,Consultation,514.79
11661,480,Medication Charge,1546.33
11662,445,CT Scan,1589.36
11663,408,Ultrasound,1496.04
11664,395,Medication Charge,922.21
11665,274,MRI Scan,1499.91
11666,462,Ultrasound,1545.89
11667,3,Physical Examination,674.45
11668,255,MRI Scan,1626.25
11669,235,Hospital Stay,1217.49
11670,24,ECG,1065.88
11671,316,Ultrasound,1056.61
11672,41,Hospital Stay,582.10
11673,314,Blood Test,1055.24
11674,109,ECG,1031.47
11675,88,Hospital Stay,1482.22
11676,346,ECG,916.21
11677,136,ECG,102.28
11678,317,Medication Charge,1137.79
11679,108,X-Ray,553.95
11680,392,Consultation,668.81
11681,499,CT Scan,1486.44
11682,56,MRI Scan,1807.66
11683,47,Blood Test,1826.54
11684,266,ECG,1611.33
11685,442,MRI Scan,1926.21
11686,129,Ultrasound,1370.98
11687,460,Physical Examination,1238.89
11688,343,ECG,1213.09
11689,420,X-Ray,198.93
11690,183,Medication Charge,853.50
11691,257,Consultation,152.01
11692,338,CT Scan,1460.27
11693,102,Hospital Stay,1401.70
11694,436,Physical Examination,66.21
11695,389,Blood Test,1775.26
11696,76,Ultrasound,566.16
11697,178,Medication Charge,1937.22
11698,254,X-Ray,66.87
11699,436,ECG,628.19
11700,424,X-Ray,1654.14
11701,265,CT Scan,1846.71
11702,281,MRI Scan,1450.61
11703,73,MRI Scan,1715.04
11704,412,Hospital Stay,967.44
11705,350,Hospital Stay,1237.26
11706,277,Hospital Stay,921.37
11707,198,Blood Test,624.64
11708,299,Consultation,1874.18
11709,491,MRI Scan,989.47
11710,281,Hospital Stay,1380.28
11711,407,X-Ray,207.18
11712,221,MRI Scan,943.12
11713,256,ECG,1093.90
11714,415,Hospital Stay,721.07
11715,74,Medication Charge,1672.75
11716,93,Ultrasound,919.73
11717,483,Ultrasound,1258.36
11718,258,Physical Examination,1315.65
11719,233,Medication Charge,1986.64
11720,269,CT Scan,1884.38
11721,170,Hospital Stay,593.62
11722,263,Hospital Stay,1772.78
11723,389,Hospital Stay,1934.63
11724,121,Hospital Stay,58.33
11725,471,Medication Charge,1856.10
11726,70,Medication Charge,1982.69
11727,110,Ultrasound,1989.71
11728,470,Blood Test,1397.95
11729,493,Medication Charge,898.18
11730,357,CT Scan,699.10
11731,33,Medication Charge,457.15
11732,193,Consultation,1056.07
11733,14,MRI Scan,348.72
11734,143,Physical Examination,608.37
11735,151,CT Scan,1227.88
11736,217,ECG,843.89
11737,472,MRI Scan,1963.32
11738,210,Physical Examination,1616.47
11739,70,X-Ray,1417.40
11740,123,Blood Test,1933.87
11741,416,CT Scan,105.03
11742,215,ECG,1245.91
11743,266,Blood Test,1739.46
11744,496,Consultation,249.17
11745,18,X-Ray,1427.78
11746,231,Hospital Stay,520.48
11747,28,Consultation,1682.14
11748,492,X-Ray,1626.43
11749,468,CT Scan,181.44
11750,212,X-Ray,604.32
11751,234,ECG,865.82
11752,442,MRI Scan,1609.61
11753,54,X-Ray,1269.81
11754,108,Physical Examination,1412.13
11755,252,Physical Examination,1702.50
11756,286,CT Scan,1102.19
11757,409,Blood Test,1817.03
11758,214,MRI Scan,671.95
11759,452,Hospital Stay,726.10
11760,442,Physical Examination,696.09
11761,206,Ultrasound,501.71
11762,222,ECG,1431.87
11763,152,MRI Scan,1069.63
11764,15,X-Ray,1275.53
11765,283,Physical Examination,393.24
11766,72,MRI Scan,1879.38
11767,469,Physical Examination,1424.54
11768,196,Ultrasound,1188.80
11769,467,ECG,1676.65
11770,315,Hospital Stay,810.72
11771,473,Medication Charge,1075.65
11772,159,X-Ray,1096.87
11773,456,X-Ray,1987.39
11774,431,Physical Examination,1980.79
11775,230,Blood Test,690.26
11776,23,Consultation,204.52
11777,113,X-Ray,1638.26
11778,277,Physical Examination,1740.74
11779,236,MRI Scan,1595.71
11780,387,X-Ray,458.74
11781,82,Blood Test,455.57
11782,222,Ultrasound,1069.76
11783,151,X-Ray,1585.91
11784,476,CT Scan,1113.02
11785,70,Ultrasound,1892.25
11786,360,ECG,413.00
11787,74,Physical Examination,952.40
11788,194,Blood Test,1458.63
11789,77,Blood Test,1036.35
11790,468,CT Scan,925.23
11791,116,Hospital Stay,903.38
11792,41,Blood Test,843.06
11793,341,Physical Examination,493.73
11794,114,Hospital Stay,1293.57
11795,178,ECG,986.66
11796,176,Ultrasound,388.29
11797,489,X-Ray,1724.62
11798,436,CT Scan,1024.43
11799,366,Blood Test,159.07
11800,170,Consultation,712.33
11801,183,Medication Charge,966.14
11802,32,X-Ray,1563.10
11803,113,X-Ray,381.92
11804,177,CT Scan,1849.42
11805,12,Hospital Stay,1432.91
11806,404,Hospital Stay,131.43
11807,373,X-Ray,695.58
11808,173,Hospital Stay,1821.07
11809,267,Medication Charge,1466.57
11810,359,Consultation,1963.15
11811,408,CT Scan,1790.13
11812,235,Blood Test,621.68
11813,54,Ultrasound,979.52
11814,286,Physical Examination,1714.93
11815,36,ECG,1587.99
11816,216,Hospital Stay,829.48
11817,331,CT Scan,504.05
11818,201,ECG,791.22
11819,6,Hospital Stay,1929.62
11820,143,Physical Examination,1358.85
11821,460,Hospital Stay,1504.95
11822,221,CT Scan,1504.92
11823,107,X-Ray,1437.77
11824,320,MRI Scan,1931.44
11825,84,Hospital Stay,1111.51
11826,170,ECG,1092.59
11827,471,CT Scan,106.56
11828,338,Ultrasound,1787.78
11829,123,Medication Charge,560.45
11830,161,Medication Charge,1688.60
11831,347,Hospital Stay,1919.83
11832,216,Hospital Stay,111.96
11833,212,Blood Test,1290.55
11834,305,ECG,452.34
11835,44,X-Ray,1890.91
11836,25,Consultation,1725.94
11837,126,Medication Charge,1047.72
11838,356,MRI Scan,520.58
11839,485,Physical Examination,1022.66
11840,444,Ultrasound,330.37
11841,115,Consultation,743.91
11842,282,Medication Charge,154.02
11843,457,Physical Examination,1561.37
11844,39,Blood Test,1104.63
11845,9,MRI Scan,763.65
11846,112,Consultation,941.22
11847,429,Consultation,685.85
11848,235,Blood Test,302.14
11849,336,CT Scan,1007.45
11850,262,CT Scan,188.21
11851,164,Ultrasound,763.34
11852,221,Medication Charge,767.78
11853,357,Medication Charge,1352.18
11854,152,ECG,1923.39
11855,175,Medication Charge,719.36
11856,292,ECG,1953.71
11857,14,ECG,682.21
11858,333,Consultation,1392.24
11859,199,X-Ray,1148.13
11860,324,MRI Scan,914.07
11861,154,Physical Examination,760.87
11862,456,Hospital Stay,1800.26
11863,287,Consultation,1267.32
11864,483,X-Ray,1394.87
11865,68,ECG,329.65
11866,478,Blood Test,1887.69
11867,458,Physical Examination,1308.21
11868,257,X-Ray,1560.94
11869,39,Ultrasound,1317.72
11870,50,MRI Scan,1240.00
11871,364,X-Ray,230.44
11872,427,ECG,1008.28
11873,364,Hospital Stay,673.36
11874,31,Consultation,128.70
11875,414,X-Ray,973.49
11876,198,Medication Charge,1769.33
11877,238,Consultation,100.16
11878,375,Physical Examination,325.92
11879,487,Blood Test,417.68
11880,374,ECG,1382.24
11881,124,X-Ray,1460.82
11882,47,X-Ray,1488.76
11883,146,Hospital Stay,68.73
11884,360,X-Ray,1186.36
11885,396,Ultrasound,505.43
11886,330,Blood Test,1172.96
11887,47,X-Ray,1604.57
11888,46,Physical Examination,1807.30
11889,186,X-Ray,739.48
11890,293,ECG,1186.84
11891,32,Blood Test,600.51
11892,419,CT Scan,1235.18
11893,130,MRI Scan,315.78
11894,467,Consultation,1813.26
11895,167,Hospital Stay,842.94
11896,45,Physical Examination,1805.09
11897,45,MRI Scan,447.70
11898,155,Consultation,560.87
11899,258,ECG,972.33
11900,104,Consultation,1221.61
11901,352,Medication Charge,893.19
11902,91,CT Scan,883.66
11903,213,MRI Scan,412.00
11904,123,Hospital Stay,1647.80
11905,60,MRI Scan,343.94
11906,396,X-Ray,1257.53
11907,453,Consultation,1029.88
11908,115,Blood Test,229.92
11909,304,Hospital Stay,1142.94
11910,84,Medication Charge,1075.00
11911,309,Blood Test,1134.31
11912,331,Physical Examination,1437.24
11913,297,Ultrasound,1370.98
11914,155,ECG,357.68
11915,60,Medication Charge,260.00
11916,295,Medication Charge,120.40
11917,79,MRI Scan,1357.87
11918,99,ECG,815.48
11919,288,Consultation,233.50
11920,492,X-Ray,505.33
11921,221,Ultrasound,1003.66
11922,154,MRI Scan,1827.00
11923,44,Blood Test,1723.60
11924,112,Physical Examination,1808.73
11925,48,Medication Charge,274.55
11926,260,CT Scan,616.60
11927,165,Blood Test,268.43
11928,370,Consultation,1574.36
11929,12,Consultation,581.24
11930,410,Hospital Stay,1205.25
11931,221,Blood Test,1918.39
11932,40,Hospital Stay,1794.01
11933,244,Ultrasound,722.64
11934,424,CT Scan,934.87
11935,385,X-Ray,748.31
11936,441,CT Scan,346.45
11937,39,Ultrasound,1524.01
11938,107,MRI Scan,819.03
11939,428,Consultation,1341.17
11940,492,Physical Examination,1469.77
11941,48,Blood Test,665.14
11942,456,CT Scan,1954.28
11943,498,Blood Test,1910.51
11944,389,Medication Charge,1243.50
11945,441,Consultation,167.83
11946,205,CT Scan,94.28
11947,177,Medication Charge,1234.69
11948,207,Medication Charge,1732.19
11949,496,Ultrasound,824.57
11950,310,Consultation,1729.53
11951,71,Consultation,475.49
11952,237,Blood Test,107.09
11953,56,ECG,1069.68
11954,5,Blood Test,1181.00
11955,444,MRI Scan,584.98
11956,25,Physical Examination,870.67
11957,128,X-Ray,471.60
11958,111,Blood Test,1608.21
11959,208,ECG,1784.63
11960,399,CT Scan,621.65
11961,452,Physical Examination,1402.30
11962,283,Consultation,1264.95
11963,334,X-Ray,524.64
11964,172,Medication Charge,1477.81
11965,431,Medication Charge,1011.13
11966,73,Physical Examination,1709.29
11967,167,Physical Examination,1685.01
11968,73,ECG,1123.30
11969,173,Hospital Stay,744.34
11970,446,MRI Scan,462.57
11971,394,MRI Scan,1793.62
11972,489,Ultrasound,1574.36
11973,494,Consultation,1842.71
11974,266,X-Ray,1567.66
11975,121,Ultrasound,1016.44
11976,288,Consultation,1118.22
11977,251,Consultation,822.94
11978,289,Consultation,333.47
11979,124,Physical Examination,83.14
11980,133,Consultation,851.83
11981,225,ECG,1061.82
11982,212,Ultrasound,1802.24
11983,141,Physical Examination,889.92
11984,246,Hospital Stay,241.62
11985,119,CT Scan,1545.11
11986,67,Blood Test,830.63
11987,55,CT Scan,699.19
11988,456,X-Ray,1171.42
11989,247,Ultrasound,122.77
11990,134,ECG,1051.10
11991,3,Physical Examination,251.71
11992,384,Hospital Stay,543.47
11993,41,ECG,906.85
11994,279,MRI Scan,1428.13
11995,365,Consultation,1420.94
11996,457,MRI Scan,191.75
11997,276,Ultrasound,280.61
11998,158,Ultrasound,1838.99
11999,441,Consultation,1761.03
12000,39,MRI Scan,1056.97
12001,86,Ultrasound,1509.61
12002,12,ECG,716.31
12003,364,Hospital Stay,789.21
12004,180,Hospital Stay,392.13
12005,204,Physical Examination,1941.06
12006,195,Physical Examination,1518.47
12007,474,Consultation,1024.67
12008,46,Hospital Stay,1623.56
12009,102,Hospital Stay,1760.71
12010,347,Hospital Stay,1282.17
12011,162,Hospital Stay,1984.17
12012,434,Medication Charge,740.64
12013,211,Ultrasound,105.89
12014,119,Blood Test,1709.89
12015,48,Medication Charge,1912.80
12016,330,X-Ray,346.77
12017,398,X-Ray,1915.10
12018,496,Physical Examination,783.99
12019,301,CT Scan,1818.84
12020,352,X-Ray,1396.41
12021,334,CT Scan,1500.30
12022,412,Consultation,811.63
12023,272,Consultation,1093.40
12024,337,Blood Test,1887.49
12025,167,CT Scan,91.88
12026,405,Medication Charge,427.67
12027,16,Medication Charge,1168.49
12028,209,ECG,114.64
12029,59,MRI Scan,418.50
12030,412,Hospital Stay,1719.46
12031,386,Blood Test,519.07
12032,418,Physical Examination,1275.31
12033,288,Hospital Stay,418.20
12034,382,CT Scan,1635.26
12035,18,Blood Test,1397.50
12036,89,CT Scan,1859.51
12037,170,Medication Charge,704.00
12038,364,MRI Scan,644.52
12039,93,Medication Charge,1911.58
12040,131,Hospital Stay,1245.46
12041,199,Ultrasound,1173.35
12042,151,X-Ray,1678.85
12043,380,CT Scan,1693.01
12044,358,ECG,1697.24
12045,67,CT Scan,718.45
12046,257,Blood Test,1936.10
12047,58,Ultrasound,1935.34
12048,381,MRI Scan,1314.30
12049,229,Consultation,578.26
12050,237,Medication Charge,1341.41
12051,146,ECG,1190.90
12052,120,ECG,1364.61
12053,418,Ultrasound,1437.62
12054,283,Consultation,1655.46
12055,217,Hospital Stay,1823.42
12056,264,Medication Charge,998.51
12057,47,Blood Test,153.39
12058,228,Blood Test,956.99
12059,495,MRI Scan,294.63
12060,365,Medication Charge,603.55
12061,336,ECG,924.52
12062,488,MRI Scan,1488.45
12063,123,Blood Test,1720.05
12064,448,Medication Charge,638.38
12065,145,MRI Scan,1412.76
12066,437,Hospital Stay,388.77
12067,362,Consultation,661.09
12068,180,X-Ray,1584.99
12069,455,Physical Examination,443.89
12070,110,CT Scan,379.51
12071,274,CT Scan,1440.24
12072,441,Ultrasound,1333.95
12073,294,Physical Examination,293.15
12074,107,Blood Test,1840.69
12075,213,ECG,787.80
12076,327,CT Scan,1903.64
12077,242,MRI Scan,1664.48
12078,175,Physical Examination,1142.72
12079,453,MRI Scan,1679.79
12080,444,CT Scan,1921.58
12081,346,Physical Examination,1591.27
12082,143,MRI Scan,1868.10
12083,480,Blood Test,1000.90
12084,296,MRI Scan,276.19
12085,214,MRI Scan,198.33
12086,478,Ultrasound,552.70
12087,196,MRI Scan,1937.28
12088,299,Physical Examination,520.18
12089,389,Medication Charge,942.08
12090,410,Hospital Stay,386.30
12091,393,Hospital Stay,1752.67
12092,251,Consultation,1921.26
12093,417,Physical Examination,1838.63
12094,440,ECG,1941.63
12095,95,Consultation,1019.23
12096,370,CT Scan,1942.45
12097,287,CT Scan,944.06
12098,29,CT Scan,1142.62
12099,455,MRI Scan,1283.42
12100,175,Consultation,386.53
12101,477,MRI Scan,355.81
12102,385,Physical Examination,1665.21
12103,282,X-Ray,1522.16
12104,208,CT Scan,1164.91
12105,300,Blood Test,1248.28
12106,341,Ultrasound,853.27
12107,10,X-Ray,1105.23
12108,185,Consultation,1121.16
12109,111,Medication Charge,1310.85
12110,185,CT Scan,173.20
12111,158,Ultrasound,1528.06
12112,343,Physical Examination,310.51
12113,56,Blood Test,1666.76
12114,97,CT Scan,68.77
12115,388,Medication Charge,1693.42
12116,11,CT Scan,140.95
12117,126,CT Scan,1064.36
12118,32,Physical Examination,1281.45
12119,385,Ultrasound,1842.15
12120,361,Ultrasound,1515.35
12121,481,Medication Charge,488.35
12122,19,CT Scan,1611.07
12123,407,Blood Test,1162.75
12124,456,Physical Examination,507.43
12125,259,Hospital Stay,1208.04
12126,345,Ultrasound,1008.83
12127,156,Physical Examination,908.50
12128,210,X-Ray,1250.60
12129,178,Blood Test,1712.22
12130,409,Hospital Stay,1362.74
12131,138,ECG,820.19
12132,227,X-Ray,882.79
12133,203,ECG,1370.11
12134,46,Medication Charge,1044.17
12135,258,MRI Scan,921.16
12136,301,Hospital Stay,1021.90
12137,296,ECG,56.81
12138,471,Blood Test,427.97
12139,171,X-Ray,1521.85
12140,32,X-Ray,903.05
12141,92,Ultrasound,1242.34
12142,116,Blood Test,472.58
12143,433,Ultrasound,1343.44
12144,463,Hospital Stay,723.36
12145,488,ECG,1907.27
12146,115,Consultation,69.71
12147,467,Blood Test,1998.23
12148,237,Hospital Stay,1562.34
12149,21,Ultrasound,492.85
12150,45,Ultrasound,1054.13
12151,76,X-Ray,579.94
12152,205,CT Scan,767.79
12153,65,ECG,1430.78
12154,103,CT Scan,1532.11
12155,295,Medication Charge,1967.72
12156,32,ECG,1689.10
12157,451,Consultation,828.91
12158,474,Ultrasound,1220.93
12159,107,Consultation,315.21
12160,223,Consultation,473.34
12161,133,X-Ray,341.42
12162,484,ECG,1409.45
12163,82,Physical Examination,500.21
12164,72,Consultation,1019.72
12165,91,X-Ray,707.19
12166,297,Consultation,248.91
12167,120,Consultation,1449.05
12168,423,Blood Test,63.47
12169,355,Medication Charge,658.78
12170,336,Consultation,539.42
12171,459,Blood Test,448.61
12172,229,Blood Test,570.84
12173,98,Consultation,1779.43
12174,101,MRI Scan,1282.90
12175,276,Physical Examination,460.56
12176,144,ECG,827.32
12177,393,MRI Scan,299.37
12178,331,CT Scan,1787.16
12179,321,Blood Test,575.30
12180,113,CT Scan,247.00
12181,269,ECG,1517.85
12182,352,MRI Scan,981.16
12183,216,Medication Charge,1334.51
12184,277,Blood Test,1792.61
12185,335,Ultrasound,626.80
12186,433,ECG,648.97
12187,373,X-Ray,236.93
12188,251,Physical Examination,1593.52
12189,238,Medication Charge,1354.00
12190,223,Hospital Stay,108.73
12191,106,X-Ray,1277.02
12192,231,Consultation,1313.00
12193,496,Medication Charge,885.92
12194,272,ECG,1252.64
12195,135,X-Ray,1076.04
12196,285,Consultation,1289.54
12197,293,Blood Test,480.85
12198,234,Medication Charge,1824.85
12199,240,Physical Examination,1731.89
12200,347,Consultation,206.59
12201,191,Blood Test,514.14
12202,49,Medication Charge,1044.13
12203,388,Medication Charge,1657.34
12204,216,ECG,1605.84
12205,400,MRI Scan,1377.82
12206,373,Blood Test,299.15
12207,6,Ultrasound,900.03
12208,449,Physical Examination,839.33
12209,344,Blood Test,836.38
12210,235,Consultation,1981.41
12211,254,Ultrasound,968.51
12212,446,Hospital Stay,1666.23
12213,296,Physical Examination,885.70
12214,73,Physical Examination,1187.97
12215,371,Medication Charge,223.60
12216,375,Blood Test,500.67
12217,172,X-Ray,655.32
12218,439,CT Scan,793.21
12219,79,MRI Scan,684.25
12220,290,Ultrasound,521.93
12221,347,CT Scan,625.16
12222,294,Ultrasound,494.31
12223,310,Hospital Stay,1249.42
12224,470,Medication Charge,613.61
12225,103,Physical Examination,1147.62
12226,165,Hospital Stay,858.78
12227,223,ECG,436.85
12228,241,Blood Test,1051.42
12229,112,Blood Test,154.47
12230,379,MRI Scan,80.62
12231,75,CT Scan,1883.03
12232,195,Ultrasound,481.82
12233,381,X-Ray,734.30
12234,200,CT Scan,449.53
12235,361,X-Ray,381.52
12236,374,Consultation,605.91
12237,259,CT Scan,572.41
12238,110,Medication Charge,1960.39
12239,219,Ultrasound,59.92
12240,50,Medication Charge,291.49
12241,309,Blood Test,639.61
12242,266,Ultrasound,822.84
12243,497,Blood Test,1508.19
12244,107,X-Ray,856.03
12245,156,CT Scan,1558.42
12246,286,Medication Charge,1274.50
12247,102,CT Scan,1052.49
12248,315,ECG,1278.70
12249,144,MRI Scan,994.47
12250,221,Blood Test,1584.44
12251,316,Blood Test,1218.97
12252,254,MRI Scan,1840.99
12253,150,ECG,1295.08
12254,287,MRI Scan,78.23
12255,180,CT Scan,1638.49
12256,367,Hospital Stay,866.01
12257,493,Medication Charge,1679.01
12258,131,CT Scan,1595.91
12259,353,Consultation,1102.15
12260,394,Physical Examination,1770.26
12261,382,ECG,305.00
12262,484,Medication Charge,108.49
12263,170,Ultrasound,901.65
12264,471,MRI Scan,1128.60
12265,227,Physical Examination,1607.75
12266,156,CT Scan,912.96
12267,304,Physical Examination,1848.61
12268,277,Physical Examination,510.96
12269,228,Hospital Stay,528.75
12270,136,ECG,134.62
12271,420,Ultrasound,1040.82
12272,317,Consultation,1031.56
12273,203,X-Ray,1506.47
12274,30,X-Ray,517.50
12275,262,Medication Charge,1307.60
12276,425,Ultrasound,596.82
12277,411,Medication Charge,1906.99
12278,85,Hospital Stay,1864.16
12279,153,Consultation,748.74
12280,271,Ultrasound,1209.99
12281,91,MRI Scan,414.00
12282,53,ECG,808.31
12283,422,Consultation,1033.59
12284,33,Blood Test,1066.17
12285,24,Consultation,693.73
12286,159,Ultrasound,1262.70
12287,196,Ultrasound,51.35
12288,154,Medication Charge,1614.64
12289,109,CT Scan,834.60
12290,226,Hospital Stay,946.13
12291,377,Medication Charge,288.93
12292,380,MRI Scan,880.76
12293,96,X-Ray,275.80
12294,174,Blood Test,1970.78
12295,122,Medication Charge,1641.49
12296,208,ECG,1959.12
12297,283,Ultrasound,1434.81
12298,365,MRI Scan,1295.02
12299,463,Blood Test,132.69
12300,425,Hospital Stay,289.12
12301,267,Medication Charge,482.14
12302,111,ECG,305.49
12303,279,Ultrasound,1443.57
12304,339,Ultrasound,52.48
12305,418,Consultation,1055.47
12306,162,Blood Test,1544.52
12307,14,X-Ray,1192.94
12308,403,CT Scan,426.39
12309,266,Blood Test,256.56
12310,449,Blood Test,183.73
12311,439,Hospital Stay,1630.76
12312,439,CT Scan,234.62
12313,278,MRI Scan,1826.88
12314,287,Blood Test,800.30
12315,469,MRI Scan,1215.59
12316,312,Medication Charge,1552.91
12317,60,Consultation,1831.03
12318,321,ECG,120.55
12319,183,ECG,285.59
12320,49,Medication Charge,484.09
12321,476,Medication Charge,852.98
12322,225,MRI Scan,1028.25
12323,408,CT Scan,199.77
12324,4,Physical Examination,72.36
12325,160,Medication Charge,1898.45
12326,306,Consultation,1428.91
12327,385,Physical Examination,1818.99
12328,489,ECG,83.68
12329,471,MRI Scan,1220.32
12330,43,X-Ray,1927.54
12331,113,Consultation,1634.92
12332,39,Consultation,594.92
12333,181,X-Ray,1925.35
12334,22,Medication Charge,1749.49
12335,441,Hospital Stay,130.63
12336,27,Consultation,982.10
12337,347,MRI Scan,1874.49
12338,242,CT Scan,758.27
12339,285,ECG,801.45
12340,367,CT Scan,547.03
12341,4,Ultrasound,828.88
12342,35,X-Ray,1814.98
12343,404,X-Ray,1455.59
12344,333,Consultation,1837.86
12345,199,Medication Charge,1993.45
12346,190,MRI Scan,887.19
12347,252,MRI Scan,377.64
12348,61,Physical Examination,891.66
12349,426,MRI Scan,1106.98
12350,461,MRI Scan,1351.09
12351,68,Consultation,1755.86
12352,315,Medication Charge,1856.02
12353,101,Blood Test,405.11
12354,183,Medication Charge,1755.89
12355,261,CT Scan,1182.58
12356,469,X-Ray,166.16
12357,404,X-Ray,481.27
12358,405,Hospital Stay,1641.19
12359,175,Medication Charge,889.43
12360,337,Physical Examination,1417.17
12361,434,MRI Scan,1699.35
12362,452,Medication Charge,1422.59
12363,325,MRI Scan,1162.91
12364,208,Physical Examination,144.38
12365,148,ECG,110.14
12366,84,MRI Scan,176.95
12367,387,Blood Test,1692.97
12368,406,Ultrasound,61.48
12369,63,Ultrasound,1582.75
12370,398,MRI Scan,1885.78
12371,456,Physical Examination,1548.92
12372,130,Hospital Stay,1506.94
12373,414,Ultrasound,1687.68
12374,449,Physical Examination,1417.87
12375,355,Medication Charge,1024.15
12376,53,Hospital Stay,124.38
12377,397,Physical Examination,1689.52
12378,140,Ultrasound,1149.65
12379,135,Hospital Stay,1153.78
12380,181,Blood Test,1649.44
12381,6,Medication Charge,1376.20
12382,436,ECG,1665.84
12383,467,Physical Examination,117.73
12384,424,X-Ray,1400.01
12385,234,Hospital Stay,713.94
12386,222,Medication Charge,1137.13
12387,351,Medication Charge,1293.47
12388,469,ECG,1164.42
12389,21,CT Scan,552.89
12390,312,Hospital Stay,202.44
12391,74,Medication Charge,1332.95
12392,149,Medication Charge,750.22
12393,477,CT Scan,1820.02
12394,92,ECG,1703.55
12395,346,Physical Examination,610.93
12396,208,Ultrasound,1229.40
12397,450,Medication Charge,1622.52
12398,100,Blood Test,236.67
12399,481,Hospital Stay,1015.97
12400,269,Ultrasound,290.75
12401,151,Ultrasound,1785.77
12402,164,Medication Charge,1817.94
12403,69,Ultrasound,302.48
12404,413,CT Scan,1916.76
12405,44,MRI Scan,1529.18
12406,199,X-Ray,1549.02
12407,277,Ultrasound,899.00
12408,394,Consultation,651.46
12409,268,X-Ray,576.63
12410,482,Ultrasound,1758.45
12411,305,Ultrasound,992.08
12412,24,MRI Scan,821.88
12413,194,X-Ray,1686.41
12414,382,CT Scan,1651.96
12415,152,Blood Test,358.37
12416,460,ECG,1652.63
12417,255,X-Ray,452.25
12418,368,X-Ray,678.46
12419,141,X-Ray,1924.00
12420,175,X-Ray,716.06
12421,381,Ultrasound,1670.73
12422,1,Physical Examination,676.01
12423,429,Physical Examination,1683.49
12424,159,Medication Charge,811.43
12425,33,CT Scan,400.52
12426,186,Blood Test,711.98
12427,77,Blood Test,1270.58
12428,465,Consultation,694.39
12429,393,MRI Scan,417.41
12430,61,Physical Examination,580.78
12431,471,Ultrasound,82.48
12432,314,Medication Charge,498.37
12433,340,X-Ray,522.29
12434,65,MRI Scan,62.93
12435,44,X-Ray,1846.65
12436,297,Hospital Stay,1837.01
12437,456,Consultation,1464.80
12438,406,Hospital Stay,1822.11
12439,329,MRI Scan,598.02
12440,16,Physical Examination,1856.16
12441,249,Physical Examination,483.77
12442,356,Consultation,1377.78
12443,326,CT Scan,1758.10
12444,247,Medication Charge,1536.02
12445,78,Hospital Stay,138.01
12446,77,MRI Scan,1859.54
12447,219,Physical Examination,337.18
12448,48,Consultation,1009.57
12449,482,Medication Charge,1737.71
12450,462,Physical Examination,207.58
12451,56,Blood Test,1922.22
12452,412,Medication Charge,796.59
12453,442,Hospital Stay,367.12
12454,210,ECG,1987.09
12455,266,Medication Charge,1521.90
12456,223,Consultation,1374.60
12457,186,Physical Examination,973.27
12458,498,Hospital Stay,1563.79
12459,446,ECG,1740.34
12460,214,Consultation,1546.13
12461,154,Physical Examination,1069.22
12462,273,X-Ray,431.07
12463,388,CT Scan,1656.73
12464,77,ECG,656.09
12465,383,X-Ray,300.11
12466,165,Consultation,687.52
12467,35,CT Scan,1941.49
12468,348,Physical Examination,1526.59
12469,284,Blood Test,695.68
12470,128,Hospital Stay,706.00
12471,118,Physical Examination,1485.62
12472,96,Physical Examination,1926.26
12473,82,Blood Test,1974.67
12474,226,Ultrasound,971.99
12475,195,Ultrasound,1431.75
12476,273,X-Ray,1103.65
12477,497,CT Scan,633.49
12478,362,Physical Examination,921.15
12479,371,X-Ray,158.45
12480,242,ECG,454.83
12481,351,Consultation,1447.73
12482,200,Physical Examination,751.82
12483,98,MRI Scan,774.26
12484,385,X-Ray,822.46
12485,49,Blood Test,987.49
12486,152,MRI Scan,551.00
12487,489,Hospital Stay,478.74
12488,326,MRI Scan,79.69
12489,199,MRI Scan,590.86
12490,147,ECG,327.56
12491,404,Medication Charge,794.80
12492,157,ECG,1430.26
12493,160,Hospital Stay,1866.57
12494,110,MRI Scan,1210.56
12495,314,CT Scan,238.54
12496,63,ECG,492.22
12497,420,Consultation,1779.97
12498,403,Medication Charge,1869.03
12499,85,Medication Charge,892.67
12500,316,CT Scan,105.56
12501,13,Blood Test,1505.31
12502,406,Hospital Stay,491.26
12503,155,Medication Charge,1219.32
12504,187,Physical Examination,1416.98
12505,417,Physical Examination,1448.04
12506,321,MRI Scan,1480.64
12507,269,Physical Examination,230.02
12508,478,CT Scan,1047.88
12509,28,X-Ray,275.43
12510,294,Medication Charge,349.22
12511,311,Hospital Stay,473.83
12512,224,Consultation,1054.19
12513,252,Hospital Stay,1187.57
12514,24,Consultation,468.05
12515,83,X-Ray,413.12
12516,446,Medication Charge,676.91
12517,286,Blood Test,1862.29
12518,225,Blood Test,615.18
12519,106,MRI Scan,1962.09
12520,375,Physical Examination,475.77
12521,203,Physical Examination,953.48
12522,236,CT Scan,1459.96
12523,255,Hospital Stay,62.44
12524,10,Consultation,835.24
12525,211,ECG,834.32
12526,2,CT Scan,786.37
12527,368,X-Ray,366.01
12528,282,X-Ray,284.29
12529,496,X-Ray,1585.52
12530,331,Physical Examination,297.77
12531,298,Consultation,1724.50
12532,258,Ultrasound,1737.16
12533,276,X-Ray,987.48
12534,405,Hospital Stay,1536.99
12535,69,Ultrasound,559.78
12536,405,Consultation,1217.46
12537,102,Blood Test,1817.31
12538,370,ECG,1305.50
12539,430,Ultrasound,1161.34
12540,340,Blood Test,1805.26
12541,206,Ultrasound,113.30
12542,140,Physical Examination,737.01
12543,119,MRI Scan,404.32
12544,130,Hospital Stay,450.89
12545,175,Physical Examination,1632.18
12546,142,Medication Charge,1762.65
12547,288,MRI Scan,269.31
12548,267,Hospital Stay,1963.82
12549,409,Ultrasound,735.39
12550,79,Hospital Stay,403.57
12551,15,Ultrasound,1511.25
12552,240,Physical Examination,1380.31
12553,243,Blood Test,648.51
12554,364,Consultation,1589.10
12555,130,Physical Examination,234.95
12556,353,Ultrasound,1466.89
12557,297,ECG,1855.15
12558,378,Physical Examination,1622.66
12559,364,ECG,1166.80
12560,133,X-Ray,192.84
12561,127,CT Scan,1168.93
12562,102,MRI Scan,456.72
12563,437,Ultrasound,427.17
12564,353,Ultrasound,706.09
12565,255,X-Ray,1003.28
12566,237,Ultrasound,1063.35
12567,244,CT Scan,763.91
12568,108,ECG,1587.21
12569,218,MRI Scan,456.81
12570,398,Hospital Stay,224.13
12571,132,Medication Charge,192.30
12572,178,Consultation,1560.14
12573,285,Blood Test,1921.87
12574,335,Physical Examination,1608.92
12575,92,Ultrasound,1583.91
12576,438,X-Ray,424.38
12577,312,Medication Charge,75.32
12578,416,CT Scan,1706.57
12579,59,ECG,1738.48
12580,17,MRI Scan,196.24
12581,115,Medication Charge,257.21
12582,158,Physical Examination,1935.68
12583,158,Hospital Stay,407.69
12584,102,Ultrasound,1945.05
12585,256,Medication Charge,354.75
12586,39,Hospital Stay,1986.00
12587,310,Blood Test,219.71
12588,443,Physical Examination,1903.98
12589,50,Ultrasound,1565.81
12590,465,Hospital Stay,1659.76
12591,361,Medication Charge,86.17
12592,430,Medication Charge,1162.84
12593,46,ECG,1963.42
12594,247,Consultation,1084.12
12595,473,Blood Test,793.77
12596,314,Medication Charge,792.74
12597,342,Consultation,804.85
12598,93,Blood Test,1188.86
12599,202,MRI Scan,137.86
12600,93,Consultation,943.23
12601,222,Hospital Stay,486.26
12602,89,Blood Test,759.48
12603,409,Ultrasound,1156.85
12604,225,X-Ray,1796.82
12605,467,ECG,1259.88
12606,241,MRI Scan,1345.92
12607,386,ECG,755.73
12608,350,CT Scan,1255.22
12609,81,CT Scan,960.46
12610,61,MRI Scan,1378.52
12611,158,Medication Charge,236.96
12612,495,CT Scan,1368.06
12613,106,X-Ray,1473.81
12614,436,Ultrasound,58.97
12615,495,Medication Charge,876.82
12616,175,Ultrasound,1041.35
12617,353,Physical Examination,1741.59
12618,352,Physical Examination,869.20
12619,33,Blood Test,1859.40
12620,269,ECG,1363.42
12621,243,Consultation,1886.44
12622,257,Ultrasound,1973.30
12623,246,Medication Charge,622.02
12624,109,Consultation,1986.08
12625,211,Hospital Stay,579.51
12626,255,Blood Test,378.02
12627,103,X-Ray,1005.50
12628,430,CT Scan,1332.81
12629,454,ECG,1209.33
12630,414,Hospital Stay,1483.94
12631,266,CT Scan,1328.85
12632,199,Ultrasound,1257.09
12633,420,Medication Charge,1284.38
12634,498,CT Scan,1501.93
12635,179,ECG,1691.82
12636,415,Consultation,586.40
12637,227,Hospital Stay,1733.89
12638,332,Blood Test,1447.96
12639,67,Hospital Stay,95.86
12640,187,Consultation,913.23
12641,87,Medication Charge,1312.53
12642,287,Hospital Stay,1374.49
12643,383,Physical Examination,1241.73
12644,162,Consultation,1301.28
12645,133,ECG,1761.18
12646,122,CT Scan,1619.22
12647,179,Hospital Stay,1130.23
12648,483,Blood Test,1557.06
12649,247,Physical Examination,64.22
12650,118,Physical Examination,471.03
12651,374,Physical Examination,775.15
12652,207,Medication Charge,417.55
12653,370,Medication Charge,285.69
12654,209,Medication Charge,790.56
12655,500,Physical Examination,133.65
12656,471,Hospital Stay,1632.27
12657,15,CT Scan,481.75
12658,108,Blood Test,1936.80
12659,449,Hospital Stay,220.35
12660,1,Ultrasound,475.93
12661,416,Hospital Stay,1684.94
12662,161,MRI Scan,139.48
12663,378,X-Ray,844.84
12664,265,Consultation,1745.23
12665,232,Medication Charge,892.17
12666,104,Hospital Stay,1852.82
12667,240,Hospital Stay,1313.05
12668,137,Ultrasound,1734.35
12669,382,Blood Test,532.90
12670,436,X-Ray,1811.69
12671,101,Medication Charge,1257.70
12672,136,MRI Scan,704.56
12673,76,Blood Test,1431.99
12674,389,Medication Charge,603.17
12675,418,MRI Scan,154.08
12676,46,Blood Test,399.13
12677,251,Ultrasound,137.60
12678,412,Physical Examination,264.84
12679,448,Medication Charge,689.40
12680,201,Hospital Stay,1954.67
12681,135,Medication Charge,1768.25
12682,244,Medication Charge,1286.00
12683,104,Physical Examination,432.81
12684,121,Blood Test,882.88
12685,135,Hospital Stay,469.18
12686,165,CT Scan,1731.31
12687,191,Hospital Stay,1426.34
12688,243,Physical Examination,1200.58
12689,438,ECG,94.71
12690,414,ECG,1353.93
12691,394,X-Ray,849.29
12692,96,CT Scan,106.54
12693,207,Physical Examination,967.22
12694,222,CT Scan,167.90
12695,44,Physical Examination,1376.39
12696,62,X-Ray,1219.44
12697,123,Ultrasound,1848.76
12698,442,Consultation,1161.47
12699,66,Consultation,1009.37
12700,130,ECG,1216.53
12701,302,Physical Examination,1932.52
12702,492,MRI Scan,1414.77
12703,495,Consultation,1822.99
12704,128,CT Scan,851.89
12705,257,CT Scan,67.51
12706,470,Physical Examination,1568.08
12707,6,CT Scan,1178.62
12708,389,Blood Test,1274.54
12709,386,Ultrasound,1697.79
12710,187,MRI Scan,1778.57
12711,420,Ultrasound,571.29
12712,254,Blood Test,1932.95
12713,271,Consultation,1534.64
12714,349,Hospital Stay,910.67
12715,375,Hospital Stay,1048.97
12716,101,Blood Test,494.60
12717,265,ECG,951.76
12718,222,ECG,1336.87
12719,354,Blood Test,1742.55
12720,450,Hospital Stay,1259.37
12721,246,X-Ray,1052.44
12722,315,Blood Test,418.83
12723,444,CT Scan,1130.46
12724,420,Physical Examination,527.47
12725,340,Ultrasound,1617.00
12726,132,Consultation,1491.75
12727,43,Ultrasound,1010.27
12728,266,ECG,1504.92
12729,258,Hospital Stay,1898.92
12730,137,Blood Test,1124.11
12731,338,Medication Charge,1806.95
12732,381,Medication Charge,470.44
12733,103,X-Ray,1944.85
12734,18,CT Scan,1271.35
12735,191,Ultrasound,59.90
12736,366,ECG,351.30
12737,318,Medication Charge,1573.41
12738,64,ECG,359.96
12739,427,Blood Test,1802.92
12740,311,Medication Charge,1333.87
12741,206,Ultrasound,431.88
12742,11,Medication Charge,1653.92
12743,85,Consultation,748.52
12744,494,Ultrasound,737.62
12745,497,Blood Test,1958.02
12746,16,CT Scan,1214.62
12747,304,MRI Scan,1616.33
12748,141,Blood Test,1618.41
12749,350,CT Scan,456.54
12750,84,Blood Test,279.08
12751,444,Medication Charge,746.70
12752,48,Physical Examination,1953.96
12753,168,Blood Test,92.88
12754,66,Consultation,202.85
12755,486,Physical Examination,323.06
12756,20,Ultrasound,1869.90
12757,65,Blood Test,636.87
12758,448,MRI Scan,1574.44
12759,17,Medication Charge,513.15
12760,496,Blood Test,1823.61
12761,178,Hospital Stay,1084.84
12762,363,CT Scan,474.15
12763,265,ECG,914.76
12764,423,CT Scan,1220.01
12765,454,Consultation,1194.48
12766,270,X-Ray,578.25
12767,367,ECG,1294.27
12768,168,Consultation,1076.22
12769,54,ECG,1723.14
12770,275,X-Ray,997.74
12771,441,Consultation,1541.14
12772,446,X-Ray,901.35
12773,141,X-Ray,1194.42
12774,445,MRI Scan,1033.66
12775,95,ECG,762.00
12776,240,Ultrasound,1559.31
12777,402,Physical Examination,1339.70
12778,41,ECG,1815.26
12779,303,Blood Test,525.17
12780,480,Physical Examination,291.67
12781,217,Medication Charge,690.27
12782,156,Hospital Stay,1496.40
12783,233,Ultrasound,251.46
12784,410,ECG,79.04
12785,363,Hospital Stay,1049.37
12786,145,Medication Charge,1491.93
12787,454,ECG,1487.33
12788,262,Medication Charge,315.65
12789,131,Hospital Stay,844.08
12790,149,Blood Test,512.79
12791,171,Blood Test,915.06
12792,436,Ultrasound,1211.54
12793,185,ECG,1578.52
12794,308,Consultation,768.12
12795,171,Physical Examination,1046.02
12796,440,Blood Test,1040.19
12797,365,X-Ray,1344.89
12798,229,CT Scan,1563.13
12799,154,CT Scan,1546.90
12800,232,CT Scan,1870.85
12801,140,ECG,1170.13
12802,93,ECG,603.55
12803,363,MRI Scan,296.07
12804,264,CT Scan,339.35
12805,148,Medication Charge,1633.86
12806,128,CT Scan,1212.46
12807,316,Blood Test,83.20
12808,32,Hospital Stay,1754.62
12809,458,ECG,1219.70
12810,146,Physical Examination,1672.65
12811,292,Ultrasound,950.60
12812,136,MRI Scan,900.93
12813,68,Consultation,1371.60
12814,175,Ultrasound,1335.03
12815,251,MRI Scan,350.37
12816,187,Medication Charge,480.94
12817,462,Blood Test,1863.75
12818,398,CT Scan,890.31
12819,135,Medication Charge,1481.76
12820,11,Ultrasound,637.20
12821,401,X-Ray,1826.97
12822,79,CT Scan,337.67
12823,248,Ultrasound,752.87
12824,413,MRI Scan,1886.73
12825,419,ECG,1899.45
12826,356,Consultation,588.79
12827,255,Blood Test,158.97
12828,145,ECG,705.96
12829,124,Hospital Stay,738.72
12830,319,ECG,1781.07
12831,187,Ultrasound,1612.77
12832,491,MRI Scan,876.73
12833,286,Consultation,446.90
12834,407,CT Scan,1413.74
12835,441,Ultrasound,858.78
12836,28,Physical Examination,1649.73
12837,314,ECG,1529.32
12838,155,Medication Charge,228.73
12839,258,Ultrasound,1530.31
12840,27,Hospital Stay,441.80
12841,243,MRI Scan,772.59
12842,169,CT Scan,1140.35
12843,393,X-Ray,232.30
12844,368,Medication Charge,940.74
12845,119,Consultation,812.39
12846,197,Blood Test,1567.95
12847,316,Consultation,1747.16
12848,343,Ultrasound,120.29
12849,295,Physical Examination,1967.48
12850,280,ECG,1310.15
12851,13,MRI Scan,115.15
12852,191,Physical Examination,433.96
12853,41,MRI Scan,260.65
12854,431,Consultation,387.76
12855,83,Ultrasound,605.82
12856,17,Medication Charge,1430.92
12857,352,Consultation,1429.85
12858,482,Medication Charge,895.19
12859,256,Medication Charge,133.00
12860,466,Blood Test,1348.09
12861,456,Consultation,1109.52
12862,326,CT Scan,1061.58
12863,484,MRI Scan,1141.22
12864,315,Consultation,1080.02
12865,146,CT Scan,1063.48
12866,386,Ultrasound,1557.20
12867,222,Ultrasound,534.51
12868,452,Hospital Stay,1767.32
12869,412,X-Ray,1491.34
12870,279,Consultation,633.01
12871,359,MRI Scan,411.91
12872,96,Ultrasound,898.18
12873,247,Hospital Stay,340.35
12874,418,Ultrasound,648.56
12875,435,Blood Test,552.43
12876,332,Physical Examination,428.54
12877,351,X-Ray,1535.17
12878,307,Ultrasound,842.61
12879,227,Medication Charge,1580.55
12880,168,Physical Examination,231.20
12881,355,Physical Examination,975.02
12882,423,Hospital Stay,581.62
12883,291,X-Ray,656.65
12884,270,CT Scan,1344.32
12885,157,Hospital Stay,798.84
12886,313,Consultation,1966.38
12887,292,Medication Charge,1421.12
12888,128,MRI Scan,1630.23
12889,170,Ultrasound,836.58
12890,335,X-Ray,432.17
12891,143,Blood Test,1886.02
12892,321,Ultrasound,1594.87
12893,299,Blood Test,1701.44
12894,481,Medication Charge,1620.15
12895,138,Medication Charge,807.77
12896,215,Physical Examination,174.56
12897,460,MRI Scan,1339.51
12898,276,X-Ray,1687.58
12899,296,X-Ray,523.84
12900,396,X-Ray,569.26
12901,287,CT Scan,317.87
12902,463,Blood Test,491.79
12903,107,Consultation,997.64
12904,286,Hospital Stay,153.81
12905,199,MRI Scan,447.32
12906,212,CT Scan,1843.84
12907,362,Physical Examination,1929.14
12908,254,Physical Examination,526.98
12909,476,Hospital Stay,1585.09
12910,168,Medication Charge,800.83
12911,410,ECG,1367.77
12912,231,Ultrasound,1320.87
12913,342,ECG,1660.07
12914,236,Physical Examination,801.48
12915,347,Blood Test,155.52
12916,181,ECG,180.85
12917,377,X-Ray,1837.30
12918,327,CT Scan,1320.73
12919,134,Hospital Stay,1884.25
12920,136,Consultation,1937.82
12921,469,Consultation,372.94
12922,19,ECG,851.62
12923,131,Ultrasound,742.51
12924,452,Hospital Stay,1609.29
12925,91,Blood Test,169.83
12926,78,MRI Scan,1962.34
12927,262,Ultrasound,914.00
12928,234,MRI Scan,1737.64
12929,71,Blood Test,536.64
12930,43,Medication Charge,230.74
12931,498,Physical Examination,727.82
12932,484,Blood Test,1618.71
12933,210,ECG,1273.33
12934,121,Consultation,667.37
12935,437,Physical Examination,673.03
12936,279,MRI Scan,1270.52
12937,97,X-Ray,1674.26
12938,364,Medication Charge,1026.37
12939,476,CT Scan,1803.13
12940,211,Consultation,413.03
12941,251,Medication Charge,1399.09
12942,25,Hospital Stay,301.27
12943,105,Physical Examination,236.79
12944,206,Blood Test,1844.18
12945,381,Physical Examination,1250.43
12946,40,CT Scan,134.27
12947,187,X-Ray,297.47
12948,42,Physical Examination,571.18
12949,236,Hospital Stay,1181.74
12950,393,Ultrasound,755.61
12951,307,Blood Test,700.82
12952,68,CT Scan,86.94
12953,93,ECG,1252.02
12954,220,MRI Scan,1917.08
12955,411,Hospital Stay,470.36
12956,463,Physical Examination,1652.18
12957,23,Hospital Stay,1887.24
12958,4,CT Scan,984.31
12959,460,ECG,290.83
12960,21,Ultrasound,199.78
12961,305,X-Ray,1799.39
12962,72,MRI Scan,832.83
12963,301,CT Scan,610.63
12964,412,Consultation,1655.06
12965,57,Hospital Stay,1996.77
12966,123,X-Ray,135.27
12967,126,MRI Scan,1238.70
12968,228,Hospital Stay,535.38
12969,45,X-Ray,856.85
12970,211,ECG,826.38
12971,23,X-Ray,482.24
12972,206,MRI Scan,1813.44
12973,496,ECG,712.52
12974,12,Ultrasound,1537.53
12975,129,CT Scan,685.43
12976,174,X-Ray,870.92
12977,482,X-Ray,1793.78
12978,346,Consultation,840.11
12979,457,CT Scan,1507.41
12980,74,CT Scan,1461.85
12981,58,Blood Test,65.02
12982,492,ECG,1811.67
12983,433,Ultrasound,1122.23
12984,22,Ultrasound,1179.14
12985,164,CT Scan,1916.02
12986,396,MRI Scan,1944.37
12987,43,Physical Examination,228.05
12988,197,CT Scan,1745.53
12989,307,Consultation,1629.88
12990,498,Consultation,761.70
12991,408,Consultation,1169.98
12992,118,Consultation,82.56
12993,443,ECG,581.65
12994,145,Medication Charge,1416.68
12995,496,MRI Scan,1748.20
12996,215,ECG,972.51
12997,29,CT Scan,1184.28
12998,97,X-Ray,1728.34
12999,362,Physical Examination,493.04
13000,76,Hospital Stay,394.44
13001,350,Hospital Stay,853.92
13002,271,ECG,1274.76
13003,351,ECG,1491.47
13004,294,Blood Test,328.23
13005,18,Hospital Stay,184.21
13006,397,MRI Scan,679.84
13007,157,Physical Examination,1033.63
13008,399,ECG,242.13
13009,311,Consultation,421.20
13010,201,ECG,1460.64
13011,115,Ultrasound,446.01
13012,122,Blood Test,665.63
13013,363,ECG,1414.81
13014,100,CT Scan,1416.09
13015,28,Blood Test,1176.40
13016,277,Hospital Stay,283.06
13017,395,Hospital Stay,504.91
13018,476,CT Scan,114.36
13019,332,X-Ray,236.99
13020,237,Blood Test,1665.49
13021,383,Hospital Stay,909.63
13022,57,X-Ray,714.97
13023,359,Medication Charge,380.75
13024,461,Consultation,1732.09
13025,472,Medication Charge,1502.46
13026,48,CT Scan,1301.79
13027,434,Physical Examination,779.52
13028,271,MRI Scan,935.33
13029,310,CT Scan,781.20
13030,182,Medication Charge,234.07
13031,488,Consultation,1937.35
13032,397,Medication Charge,516.01
13033,391,MRI Scan,1963.01
13034,352,ECG,1456.16
13035,457,Medication Charge,213.73
13036,194,Medication Charge,1549.70
13037,97,Consultation,1449.08
13038,38,CT Scan,1198.27
13039,456,Ultrasound,610.67
13040,256,Blood Test,1062.31
13041,366,Hospital Stay,1459.23
13042,23,Ultrasound,733.25
13043,368,Hospital Stay,1859.75
13044,446,ECG,1664.67
13045,379,ECG,1163.32
13046,477,ECG,960.81
13047,340,CT Scan,1712.36
13048,196,ECG,63.08
13049,134,Ultrasound,400.86
13050,7,CT Scan,1099.07
13051,332,ECG,879.49
13052,335,X-Ray,927.83
13053,298,X-Ray,850.81
13054,390,X-Ray,1957.48
13055,426,Ultrasound,1585.89
13056,420,MRI Scan,286.50
13057,224,Physical Examination,1728.44
13058,11,MRI Scan,101.46
13059,311,Consultation,900.21
13060,2,Medication Charge,1316.24
13061,302,Hospital Stay,1696.42
13062,2,Physical Examination,181.12
13063,240,Blood Test,145.53
13064,101,X-Ray,1024.21
13065,208,X-Ray,1078.39
13066,177,Physical Examination,950.57
13067,422,CT Scan,1709.72
13068,402,Blood Test,215.02
13069,344,Medication Charge,955.08
13070,358,Ultrasound,1037.71
13071,452,MRI Scan,255.10
13072,172,Ultrasound,1312.59
13073,396,Medication Charge,1822.08
13074,157,Ultrasound,104.93
13075,252,CT Scan,444.45
13076,163,Medication Charge,755.93
13077,357,Medication Charge,1387.40
13078,304,X-Ray,341.13
13079,182,MRI Scan,1943.32
13080,189,Ultrasound,518.31
13081,475,Medication Charge,1870.81
13082,340,CT Scan,1604.31
13083,375,Physical Examination,1575.75
13084,313,X-Ray,735.83
13085,25,CT Scan,746.00
13086,218,CT Scan,1506.66
13087,451,Physical Examination,861.33
13088,243,Consultation,758.06
13089,62,Physical Examination,304.90
13090,58,CT Scan,1467.53
13091,135,Physical Examination,926.09
13092,145,CT Scan,929.70
13093,123,ECG,1733.47
13094,315,Medication Charge,1350.00
13095,484,ECG,1326.48
13096,158,Consultation,1097.24
13097,191,Ultrasound,1228.60
13098,303,CT Scan,1515.87
13099,91,ECG,331.96
13100,19,MRI Scan,1242.69
13101,32,Ultrasound,1789.51
13102,219,Medication Charge,290.02
13103,196,CT Scan,268.28
13104,46,Medication Charge,869.45
13105,300,Medication Charge,418.84
13106,190,Consultation,1372.58
13107,109,MRI Scan,528.37
13108,285,CT Scan,1135.78
13109,21,ECG,1300.72
13110,272,X-Ray,1055.42
13111,378,CT Scan,779.13
13112,121,ECG,1694.05
13113,92,Ultrasound,1394.61
13114,28,X-Ray,1216.53
13115,142,Physical Examination,1914.40
13116,130,CT Scan,1033.15
13117,59,X-Ray,1139.13
13118,207,Medication Charge,1716.26
13119,302,Consultation,616.25
13120,189,MRI Scan,931.51
13121,293,X-Ray,1611.25
13122,71,Medication Charge,481.01
13123,226,CT Scan,1045.83
13124,172,Blood Test,1596.77
13125,291,Hospital Stay,1387.04
13126,416,CT Scan,778.37
13127,389,Blood Test,666.72
13128,495,CT Scan,1400.81
13129,254,CT Scan,1572.90
13130,289,MRI Scan,944.43
13131,105,MRI Scan,1833.53
13132,343,Hospital Stay,462.78
13133,329,ECG,452.47
13134,127,Physical Examination,1853.74
13135,40,MRI Scan,1395.37
13136,254,ECG,111.73
13137,301,X-Ray,1804.87
13138,236,X-Ray,147.82
13139,140,Physical Examination,117.55
13140,404,Consultation,792.04
13141,360,ECG,928.88
13142,181,Ultrasound,413.58
13143,314,Hospital Stay,434.30
13144,296,MRI Scan,843.53
13145,194,CT Scan,1954.14
13146,413,Physical Examination,1097.36
13147,167,Blood Test,829.48
13148,389,Hospital Stay,494.27
13149,473,Medication Charge,1304.27
13150,140,Hospital Stay,1613.64
13151,31,MRI Scan,80.50
13152,75,CT Scan,1570.07
13153,304,CT Scan,557.86
13154,99,ECG,592.89
13155,300,X-Ray,273.73
13156,491,Blood Test,258.27
13157,269,MRI Scan,1034.61
13158,450,Medication Charge,860.53
13159,458,Medication Charge,1300.93
13160,110,X-Ray,1537.19
13161,442,Medication Charge,528.57
13162,230,ECG,459.77
13163,158,Physical Examination,1781.09
13164,40,MRI Scan,223.85
13165,367,CT Scan,123.29
13166,97,Hospital Stay,943.21
13167,203,Blood Test,1303.90
13168,446,Ultrasound,608.27
13169,478,X-Ray,799.48
13170,155,ECG,1821.75
13171,146,Ultrasound,1978.83
13172,2,X-Ray,1924.95
13173,426,Consultation,716.28
13174,129,Ultrasound,1264.82
13175,357,X-Ray,330.97
13176,128,Medication Charge,604.76
13177,251,MRI Scan,1513.96
13178,127,Hospital Stay,496.69
13179,198,Ultrasound,1830.49
13180,471,Medication Charge,1855.54
13181,427,Hospital Stay,970.95
13182,26,Blood Test,863.39
13183,408,Consultation,1856.36
13184,270,MRI Scan,150.37
13185,296,ECG,261.29
13186,98,ECG,310.25
13187,133,MRI Scan,1493.41
13188,1,X-Ray,372.64
13189,325,MRI Scan,1000.83
13190,205,MRI Scan,796.79
13191,22,Medication Charge,708.00
13192,130,MRI Scan,1081.12
13193,489,ECG,576.13
13194,99,Consultation,1364.52
13195,223,Ultrasound,751.33
13196,412,Blood Test,323.93
13197,175,Medication Charge,1610.24
13198,35,ECG,1814.34
13199,357,ECG,1126.25
13200,225,Medication Charge,242.86
13201,192,CT Scan,1120.17
13202,290,Blood Test,1422.59
13203,91,Hospital Stay,1205.67
13204,88,MRI Scan,1638.16
13205,442,MRI Scan,1304.09
13206,53,Hospital Stay,362.06
13207,299,Medication Charge,577.15
13208,58,Hospital Stay,264.81
13209,4,MRI Scan,471.98
13210,263,ECG,1402.07
13211,204,Medication Charge,1183.11
13212,298,MRI Scan,604.79
13213,87,Ultrasound,676.82
13214,3,MRI Scan,1666.25
13215,421,Blood Test,260.74
13216,155,Blood Test,346.69
13217,318,Physical Examination,1310.87
13218,360,Hospital Stay,899.89
13219,258,Physical Examination,1922.69
13220,201,Ultrasound,759.77
13221,153,Physical Examination,194.50
13222,278,X-Ray,953.53
13223,482,Medication Charge,293.02
13224,339,Ultrasound,941.27
13225,343,ECG,1901.38
13226,488,MRI Scan,1830.62
13227,160,Hospital Stay,1403.00
13228,296,MRI Scan,1992.48
13229,495,ECG,423.21
13230,77,MRI Scan,1141.51
13231,14,MRI Scan,241.83
13232,32,Physical Examination,663.56
13233,71,Consultation,249.56
13234,207,Physical Examination,1546.63
13235,455,Consultation,615.15
13236,279,Hospital Stay,1871.47
13237,499,Blood Test,1468.17
13238,76,Hospital Stay,819.35
13239,483,Ultrasound,979.40
13240,42,Consultation,1998.19
13241,81,Blood Test,1990.23
13242,161,Consultation,1877.72
13243,496,Hospital Stay,359.91
13244,275,Ultrasound,909.97
13245,21,CT Scan,974.47
13246,16,Hospital Stay,1556.88
13247,317,Consultation,1321.03
13248,325,Medication Charge,1515.02
13249,253,Ultrasound,1431.24
13250,466,CT Scan,639.65
13251,498,Physical Examination,1416.56
13252,459,CT Scan,999.25
13253,69,MRI Scan,127.45
13254,333,ECG,398.03
13255,150,Blood Test,89.91
13256,427,Consultation,1412.97
13257,452,ECG,1716.22
13258,10,Medication Charge,1443.64
13259,253,X-Ray,603.13
13260,237,X-Ray,722.10
13261,94,Ultrasound,725.39
13262,454,MRI Scan,901.89
13263,416,Physical Examination,1205.59
13264,107,Medication Charge,396.87
13265,433,Ultrasound,1517.29
13266,489,Consultation,1182.81
13267,164,X-Ray,478.08
13268,337,MRI Scan,1619.63
13269,87,Physical Examination,1174.29
13270,465,Ultrasound,1313.80
13271,497,X-Ray,1565.28
13272,236,Physical Examination,1319.27
13273,265,Blood Test,982.30
13274,378,Blood Test,584.68
13275,334,Consultation,736.95
13276,469,CT Scan,1557.88
13277,119,MRI Scan,1066.08
13278,309,ECG,1178.69
13279,37,MRI Scan,1464.66
13280,350,Medication Charge,1206.68
13281,346,MRI Scan,1319.06
13282,164,Consultation,659.30
13283,240,Blood Test,725.05
13284,418,CT Scan,1967.64
13285,336,Blood Test,1016.46
13286,192,Blood Test,1460.27
13287,283,Hospital Stay,1154.37
13288,338,Medication Charge,1238.37
13289,406,Ultrasound,435.75
13290,178,CT Scan,786.88
13291,214,Ultrasound,294.23
13292,37,Consultation,1116.33
13293,6,ECG,1828.31
13294,184,MRI Scan,1241.23
13295,422,Hospital Stay,1127.27
13296,379,ECG,591.91
13297,88,X-Ray,1805.44
13298,299,ECG,706.46
13299,101,Consultation,1430.56
13300,381,ECG,1244.05
13301,180,Hospital Stay,237.72
13302,212,Consultation,1335.92
13303,182,MRI Scan,1845.40
13304,361,MRI Scan,100.52
13305,211,CT Scan,651.81
13306,55,Consultation,1955.79
13307,414,Ultrasound,497.29
13308,388,ECG,1481.56
13309,6,ECG,1481.25
13310,129,MRI Scan,1007.91
13311,255,X-Ray,324.30
13312,134,X-Ray,868.63
13313,360,CT Scan,1694.39
13314,403,CT Scan,1743.33
13315,491,Blood Test,1986.44
13316,102,X-Ray,472.13
13317,423,Physical Examination,268.47
13318,265,MRI Scan,910.63
13319,455,Physical Examination,1641.21
13320,335,Medication Charge,1512.73
13321,181,Hospital Stay,1365.75
13322,380,ECG,1760.79
13323,489,MRI Scan,187.68
13324,83,CT Scan,1510.95
13325,486,Medication Charge,875.07
13326,388,CT Scan,1787.74
13327,112,MRI Scan,220.98
13328,311,Consultation,515.28
13329,54,Blood Test,1992.81
13330,258,Ultrasound,365.85
13331,124,Blood Test,1642.00
13332,375,ECG,1573.87
13333,298,Hospital Stay,1363.00
13334,14,Blood Test,508.01
13335,476,Physical Examination,236.27
13336,411,Blood Test,524.74
13337,214,Hospital Stay,1116.93
13338,191,MRI Scan,1371.14
13339,470,Blood Test,301.53
13340,257,X-Ray,643.88
13341,362,Hospital Stay,96.28
13342,45,CT Scan,138.81
13343,266,Hospital Stay,1946.40
13344,33,Ultrasound,1287.09
13345,241,Physical Examination,918.95
13346,406,Consultation,408.25
13347,33,Hospital Stay,1157.35
13348,294,CT Scan,1730.66
13349,438,Blood Test,458.77
13350,66,Blood Test,596.20
13351,330,Hospital Stay,1345.37
13352,131,Consultation,1462.26
13353,158,Hospital Stay,302.93
13354,23,Ultrasound,754.39
13355,446,Blood Test,1619.34
13356,151,Ultrasound,53.79
13357,7,Hospital Stay,265.52
13358,63,Consultation,705.64
13359,171,CT Scan,1163.89
13360,69,Blood Test,1455.47
13361,390,X-Ray,1385.03
13362,66,Consultation,1213.75
13363,183,Ultrasound,1522.29
13364,355,CT Scan,304.43
13365,44,CT Scan,786.66
13366,400,MRI Scan,1436.01
13367,410,Medication Charge,1787.88
13368,287,Medication Charge,1130.92
13369,367,Physical Examination,1817.13
13370,422,CT Scan,1007.66
13371,244,CT Scan,1839.76
13372,443,MRI Scan,474.59
13373,246,CT Scan,1329.75
13374,66,Consultation,1232.62
13375,44,Physical Examination,1943.37
13376,115,Medication Charge,940.12
13377,326,X-Ray,131.35
13378,260,CT Scan,488.41
13379,141,ECG,277.97
13380,130,ECG,716.09
13381,257,Ultrasound,1862.32
13382,414,MRI Scan,1308.14
13383,405,CT Scan,1665.18
13384,115,Hospital Stay,271.26
13385,285,Blood Test,1022.33
13386,499,Medication Charge,1331.78
13387,399,Hospital Stay,1469.43
13388,21,Consultation,1271.44
13389,408,MRI Scan,728.28
13390,249,ECG,1044.50
13391,318,Consultation,1818.99
13392,55,Physical Examination,1293.24
13393,123,Ultrasound,1454.57
13394,17,ECG,1806.03
13395,424,Hospital Stay,1221.85
13396,393,Consultation,1187.88
13397,230,MRI Scan,1364.83
13398,162,Hospital Stay,110.64
13399,211,Consultation,1057.30
13400,434,Ultrasound,1797.99
13401,5,X-Ray,1955.39
13402,379,CT Scan,1928.89
13403,39,ECG,434.58
13404,287,Hospital Stay,412.53
13405,352,ECG,750.13
13406,333,ECG,1452.03
13407,387,Consultation,1363.85
13408,137,Hospital Stay,1877.09
13409,435,Blood Test,927.84
13410,481,Physical Examination,1431.00
13411,347,Ultrasound,939.26
13412,358,Physical Examination,1755.33
13413,276,Medication Charge,1857.90
13414,85,X-Ray,1951.16
13415,410,MRI Scan,1536.46
13416,17,Blood Test,938.29
13417,72,Blood Test,1854.86
13418,12,Medication Charge,655.19
13419,390,MRI Scan,1974.98
13420,401,X-Ray,625.34
13421,55,CT Scan,765.77
13422,252,Physical Examination,1401.06
13423,457,Hospital Stay,234.82
13424,455,Blood Test,1907.50
13425,160,Physical Examination,883.67
13426,248,MRI Scan,1067.54
13427,132,Hospital Stay,340.42
13428,222,X-Ray,1550.70
13429,154,CT Scan,165.62
13430,133,Medication Charge,1119.80
13431,241,MRI Scan,274.21
13432,9,MRI Scan,1029.06
13433,239,Blood Test,500.31
13434,81,ECG,953.33
13435,25,Hospital Stay,1336.25
13436,115,Blood Test,953.98
13437,69,Hospital Stay,1688.21
13438,338,Ultrasound,1556.72
13439,290,Medication Charge,1755.98
13440,337,Hospital Stay,1221.40
13441,416,Blood Test,1521.79
13442,328,Blood Test,558.53
13443,492,Consultation,1051.18
13444,52,CT Scan,912.51
13445,305,Physical Examination,1870.32
13446,294,X-Ray,559.19
13447,431,Medication Charge,363.65
13448,240,Blood Test,600.89
13449,271,MRI Scan,255.30
13450,479,Consultation,165.42
13451,262,Ultrasound,1547.22
13452,148,Consultation,315.00
13453,43,Hospital Stay,1848.54
13454,353,Ultrasound,1640.40
13455,50,Physical Examination,1584.93
13456,86,CT Scan,766.05
13457,42,CT Scan,160.90
13458,126,Hospital Stay,521.96
13459,389,CT Scan,578.08
13460,374,X-Ray,740.49
13461,196,CT Scan,627.24
13462,498,ECG,459.47
13463,71,ECG,228.25
13464,333,X-Ray,450.73
13465,38,ECG,552.78
13466,327,MRI Scan,271.41
13467,429,Blood Test,1298.15
13468,15,Ultrasound,72.58
13469,53,Consultation,1487.16
13470,333,Medication Charge,447.61
13471,402,Blood Test,752.94
13472,66,X-Ray,197.01
13473,346,Hospital Stay,566.32
13474,332,Ultrasound,1579.14
13475,225,Consultation,1509.11
13476,188,Consultation,1143.05
13477,343,X-Ray,666.13
13478,218,MRI Scan,291.20
13479,210,MRI Scan,1928.48
13480,161,Medication Charge,1163.21
13481,313,Hospital Stay,576.76
13482,73,Ultrasound,1594.61
13483,44,Physical Examination,586.66
13484,424,ECG,663.44
13485,225,ECG,1093.86
13486,79,Ultrasound,1083.44
13487,369,Medication Charge,769.05
13488,274,MRI Scan,575.94
13489,314,Medication Charge,1643.20
13490,337,Hospital Stay,1936.60
13491,94,Consultation,310.45
13492,178,Physical Examination,772.35
13493,118,ECG,1046.79
13494,356,Consultation,1900.56
13495,378,ECG,1758.00
13496,88,Physical Examination,1059.85
13497,173,Blood Test,1855.81
13498,254,ECG,138.86
13499,255,Physical Examination,221.66
13500,352,CT Scan,1626.18
13501,185,Hospital Stay,1587.31
13502,422,Hospital Stay,1828.53
13503,184,X-Ray,596.97
13504,360,CT Scan,1010.06
13505,248,Hospital Stay,606.28
13506,466,Hospital Stay,1152.71
13507,136,Medication Charge,528.30
13508,157,Ultrasound,600.51
13509,28,Blood Test,897.78
13510,198,Medication Charge,1087.54
13511,262,X-Ray,810.84
13512,280,Ultrasound,295.52
13513,380,CT Scan,760.10
13514,187,Consultation,1018.84
13515,304,Consultation,1581.06
13516,418,Physical Examination,735.69
13517,334,Hospital Stay,1323.79
13518,195,Blood Test,1186.48
13519,72,MRI Scan,93.17
13520,434,Hospital Stay,97.50
13521,81,ECG,543.90
13522,182,Consultation,1225.95
13523,23,MRI Scan,1523.55
13524,31,Medication Charge,1676.03
13525,315,Consultation,325.60
13526,324,Hospital Stay,964.03
13527,226,Medication Charge,329.48
13528,488,X-Ray,753.11
13529,481,MRI Scan,1427.99
13530,152,Consultation,292.53
13531,202,Blood Test,474.33
13532,191,Blood Test,1315.72
13533,119,Medication Charge,629.44
13534,346,Medication Charge,1041.61
13535,272,Hospital Stay,1898.08
13536,481,X-Ray,946.86
13537,294,ECG,352.82
13538,474,Consultation,883.39
13539,403,CT Scan,1203.48
13540,136,Medication Charge,857.57
13541,135,ECG,1856.59
13542,157,Medication Charge,1412.37
13543,459,ECG,1436.95
13544,182,CT Scan,1479.44
13545,449,MRI Scan,387.94
13546,372,Consultation,1465.01
13547,253,Hospital Stay,1378.06
13548,442,X-Ray,906.93
13549,55,Physical Examination,495.73
13550,436,X-Ray,1866.96
13551,144,Blood Test,364.73
13552,308,Consultation,818.57
13553,341,X-Ray,977.80
13554,53,CT Scan,846.88
13555,418,Hospital Stay,1435.46
13556,393,Hospital Stay,1958.06
13557,143,Ultrasound,705.90
13558,188,MRI Scan,207.50
13559,283,Ultrasound,501.24
13560,41,MRI Scan,1931.41
13561,180,Blood Test,1878.56
13562,363,X-Ray,1087.20
13563,309,X-Ray,123.83
13564,397,Hospital Stay,1374.38
13565,174,Medication Charge,745.19
13566,407,Physical Examination,1955.74
13567,486,X-Ray,912.59
13568,477,Ultrasound,1006.22
13569,407,Hospital Stay,405.99
13570,320,Consultation,670.77
13571,136,Consultation,1825.77
13572,118,CT Scan,427.38
13573,404,X-Ray,1445.13
13574,267,Consultation,1235.43
13575,395,Medication Charge,414.86
13576,423,ECG,283.40
13577,7,X-Ray,789.74
13578,251,CT Scan,1525.35
13579,35,Hospital Stay,427.73
13580,322,Hospital Stay,1909.83
13581,357,Physical Examination,801.46
13582,450,Medication Charge,1349.64
13583,196,ECG,472.32
13584,255,MRI Scan,754.32
13585,183,CT Scan,534.82
13586,497,Blood Test,744.39
13587,3,Physical Examination,1157.20
13588,100,MRI Scan,1134.42
13589,114,Blood Test,1347.27
13590,291,ECG,150.89
13591,319,Consultation,1690.53
13592,240,CT Scan,1707.48
13593,464,Consultation,255.63
13594,67,Medication Charge,978.85
13595,99,Hospital Stay,1885.62
13596,380,Hospital Stay,1058.53
13597,27,X-Ray,1384.51
13598,233,ECG,1232.75
13599,425,Blood Test,1074.70
13600,211,Physical Examination,1446.55
13601,1,Medication Charge,164.64
13602,78,X-Ray,103.66
13603,336,CT Scan,216.51
13604,81,MRI Scan,1068.77
13605,433,Hospital Stay,726.98
13606,126,Medication Charge,1992.13
13607,359,ECG,1161.96
13608,396,Blood Test,306.24
13609,108,MRI Scan,1635.08
13610,416,Medication Charge,1818.52
13611,458,Medication Charge,1056.38
13612,238,ECG,274.23
13613,185,CT Scan,1589.64
13614,16,Consultation,376.33
13615,8,Physical Examination,1075.26
13616,30,Ultrasound,1734.26
13617,454,Medication Charge,601.87
13618,35,CT Scan,705.63
13619,87,Hospital Stay,287.44
13620,114,Blood Test,141.80
13621,263,Physical Examination,875.23
13622,333,ECG,1055.56
13623,401,CT Scan,682.86
13624,350,Physical Examination,709.26
13625,3,Medication Charge,710.62
13626,386,MRI Scan,642.14
13627,23,Hospital Stay,1256.30
13628,466,CT Scan,393.15
13629,128,Ultrasound,853.99
13630,150,Ultrasound,299.48
13631,92,Physical Examination,887.03
13632,174,MRI Scan,1103.34
13633,64,Hospital Stay,1545.99
13634,69,Blood Test,651.51
13635,496,Consultation,1320.04
13636,139,ECG,1830.94
13637,350,Hospital Stay,1818.00
13638,75,MRI Scan,999.64
13639,198,Hospital Stay,1341.68
13640,476,Hospital Stay,1229.31
13641,104,Medication Charge,1813.29
13642,55,Ultrasound,1579.02
13643,472,Ultrasound,925.81
13644,496,Blood Test,911.16
13645,458,Physical Examination,1360.43
13646,356,Ultrasound,1149.10
13647,377,ECG,1089.15
13648,229,Hospital Stay,1260.16
13649,491,MRI Scan,156.47
13650,331,Ultrasound,942.57
13651,78,Ultrasound,614.91
13652,47,Physical Examination,922.82
13653,121,Medication Charge,927.53
13654,313,ECG,472.42
13655,243,Blood Test,191.33
13656,82,Hospital Stay,1171.23
13657,450,MRI Scan,890.76
13658,137,ECG,1367.79
13659,306,Physical Examination,1996.77
13660,475,Hospital Stay,1965.24
13661,480,CT Scan,1115.83
13662,139,CT Scan,55.35
13663,21,CT Scan,1275.12
13664,103,Ultrasound,721.89
13665,411,Physical Examination,1684.11
13666,192,Ultrasound,1583.42
13667,92,Ultrasound,1804.87
13668,463,Medication Charge,322.15
13669,26,Consultation,1353.05
13670,486,X-Ray,965.76
13671,107,ECG,1563.81
13672,61,X-Ray,760.20
13673,457,CT Scan,1980.94
13674,38,X-Ray,1712.64
13675,3,Blood Test,1127.50
13676,175,CT Scan,1336.48
13677,442,Medication Charge,730.41
13678,301,MRI Scan,766.45
13679,73,Hospital Stay,404.18
13680,398,Ultrasound,792.28
13681,4,Medication Charge,1102.32
13682,371,Blood Test,1757.15
13683,171,CT Scan,1631.84
13684,109,Ultrasound,1324.06
13685,24,Consultation,110.11
13686,462,Hospital Stay,192.69
13687,467,Consultation,1652.54
13688,208,ECG,1325.76
13689,65,Medication Charge,1055.39
13690,223,Physical Examination,570.59
13691,456,Medication Charge,1996.03
13692,228,CT Scan,1641.92
13693,15,CT Scan,1612.47
13694,219,Blood Test,98.54
13695,140,Ultrasound,243.66
13696,143,Consultation,532.67
13697,228,Blood Test,1986.09
13698,402,Hospital Stay,1479.85
13699,41,CT Scan,1984.07
13700,457,Hospital Stay,434.10
13701,287,CT Scan,210.77
13702,373,Ultrasound,514.81
13703,467,CT Scan,901.49
13704,448,MRI Scan,1817.76
13705,457,CT Scan,1430.35
13706,410,Hospital Stay,1673.28
13707,379,ECG,547.19
13708,192,Physical Examination,902.40
13709,63,Physical Examination,341.02
13710,390,Physical Examination,1462.64
13711,158,MRI Scan,584.40
13712,251,Physical Examination,755.02
13713,120,MRI Scan,538.85
13714,372,Medication Charge,1031.07
13715,241,X-Ray,865.62
13716,363,Hospital Stay,1387.80
13717,89,MRI Scan,1284.34
13718,70,Consultation,1441.83
13719,296,Medication Charge,1677.27
13720,269,X-Ray,289.21
13721,289,Blood Test,77.88
13722,358,MRI Scan,462.66
13723,497,X-Ray,1340.54
13724,4,Hospital Stay,1450.83
13725,486,Physical Examination,554.21
13726,400,ECG,868.82
13727,473,CT Scan,188.59
13728,425,Hospital Stay,265.40
13729,487,CT Scan,1317.31
13730,195,Ultrasound,63.78
13731,162,Ultrasound,1118.71
13732,429,Consultation,1174.62
13733,457,MRI Scan,833.65
13734,420,Hospital Stay,772.64
13735,335,Ultrasound,1008.52
13736,403,CT Scan,1516.08
13737,205,ECG,1642.02
13738,369,Ultrasound,800.49
13739,441,Hospital Stay,987.28
13740,202,Blood Test,1146.17
13741,65,Blood Test,1025.26
13742,378,ECG,1707.24
13743,72,Medication Charge,899.79
13744,169,ECG,1856.82
13745,37,CT Scan,759.33
13746,148,Medication Charge,1265.25
13747,266,CT Scan,1081.98
13748,304,Physical Examination,1027.49
13749,74,CT Scan,753.16
13750,380,Hospital Stay,326.40
13751,3,Ultrasound,200.16
13752,359,Physical Examination,755.54
13753,21,Ultrasound,1786.30
13754,88,Medication Charge,1662.40
13755,240,Consultation,1308.44
13756,222,Hospital Stay,117.67
13757,195,CT Scan,322.40
13758,213,Ultrasound,444.23
13759,20,Consultation,366.34
13760,444,MRI Scan,551.04
13761,29,Consultation,223.48
13762,357,Consultation,1999.66
13763,421,Consultation,521.54
13764,11,MRI Scan,261.56
13765,58,Physical Examination,562.55
13766,11,Ultrasound,739.60
13767,257,Physical Examination,680.60
13768,268,CT Scan,673.58
13769,69,Hospital Stay,743.18
13770,292,Ultrasound,253.47
13771,39,Hospital Stay,426.07
13772,312,CT Scan,1875.99
13773,178,CT Scan,1429.65
13774,268,Consultation,668.89
13775,480,CT Scan,1917.41
13776,451,Physical Examination,439.45
13777,257,CT Scan,1439.61
13778,46,Consultation,689.95
13779,497,Ultrasound,1912.72
13780,468,Medication Charge,892.45
13781,449,Consultation,1331.25
13782,105,Physical Examination,1438.49
13783,295,ECG,1435.65
13784,382,Physical Examination,902.86
13785,129,MRI Scan,954.75
13786,274,X-Ray,687.69
13787,350,Ultrasound,1812.72
13788,355,MRI Scan,1220.01
13789,384,Medication Charge,1986.71
13790,397,Ultrasound,301.37
13791,441,Ultrasound,1871.83
13792,157,CT Scan,870.76
13793,486,X-Ray,1204.23
13794,202,Physical Examination,603.72
13795,221,Physical Examination,1727.01
13796,429,MRI Scan,996.23
13797,303,CT Scan,422.92
13798,247,Medication Charge,1467.43
13799,311,Blood Test,226.39
13800,450,Blood Test,305.68
13801,477,CT Scan,1635.72
13802,311,Blood Test,1375.37
13803,318,ECG,1719.32
13804,380,X-Ray,1681.53
13805,97,Physical Examination,1912.46
13806,233,X-Ray,246.68
13807,66,MRI Scan,1562.90
13808,411,ECG,1292.04
13809,293,Blood Test,1286.13
13810,461,ECG,1475.47
13811,196,X-Ray,1661.21
13812,418,Hospital Stay,863.29
13813,94,X-Ray,119.52
13814,201,ECG,878.79
13815,112,Consultation,1223.17
13816,348,ECG,121.12
13817,80,Hospital Stay,417.79
13818,68,Ultrasound,300.04
13819,124,Physical Examination,228.12
13820,142,Blood Test,508.28
13821,330,CT Scan,662.06
13822,484,Medication Charge,1525.60
13823,430,Hospital Stay,177.81
13824,141,X-Ray,169.51
13825,453,Hospital Stay,1081.98
13826,98,ECG,146.08
13827,144,ECG,78.24
13828,489,Medication Charge,464.10
13829,444,Consultation,1886.24
13830,264,Blood Test,1717.19
13831,328,Medication Charge,1235.80
13832,239,Blood Test,322.44
13833,139,Blood Test,639.45
13834,404,Consultation,217.78
13835,465,Medication Charge,73.45
13836,248,MRI Scan,1355.09
13837,90,Consultation,1371.47
13838,360,Consultation,1880.47
13839,67,CT Scan,975.69
13840,330,Consultation,1004.56
13841,182,ECG,551.65
13842,204,MRI Scan,903.26
13843,228,ECG,977.84
13844,116,ECG,674.96
13845,286,MRI Scan,611.80
13846,481,MRI Scan,400.46
13847,200,Ultrasound,884.58
13848,174,Consultation,1181.19
13849,409,Medication Charge,1502.70
13850,66,Medication Charge,569.20
13851,237,Blood Test,1672.92
13852,493,MRI Scan,724.20
13853,479,MRI Scan,455.00
13854,131,Consultation,1291.35
13855,292,Blood Test,901.49
13856,242,Medication Charge,1716.62
13857,277,Medication Charge,1305.87
13858,170,Physical Examination,402.82
13859,148,CT Scan,972.65
13860,111,Medication Charge,186.25
13861,68,Medication Charge,1736.49
13862,443,Blood Test,481.04
13863,471,MRI Scan,1392.88
13864,57,X-Ray,1973.47
13865,178,Medication Charge,522.72
13866,357,ECG,664.36
13867,342,MRI Scan,1900.42
13868,411,X-Ray,214.34
13869,379,MRI Scan,871.77
13870,345,X-Ray,1966.90
13871,18,Ultrasound,1719.93
13872,370,ECG,1216.18
13873,24,Blood Test,1448.43
13874,428,Hospital Stay,419.70
13875,129,Consultation,814.98
13876,149,Hospital Stay,460.02
13877,83,Medication Charge,1626.31
13878,215,Medication Charge,231.16
13879,76,X-Ray,1395.54
13880,473,Blood Test,1281.50
13881,238,X-Ray,372.04
13882,456,CT Scan,826.05
13883,257,Consultation,672.32
13884,237,Physical Examination,141.57
13885,322,Physical Examination,1809.80
13886,472,CT Scan,1847.39
13887,164,CT Scan,257.53
13888,309,Consultation,417.29
13889,385,ECG,475.19
13890,8,Blood Test,1196.60
13891,461,Blood Test,1347.92
13892,109,X-Ray,717.11
13893,375,Ultrasound,1308.51
13894,244,CT Scan,1775.18
13895,146,Ultrasound,770.87
13896,212,MRI Scan,984.90
13897,284,Hospital Stay,1929.66
13898,335,Blood Test,520.59
13899,141,Ultrasound,1293.56
13900,113,X-Ray,1437.89
13901,420,Ultrasound,739.73
13902,404,Ultrasound,1718.56
13903,271,Hospital Stay,1879.64
13904,395,MRI Scan,701.66
13905,384,Ultrasound,1482.95
13906,171,MRI Scan,957.80
13907,254,Consultation,661.49
13908,388,MRI Scan,1644.37
13909,264,ECG,261.04
13910,374,CT Scan,821.97
13911,346,Ultrasound,750.00
13912,419,Medication Charge,753.81
13913,297,Ultrasound,688.06
13914,211,Blood Test,131.46
13915,476,Consultation,1425.41
13916,230,ECG,349.22
13917,292,Ultrasound,1486.69
13918,265,Hospital Stay,1292.98
13919,46,Blood Test,1149.71
13920,95,X-Ray,685.83
13921,375,Hospital Stay,710.10
13922,246,Medication Charge,1286.10
13923,430,Consultation,933.66
13924,67,Consultation,995.11
13925,212,Blood Test,582.38
13926,146,X-Ray,1874.64
13927,158,Consultation,161.96
13928,317,CT Scan,140.17
13929,40,Consultation,1590.65
13930,80,X-Ray,1201.16
13931,74,MRI Scan,81.47
13932,399,Consultation,755.32
13933,388,X-Ray,657.22
13934,344,Consultation,1231.92
13935,86,Medication Charge,1294.02
13936,17,MRI Scan,1446.78
13937,345,Hospital Stay,1157.14
13938,460,X-Ray,1136.13
13939,14,CT Scan,1620.26
13940,347,Medication Charge,1629.48
13941,102,Medication Charge,156.15
13942,280,CT Scan,1100.07
13943,109,Hospital Stay,1515.47
13944,207,CT Scan,1389.72
13945,13,Blood Test,1904.22
13946,225,Physical Examination,353.87
13947,156,Ultrasound,890.34
13948,201,Ultrasound,1234.75
13949,353,Physical Examination,482.86
13950,476,Blood Test,1376.01
13951,290,Hospital Stay,460.21
13952,210,Physical Examination,359.60
13953,350,ECG,1815.57
13954,9,Physical Examination,687.61
13955,297,X-Ray,701.69
13956,325,Ultrasound,372.08
13957,245,X-Ray,785.16
13958,290,X-Ray,460.89
13959,468,X-Ray,688.42
13960,377,X-Ray,1001.29
13961,324,Hospital Stay,1449.79
13962,452,Ultrasound,1847.53
13963,420,Medication Charge,1437.63
13964,243,Blood Test,1468.93
13965,139,CT Scan,394.83
13966,400,Consultation,543.96
13967,129,Ultrasound,861.57
13968,54,Blood Test,739.20
13969,480,Hospital Stay,1219.02
13970,381,Ultrasound,219.52
13971,25,Ultrasound,1746.67
13972,203,X-Ray,1029.20
13973,282,Ultrasound,1527.62
13974,383,Physical Examination,1406.02
13975,490,CT Scan,1888.16
13976,316,X-Ray,580.09
13977,129,Medication Charge,1793.56
13978,131,Blood Test,1520.13
13979,349,Medication Charge,752.44
13980,267,Ultrasound,1262.09
13981,166,Ultrasound,1610.00
13982,118,Hospital Stay,582.49
13983,436,Physical Examination,1951.28
13984,117,Consultation,1744.21
13985,279,Consultation,1111.69
13986,63,Ultrasound,1179.64
13987,98,Hospital Stay,964.39
13988,300,MRI Scan,1618.78
13989,331,Consultation,1013.22
13990,253,Medication Charge,1940.42
13991,127,Medication Charge,1124.52
13992,2,MRI Scan,1563.00
13993,449,X-Ray,361.89
13994,410,Blood Test,199.72
13995,111,MRI Scan,1027.29
13996,188,X-Ray,110.60
13997,322,X-Ray,518.90
13998,51,ECG,346.21
13999,38,Consultation,522.61
14000,423,Ultrasound,1292.46
14001,352,Consultation,1373.83
14002,150,Blood Test,1207.61
14003,91,MRI Scan,377.53
14004,24,X-Ray,526.59
14005,282,Medication Charge,1834.52
14006,248,X-Ray,118.18
14007,58,X-Ray,1263.73
14008,310,Blood Test,1800.25
14009,486,Consultation,240.48
14010,396,CT Scan,997.62
14011,164,Ultrasound,1812.89
14012,358,Blood Test,65.21
14013,3,MRI Scan,1329.51
14014,328,MRI Scan,1904.87
14015,193,ECG,1693.65
14016,453,Consultation,1650.62
14017,90,Hospital Stay,1707.38
14018,272,Consultation,551.50
14019,112,Physical Examination,1823.86
14020,247,MRI Scan,776.80
14021,38,ECG,605.12
14022,253,Hospital Stay,898.96
14023,60,MRI Scan,957.13
14024,321,Blood Test,1800.92
14025,354,Physical Examination,931.78
14026,69,CT Scan,324.23
14027,496,X-Ray,1816.92
14028,433,Hospital Stay,153.80
14029,320,Consultation,1330.74
14030,376,Physical Examination,68.86
14031,446,Physical Examination,1869.53
14032,104,Hospital Stay,1272.84
14033,291,MRI Scan,398.51
14034,105,X-Ray,270.85
14035,342,Blood Test,98.76
14036,441,Medication Charge,1747.35
14037,110,X-Ray,567.33
14038,39,Physical Examination,505.20
14039,350,ECG,414.46
14040,231,Ultrasound,362.35
14041,76,Blood Test,1773.91
14042,46,Consultation,267.82
14043,224,CT Scan,1149.80
14044,372,Hospital Stay,372.97
14045,489,Consultation,376.56
14046,198,CT Scan,1375.28
14047,52,MRI Scan,831.74
14048,259,MRI Scan,270.23
14049,222,CT Scan,1599.60
14050,380,Physical Examination,852.30
14051,70,Medication Charge,63.77
14052,164,MRI Scan,699.53
14053,260,Ultrasound,1755.61
14054,387,X-Ray,893.00
14055,120,Blood Test,382.73
14056,21,Medication Charge,1168.08
14057,43,CT Scan,1387.25
14058,477,ECG,457.00
14059,439,Blood Test,601.68
14060,345,Blood Test,753.98
14061,102,MRI Scan,1236.25
14062,144,MRI Scan,168.26
14063,176,Blood Test,922.35
14064,408,ECG,55.13
14065,133,Physical Examination,673.82
14066,281,Hospital Stay,855.08
14067,251,CT Scan,171.46
14068,401,CT Scan,1033.20
14069,224,CT Scan,1239.44
14070,26,Blood Test,1140.31
14071,372,Consultation,1992.57
14072,334,CT Scan,815.77
14073,338,Hospital Stay,1670.02
14074,174,Physical Examination,502.97
14075,168,Blood Test,214.21
14076,463,X-Ray,911.64
14077,233,Medication Charge,1964.71
14078,125,X-Ray,1119.57
14079,290,Blood Test,279.72
14080,354,Physical Examination,1820.16
14081,67,Blood Test,753.96
14082,47,X-Ray,173.26
14083,99,Hospital Stay,103.99
14084,459,Consultation,1707.17
14085,274,Blood Test,192.34
14086,317,Medication Charge,127.10
14087,16,X-Ray,640.56
14088,206,ECG,175.22
14089,346,CT Scan,1294.17
14090,426,Hospital Stay,1718.93
14091,244,MRI Scan,1452.08
14092,236,Blood Test,1353.17
14093,140,Physical Examination,735.71
14094,416,CT Scan,1155.14
14095,468,Physical Examination,1134.49
14096,488,Consultation,1279.97
14097,46,X-Ray,1793.76
14098,403,Hospital Stay,1667.44
14099,230,Medication Charge,99.22
14100,325,Hospital Stay,1108.90
14101,42,Consultation,1107.70
14102,337,Physical Examination,284.92
14103,32,MRI Scan,244.61
14104,386,Hospital Stay,1650.84
14105,172,Ultrasound,1024.70
14106,356,Ultrasound,956.21
14107,214,MRI Scan,1189.72
14108,174,X-Ray,572.55
14109,205,Blood Test,238.04
14110,20,Medication Charge,348.89
14111,49,CT Scan,873.22
14112,170,MRI Scan,1867.37
14113,248,CT Scan,1528.85
14114,21,X-Ray,1774.40
14115,341,Consultation,1132.48
14116,129,ECG,1916.64
14117,157,CT Scan,1034.36
14118,84,CT Scan,947.88
14119,70,ECG,1730.97
14120,374,X-Ray,165.67
14121,470,ECG,1290.42
14122,330,X-Ray,1087.62
14123,269,Medication Charge,1133.48
14124,402,Consultation,753.48
14125,258,CT Scan,390.57
14126,235,X-Ray,1257.83
14127,449,Consultation,469.17
14128,372,ECG,1416.15
14129,457,Blood Test,368.65
14130,462,Hospital Stay,108.53
14131,418,Medication Charge,523.22
14132,258,Ultrasound,1348.66
14133,101,Medication Charge,1609.82
14134,158,Ultrasound,608.05
14135,147,Hospital Stay,313.86
14136,233,Consultation,1191.80
14137,120,ECG,1459.53
14138,202,ECG,305.20
14139,123,Medication Charge,201.01
14140,376,Physical Examination,861.80
14141,233,Ultrasound,373.74
14142,498,X-Ray,972.98
14143,171,Consultation,1669.35
14144,439,Hospital Stay,1795.16
14145,481,Ultrasound,1280.00
14146,29,MRI Scan,851.47
14147,100,Consultation,576.83
14148,31,MRI Scan,560.52
14149,450,X-Ray,229.14
14150,204,Consultation,548.08
14151,353,ECG,395.25
14152,448,Ultrasound,462.97
14153,88,Physical Examination,1135.38
14154,94,Consultation,430.17
14155,236,Blood Test,602.46
14156,137,ECG,757.99
14157,367,MRI Scan,1493.38
14158,453,Hospital Stay,446.60
14159,447,Hospital Stay,1871.33
14160,44,MRI Scan,255.24
14161,174,Hospital Stay,1784.35
14162,136,Hospital Stay,1983.67
14163,171,CT Scan,1301.01
14164,86,MRI Scan,1281.96
14165,273,Hospital Stay,400.28
14166,321,Hospital Stay,788.20
14167,259,MRI Scan,1803.50
14168,39,X-Ray,1266.88
14169,63,Ultrasound,582.57
14170,252,Medication Charge,388.59
14171,129,Ultrasound,612.13
14172,301,Medication Charge,1762.96
14173,227,X-Ray,543.71
14174,373,Consultation,680.26
14175,334,Medication Charge,1255.73
14176,452,CT Scan,780.58
14177,331,Medication Charge,1633.37
14178,185,Consultation,1715.43
14179,32,CT Scan,666.36
14180,62,Hospital Stay,768.74
14181,484,MRI Scan,1604.03
14182,113,Hospital Stay,986.21
14183,292,X-Ray,1838.93
14184,460,Consultation,145.00
14185,491,CT Scan,1634.90
14186,286,X-Ray,557.15
14187,379,Consultation,1995.40
14188,14,Physical Examination,228.99
14189,129,Ultrasound,1960.40
14190,463,Consultation,1498.43
14191,274,Ultrasound,1882.55
14192,158,Consultation,1502.32
14193,419,MRI Scan,1845.79
14194,324,Ultrasound,75.83
14195,216,Medication Charge,809.05
14196,372,Blood Test,786.36
14197,443,Medication Charge,1271.98
14198,125,CT Scan,1830.61
14199,311,MRI Scan,1767.86
14200,76,MRI Scan,1061.80
14201,252,Medication Charge,1913.72
14202,322,Blood Test,802.23
14203,5,Ultrasound,201.18
14204,396,Hospital Stay,903.65
14205,180,Medication Charge,67.53
14206,56,X-Ray,670.92
14207,72,Consultation,208.72
14208,23,Blood Test,1824.06
14209,390,Blood Test,415.13
14210,247,X-Ray,1137.95
14211,416,Medication Charge,1105.21
14212,405,Physical Examination,1925.75
14213,328,X-Ray,270.00
14214,89,Blood Test,1130.66
14215,455,MRI Scan,565.33
14216,360,Medication Charge,1118.59
14217,73,ECG,121.54
14218,237,Medication Charge,820.31
14219,195,Medication Charge,1228.80
14220,326,CT Scan,1035.25
14221,134,X-Ray,113.22
14222,32,MRI Scan,607.54
14223,143,Hospital Stay,316.01
14224,201,Blood Test,1301.20
14225,115,CT Scan,380.68
14226,362,Physical Examination,1838.84
14227,35,ECG,1178.69
14228,87,Physical Examination,1424.03
14229,432,ECG,1492.74
14230,363,Medication Charge,582.86
14231,500,ECG,1336.41
14232,358,Ultrasound,466.01
14233,386,CT Scan,1419.54
14234,312,Physical Examination,382.35
14235,118,Blood Test,713.03
14236,256,CT Scan,1170.82
14237,338,Medication Charge,1300.56
14238,435,Consultation,810.41
14239,223,Blood Test,964.64
14240,369,MRI Scan,128.70
14241,301,Consultation,1230.23
14242,374,Physical Examination,251.58
14243,3,Hospital Stay,1643.75
14244,118,Medication Charge,158.57
14245,122,ECG,1947.51
14246,223,Blood Test,1755.42
14247,272,ECG,1546.62
14248,324,Ultrasound,1257.00
14249,494,Ultrasound,879.79
14250,8,Medication Charge,867.33
14251,183,Hospital Stay,1369.20
14252,465,Ultrasound,83.33
14253,249,ECG,1698.26
14254,409,X-Ray,219.79
14255,46,Physical Examination,617.38
14256,200,X-Ray,1343.41
14257,195,Hospital Stay,1685.00
14258,147,MRI Scan,1076.47
14259,449,X-Ray,1716.48
14260,177,Medication Charge,622.12
14261,257,ECG,1966.20
14262,311,Consultation,677.22
14263,192,Consultation,705.91
14264,411,Hospital Stay,1299.77
14265,241,CT Scan,1539.38
14266,484,Medication Charge,695.16
14267,422,CT Scan,1459.33
14268,214,ECG,1558.21
14269,166,CT Scan,1797.30
14270,249,Hospital Stay,1142.26
14271,384,ECG,1468.47
14272,384,X-Ray,694.00
14273,88,X-Ray,1889.18
14274,481,Physical Examination,1667.43
14275,215,CT Scan,1596.56
14276,433,Blood Test,210.47
14277,252,ECG,1557.07
14278,437,X-Ray,1711.24
14279,302,X-Ray,1261.27
14280,289,Ultrasound,689.12
14281,83,Consultation,1583.75
14282,204,CT Scan,546.85
14283,448,Medication Charge,1902.91
14284,289,Medication Charge,152.83
14285,31,Consultation,1346.31
14286,174,Hospital Stay,124.19
14287,1,Blood Test,1142.53
14288,389,MRI Scan,717.85
14289,366,MRI Scan,1885.62
14290,145,X-Ray,858.96
14291,379,ECG,966.08
14292,164,Consultation,1682.46
14293,279,ECG,184.92
14294,104,Medication Charge,1747.96
14295,193,Consultation,700.73
14296,315,Hospital Stay,863.60
14297,160,X-Ray,1459.88
14298,383,X-Ray,92.44
14299,31,Physical Examination,740.63
14300,12,Ultrasound,1591.68
14301,105,Hospital Stay,1776.03
14302,40,MRI Scan,1078.06
14303,256,Physical Examination,1017.25
14304,230,X-Ray,1066.49
14305,334,Ultrasound,1808.77
14306,309,Consultation,1335.07
14307,355,Physical Examination,130.08
14308,53,Medication Charge,178.62
14309,44,Ultrasound,144.13
14310,126,Consultation,1971.56
14311,378,Consultation,169.25
14312,418,ECG,619.16
14313,45,Physical Examination,1317.70
14314,128,Ultrasound,1322.75
14315,443,Ultrasound,155.73
14316,93,Blood Test,1279.40
14317,471,Consultation,219.97
14318,242,Physical Examination,1103.56
14319,375,X-Ray,1384.10
14320,35,Blood Test,1181.69
14321,477,Ultrasound,996.77
14322,500,Ultrasound,1022.41
14323,235,CT Scan,937.09
14324,437,Ultrasound,717.03
14325,489,CT Scan,786.08
14326,183,ECG,632.65
14327,317,Blood Test,455.65
14328,461,Physical Examination,266.11
14329,170,Hospital Stay,443.98
14330,396,MRI Scan,260.36
14331,26,X-Ray,794.55
14332,105,Medication Charge,664.51
14333,106,Consultation,1654.04
14334,276,Medication Charge,1476.59
14335,70,Consultation,1397.74
14336,97,MRI Scan,451.26
14337,348,MRI Scan,657.09
14338,336,Physical Examination,664.06
14339,383,Blood Test,955.79
14340,74,Ultrasound,538.28
14341,222,X-Ray,1610.55
14342,217,Blood Test,801.74
14343,145,MRI Scan,673.66
14344,64,Hospital Stay,646.13
14345,260,CT Scan,902.11
14346,55,Ultrasound,1920.41
14347,288,Consultation,1482.78
14348,131,X-Ray,933.67
14349,450,Medication Charge,934.54
14350,28,X-Ray,1187.11
14351,28,Ultrasound,1155.23
14352,423,CT Scan,1840.54
14353,177,X-Ray,1350.06
14354,81,Consultation,1494.03
14355,397,ECG,1039.13
14356,106,CT Scan,951.09
14357,58,X-Ray,779.77
14358,93,Physical Examination,565.71
14359,393,Physical Examination,1225.04
14360,44,Medication Charge,1356.30
14361,424,Medication Charge,1909.75
14362,154,Medication Charge,748.56
14363,43,Ultrasound,1373.46
14364,171,Medication Charge,1185.64
14365,384,Medication Charge,588.78
14366,429,Ultrasound,1330.78
14367,151,Hospital Stay,893.49
14368,393,ECG,331.54
14369,423,Medication Charge,61.51
14370,133,MRI Scan,1938.64
14371,87,Hospital Stay,1752.39
14372,449,Physical Examination,782.58
14373,276,ECG,693.96
14374,253,Blood Test,1585.55
14375,258,Medication Charge,966.36
14376,250,Medication Charge,1390.61
14377,392,Blood Test,293.62
14378,351,Hospital Stay,782.71
14379,481,Blood Test,1509.79
14380,316,Consultation,875.86
14381,74,ECG,1812.21
14382,381,X-Ray,1819.79
14383,358,Blood Test,161.73
14384,354,Hospital Stay,1348.76
14385,237,CT Scan,1805.60
14386,17,CT Scan,520.56
14387,359,Ultrasound,133.64
14388,128,MRI Scan,856.53
14389,114,Hospital Stay,74.52
14390,250,Medication Charge,1255.26
14391,411,MRI Scan,801.42
14392,138,ECG,988.79
14393,432,X-Ray,1001.20
14394,148,X-Ray,1449.24
14395,365,Consultation,1744.95
14396,390,Physical Examination,1521.16
14397,251,Physical Examination,709.98
14398,47,ECG,1376.11
14399,217,Ultrasound,1066.08
14400,261,MRI Scan,727.68
14401,381,CT Scan,264.13
14402,167,ECG,1679.91
14403,347,Ultrasound,207.85
14404,216,Ultrasound,1141.37
14405,299,Hospital Stay,1961.69
14406,290,Consultation,870.13
14407,383,Consultation,806.62
14408,209,Blood Test,716.19
14409,452,ECG,661.49
14410,357,Ultrasound,277.31
14411,465,MRI Scan,477.21
14412,301,ECG,859.89
14413,97,X-Ray,306.81
14414,465,ECG,1865.66
14415,262,X-Ray,777.73
14416,311,Ultrasound,181.38
14417,66,MRI Scan,1900.15
14418,329,Ultrasound,1811.90
14419,231,Hospital Stay,1138.18
14420,390,Ultrasound,1180.48
14421,284,Hospital Stay,1074.91
14422,293,Physical Examination,1273.57
14423,210,Consultation,216.29
14424,218,Consultation,163.99
14425,83,CT Scan,1272.60
14426,134,Consultation,807.93
14427,449,X-Ray,401.84
14428,178,Medication Charge,1476.96
14429,217,Hospital Stay,309.64
14430,3,MRI Scan,311.58
14431,145,Ultrasound,1193.50
14432,368,Blood Test,265.66
14433,200,Consultation,1947.40
14434,386,Medication Charge,226.43
14435,423,Physical Examination,1731.40
14436,125,CT Scan,1992.58
14437,334,Blood Test,1681.87
14438,186,ECG,491.13
14439,199,Blood Test,869.12
14440,77,X-Ray,425.66
14441,212,Consultation,729.18
14442,241,Consultation,1300.29
14443,181,CT Scan,936.81
14444,201,Medication Charge,1476.25
14445,86,Medication Charge,1065.63
14446,410,MRI Scan,53.64
14447,153,Blood Test,1684.29
14448,364,Blood Test,473.32
14449,382,X-Ray,964.11
14450,10,Consultation,1517.17
14451,158,Physical Examination,389.52
14452,228,Hospital Stay,1736.50
14453,196,Consultation,1508.89
14454,167,X-Ray,1382.85
14455,118,ECG,1686.15
14456,42,MRI Scan,1135.74
14457,354,X-Ray,75.09
14458,125,Physical Examination,56.45
14459,432,Ultrasound,1721.05
14460,345,Medication Charge,692.55
14461,342,Ultrasound,1934.84
14462,339,MRI Scan,1146.25
14463,103,MRI Scan,1434.83
14464,49,X-Ray,1029.91
14465,41,CT Scan,994.63
14466,309,Blood Test,1628.60
14467,108,Ultrasound,876.60
14468,202,Consultation,814.95
14469,369,Medication Charge,642.25
14470,90,Physical Examination,193.59
14471,127,X-Ray,857.58
14472,435,ECG,1183.95
14473,144,ECG,69.83
14474,103,CT Scan,1241.67
14475,368,X-Ray,1352.29
14476,308,Hospital Stay,1976.38
14477,16,Consultation,1006.61
14478,112,ECG,1284.24
14479,102,MRI Scan,1337.29
14480,80,Hospital Stay,1492.30
14481,65,CT Scan,1908.07
14482,169,Ultrasound,930.67
14483,51,Medication Charge,1281.15
14484,25,Consultation,156.30
14485,207,Physical Examination,936.81
14486,32,CT Scan,1589.89
14487,65,Ultrasound,693.04
14488,146,Medication Charge,619.61
14489,278,Medication Charge,190.89
14490,183,X-Ray,1608.68
14491,307,Physical Examination,514.02
14492,258,X-Ray,1823.18
14493,465,MRI Scan,689.61
14494,142,Medication Charge,960.27
14495,255,Ultrasound,573.08
14496,46,Consultation,829.92
14497,44,Ultrasound,1721.38
14498,226,Ultrasound,1686.33
14499,71,Physical Examination,1809.34
14500,86,X-Ray,1421.12
14501,413,Ultrasound,261.62
14502,291,ECG,1330.27
14503,363,Medication Charge,1349.50
14504,13,X-Ray,1147.31
14505,288,Hospital Stay,1181.78
14506,152,Consultation,1358.26
14507,382,Hospital Stay,1493.69
14508,164,CT Scan,986.50
14509,415,Ultrasound,1733.71
14510,40,Consultation,1841.19
14511,275,Ultrasound,719.36
14512,175,Blood Test,1565.04
14513,490,Blood Test,1428.72
14514,299,MRI Scan,1410.01
14515,305,ECG,1454.51
14516,382,CT Scan,1055.36
14517,73,Consultation,1150.43
14518,334,ECG,1920.58
14519,388,Medication Charge,1525.40
14520,197,Blood Test,1851.18
14521,297,Hospital Stay,219.57
14522,327,CT Scan,109.85
14523,197,MRI Scan,1145.75
14524,168,Consultation,849.04
14525,362,Physical Examination,1010.81
14526,22,CT Scan,314.83
14527,343,X-Ray,106.68
14528,440,Consultation,1856.51
14529,365,Consultation,1123.63
14530,282,MRI Scan,1889.83
14531,81,Blood Test,1528.79
14532,296,Medication Charge,882.50
14533,437,CT Scan,885.79
14534,113,CT Scan,369.59
14535,9,Consultation,1311.39
14536,115,Hospital Stay,1559.97
14537,258,Consultation,1974.51
14538,193,ECG,870.03
14539,1,CT Scan,1299.17
14540,297,Blood Test,727.64
14541,338,ECG,1006.25
14542,147,Consultation,1198.46
14543,251,CT Scan,116.24
14544,134,Ultrasound,1646.47
14545,104,Medication Charge,525.78
14546,201,Hospital Stay,1465.32
14547,3,Medication Charge,1895.23
14548,175,Hospital Stay,1976.08
14549,458,Physical Examination,1324.91
14550,254,Consultation,1451.43
14551,26,ECG,1059.09
14552,258,Ultrasound,1090.91
14553,30,X-Ray,694.51
14554,49,X-Ray,1936.84
14555,411,X-Ray,873.72
14556,452,Ultrasound,299.17
14557,140,CT Scan,1565.84
14558,459,Blood Test,1388.52
14559,289,ECG,1055.58
14560,157,Blood Test,1706.36
14561,400,Hospital Stay,802.91
14562,426,ECG,1236.37
14563,240,Blood Test,129.73
14564,37,Medication Charge,1359.47
14565,495,Blood Test,928.95
14566,266,Physical Examination,1879.46
14567,132,Ultrasound,910.00
14568,389,Consultation,1280.07
14569,373,CT Scan,601.96
14570,433,Ultrasound,1518.81
14571,119,Medication Charge,1290.64
14572,17,Physical Examination,1228.55
14573,54,Consultation,259.26
14574,272,ECG,1895.32
14575,194,CT Scan,181.98
14576,113,X-Ray,262.96
14577,492,Blood Test,732.80
14578,65,Physical Examination,1292.93
14579,336,X-Ray,749.00
14580,35,MRI Scan,218.84
14581,463,Medication Charge,1329.62
14582,101,ECG,1222.27
14583,441,Blood Test,1176.76
14584,86,Medication Charge,601.24
14585,423,X-Ray,661.35
14586,230,Medication Charge,1268.47
14587,421,Medication Charge,120.89
14588,350,Consultation,1532.65
14589,72,Consultation,1137.75
14590,364,CT Scan,1374.79
14591,240,Ultrasound,1712.54
14592,19,Ultrasound,1671.21
14593,431,Physical Examination,1175.62
14594,164,MRI Scan,1793.78
14595,400,Hospital Stay,82.56
14596,109,Medication Charge,1243.19
14597,499,CT Scan,1122.72
14598,274,CT Scan,609.20
14599,343,Consultation,91.63
14600,52,Physical Examination,433.28
14601,123,X-Ray,1396.63
14602,292,Consultation,1285.60
14603,447,CT Scan,1426.01
14604,93,Ultrasound,1516.62
14605,125,Physical Examination,375.35
14606,3,CT Scan,288.70
14607,478,Hospital Stay,1140.52
14608,283,ECG,278.58
14609,115,MRI Scan,201.47
14610,241,Physical Examination,859.17
14611,175,CT Scan,1666.96
14612,208,CT Scan,1011.92
14613,304,X-Ray,1975.70
14614,401,Physical Examination,1127.71
14615,70,Blood Test,1755.42
14616,31,X-Ray,1084.80
14617,228,ECG,1617.46
14618,139,Blood Test,747.17
14619,320,X-Ray,514.54
14620,429,Blood Test,457.97
14621,7,Ultrasound,903.92
14622,272,CT Scan,265.99
14623,447,X-Ray,569.26
14624,306,CT Scan,1341.66
14625,90,Ultrasound,681.08
14626,385,CT Scan,175.08
14627,473,Ultrasound,599.52
14628,431,Ultrasound,979.42
14629,133,ECG,234.75
14630,382,Hospital Stay,666.89
14631,232,ECG,1542.76
14632,182,CT Scan,1452.39
14633,498,Hospital Stay,1371.95
14634,486,Physical Examination,1087.10
14635,439,ECG,322.02
14636,215,Medication Charge,1168.22
14637,25,MRI Scan,1641.93
14638,188,MRI Scan,1535.70
14639,53,MRI Scan,663.61
14640,222,CT Scan,1791.65
14641,404,Consultation,1109.72
14642,177,MRI Scan,673.55
14643,220,Hospital Stay,1485.26
14644,254,Blood Test,1315.57
14645,31,Ultrasound,1514.27
14646,434,Physical Examination,68.03
14647,312,Physical Examination,444.43
14648,377,Consultation,1985.35
14649,441,Medication Charge,485.51
14650,223,ECG,1419.97
14651,91,CT Scan,674.07
14652,488,Ultrasound,150.66
14653,472,Hospital Stay,1505.78
14654,461,ECG,784.80
14655,353,Consultation,1715.52
14656,399,Physical Examination,1177.26
14657,126,Hospital Stay,1266.15
14658,454,ECG,319.89
14659,394,ECG,931.54
14660,174,MRI Scan,667.75
14661,451,ECG,1458.81
14662,437,Physical Examination,1880.21
14663,327,X-Ray,834.74
14664,275,Physical Examination,64.73
14665,328,Consultation,1617.99
14666,493,Hospital Stay,1990.97
14667,379,X-Ray,954.78
14668,194,MRI Scan,1346.93
14669,383,Ultrasound,1557.15
14670,367,Physical Examination,1823.09
14671,194,Medication Charge,1874.27
14672,491,Hospital Stay,988.73
14673,371,X-Ray,1907.72
14674,111,CT Scan,97.94
14675,351,Physical Examination,721.86
14676,143,CT Scan,1142.52
14677,228,X-Ray,855.76
14678,50,Medication Charge,1982.21
14679,97,MRI Scan,1603.22
14680,80,X-Ray,1461.61
14681,488,Hospital Stay,226.04
14682,407,X-Ray,1869.66
14683,360,Consultation,322.02
14684,386,Blood Test,1740.73
14685,392,Ultrasound,411.59
14686,124,Medication Charge,538.88
14687,375,MRI Scan,1827.30
14688,185,Hospital Stay,716.37
14689,143,MRI Scan,1694.46
14690,314,X-Ray,670.68
14691,460,Physical Examination,1781.24
14692,470,Consultation,216.80
14693,393,Blood Test,149.77
14694,119,ECG,834.56
14695,15,Consultation,1813.93
14696,82,Physical Examination,343.79
14697,244,Consultation,686.45
14698,156,Medication Charge,67.69
14699,229,Medication Charge,1635.98
14700,280,Ultrasound,752.56
14701,52,Ultrasound,1665.22
14702,258,Medication Charge,1441.89
14703,335,X-Ray,230.14
14704,76,ECG,166.38
14705,214,X-Ray,1708.35
14706,209,Physical Examination,661.77
14707,150,Consultation,631.21
14708,198,Blood Test,1386.18
14709,269,Physical Examination,390.94
14710,11,Medication Charge,381.50
14711,186,Physical Examination,906.76
14712,267,Medication Charge,1593.28
14713,328,Hospital Stay,820.37
14714,478,Consultation,816.22
14715,40,Ultrasound,444.60
14716,9,Physical Examination,622.35
14717,22,MRI Scan,964.72
14718,382,Ultrasound,1936.52
14719,78,Physical Examination,1550.50
14720,121,Consultation,1416.95
14721,208,Hospital Stay,1236.90
14722,264,Hospital Stay,1576.63
14723,342,CT Scan,598.51
14724,42,MRI Scan,894.56
14725,123,Hospital Stay,1713.81
14726,363,Consultation,1723.97
14727,349,Blood Test,496.04
14728,49,Blood Test,1440.99
14729,354,MRI Scan,806.97
14730,121,Ultrasound,891.49
14731,385,X-Ray,1072.11
14732,186,ECG,646.75
14733,149,Blood Test,1090.17
14734,170,CT Scan,1249.88
14735,475,Ultrasound,346.91
14736,459,Medication Charge,736.39
14737,392,MRI Scan,1286.02
14738,262,Hospital Stay,1077.74
14739,41,Blood Test,796.17
14740,397,Ultrasound,1507.54
14741,379,Blood Test,406.18
14742,200,Blood Test,627.58
14743,303,Blood Test,1292.43
14744,227,Hospital Stay,1244.34
14745,172,Consultation,1046.67
14746,325,Medication Charge,256.61
14747,422,Ultrasound,1787.86
14748,69,Hospital Stay,591.04
14749,494,Blood Test,862.01
14750,321,CT Scan,1114.09
14751,148,ECG,1974.16
14752,448,Consultation,1704.32
14753,76,MRI Scan,889.62
14754,29,X-Ray,1826.79
14755,141,X-Ray,1798.97
14756,397,Physical Examination,1165.86
14757,178,Hospital Stay,1497.94
14758,434,Blood Test,948.78
14759,410,MRI Scan,1302.37
14760,8,CT Scan,1524.10
14761,316,Physical Examination,780.98
14762,87,Consultation,1339.39
14763,14,ECG,1295.45
14764,384,Blood Test,1689.04
14765,223,CT Scan,233.86
14766,277,ECG,506.27
14767,114,Consultation,1563.60
14768,256,MRI Scan,546.71
14769,295,ECG,745.82
14770,377,MRI Scan,382.87
14771,471,Physical Examination,1405.25
14772,150,Medication Charge,396.66
14773,3,X-Ray,1039.91
14774,344,Physical Examination,190.84
14775,403,X-Ray,142.74
14776,301,ECG,320.45
14777,433,CT Scan,1752.23
14778,281,Blood Test,284.39
14779,418,X-Ray,863.26
14780,221,X-Ray,701.62
14781,24,ECG,1530.52
14782,245,Consultation,1974.36
14783,70,Hospital Stay,1512.18
14784,308,MRI Scan,501.78
14785,308,Hospital Stay,515.29
14786,127,X-Ray,762.48
14787,380,X-Ray,998.37
14788,308,Ultrasound,1637.46
14789,404,Consultation,1144.25
14790,259,Hospital Stay,626.59
14791,389,Consultation,989.57
14792,202,ECG,550.94
14793,306,Medication Charge,1204.15
14794,80,Physical Examination,1527.15
14795,378,Physical Examination,87.36
14796,116,Blood Test,1069.34
14797,328,Hospital Stay,1651.21
14798,148,Physical Examination,852.36
14799,126,X-Ray,1202.03
14800,24,Physical Examination,672.68
14801,11,ECG,1950.46
14802,387,Hospital Stay,1877.84
14803,262,CT Scan,1338.54
14804,172,Medication Charge,104.08
14805,162,MRI Scan,1136.33
14806,467,Consultation,959.92
14807,88,MRI Scan,165.74
14808,27,CT Scan,543.61
14809,132,CT Scan,1166.16
14810,119,Medication Charge,259.08
14811,37,CT Scan,293.50
14812,482,Hospital Stay,1715.51
14813,6,Blood Test,440.80
14814,132,ECG,819.24
14815,348,Physical Examination,1391.22
14816,469,Physical Examination,822.45
14817,346,CT Scan,1520.91
14818,246,Hospital Stay,1572.43
14819,307,Ultrasound,839.48
14820,485,Blood Test,912.84
14821,113,Ultrasound,787.97
14822,30,Hospital Stay,1709.84
14823,408,CT Scan,563.47
14824,76,Blood Test,1138.74
14825,279,Blood Test,426.27
14826,265,Medication Charge,460.88
14827,328,X-Ray,743.40
14828,440,X-Ray,1591.51
14829,348,Medication Charge,1269.04
14830,3,Hospital Stay,471.09
14831,127,ECG,278.09
14832,10,X-Ray,822.05
14833,397,ECG,992.14
14834,226,ECG,308.18
14835,471,Ultrasound,866.53
14836,149,Physical Examination,1873.88
14837,112,MRI Scan,883.34
14838,205,CT Scan,1070.32
14839,236,ECG,341.47
14840,428,Physical Examination,180.76
14841,174,Consultation,1000.60
14842,454,Hospital Stay,355.63
14843,425,Physical Examination,498.57
14844,314,Consultation,72.28
14845,490,Medication Charge,1537.60
14846,184,Consultation,1218.86
14847,70,Ultrasound,131.45
14848,335,Physical Examination,1964.28
14849,97,X-Ray,1220.17
14850,287,CT Scan,1765.34
14851,149,Blood Test,231.33
14852,131,Medication Charge,1628.88
14853,251,Hospital Stay,937.83
14854,169,Hospital Stay,1468.65
14855,104,CT Scan,1719.62
14856,19,Hospital Stay,1533.66
14857,488,Medication Charge,127.71
14858,214,CT Scan,1091.32
14859,309,Hospital Stay,760.96
14860,406,Ultrasound,1954.49
14861,173,Medication Charge,984.59
14862,231,Consultation,1238.72
14863,49,Blood Test,1343.48
14864,396,Hospital Stay,91.41
14865,241,Consultation,1821.62
14866,206,Physical Examination,1812.68
14867,374,Medication Charge,238.31
14868,27,Physical Examination,1737.21
14869,11,Hospital Stay,1630.20
14870,362,CT Scan,1934.43
14871,161,Ultrasound,1268.55
14872,143,Consultation,111.81
14873,439,X-Ray,1619.98
14874,460,Physical Examination,1337.46
14875,260,CT Scan,1340.42
14876,411,MRI Scan,1370.99
14877,218,Medication Charge,1196.98
14878,199,ECG,1037.29
14879,93,Consultation,849.85
14880,158,MRI Scan,281.49
14881,136,Physical Examination,1725.07
14882,226,Physical Examination,1838.54
14883,215,CT Scan,1869.44
14884,57,X-Ray,800.82
14885,415,CT Scan,1403.77
14886,282,MRI Scan,1128.79
14887,74,Medication Charge,1688.13
14888,86,CT Scan,1528.37
14889,320,Physical Examination,1042.34
14890,467,X-Ray,553.60
14891,490,Medication Charge,174.76
14892,451,Ultrasound,100.37
14893,272,Hospital Stay,244.85
14894,357,ECG,1370.91
14895,287,ECG,1757.55
14896,99,CT Scan,1440.86
14897,32,Hospital Stay,468.28
14898,461,Ultrasound,446.24
14899,272,ECG,768.40
14900,207,CT Scan,92.51
14901,421,MRI Scan,898.65
14902,319,Hospital Stay,547.77
14903,364,MRI Scan,578.42
14904,157,Blood Test,59.32
14905,383,Hospital Stay,120.61
14906,228,ECG,850.08
14907,77,Consultation,1559.74
14908,63,Blood Test,1466.84
14909,160,Blood Test,916.84
14910,311,CT Scan,359.87
14911,211,Physical Examination,1494.14
14912,91,Physical Examination,1031.44
14913,460,ECG,1510.86
14914,157,X-Ray,934.23
14915,106,Hospital Stay,554.32
14916,302,CT Scan,1172.66
14917,380,Medication Charge,340.94
14918,443,ECG,274.07
14919,437,Medication Charge,986.86
14920,100,Ultrasound,845.34
14921,422,ECG,1983.99
14922,229,ECG,1042.02
14923,428,CT Scan,1680.81
14924,360,Consultation,1911.76
14925,248,MRI Scan,1825.00
14926,430,ECG,415.65
14927,301,X-Ray,741.48
14928,366,Medication Charge,157.53
14929,221,CT Scan,946.20
14930,286,ECG,430.33
14931,206,Blood Test,1547.31
14932,55,CT Scan,614.48
14933,115,Blood Test,551.51
14934,494,X-Ray,732.88
14935,489,Blood Test,141.15
14936,62,Consultation,1805.74
14937,210,Ultrasound,1701.11
14938,239,ECG,337.94
14939,398,Blood Test,903.75
14940,80,CT Scan,1172.52
14941,362,CT Scan,250.04
14942,221,Consultation,1495.51
14943,167,Blood Test,850.35
14944,408,Hospital Stay,397.97
14945,357,CT Scan,356.70
14946,369,Medication Charge,1837.71
14947,353,Hospital Stay,460.79
14948,281,MRI Scan,999.81
14949,369,Ultrasound,950.62
14950,70,X-Ray,1703.96
14951,225,Blood Test,330.48
14952,179,Hospital Stay,530.82
14953,37,Ultrasound,1298.68
14954,119,Medication Charge,180.15
14955,262,Hospital Stay,1991.44
14956,140,CT Scan,295.92
14957,215,Blood Test,1661.01
14958,197,CT Scan,1978.22
14959,263,X-Ray,1963.11
14960,23,Consultation,899.88
14961,11,Ultrasound,1402.72
14962,56,ECG,1434.56
14963,360,ECG,113.99
14964,417,X-Ray,816.10
14965,34,Consultation,551.86
14966,360,Medication Charge,1748.15
14967,242,Consultation,232.51
14968,70,X-Ray,1596.28
14969,345,Blood Test,1640.30
14970,365,Ultrasound,798.56
14971,223,Ultrasound,1941.78
14972,147,Blood Test,682.43
14973,377,X-Ray,591.55
14974,322,MRI Scan,1398.63
14975,211,Medication Charge,591.20
14976,172,Consultation,1417.49
14977,484,Physical Examination,1503.56
14978,468,MRI Scan,959.41
14979,341,Blood Test,763.10
14980,456,MRI Scan,517.53
14981,496,Physical Examination,112.44
14982,171,CT Scan,487.49
14983,60,Consultation,787.42
14984,413,CT Scan,1721.65
14985,388,Physical Examination,800.46
14986,183,ECG,1672.71
14987,69,Ultrasound,264.92
14988,62,Blood Test,908.91
14989,377,ECG,1347.91
14990,255,Blood Test,760.13
14991,490,X-Ray,1264.64
14992,192,Blood Test,1146.15
14993,273,CT Scan,1784.49
14994,137,Hospital Stay,230.59
14995,396,Consultation,720.16
14996,345,Medication Charge,1185.95
14997,436,Physical Examination,1199.19
14998,336,X-Ray,1868.92
14999,163,Physical Examination,824.44
15000,78,Ultrasound,530.69
15001,221,Blood Test,118.23
15002,332,X-Ray,702.72
15003,178,MRI Scan,764.10
15004,248,Medication Charge,1751.48
15005,229,ECG,197.33
15006,300,Consultation,975.51
15007,267,Hospital Stay,1196.53
15008,112,MRI Scan,1678.47
15009,89,CT Scan,1615.10
15010,137,Hospital Stay,1624.11
15011,172,Physical Examination,1310.41
15012,343,MRI Scan,1267.60
15013,253,Ultrasound,1391.05
15014,58,Consultation,1878.94
15015,214,MRI Scan,823.59
15016,350,Ultrasound,200.04
15017,77,Ultrasound,1551.54
15018,128,X-Ray,1634.20
15019,66,Hospital Stay,1810.75
15020,397,CT Scan,126.30
15021,347,Physical Examination,234.82
15022,2,MRI Scan,576.05
15023,354,MRI Scan,377.26
15024,369,CT Scan,190.99
15025,286,Physical Examination,581.32
15026,397,Physical Examination,1222.13
15027,496,Hospital Stay,530.20
15028,394,Hospital Stay,1129.92
15029,392,MRI Scan,1628.52
15030,458,Ultrasound,1054.89
15031,250,Medication Charge,536.99
15032,373,Blood Test,1066.33
15033,10,ECG,1054.22
15034,413,Medication Charge,1235.65
15035,7,ECG,1712.89
15036,466,Physical Examination,131.51
15037,62,Hospital Stay,81.35
15038,111,Hospital Stay,1439.18
15039,13,ECG,1988.24
15040,284,MRI Scan,1405.01
15041,458,Blood Test,711.25
15042,486,Consultation,715.48
15043,329,Physical Examination,1455.28
15044,337,Ultrasound,1630.20
15045,303,Medication Charge,124.17
15046,95,MRI Scan,1566.89
15047,36,MRI Scan,851.32
15048,213,Medication Charge,641.75
15049,12,X-Ray,1923.56
15050,39,X-Ray,1829.55
15051,451,Hospital Stay,1816.15
15052,493,CT Scan,1667.45
15053,398,Hospital Stay,331.16
15054,59,X-Ray,1426.02
15055,371,ECG,1153.66
15056,443,Consultation,823.25
15057,82,Blood Test,941.22
15058,415,Hospital Stay,1262.69
15059,422,Physical Examination,1577.67
15060,135,Medication Charge,1807.83
15061,371,ECG,1217.70
15062,434,X-Ray,808.15
15063,442,Medication Charge,339.84
15064,126,Consultation,204.12
15065,432,Hospital Stay,1502.92
15066,190,Ultrasound,1938.81
15067,182,CT Scan,1445.10
15068,447,MRI Scan,1530.07
15069,201,ECG,1007.39
15070,441,Physical Examination,1281.85
15071,109,Blood Test,606.55
15072,295,Medication Charge,723.46
15073,30,Hospital Stay,508.49
15074,257,Medication Charge,1367.05
15075,203,Hospital Stay,1316.03
15076,204,Hospital Stay,735.83
15077,271,Ultrasound,331.13
15078,371,Medication Charge,1761.14
15079,98,X-Ray,1549.28
15080,434,Consultation,94.79
15081,76,Hospital Stay,1792.02
15082,283,CT Scan,801.82
15083,49,X-Ray,855.78
15084,458,Consultation,1355.53
15085,292,ECG,1638.75
15086,478,ECG,1005.51
15087,165,Physical Examination,823.88
15088,259,Blood Test,1391.27
15089,438,Physical Examination,440.15
15090,126,Hospital Stay,1774.80
15091,19,Physical Examination,477.53
15092,139,Hospital Stay,1688.78
15093,346,CT Scan,1054.17
15094,181,Medication Charge,1114.17
15095,262,MRI Scan,1199.55
15096,8,Ultrasound,1243.23
15097,191,Ultrasound,1245.79
15098,92,ECG,1345.39
15099,307,Ultrasound,1629.96
15100,488,CT Scan,899.40
15101,84,X-Ray,517.99
15102,276,Consultation,211.67
15103,90,CT Scan,713.89
15104,464,Hospital Stay,289.39
15105,106,Medication Charge,1492.08
15106,361,ECG,1932.24
15107,326,CT Scan,1678.30
15108,421,Blood Test,363.95
15109,493,X-Ray,1793.33
15110,10,MRI Scan,1728.74
15111,255,MRI Scan,1371.99
15112,14,Ultrasound,303.39
15113,152,ECG,1741.72
15114,10,X-Ray,1510.36
15115,339,Medication Charge,608.21
15116,233,Consultation,1565.04
15117,342,Consultation,591.27
15118,451,Hospital Stay,1408.21
15119,319,MRI Scan,109.77
15120,112,X-Ray,1902.07
15121,377,MRI Scan,1662.62
15122,221,Ultrasound,1934.35
15123,439,Medication Charge,1292.44
15124,455,Ultrasound,872.96
15125,250,Hospital Stay,967.85
15126,331,X-Ray,1514.75
15127,365,MRI Scan,204.97
15128,447,Blood Test,625.79
15129,283,Consultation,1043.13
15130,127,CT Scan,1700.06
15131,89,Ultrasound,84.80
15132,44,Physical Examination,921.58
15133,365,CT Scan,1582.40
15134,386,ECG,1306.48
15135,97,Hospital Stay,327.81
15136,167,Consultation,1203.37
15137,482,Medication Charge,302.86
15138,136,X-Ray,752.16
15139,392,CT Scan,979.94
15140,395,X-Ray,939.18
15141,130,ECG,919.51
15142,174,Blood Test,371.47
15143,55,Physical Examination,1074.80
15144,177,X-Ray,231.81
15145,480,Hospital Stay,1076.35
15146,222,Blood Test,493.18
15147,194,Consultation,1085.93
15148,299,Ultrasound,1437.43
15149,274,CT Scan,1106.94
15150,259,Hospital Stay,393.87
15151,402,Blood Test,1528.33
15152,408,Hospital Stay,951.14
15153,461,Medication Charge,1555.12
15154,127,ECG,1343.60
15155,406,Medication Charge,656.59
15156,386,CT Scan,159.16
15157,197,Medication Charge,1418.05
15158,370,Consultation,1380.82
15159,91,Physical Examination,713.65
15160,67,Blood Test,342.92
15161,499,ECG,655.45
15162,42,Ultrasound,1439.74
15163,361,CT Scan,1204.50
15164,149,Ultrasound,1504.95
15165,228,CT Scan,1074.41
15166,407,MRI Scan,1063.64
15167,390,Medication Charge,1057.72
15168,223,Consultation,1449.28
15169,383,MRI Scan,1752.56
15170,446,Medication Charge,684.86
15171,368,Hospital Stay,1571.52
15172,168,Medication Charge,313.38
15173,498,MRI Scan,273.79
15174,287,ECG,1509.23
15175,89,Consultation,1908.07
15176,171,Blood Test,220.40
15177,144,CT Scan,466.84
15178,250,Medication Charge,873.91
15179,206,Consultation,1035.10
15180,401,Medication Charge,789.19
15181,426,ECG,619.52
15182,492,Medication Charge,1890.13
15183,450,CT Scan,1373.98
15184,292,MRI Scan,1430.60
15185,284,X-Ray,1629.68
15186,407,X-Ray,89.63
15187,282,MRI Scan,95.32
15188,16,MRI Scan,1497.59
15189,92,Physical Examination,1643.14
15190,342,Ultrasound,1212.49
15191,203,X-Ray,673.49
15192,165,CT Scan,680.56
15193,175,MRI Scan,544.05
15194,299,Blood Test,1151.87
15195,204,CT Scan,241.40
15196,358,Blood Test,1344.41
15197,5,Blood Test,1440.69
15198,324,ECG,1053.95
15199,248,X-Ray,582.15
15200,338,X-Ray,993.35
15201,345,Hospital Stay,1759.31
15202,369,Medication Charge,1919.28
15203,217,ECG,1422.35
15204,66,Medication Charge,629.95
15205,265,Consultation,1714.29
15206,487,ECG,274.19
15207,64,Medication Charge,956.26
15208,381,ECG,174.69
15209,335,Consultation,1736.06
15210,132,Consultation,1529.79
15211,121,ECG,502.43
15212,222,CT Scan,777.62
15213,230,CT Scan,1020.53
15214,109,Hospital Stay,1811.24
15215,403,X-Ray,806.61
15216,427,ECG,1087.46
15217,247,ECG,143.77
15218,341,MRI Scan,67.70
15219,363,Medication Charge,903.33
15220,48,Hospital Stay,51.97
15221,468,CT Scan,196.27
15222,459,X-Ray,1741.53
15223,16,Ultrasound,216.41
15224,339,Medication Charge,1212.84
15225,247,Hospital Stay,1993.08
15226,202,Ultrasound,1228.28
15227,255,Hospital Stay,975.41
15228,407,MRI Scan,945.95
15229,385,X-Ray,615.17
15230,118,ECG,810.59
15231,257,Consultation,1576.14
15232,377,Blood Test,475.15
15233,179,Consultation,804.37
15234,434,Medication Charge,774.84
15235,74,ECG,685.55
15236,229,Ultrasound,1004.76
15237,164,Blood Test,975.37
15238,287,MRI Scan,1504.93
15239,339,CT Scan,392.92
15240,353,Consultation,1322.29
15241,153,CT Scan,1690.22
15242,138,Ultrasound,1510.87
15243,495,MRI Scan,407.66
15244,194,MRI Scan,557.60
15245,358,Medication Charge,448.99
15246,208,Consultation,259.27
15247,294,Ultrasound,393.31
15248,493,CT Scan,700.80
15249,358,Hospital Stay,548.55
15250,298,Blood Test,1186.98
15251,33,Medication Charge,1681.84
15252,202,Ultrasound,474.54
15253,9,Blood Test,1321.29
15254,103,Ultrasound,332.93
15255,474,MRI Scan,1595.46
15256,28,ECG,1373.70
15257,200,Hospital Stay,160.15
15258,262,CT Scan,1746.75
15259,495,Blood Test,1748.64
15260,430,Physical Examination,260.78
15261,105,ECG,1542.04
15262,457,Consultation,1753.61
15263,353,CT Scan,1509.82
15264,344,Consultation,1228.49
15265,187,X-Ray,991.32
15266,322,X-Ray,1542.57
15267,305,ECG,1182.45
15268,279,Ultrasound,909.30
15269,241,Blood Test,702.55
15270,153,Physical Examination,1205.81
15271,366,Blood Test,974.70
15272,94,Medication Charge,1843.87
15273,197,Medication Charge,1542.88
15274,477,MRI Scan,685.03
15275,361,Physical Examination,407.01
15276,421,CT Scan,68.46
15277,337,X-Ray,1169.07
15278,112,MRI Scan,463.68
15279,66,Ultrasound,1043.16
15280,100,CT Scan,1639.97
15281,216,Blood Test,355.38
15282,128,Ultrasound,1527.80
15283,433,Physical Examination,609.90
15284,185,CT Scan,989.96
15285,355,X-Ray,1496.61
15286,35,Physical Examination,568.53
15287,359,ECG,173.09
15288,303,ECG,1603.17
15289,386,MRI Scan,972.20
15290,342,ECG,705.19
15291,308,X-Ray,352.52
15292,355,ECG,754.99
15293,67,Physical Examination,680.17
15294,252,Blood Test,1745.77
15295,460,Ultrasound,430.17
15296,402,X-Ray,1547.17
15297,281,X-Ray,1236.29
15298,115,Consultation,745.79
15299,74,Physical Examination,1715.03
15300,270,Medication Charge,1020.81
15301,192,Consultation,733.96
15302,464,Medication Charge,1315.39
15303,154,CT Scan,1889.28
15304,211,Physical Examination,1345.17
15305,436,CT Scan,568.86
15306,142,ECG,675.87
15307,233,X-Ray,1798.89
15308,126,MRI Scan,1528.47
15309,473,MRI Scan,1997.49
15310,486,ECG,1465.65
15311,26,Physical Examination,1115.35
15312,479,Physical Examination,986.36
15313,207,Hospital Stay,1646.71
15314,483,ECG,1512.83
15315,383,ECG,1108.73
15316,334,Blood Test,674.12
15317,6,MRI Scan,52.94
15318,464,Physical Examination,1784.82
15319,422,Ultrasound,998.64
15320,252,Hospital Stay,544.60
15321,223,MRI Scan,1197.13
15322,229,Physical Examination,1632.07
15323,374,Physical Examination,1911.82
15324,193,Consultation,1668.65
15325,403,Hospital Stay,807.89
15326,170,Consultation,1875.24
15327,120,Hospital Stay,1643.62
15328,227,Hospital Stay,1500.32
15329,210,Consultation,437.33
15330,246,Medication Charge,1793.62
15331,76,X-Ray,1596.77
15332,477,Ultrasound,1843.76
15333,88,Physical Examination,273.16
15334,474,MRI Scan,722.61
15335,93,Consultation,995.60
15336,106,Physical Examination,1777.83
15337,256,Consultation,612.18
15338,161,Blood Test,680.11
15339,85,MRI Scan,1220.56
15340,5,ECG,1821.15
15341,2,Hospital Stay,972.81
15342,385,Ultrasound,101.52
15343,245,Medication Charge,882.78
15344,305,MRI Scan,575.88
15345,487,Medication Charge,999.28
15346,121,Ultrasound,786.42
15347,293,Physical Examination,1514.60
15348,480,ECG,1182.17
15349,311,Physical Examination,231.61
15350,385,Hospital Stay,995.14
15351,369,Consultation,808.29
15352,187,Consultation,1247.30
15353,331,Physical Examination,1077.95
15354,269,CT Scan,1622.17
15355,260,Medication Charge,1381.89
15356,178,ECG,932.73
15357,126,MRI Scan,1609.59
15358,314,Physical Examination,543.67
15359,135,Hospital Stay,1918.29
15360,371,Medication Charge,1868.78
15361,34,Ultrasound,524.16
15362,290,ECG,403.13
15363,246,Hospital Stay,981.07
15364,248,Hospital Stay,512.16
15365,328,X-Ray,204.75
15366,114,Physical Examination,584.62
15367,234,CT Scan,769.92
15368,463,MRI Scan,1581.63
15369,470,Medication Charge,208.70
15370,281,Medication Charge,1673.58
15371,241,ECG,777.96
15372,304,Physical Examination,1704.27
15373,114,X-Ray,1474.42
15374,417,Medication Charge,128.96
15375,399,Blood Test,1840.38
15376,166,Medication Charge,73.98
15377,147,ECG,1491.91
15378,225,Consultation,790.58
15379,282,ECG,604.55
15380,166,Medication Charge,180.96
15381,115,Hospital Stay,640.69
15382,95,Hospital Stay,847.06
15383,441,CT Scan,251.14
15384,69,Consultation,1239.63
15385,127,Blood Test,1560.81
15386,391,Ultrasound,705.66
15387,104,ECG,1760.70
15388,100,ECG,1244.44
15389,242,ECG,1868.77
15390,421,Medication Charge,1357.56
15391,11,Medication Charge,822.11
15392,416,X-Ray,1032.35
15393,374,MRI Scan,1209.10
15394,470,Blood Test,1074.43
15395,287,CT Scan,1539.62
15396,167,CT Scan,1033.28
15397,441,Physical Examination,335.29
15398,360,CT Scan,1969.25
15399,239,Ultrasound,532.72
15400,302,CT Scan,938.53
15401,298,Physical Examination,1463.23
15402,445,Ultrasound,1698.81
15403,211,Blood Test,1159.98
15404,337,Medication Charge,1991.75
15405,258,ECG,1863.37
15406,500,Blood Test,1592.38
15407,387,Blood Test,1387.93
15408,150,Hospital Stay,1992.11
15409,339,Blood Test,915.20
15410,72,Medication Charge,829.47
15411,484,Medication Charge,1794.70
15412,374,Blood Test,1388.22
15413,9,CT Scan,1243.70
15414,364,X-Ray,1394.99
15415,76,Ultrasound,743.60
15416,230,Physical Examination,358.76
15417,149,Ultrasound,513.32
15418,171,Medication Charge,643.36
15419,41,ECG,879.44
15420,62,MRI Scan,944.68
15421,164,Consultation,1188.90
15422,431,CT Scan,370.95
15423,411,ECG,1129.55
15424,367,Medication Charge,1583.72
15425,434,Physical Examination,947.69
15426,18,Physical Examination,1358.95
15427,156,Blood Test,1014.95
15428,365,ECG,1541.39
15429,354,Physical Examination,1622.51
15430,187,Consultation,1496.23
15431,174,Medication Charge,1271.98
15432,73,Ultrasound,1067.07
15433,446,Medication Charge,1893.84
15434,18,CT Scan,1494.48
15435,499,Blood Test,730.94
15436,409,Consultation,1711.51
15437,210,Medication Charge,860.05
15438,94,MRI Scan,1569.99
15439,274,MRI Scan,669.27
15440,281,Consultation,1127.94
15441,401,Blood Test,1664.49
15442,94,CT Scan,1736.85
15443,267,ECG,487.57
15444,292,Physical Examination,1553.27
15445,58,Hospital Stay,1958.12
15446,372,Medication Charge,382.77
15447,44,Consultation,972.61
15448,246,Consultation,54.92
15449,454,Ultrasound,1392.56
15450,290,Blood Test,1666.31
15451,271,ECG,1084.86
15452,18,Ultrasound,1140.57
15453,350,Physical Examination,448.17
15454,441,Ultrasound,1567.81
15455,391,Physical Examination,1861.29
15456,217,CT Scan,365.67
15457,275,Ultrasound,879.86
15458,342,Ultrasound,139.56
15459,205,CT Scan,987.46
15460,479,ECG,1150.04
15461,230,Consultation,1483.28
15462,386,ECG,616.69
15463,416,Blood Test,670.98
15464,382,CT Scan,988.71
15465,338,X-Ray,739.89
15466,7,Hospital Stay,126.24
15467,169,Physical Examination,1319.42
15468,378,Physical Examination,1118.84
15469,14,Physical Examination,1828.29
15470,413,ECG,1080.77
15471,78,Consultation,718.09
15472,258,Hospital Stay,1524.34
15473,402,CT Scan,1277.10
15474,24,Physical Examination,91.50
15475,148,MRI Scan,82.01
15476,147,MRI Scan,771.20
15477,405,CT Scan,1483.53
15478,480,Hospital Stay,1180.71
15479,60,Ultrasound,789.00
15480,268,MRI Scan,884.84
15481,349,MRI Scan,217.68
15482,326,ECG,1277.89
15483,497,Ultrasound,224.20
15484,332,Hospital Stay,82.46
15485,142,CT Scan,1343.95
15486,183,Blood Test,132.08
15487,447,Hospital Stay,704.64
15488,155,Blood Test,1900.48
15489,284,Medication Charge,318.67
15490,321,CT Scan,95.05
15491,448,Medication Charge,1264.79
15492,20,Ultrasound,654.83
15493,405,Hospital Stay,1266.44
15494,171,Ultrasound,1315.79
15495,379,Physical Examination,1893.60
15496,472,Consultation,1587.60
15497,202,Consultation,1146.72
15498,207,Hospital Stay,1000.12
15499,446,X-Ray,643.58
15500,167,Physical Examination,1836.79
15501,50,CT Scan,124.84
15502,374,Consultation,509.64
15503,34,Hospital Stay,1748.80
15504,342,X-Ray,558.24
15505,332,Medication Charge,1279.81
15506,364,Ultrasound,832.69
15507,127,Medication Charge,118.68
15508,21,Blood Test,556.71
15509,109,Medication Charge,1819.00
15510,364,Physical Examination,85.45
15511,360,Physical Examination,1742.17
15512,279,Ultrasound,1016.84
15513,85,ECG,253.76
15514,6,Medication Charge,784.14
15515,379,CT Scan,149.31
15516,297,Physical Examination,1893.18
15517,108,MRI Scan,1020.74
15518,8,Medication Charge,1027.12
15519,60,Ultrasound,1940.78
15520,492,Physical Examination,1826.51
15521,53,Consultation,1791.97
15522,118,Physical Examination,623.41
15523,309,MRI Scan,1374.76
15524,282,MRI Scan,761.43
15525,52,Ultrasound,542.15
15526,134,Ultrasound,800.86
15527,79,ECG,906.43
15528,58,X-Ray,1738.86
15529,113,Ultrasound,260.61
15530,226,Ultrasound,1207.33
15531,232,Ultrasound,385.82
15532,444,X-Ray,1583.93
15533,484,Medication Charge,741.58
15534,256,Medication Charge,1886.55
15535,251,Hospital Stay,759.53
15536,285,Blood Test,1280.20
15537,332,Physical Examination,1252.95
15538,232,MRI Scan,959.18
15539,119,Consultation,224.63
15540,173,CT Scan,233.39
15541,218,Blood Test,1792.92
15542,89,Ultrasound,1878.75
15543,424,MRI Scan,566.86
15544,466,Hospital Stay,923.20
15545,460,Ultrasound,699.29
15546,435,Hospital Stay,561.86
15547,54,ECG,411.44
15548,134,Hospital Stay,1938.66
15549,350,Physical Examination,1492.72
15550,74,Medication Charge,1810.71
15551,213,Medication Charge,607.32
15552,189,Hospital Stay,218.31
15553,345,Medication Charge,1606.41
15554,59,Consultation,1867.45
15555,419,CT Scan,1137.52
15556,131,Medication Charge,1036.66
15557,425,Ultrasound,313.32
15558,309,Consultation,1630.64
15559,414,Consultation,916.28
15560,305,Ultrasound,1865.27
15561,377,X-Ray,659.29
15562,89,CT Scan,1356.73
15563,2,CT Scan,598.57
15564,347,MRI Scan,656.44
15565,134,Hospital Stay,56.63
15566,88,Ultrasound,1402.89
15567,98,ECG,423.00
15568,80,ECG,738.78
15569,198,MRI Scan,1136.12
15570,74,Ultrasound,1453.75
15571,426,MRI Scan,455.25
15572,131,MRI Scan,1733.02
15573,185,ECG,191.17
15574,5,Medication Charge,1350.68
15575,140,X-Ray,1747.93
15576,322,ECG,1556.83
15577,444,CT Scan,711.57
15578,189,Ultrasound,1810.10
15579,258,Blood Test,1045.58
15580,141,Physical Examination,1849.19
15581,357,Blood Test,905.27
15582,242,MRI Scan,345.03
15583,97,Consultation,648.36
15584,355,X-Ray,1330.32
15585,109,CT Scan,1082.52
15586,54,Consultation,345.32
15587,241,X-Ray,930.04
15588,125,X-Ray,1762.88
15589,65,CT Scan,921.96
15590,370,Ultrasound,905.98
15591,223,Medication Charge,704.70
15592,260,Physical Examination,1726.84
15593,298,Hospital Stay,1536.52
15594,276,CT Scan,1298.32
15595,235,Hospital Stay,1187.96
15596,78,Medication Charge,614.58
15597,311,Medication Charge,428.07
15598,38,Consultation,863.31
15599,178,CT Scan,356.12
15600,444,Ultrasound,847.30
15601,134,Medication Charge,1929.68
15602,3,ECG,498.32
15603,333,Ultrasound,1800.25
15604,331,Physical Examination,458.01
15605,96,Blood Test,423.21
15606,204,MRI Scan,1808.79
15607,365,Consultation,1754.88
15608,248,CT Scan,1213.90
15609,175,Consultation,639.69
15610,469,Consultation,1131.43
15611,274,Consultation,419.35
15612,53,ECG,1601.20
15613,341,MRI Scan,1048.58
15614,54,Ultrasound,835.49
15615,277,Blood Test,357.16
15616,217,X-Ray,1098.60
15617,445,MRI Scan,1749.04
15618,114,Physical Examination,1080.59
15619,355,Medication Charge,1306.68
15620,188,Consultation,190.33
15621,182,Hospital Stay,1561.04
15622,343,Consultation,1148.57
15623,279,MRI Scan,750.98
15624,126,Hospital Stay,1627.78
15625,441,ECG,1180.61
15626,44,Blood Test,1363.81
15627,397,Ultrasound,74.01
15628,216,X-Ray,509.58
15629,195,ECG,166.23
15630,204,Blood Test,1903.62
15631,211,X-Ray,1628.99
15632,160,CT Scan,1126.78
15633,310,X-Ray,331.98
15634,473,ECG,254.29
15635,401,Physical Examination,1986.60
15636,75,Ultrasound,1925.25
15637,51,Consultation,707.83
15638,490,Ultrasound,294.48
15639,31,Physical Examination,613.73
15640,40,ECG,1739.57
15641,433,Medication Charge,1785.52
15642,255,Blood Test,819.63
15643,364,Medication Charge,1774.34
15644,33,Blood Test,1150.45
15645,314,CT Scan,1303.01
15646,95,Ultrasound,1085.40
15647,215,ECG,146.75
15648,274,Consultation,866.56
15649,48,Ultrasound,1136.45
15650,415,X-Ray,271.74
15651,22,CT Scan,1909.95
15652,242,Consultation,155.14
15653,352,CT Scan,211.38
15654,144,Consultation,1178.20
15655,100,Medication Charge,69.52
15656,458,X-Ray,101.02
15657,27,ECG,1698.76
15658,379,Ultrasound,395.31
15659,408,Blood Test,990.63
15660,324,X-Ray,1970.65
15661,480,Hospital Stay,1010.25
15662,263,ECG,1790.98
15663,230,Medication Charge,1070.70
15664,274,Physical Examination,1251.29
15665,33,Consultation,378.06
15666,117,Physical Examination,278.55
15667,170,X-Ray,347.72
15668,402,Consultation,387.20
15669,295,CT Scan,1357.71
15670,90,ECG,549.05
15671,58,Hospital Stay,1205.68
15672,437,Consultation,1123.80
15673,487,Hospital Stay,1004.14
15674,453,ECG,618.70
15675,329,MRI Scan,1036.43
15676,206,Hospital Stay,753.96
15677,138,CT Scan,1114.85
15678,30,CT Scan,1637.28
15679,426,Medication Charge,388.71
15680,139,Ultrasound,472.54
15681,211,Medication Charge,1679.88
15682,124,CT Scan,1692.43
15683,185,ECG,1314.23
15684,144,ECG,1111.10
15685,277,CT Scan,753.70
15686,7,CT Scan,1507.97
15687,497,Blood Test,1253.29
15688,28,Consultation,275.36
15689,405,X-Ray,235.23
15690,450,MRI Scan,1597.52
15691,393,ECG,1983.18
15692,362,Physical Examination,54.61
15693,99,Consultation,511.13
15694,413,ECG,1362.99
15695,298,Ultrasound,566.05
15696,60,Blood Test,212.62
15697,208,Blood Test,226.74
15698,317,Consultation,1978.52
15699,471,Consultation,687.41
15700,4,Ultrasound,374.44
15701,90,Ultrasound,156.39
15702,291,Consultation,200.66
15703,199,Hospital Stay,304.38
15704,198,Ultrasound,1683.86
15705,117,Consultation,278.09
15706,49,Hospital Stay,152.35
15707,282,X-Ray,421.09
15708,4,MRI Scan,976.95
15709,354,CT Scan,286.10
15710,407,Medication Charge,625.45
15711,239,Hospital Stay,140.09
15712,391,MRI Scan,1227.26
15713,327,Medication Charge,755.86
15714,284,MRI Scan,1216.13
15715,364,Blood Test,61.08
15716,425,ECG,855.49
15717,226,Consultation,1293.49
15718,81,Ultrasound,1995.60
15719,187,Medication Charge,769.71
15720,242,Ultrasound,515.33
15721,94,Hospital Stay,263.38
15722,334,Blood Test,342.64
15723,96,Physical Examination,1577.60
15724,193,CT Scan,1988.78
15725,28,Ultrasound,857.72
15726,381,Ultrasound,92.32
15727,151,Medication Charge,376.84
15728,99,ECG,1773.06
15729,226,CT Scan,610.72
15730,341,Hospital Stay,1180.95
15731,189,CT Scan,216.63
15732,173,Consultation,344.76
15733,366,CT Scan,1734.30
15734,320,Medication Charge,1701.73
15735,253,ECG,368.27
15736,63,ECG,1077.50
15737,484,Physical Examination,1267.67
15738,466,Physical Examination,1209.81
15739,366,MRI Scan,832.04
15740,374,Physical Examination,1730.64
15741,51,CT Scan,1943.07
15742,163,MRI Scan,232.55
15743,133,X-Ray,1460.47
15744,60,X-Ray,620.89
15745,413,Physical Examination,657.92
15746,187,Hospital Stay,1934.00
15747,226,Consultation,195.01
15748,345,Consultation,915.15
15749,473,CT Scan,1796.62
15750,454,Hospital Stay,230.20
15751,457,Blood Test,1380.67
15752,206,Medication Charge,676.29
15753,464,ECG,1326.58
15754,278,ECG,977.39
15755,417,Blood Test,424.51
15756,4,MRI Scan,1316.58
15757,408,MRI Scan,1869.62
15758,207,MRI Scan,949.94
15759,199,MRI Scan,452.28
15760,449,Blood Test,271.04
15761,345,X-Ray,931.27
15762,273,Consultation,1721.32
15763,341,Physical Examination,1281.36
15764,333,MRI Scan,937.40
15765,16,Consultation,1931.38
15766,241,Medication Charge,792.33
15767,489,Ultrasound,556.08
15768,16,MRI Scan,1160.99
15769,341,ECG,617.00
15770,67,Ultrasound,1459.46
15771,364,CT Scan,1128.26
15772,492,X-Ray,1711.01
15773,39,MRI Scan,871.23
15774,144,Consultation,578.91
15775,353,X-Ray,640.77
15776,339,MRI Scan,1680.62
15777,130,CT Scan,668.35
15778,150,Ultrasound,1888.13
15779,74,Hospital Stay,1823.67
15780,271,X-Ray,297.51
15781,488,Blood Test,1306.23
15782,459,Hospital Stay,296.28
15783,38,MRI Scan,874.32
15784,262,Hospital Stay,830.65
15785,115,Physical Examination,1623.05
15786,483,Medication Charge,1627.45
15787,51,ECG,1246.09
15788,122,Hospital Stay,1842.73
15789,217,Ultrasound,671.27
15790,34,CT Scan,608.92
15791,132,ECG,417.23
15792,474,Consultation,242.17
15793,222,Hospital Stay,1181.95
15794,162,Blood Test,888.79
15795,399,ECG,1308.87
15796,148,MRI Scan,237.45
15797,452,Consultation,977.82
15798,476,MRI Scan,1866.13
15799,329,Hospital Stay,1299.50
15800,381,Consultation,1283.84
15801,388,Blood Test,1895.63
15802,279,Medication Charge,1703.27
15803,24,CT Scan,1094.28
15804,296,ECG,933.09
15805,193,Blood Test,267.38
15806,410,Physical Examination,493.47
15807,8,Hospital Stay,257.63
15808,345,ECG,1286.30
15809,496,Hospital Stay,1295.52
15810,251,Hospital Stay,1683.74
15811,124,Consultation,571.56
15812,115,ECG,1972.17
15813,425,Medication Charge,964.16
15814,222,Medication Charge,981.74
15815,49,Ultrasound,1028.83
15816,185,X-Ray,1680.40
15817,186,Consultation,199.18
15818,415,CT Scan,1604.19
15819,164,Blood Test,545.52
15820,3,Medication Charge,467.82
15821,10,MRI Scan,1828.28
15822,60,Physical Examination,688.57
15823,204,Physical Examination,1165.98
15824,230,Hospital Stay,1306.31
15825,378,Medication Charge,749.01
15826,290,Blood Test,688.72
15827,404,ECG,113.39
15828,180,CT Scan,1847.32
15829,79,Physical Examination,181.47
15830,137,CT Scan,1473.35
15831,200,Ultrasound,1035.39
15832,204,Consultation,1494.97
15833,311,Medication Charge,1288.46
15834,89,Hospital Stay,200.08
15835,482,MRI Scan,226.25
15836,178,Hospital Stay,118.71
15837,354,Ultrasound,396.13
15838,250,Physical Examination,1309.86
15839,457,Medication Charge,100.56
15840,273,Blood Test,817.82
15841,410,Consultation,223.61
15842,63,X-Ray,1922.05
15843,421,MRI Scan,947.68
15844,299,ECG,1225.22
15845,450,Physical Examination,339.61
15846,423,X-Ray,458.85
15847,490,MRI Scan,411.49
15848,200,CT Scan,1021.82
15849,178,Blood Test,1657.90
15850,363,Consultation,1062.25
15851,177,Ultrasound,290.41
15852,90,CT Scan,1413.64
15853,491,Hospital Stay,229.26
15854,143,X-Ray,1018.77
15855,363,CT Scan,417.83
15856,104,ECG,1318.59
15857,120,CT Scan,1732.69
15858,93,MRI Scan,1368.66
15859,159,X-Ray,73.14
15860,130,X-Ray,117.64
15861,305,Consultation,1797.95
15862,134,MRI Scan,770.75
15863,261,CT Scan,177.74
15864,363,Medication Charge,610.60
15865,176,Blood Test,1956.19
15866,340,ECG,1992.93
15867,70,ECG,491.14
15868,446,Blood Test,1733.86
15869,295,ECG,749.84
15870,435,Physical Examination,1008.81
15871,312,Medication Charge,486.29
15872,152,X-Ray,1002.70
15873,236,Medication Charge,729.06
15874,77,Consultation,1065.11
15875,321,MRI Scan,873.44
15876,349,MRI Scan,298.94
15877,77,MRI Scan,516.74
15878,54,MRI Scan,1336.42
15879,326,MRI Scan,516.79
15880,107,Blood Test,258.46
15881,244,ECG,416.06
15882,485,Blood Test,397.33
15883,134,Ultrasound,1949.97
15884,143,Physical Examination,1672.96
15885,417,Hospital Stay,1437.36
15886,449,MRI Scan,382.53
15887,72,X-Ray,403.65
15888,439,X-Ray,1817.38
15889,286,CT Scan,1581.44
15890,269,ECG,1778.64
15891,441,CT Scan,165.51
15892,394,Medication Charge,643.59
15893,300,MRI Scan,534.68
15894,7,Physical Examination,1951.14
15895,288,CT Scan,1919.64
15896,106,CT Scan,1255.04
15897,64,Consultation,1902.23
15898,58,Ultrasound,1640.73
15899,380,Physical Examination,412.32
15900,193,Blood Test,1055.94
15901,317,Medication Charge,457.82
15902,35,ECG,258.08
15903,119,MRI Scan,1854.55
15904,432,Physical Examination,638.11
15905,366,Medication Charge,1111.71
15906,403,Consultation,1103.61
15907,102,CT Scan,1294.00
15908,333,CT Scan,1781.40
15909,412,Consultation,1110.27
15910,50,Consultation,1596.29
15911,229,Blood Test,1358.73
15912,295,Hospital Stay,821.59
15913,157,ECG,660.66
15914,16,CT Scan,1719.83
15915,452,Blood Test,80.25
15916,468,Consultation,1840.53
15917,165,Physical Examination,1061.63
15918,438,Consultation,1838.58
15919,283,MRI Scan,1350.92
15920,399,Physical Examination,103.50
15921,285,X-Ray,1151.07
15922,382,Consultation,1059.08
15923,165,Blood Test,1621.65
15924,70,Physical Examination,596.65
15925,247,Medication Charge,1951.81
15926,392,X-Ray,1924.98
15927,264,CT Scan,1485.83
15928,113,CT Scan,186.79
15929,191,Ultrasound,1551.78
15930,52,ECG,1774.29
15931,414,Consultation,471.91
15932,18,CT Scan,1555.02
15933,196,Ultrasound,861.38
15934,457,CT Scan,168.67
15935,456,Ultrasound,465.67
15936,464,Consultation,226.69
15937,294,MRI Scan,1451.34
15938,357,MRI Scan,1997.85
15939,494,Medication Charge,698.16
15940,381,Consultation,99.85
15941,126,CT Scan,450.85
15942,59,Consultation,548.49
15943,30,Consultation,1000.95
15944,319,MRI Scan,1946.43
15945,5,Consultation,997.01
15946,324,Consultation,103.59
15947,50,Physical Examination,1182.38
15948,451,Blood Test,1797.50
15949,147,ECG,1058.85
15950,24,CT Scan,330.57
15951,50,Ultrasound,405.90
15952,139,CT Scan,1948.86
15953,153,X-Ray,632.18
15954,287,Hospital Stay,1866.77
15955,125,X-Ray,752.36
15956,405,ECG,168.21
15957,218,ECG,1677.23
15958,295,Medication Charge,96.95
15959,367,Consultation,799.95
15960,469,CT Scan,1267.33
15961,62,X-Ray,97.25
15962,231,X-Ray,1817.72
15963,383,Blood Test,1261.73
15964,245,Physical Examination,1634.77
15965,497,Medication Charge,94.25
15966,120,ECG,1405.88
15967,360,ECG,71.79
15968,276,MRI Scan,1158.32
15969,386,Ultrasound,1102.23
15970,410,Hospital Stay,591.47
15971,223,ECG,1905.35
15972,229,Physical Examination,1570.59
15973,423,CT Scan,563.90
15974,95,Blood Test,1940.98
15975,134,Blood Test,1856.77
15976,326,ECG,1813.16
15977,499,ECG,1850.32
15978,341,ECG,868.66
15979,409,Hospital Stay,68.76
15980,403,X-Ray,144.58
15981,374,Ultrasound,1309.68
15982,410,ECG,1222.77
15983,306,Consultation,119.10
15984,13,MRI Scan,486.95
15985,132,MRI Scan,641.28
15986,18,ECG,1488.57
15987,276,Blood Test,805.82
15988,246,Blood Test,1163.28
15989,432,Hospital Stay,1577.68
15990,140,Ultrasound,750.73
15991,266,Hospital Stay,60.84
15992,26,Blood Test,128.39
15993,151,Blood Test,93.87
15994,366,Ultrasound,547.00
15995,184,Hospital Stay,1265.38
15996,198,Physical Examination,1594.27
15997,152,Physical Examination,1628.97
15998,180,X-Ray,754.50
15999,10,Hospital Stay,1987.37
16000,283,Medication Charge,1229.77
16001,441,Hospital Stay,822.82
16002,69,ECG,914.79
16003,31,MRI Scan,1934.07
16004,272,Blood Test,1408.53
16005,309,ECG,1490.03
16006,46,Physical Examination,268.61
16007,342,MRI Scan,1595.61
16008,197,ECG,394.92
16009,337,ECG,166.76
16010,346,MRI Scan,767.86
16011,169,Medication Charge,93.87
16012,124,MRI Scan,709.49
16013,12,CT Scan,1742.64
16014,476,MRI Scan,1562.97
16015,132,MRI Scan,1282.31
16016,351,Hospital Stay,988.00
16017,412,CT Scan,1720.68
16018,497,Ultrasound,1762.28
16019,420,MRI Scan,1270.39
16020,354,Consultation,1564.94
16021,81,Consultation,287.20
16022,235,Ultrasound,970.03
16023,84,ECG,649.21
16024,193,MRI Scan,855.92
16025,131,Hospital Stay,592.22
16026,304,Ultrasound,601.57
16027,390,Physical Examination,1233.53
16028,389,X-Ray,540.03
16029,158,MRI Scan,1885.87
16030,278,Consultation,411.18
16031,459,MRI Scan,1740.28
16032,439,Consultation,1734.70
16033,324,X-Ray,580.12
16034,382,Hospital Stay,1546.48
16035,478,Medication Charge,1643.19
16036,81,Medication Charge,942.24
16037,368,ECG,1959.31
16038,48,Hospital Stay,1835.12
16039,154,Physical Examination,1823.50
16040,295,Hospital Stay,89.03
16041,3,Medication Charge,1338.07
16042,197,ECG,1708.93
16043,443,Physical Examination,547.38
16044,208,Consultation,1769.84
16045,408,Medication Charge,351.60
16046,384,Hospital Stay,1142.68
16047,432,Physical Examination,1013.95
16048,10,CT Scan,1516.29
16049,245,Ultrasound,1348.85
16050,345,CT Scan,865.22
16051,131,Medication Charge,966.54
16052,106,CT Scan,1085.71
16053,165,Consultation,584.66
16054,76,ECG,267.45
16055,52,Physical Examination,936.43
16056,217,X-Ray,1701.03
16057,293,CT Scan,647.89
16058,223,CT Scan,893.43
16059,356,Ultrasound,1519.42
16060,355,Medication Charge,209.15
16061,62,Medication Charge,419.97
16062,187,X-Ray,792.07
16063,130,X-Ray,717.90
16064,337,Medication Charge,460.66
16065,230,Ultrasound,1736.11
16066,255,Blood Test,1085.35
16067,182,Ultrasound,1516.45
16068,230,ECG,1171.57
16069,14,ECG,1699.14
16070,224,Consultation,1603.18
16071,376,Medication Charge,1321.63
16072,423,Ultrasound,995.63
16073,339,Hospital Stay,1718.66
16074,402,CT Scan,981.06
16075,247,MRI Scan,579.80
16076,182,CT Scan,1699.45
16077,240,Blood Test,312.80
16078,187,Blood Test,1409.56
16079,185,ECG,1927.29
16080,132,Medication Charge,600.24
16081,328,Medication Charge,1399.34
16082,450,Physical Examination,675.38
16083,416,ECG,307.76
16084,200,Consultation,1006.69
16085,487,Hospital Stay,1870.90
16086,282,Hospital Stay,746.03
16087,376,ECG,1433.56
16088,336,CT Scan,811.23
16089,427,Ultrasound,460.52
16090,424,ECG,1395.20
16091,498,X-Ray,56.29
16092,464,ECG,101.45
16093,290,ECG,1906.43
16094,400,Blood Test,1387.36
16095,83,CT Scan,1860.65
16096,241,X-Ray,1079.55
16097,362,X-Ray,975.87
16098,293,ECG,1360.89
16099,451,Physical Examination,1021.06
16100,485,Physical Examination,1183.08
16101,140,X-Ray,1483.99
16102,331,Ultrasound,1642.97
16103,12,Consultation,849.01
16104,217,Medication Charge,1103.60
16105,404,X-Ray,1566.84
16106,223,Hospital Stay,565.20
16107,89,Medication Charge,1926.71
16108,412,Hospital Stay,433.26
16109,185,Blood Test,160.43
16110,247,Medication Charge,1670.54
16111,411,MRI Scan,893.09
16112,115,CT Scan,1016.67
16113,400,CT Scan,1377.49
16114,132,X-Ray,592.48
16115,55,Ultrasound,1987.81
16116,289,MRI Scan,1193.52
16117,200,Consultation,1892.45
16118,220,Medication Charge,700.66
16119,438,CT Scan,1615.49
16120,176,Medication Charge,393.07
16121,19,MRI Scan,806.98
16122,38,ECG,882.83
16123,244,Physical Examination,170.86
16124,320,Physical Examination,326.75
16125,28,CT Scan,1356.29
16126,11,Physical Examination,173.46
16127,111,Hospital Stay,1658.41
16128,297,Blood Test,325.77
16129,485,CT Scan,634.32
16130,92,Ultrasound,1169.73
16131,367,X-Ray,1527.89
16132,143,Medication Charge,598.74
16133,283,Blood Test,226.06
16134,195,Medication Charge,1295.48
16135,465,Medication Charge,1245.69
16136,61,X-Ray,1166.11
16137,154,Ultrasound,1807.17
16138,21,Consultation,182.93
16139,55,Physical Examination,353.60
16140,237,Medication Charge,1816.08
16141,135,Ultrasound,1833.94
16142,303,ECG,236.98
16143,43,X-Ray,103.61
16144,97,Consultation,1147.62
16145,464,Blood Test,1985.92
16146,309,Ultrasound,1968.53
16147,349,Ultrasound,1310.29
16148,130,X-Ray,472.84
16149,486,Hospital Stay,1662.83
16150,286,Consultation,1455.97
16151,183,Hospital Stay,1778.90
16152,272,Physical Examination,634.82
16153,125,CT Scan,1453.04
16154,124,Hospital Stay,1274.23
16155,323,ECG,154.74
16156,125,Blood Test,1641.77
16157,375,X-Ray,1754.69
16158,244,X-Ray,1383.38
16159,41,CT Scan,1172.14
16160,417,MRI Scan,832.01
16161,184,Blood Test,1900.14
16162,169,ECG,435.84
16163,218,CT Scan,1253.91
16164,75,Hospital Stay,1730.73
16165,336,Hospital Stay,1367.37
16166,360,Physical Examination,529.86
16167,239,X-Ray,819.42
16168,286,CT Scan,1536.48
16169,250,Medication Charge,1775.85
16170,376,Physical Examination,1765.39
16171,270,Medication Charge,1672.62
16172,441,Medication Charge,204.55
16173,88,Physical Examination,1936.67
16174,227,X-Ray,1037.53
16175,246,Hospital Stay,1020.83
16176,276,Ultrasound,1842.68
16177,43,Blood Test,624.40
16178,227,Ultrasound,1424.67
16179,439,X-Ray,1213.78
16180,444,Medication Charge,1916.54
16181,196,ECG,406.15
16182,384,Hospital Stay,245.65
16183,163,CT Scan,479.78
16184,341,Physical Examination,147.88
16185,10,Hospital Stay,89.37
16186,40,Blood Test,947.37
16187,53,Medication Charge,184.67
16188,305,Hospital Stay,536.24
16189,353,Consultation,939.96
16190,475,X-Ray,873.55
16191,225,Physical Examination,1850.17
16192,150,Medication Charge,821.53
16193,410,ECG,669.81
16194,41,Medication Charge,458.55
16195,108,MRI Scan,1340.36
16196,16,MRI Scan,1452.59
16197,262,Hospital Stay,770.29
16198,227,Consultation,1911.06
16199,47,Consultation,980.44
16200,356,Blood Test,1461.60
16201,367,MRI Scan,1974.85
16202,355,CT Scan,586.70
16203,98,MRI Scan,1815.12
16204,231,ECG,858.96
16205,15,CT Scan,1997.91
16206,4,X-Ray,1890.25
16207,362,CT Scan,465.56
16208,110,Consultation,1675.94
16209,247,Blood Test,212.68
16210,454,Blood Test,240.53
16211,452,Hospital Stay,1153.08
16212,212,X-Ray,199.66
16213,410,Physical Examination,1252.33
16214,81,X-Ray,1901.13
16215,347,Hospital Stay,80.32
16216,1,Ultrasound,200.82
16217,269,Ultrasound,702.55
16218,434,Medication Charge,881.39
16219,207,Blood Test,383.59
16220,333,ECG,1717.59
16221,500,Hospital Stay,536.62
16222,278,Blood Test,1677.35
16223,425,CT Scan,212.75
16224,425,Physical Examination,1436.88
16225,16,Blood Test,1915.87
16226,174,Blood Test,211.67
16227,162,Consultation,1849.31
16228,363,MRI Scan,1165.74
16229,168,Medication Charge,1935.66
16230,458,Ultrasound,163.33
16231,494,X-Ray,989.74
16232,308,Consultation,1607.73
16233,360,Hospital Stay,1603.55
16234,388,CT Scan,1993.55
16235,311,Ultrasound,863.42
16236,434,ECG,550.50
16237,258,ECG,783.25
16238,163,CT Scan,732.38
16239,429,Hospital Stay,379.82
16240,159,Ultrasound,1736.58
16241,388,Blood Test,804.24
16242,449,Hospital Stay,1342.70
16243,355,Physical Examination,859.31
16244,57,CT Scan,708.14
16245,133,MRI Scan,1490.52
16246,82,CT Scan,1565.49
16247,56,MRI Scan,635.21
16248,286,MRI Scan,796.23
16249,189,Physical Examination,91.07
16250,39,Medication Charge,1023.47
16251,403,ECG,740.54
16252,251,Blood Test,1135.48
16253,206,CT Scan,1489.13
16254,196,ECG,1780.79
16255,135,Hospital Stay,1481.54
16256,47,Hospital Stay,1816.97
16257,143,X-Ray,1267.06
16258,474,Hospital Stay,1543.22
16259,384,Ultrasound,1012.69
16260,323,Blood Test,1083.57
16261,32,ECG,1703.70
16262,34,ECG,1647.32
16263,117,CT Scan,1354.71
16264,337,Ultrasound,1959.93
16265,452,X-Ray,850.88
16266,130,Medication Charge,1897.36
16267,228,Blood Test,621.96
16268,131,MRI Scan,851.41
16269,289,Physical Examination,276.98
16270,77,Blood Test,918.31
16271,196,Physical Examination,203.26
16272,335,Blood Test,135.98
16273,274,MRI Scan,1808.26
16274,113,Ultrasound,751.90
16275,242,X-Ray,1359.80
16276,116,Medication Charge,1509.06
16277,403,CT Scan,813.30
16278,378,MRI Scan,1382.18
16279,161,Hospital Stay,286.92
16280,236,MRI Scan,678.77
16281,15,CT Scan,893.22
16282,42,CT Scan,728.33
16283,493,MRI Scan,1435.20
16284,275,Blood Test,60.62
16285,230,CT Scan,1129.51
16286,92,Physical Examination,603.70
16287,189,ECG,940.28
16288,53,Physical Examination,1269.01
16289,472,CT Scan,990.33
16290,24,Ultrasound,884.35
16291,68,MRI Scan,1228.02
16292,82,X-Ray,1128.81
16293,120,Hospital Stay,1193.08
16294,61,Hospital Stay,450.34
16295,487,Medication Charge,1601.32
16296,57,ECG,358.96
16297,488,X-Ray,1503.38
16298,319,CT Scan,1092.74
16299,101,Ultrasound,1909.78
16300,238,Hospital Stay,1581.03
16301,28,Physical Examination,1371.85
16302,53,X-Ray,1389.60
16303,24,ECG,1206.37
16304,414,Hospital Stay,1625.86
16305,353,CT Scan,1274.70
16306,396,Ultrasound,1202.25
16307,434,Physical Examination,1978.48
16308,277,Blood Test,226.68
16309,344,X-Ray,717.37
16310,208,X-Ray,168.61
16311,111,Ultrasound,237.27
16312,8,Physical Examination,1102.45
16313,77,ECG,1007.23
16314,337,Blood Test,1594.65
16315,436,Ultrasound,1756.24
16316,87,Blood Test,1483.69
16317,204,Consultation,942.47
16318,116,ECG,1857.80
16319,317,ECG,1775.75
16320,319,MRI Scan,670.18
16321,201,CT Scan,1803.07
16322,386,MRI Scan,899.41
16323,212,X-Ray,1966.00
16324,208,ECG,1106.29
16325,204,Consultation,802.23
16326,28,X-Ray,1572.07
16327,125,Ultrasound,1051.19
16328,97,X-Ray,1628.30
16329,317,X-Ray,396.69
16330,448,Hospital Stay,751.19
16331,413,Physical Examination,1988.63
16332,468,Blood Test,805.06
16333,138,Blood Test,1244.44
16334,287,CT Scan,1647.79
16335,422,Physical Examination,1021.13
16336,50,Physical Examination,1833.80
16337,326,Hospital Stay,1789.47
16338,387,Blood Test,1965.37
16339,328,Blood Test,902.18
16340,166,Physical Examination,621.10
16341,148,Consultation,1710.72
16342,387,Medication Charge,501.30
16343,14,Blood Test,589.47
16344,32,Consultation,1418.05
16345,161,Ultrasound,52.56
16346,274,Medication Charge,1407.81
16347,488,CT Scan,1780.79
16348,197,Hospital Stay,1152.20
16349,435,Consultation,967.11
16350,320,Blood Test,605.02
16351,240,Medication Charge,1956.18
16352,326,ECG,1507.77
16353,421,Consultation,162.49
16354,241,Blood Test,296.65
16355,336,Physical Examination,1175.05
16356,82,CT Scan,879.63
16357,189,MRI Scan,1995.69
16358,3,Blood Test,675.25
16359,323,Blood Test,1799.36
16360,61,Medication Charge,1113.57
16361,487,ECG,1835.34
16362,169,Hospital Stay,990.28
16363,463,Physical Examination,1040.49
16364,1,Physical Examination,601.36
16365,249,Hospital Stay,97.51
16366,82,Physical Examination,370.99
16367,167,Blood Test,916.60
16368,177,ECG,486.21
16369,7,ECG,1402.26
16370,493,Physical Examination,753.42
16371,164,ECG,1801.81
16372,60,Consultation,692.48
16373,130,CT Scan,207.21
16374,411,CT Scan,1128.07
16375,243,ECG,76.24
16376,186,MRI Scan,456.12
16377,444,Medication Charge,1505.04
16378,62,Physical Examination,1288.45
16379,45,Physical Examination,97.80
16380,384,MRI Scan,1652.35
16381,53,X-Ray,93.03
16382,366,Blood Test,1010.60
16383,324,Blood Test,1956.19
16384,377,ECG,182.10
16385,220,Medication Charge,1227.23
16386,429,Consultation,471.73
16387,396,X-Ray,972.00
16388,359,Medication Charge,333.53
16389,397,Ultrasound,1145.42
16390,458,Medication Charge,567.20
16391,116,Physical Examination,957.66
16392,314,Consultation,131.98
16393,480,X-Ray,1365.05
16394,92,Consultation,1225.32
16395,193,Blood Test,765.59
16396,102,Ultrasound,1631.84
16397,225,MRI Scan,339.99
16398,425,MRI Scan,446.99
16399,106,Medication Charge,1698.37
16400,316,MRI Scan,316.96
16401,161,Physical Examination,1977.51
16402,36,Medication Charge,482.56
16403,221,Ultrasound,1178.27
16404,446,Consultation,889.82
16405,107,Ultrasound,732.39
16406,355,Consultation,213.87
16407,157,ECG,1401.32
16408,306,Hospital Stay,777.02
16409,216,Physical Examination,1533.23
16410,189,Blood Test,1520.59
16411,299,ECG,1984.85
16412,470,Hospital Stay,793.87
16413,120,MRI Scan,1091.51
16414,317,Physical Examination,1178.93
16415,450,Ultrasound,1573.06
16416,123,Blood Test,301.02
16417,5,Hospital Stay,353.53
16418,423,Consultation,519.32
16419,114,Physical Examination,1074.05
16420,389,Consultation,252.11
16421,292,Ultrasound,57.93
16422,75,ECG,102.83
16423,372,X-Ray,1016.54
16424,133,Blood Test,97.29
16425,159,Consultation,1560.83
16426,280,Ultrasound,1861.31
16427,220,Physical Examination,641.26
16428,21,CT Scan,1322.02
16429,200,Blood Test,1489.53
16430,238,ECG,979.43
16431,260,Medication Charge,866.01
16432,219,Consultation,855.99
16433,15,ECG,450.06
16434,249,Consultation,1083.34
16435,432,Physical Examination,1560.53
16436,500,X-Ray,442.43
16437,453,Blood Test,1150.27
16438,16,MRI Scan,1236.98
16439,298,Physical Examination,380.97
16440,238,CT Scan,148.23
16441,352,CT Scan,755.78
16442,269,Ultrasound,320.29
16443,2,Medication Charge,1038.67
16444,321,Ultrasound,1687.02
16445,207,CT Scan,1078.43
16446,352,X-Ray,1035.70
16447,333,MRI Scan,1764.75
16448,279,Medication Charge,805.05
16449,8,Ultrasound,1561.32
16450,461,Ultrasound,1714.36
16451,259,Physical Examination,173.43
16452,465,X-Ray,998.37
16453,25,Hospital Stay,1467.48
16454,84,ECG,385.12
16455,345,Hospital Stay,785.99
16456,258,Blood Test,873.47
16457,398,MRI Scan,1371.35
16458,306,X-Ray,355.73
16459,147,MRI Scan,1348.36
16460,313,CT Scan,1987.14
16461,227,Blood Test,473.04
16462,22,Physical Examination,171.46
16463,109,Hospital Stay,1139.59
16464,3,Medication Charge,1114.83
16465,436,ECG,1775.81
16466,133,Hospital Stay,1821.24
16467,234,Physical Examination,1168.35
16468,484,Hospital Stay,1799.89
16469,274,Consultation,425.18
16470,214,ECG,1101.41
16471,470,CT Scan,1836.17
16472,325,X-Ray,804.43
16473,94,MRI Scan,472.28
16474,344,Physical Examination,1391.10
16475,217,Ultrasound,1508.00
16476,213,Hospital Stay,159.42
16477,473,Medication Charge,1774.08
16478,244,Hospital Stay,484.01
16479,13,Physical Examination,1022.46
16480,285,Blood Test,1691.64
16481,109,CT Scan,1071.87
16482,473,ECG,1426.78
16483,431,Consultation,905.69
16484,65,Ultrasound,1483.16
16485,448,Physical Examination,1078.63
16486,12,Hospital Stay,1986.26
16487,42,ECG,1583.71
16488,164,CT Scan,1104.00
16489,326,MRI Scan,508.12
16490,376,CT Scan,440.56
16491,40,Hospital Stay,1646.17
16492,499,MRI Scan,1689.43
16493,343,ECG,806.01
16494,71,Hospital Stay,986.92
16495,309,Hospital Stay,1932.68
16496,130,Consultation,432.97
16497,57,CT Scan,1953.26
16498,82,CT Scan,490.76
16499,414,Blood Test,736.12
16500,443,Medication Charge,981.31
16501,223,X-Ray,112.45
16502,159,Blood Test,1847.10
16503,226,Physical Examination,584.77
16504,469,Ultrasound,543.48
16505,7,MRI Scan,697.50
16506,230,Hospital Stay,842.25
16507,198,X-Ray,277.85
16508,315,CT Scan,1046.45
16509,163,Ultrasound,718.74
16510,65,ECG,1810.77
16511,340,Hospital Stay,341.89
16512,172,Physical Examination,1587.08
16513,206,CT Scan,390.32
16514,92,Medication Charge,1233.85
16515,238,X-Ray,313.78
16516,368,Ultrasound,970.75
16517,139,Blood Test,895.24
16518,13,MRI Scan,663.15
16519,397,Hospital Stay,253.22
16520,265,X-Ray,904.67
16521,474,Consultation,1136.34
16522,344,Physical Examination,1074.95
16523,122,Medication Charge,313.17
16524,104,Physical Examination,1349.50
16525,311,Physical Examination,811.04
16526,80,ECG,1311.45
16527,130,Ultrasound,1315.91
16528,379,Ultrasound,414.10
16529,212,Ultrasound,1966.77
16530,31,Consultation,752.78
16531,191,CT Scan,573.94
16532,284,Blood Test,1141.14
16533,160,Consultation,1006.69
16534,475,MRI Scan,1426.77
16535,427,Medication Charge,363.82
16536,75,CT Scan,502.04
16537,188,Blood Test,1312.68
16538,17,Blood Test,1473.00
16539,77,Ultrasound,854.55
16540,147,Ultrasound,1291.56
16541,19,Medication Charge,1608.78
16542,39,Hospital Stay,1229.49
16543,19,Medication Charge,1818.80
16544,43,Blood Test,141.57
16545,55,Ultrasound,814.84
16546,428,Medication Charge,1752.36
16547,159,ECG,1888.40
16548,479,Consultation,125.55
16549,50,CT Scan,1775.92
16550,446,Hospital Stay,1715.71
16551,67,CT Scan,1468.00
16552,442,X-Ray,1618.57
16553,3,ECG,402.75
16554,366,X-Ray,712.76
16555,346,Physical Examination,1162.69
16556,479,CT Scan,1388.71
16557,423,Consultation,160.17
16558,397,Consultation,357.80
16559,211,Ultrasound,778.36
16560,397,Ultrasound,1160.62
16561,55,Blood Test,1511.49
16562,31,Physical Examination,1373.57
16563,207,MRI Scan,1735.83
16564,417,CT Scan,231.75
16565,343,Hospital Stay,51.81
16566,76,ECG,115.37
16567,12,Ultrasound,575.98
16568,76,CT Scan,1988.20
16569,465,Hospital Stay,528.14
16570,427,Medication Charge,1310.40
16571,391,Ultrasound,709.94
16572,470,Ultrasound,1363.72
16573,469,ECG,168.70
16574,164,Consultation,604.67
16575,456,CT Scan,1360.23
16576,135,MRI Scan,209.30
16577,211,Blood Test,356.08
16578,192,Medication Charge,1760.57
16579,99,Physical Examination,1098.10
16580,256,ECG,750.34
16581,328,Physical Examination,1012.41
16582,163,Medication Charge,1867.39
16583,96,Blood Test,557.64
16584,36,ECG,1769.13
16585,84,Physical Examination,1488.62
16586,431,X-Ray,1537.27
16587,26,MRI Scan,828.76
16588,483,Hospital Stay,1470.64
16589,11,Consultation,1273.00
16590,69,Medication Charge,1921.12
16591,235,Hospital Stay,625.08
16592,397,Hospital Stay,493.16
16593,398,X-Ray,1206.63
16594,159,ECG,1374.26
16595,269,Ultrasound,1899.96
16596,469,CT Scan,1401.80
16597,375,Hospital Stay,1762.40
16598,28,Hospital Stay,1994.38
16599,460,CT Scan,1889.03
16600,67,Hospital Stay,1290.77
16601,392,Ultrasound,1452.77
16602,468,Medication Charge,987.61
16603,403,Physical Examination,461.62
16604,397,Hospital Stay,250.41
16605,408,Blood Test,849.64
16606,322,MRI Scan,92.48
16607,306,Medication Charge,912.47
16608,150,Hospital Stay,1969.37
16609,315,Physical Examination,371.83
16610,292,Consultation,178.75
16611,326,Hospital Stay,305.71
16612,66,Physical Examination,296.96
16613,183,Physical Examination,729.87
16614,310,CT Scan,1940.74
16615,26,X-Ray,604.16
16616,304,MRI Scan,53.44
16617,330,ECG,965.67
16618,294,Medication Charge,222.76
16619,393,Physical Examination,1499.59
16620,118,Hospital Stay,1373.17
16621,180,Ultrasound,733.04
16622,60,X-Ray,1988.11
16623,115,Hospital Stay,448.92
16624,136,Hospital Stay,158.95
16625,446,CT Scan,1398.96
16626,264,Blood Test,858.09
16627,334,Consultation,188.68
16628,376,Consultation,1202.30
16629,313,Hospital Stay,515.37
16630,478,CT Scan,1102.76
16631,402,Hospital Stay,1720.92
16632,318,Blood Test,1497.73
16633,108,MRI Scan,354.29
16634,84,MRI Scan,1292.49
16635,407,MRI Scan,405.85
16636,158,X-Ray,234.59
16637,338,Physical Examination,203.52
16638,132,Hospital Stay,1547.93
16639,500,Physical Examination,1035.18
16640,112,CT Scan,1289.51
16641,234,Blood Test,1000.81
16642,190,Blood Test,915.70
16643,319,ECG,1896.65
16644,370,Blood Test,1295.00
16645,478,X-Ray,800.42
16646,112,X-Ray,915.38
16647,92,Hospital Stay,1441.90
16648,448,Consultation,303.50
16649,172,CT Scan,348.20
16650,491,CT Scan,1232.42
16651,27,Hospital Stay,1490.49
16652,21,CT Scan,1051.18
16653,406,Consultation,909.81
16654,474,Physical Examination,1022.58
16655,340,ECG,368.01
16656,497,Consultation,1259.62
16657,319,Ultrasound,1679.82
16658,100,Ultrasound,1153.14
16659,56,Physical Examination,636.06
16660,142,Hospital Stay,259.88
16661,348,Medication Charge,1113.43
16662,115,Physical Examination,1833.24
16663,232,Medication Charge,349.54
16664,85,Ultrasound,1626.72
16665,381,Medication Charge,84.82
16666,215,ECG,254.09
16667,309,Medication Charge,661.63
16668,247,Hospital Stay,920.35
16669,411,Physical Examination,1670.79
16670,253,MRI Scan,754.18
16671,170,Consultation,426.48
16672,105,MRI Scan,1953.24
16673,229,Medication Charge,1884.52
16674,117,MRI Scan,1596.31
16675,110,Hospital Stay,1643.70
16676,169,Ultrasound,1765.72
16677,316,Ultrasound,1511.41
16678,440,CT Scan,789.95
16679,323,Blood Test,327.87
16680,411,Blood Test,1613.45
16681,403,Blood Test,384.48
16682,271,Ultrasound,650.00
16683,313,Medication Charge,745.71
16684,419,Physical Examination,1357.13
16685,387,CT Scan,159.98
16686,3,ECG,285.22
16687,65,ECG,493.24
16688,460,Blood Test,1755.44
16689,403,Ultrasound,426.90
16690,315,Blood Test,695.27
16691,111,CT Scan,1677.64
16692,197,Medication Charge,455.98
16693,374,Physical Examination,961.94
16694,295,X-Ray,1432.39
16695,474,CT Scan,609.62
16696,432,Ultrasound,1560.68
16697,92,Ultrasound,1826.11
16698,347,Medication Charge,977.67
16699,100,MRI Scan,199.59
16700,452,ECG,368.86
16701,134,Consultation,1101.17
16702,69,Blood Test,916.72
16703,229,Medication Charge,425.99
16704,50,Hospital Stay,1729.17
16705,154,Hospital Stay,1325.57
16706,138,MRI Scan,1207.74
16707,290,Ultrasound,1336.53
16708,162,Medication Charge,1943.84
16709,389,Ultrasound,392.83
16710,135,Consultation,1128.08
16711,4,Medication Charge,1898.32
16712,367,X-Ray,1545.49
16713,229,MRI Scan,1695.40
16714,231,Consultation,1348.24
16715,212,Physical Examination,696.26
16716,332,CT Scan,164.64
16717,346,MRI Scan,1796.61
16718,80,ECG,222.91
16719,465,MRI Scan,1591.10
16720,481,Consultation,224.81
16721,273,Ultrasound,933.22
16722,10,CT Scan,742.50
16723,54,Hospital Stay,591.75
16724,380,ECG,857.79
16725,488,MRI Scan,1257.52
16726,413,Ultrasound,1469.99
16727,352,Ultrasound,1602.59
16728,496,MRI Scan,1453.84
16729,28,Hospital Stay,507.45
16730,1,MRI Scan,51.97
16731,95,Ultrasound,1325.39
16732,176,CT Scan,788.06
16733,156,CT Scan,771.78
16734,433,Ultrasound,757.37
16735,235,Consultation,1463.98
16736,302,CT Scan,985.40
16737,155,MRI Scan,1540.80
16738,173,Blood Test,894.78
16739,167,Medication Charge,90.97
16740,386,X-Ray,520.54
16741,28,Medication Charge,1577.67
16742,457,Ultrasound,1533.48
16743,96,MRI Scan,655.71
16744,249,Blood Test,1734.44
16745,429,MRI Scan,1683.51
16746,487,ECG,479.59
16747,429,CT Scan,478.47
16748,428,Blood Test,677.86
16749,398,Hospital Stay,371.59
16750,306,Blood Test,1904.33
16751,364,Physical Examination,187.09
16752,457,Ultrasound,340.42
16753,104,Blood Test,1872.38
16754,412,Ultrasound,267.29
16755,445,Blood Test,984.06
16756,440,Blood Test,892.07
16757,63,Ultrasound,1227.61
16758,113,Ultrasound,1702.36
16759,236,Blood Test,696.74
16760,31,Hospital Stay,280.91
16761,236,Medication Charge,1297.58
16762,349,CT Scan,913.98
16763,221,Consultation,252.62
16764,295,Hospital Stay,854.20
16765,17,Medication Charge,1863.67
16766,199,Blood Test,1121.53
16767,139,Medication Charge,869.37
16768,36,X-Ray,341.67
16769,442,Physical Examination,477.03
16770,263,CT Scan,1105.06
16771,160,CT Scan,932.02
16772,289,Physical Examination,1041.46
16773,259,X-Ray,549.13
16774,111,CT Scan,729.02
16775,207,Physical Examination,1494.58
16776,276,Ultrasound,1992.65
16777,229,Hospital Stay,1845.16
16778,96,Consultation,73.81
16779,400,Blood Test,1161.27
16780,226,MRI Scan,1803.79
16781,132,CT Scan,1638.03
16782,303,ECG,81.11
16783,416,Consultation,1711.45
16784,411,Consultation,800.06
16785,440,X-Ray,1467.31
16786,45,MRI Scan,1678.82
16787,196,CT Scan,1541.20
16788,268,MRI Scan,590.20
16789,275,X-Ray,1817.27
16790,94,Hospital Stay,1517.06
16791,208,Hospital Stay,1879.49
16792,329,MRI Scan,1299.39
16793,231,MRI Scan,869.27
16794,167,Blood Test,1157.40
16795,344,X-Ray,1344.63
16796,401,Consultation,1338.29
16797,192,Medication Charge,846.21
16798,121,CT Scan,1967.62
16799,44,Consultation,280.42
16800,335,Medication Charge,172.33
16801,55,Physical Examination,1467.90
16802,364,Consultation,793.35
16803,298,Blood Test,101.35
16804,463,CT Scan,1208.58
16805,156,Ultrasound,1480.64
16806,145,Medication Charge,560.35
16807,395,ECG,1380.59
16808,280,MRI Scan,690.79
16809,310,Consultation,1251.64
16810,465,X-Ray,1014.30
16811,290,MRI Scan,1999.33
16812,361,MRI Scan,1263.39
16813,352,X-Ray,896.33
16814,432,Physical Examination,1213.23
16815,11,Medication Charge,1026.04
16816,219,Blood Test,1298.96
16817,424,Physical Examination,191.60
16818,493,Hospital Stay,651.19
16819,42,Ultrasound,1798.14
16820,219,Ultrasound,237.23
16821,245,CT Scan,1385.43
16822,428,Medication Charge,592.70
16823,497,Blood Test,848.00
16824,444,CT Scan,147.80
16825,497,Blood Test,717.46
16826,266,ECG,1131.02
16827,144,Blood Test,547.14
16828,332,CT Scan,994.83
16829,351,Medication Charge,1951.19
16830,166,CT Scan,394.45
16831,4,Blood Test,499.42
16832,102,MRI Scan,762.73
16833,383,Physical Examination,1736.45
16834,48,CT Scan,727.72
16835,286,Medication Charge,898.65
16836,396,X-Ray,1388.21
16837,313,Hospital Stay,1285.65
16838,240,Ultrasound,564.74
16839,492,MRI Scan,1239.54
16840,302,ECG,1734.50
16841,478,Consultation,403.24
16842,186,MRI Scan,1218.21
16843,20,MRI Scan,69.54
16844,441,Ultrasound,503.19
16845,135,Medication Charge,1678.37
16846,75,CT Scan,1842.72
16847,249,CT Scan,156.99
16848,168,Medication Charge,646.59
16849,348,X-Ray,874.16
16850,89,Consultation,1253.15
16851,381,ECG,1495.72
16852,136,Consultation,1403.54
16853,132,Physical Examination,1586.29
16854,47,Consultation,1069.05
16855,3,MRI Scan,285.39
16856,332,ECG,980.71
16857,309,Hospital Stay,1568.42
16858,345,ECG,1746.69
16859,53,Consultation,1264.00
16860,391,ECG,1966.21
16861,413,Consultation,356.33
16862,479,Consultation,967.58
16863,8,Physical Examination,1528.28
16864,313,CT Scan,522.32
16865,237,ECG,1799.59
16866,418,ECG,341.82
16867,368,Consultation,337.05
16868,121,Hospital Stay,1412.40
16869,50,Consultation,1159.43
16870,409,CT Scan,1593.62
16871,454,Ultrasound,685.50
16872,224,X-Ray,1125.83
16873,252,Consultation,1778.64
16874,192,Blood Test,74.02
16875,364,Hospital Stay,1720.54
16876,167,ECG,1454.84
16877,23,Hospital Stay,1574.75
16878,88,Medication Charge,1790.02
16879,22,CT Scan,1722.94
16880,278,X-Ray,1062.81
16881,96,ECG,1482.61
16882,268,CT Scan,1509.57
16883,296,Consultation,1741.22
16884,384,CT Scan,95.43
16885,220,X-Ray,1278.57
16886,185,Physical Examination,1905.90
16887,371,Consultation,792.03
16888,269,Blood Test,766.02
16889,276,X-Ray,1661.52
16890,70,Ultrasound,330.03
16891,104,MRI Scan,1945.32
16892,236,ECG,1705.92
16893,33,MRI Scan,771.68
16894,436,X-Ray,1290.03
16895,231,Blood Test,1977.00
16896,111,Hospital Stay,1545.61
16897,425,Hospital Stay,1877.56
16898,228,CT Scan,1853.50
16899,388,Ultrasound,1709.81
16900,279,Physical Examination,1408.36
16901,216,Consultation,1485.42
16902,46,Consultation,1975.13
16903,303,Medication Charge,1097.40
16904,5,Physical Examination,110.50
16905,415,ECG,533.94
16906,95,Physical Examination,1873.31
16907,282,MRI Scan,1606.28
16908,361,X-Ray,1326.70
16909,398,Consultation,1969.68
16910,445,Medication Charge,811.18
16911,424,ECG,933.16
16912,383,ECG,1697.82
16913,389,CT Scan,1594.60
16914,200,Hospital Stay,1622.55
16915,171,MRI Scan,359.14
16916,168,Ultrasound,351.64
16917,87,X-Ray,73.45
16918,494,Consultation,1580.61
16919,396,Ultrasound,1670.69
16920,347,Hospital Stay,1609.96
16921,68,Medication Charge,1153.27
16922,376,Ultrasound,287.95
16923,266,Blood Test,922.76
16924,287,Ultrasound,136.51
16925,374,Ultrasound,1162.09
16926,409,Consultation,1230.16
16927,135,ECG,194.77
16928,487,Ultrasound,1333.15
16929,271,Consultation,1061.46
16930,78,Medication Charge,324.73
16931,196,X-Ray,1950.00
16932,265,Ultrasound,78.68
16933,356,X-Ray,995.25
16934,192,CT Scan,1600.24
16935,55,Blood Test,528.66
16936,334,Consultation,1286.26
16937,185,Ultrasound,1217.07
16938,334,Ultrasound,1830.19
16939,162,Blood Test,1388.83
16940,197,Medication Charge,635.16
16941,72,Consultation,672.25
16942,281,Physical Examination,1115.28
16943,299,Blood Test,1370.85
16944,483,Physical Examination,1784.69
16945,389,Physical Examination,1875.16
16946,391,Blood Test,1074.31
16947,47,Blood Test,947.76
16948,145,Medication Charge,1501.88
16949,469,Consultation,1422.78
16950,14,Consultation,1570.92
16951,212,Physical Examination,107.22
16952,333,ECG,1964.04
16953,340,Physical Examination,608.10
16954,401,Hospital Stay,458.37
16955,427,CT Scan,311.95
16956,58,Consultation,388.88
16957,440,CT Scan,1987.48
16958,438,Ultrasound,464.21
16959,287,Consultation,1562.76
16960,38,Medication Charge,198.05
16961,473,Physical Examination,156.90
16962,156,Consultation,1049.33
16963,153,Consultation,140.98
16964,303,CT Scan,1161.49
16965,250,ECG,1919.18
16966,193,Physical Examination,1446.14
16967,134,X-Ray,278.63
16968,63,Physical Examination,1530.52
16969,17,MRI Scan,1630.93
16970,435,CT Scan,594.58
16971,86,Medication Charge,228.42
16972,489,Consultation,254.35
16973,82,Ultrasound,745.77
16974,355,CT Scan,652.88
16975,4,Consultation,161.66
16976,352,Consultation,258.43
16977,37,CT Scan,1079.26
16978,230,Blood Test,651.42
16979,361,Consultation,1743.89
16980,253,ECG,1075.47
16981,283,MRI Scan,1752.13
16982,273,ECG,1241.51
16983,86,Blood Test,858.28
16984,13,Hospital Stay,276.88
16985,177,X-Ray,1737.71
16986,86,Ultrasound,224.39
16987,455,Medication Charge,250.70
16988,295,ECG,489.23
16989,479,Blood Test,86.28
16990,461,MRI Scan,946.38
16991,338,X-Ray,1527.59
16992,33,Consultation,824.07
16993,327,X-Ray,354.40
16994,279,Blood Test,196.57
16995,340,CT Scan,1912.23
16996,91,Blood Test,1708.61
16997,335,Physical Examination,1780.93
16998,47,Medication Charge,657.89
16999,39,Hospital Stay,806.93
17000,199,MRI Scan,1737.35
17001,121,Ultrasound,119.92
17002,239,CT Scan,328.51
17003,252,X-Ray,120.84
17004,381,Hospital Stay,760.70
17005,357,Medication Charge,1914.05
17006,4,Ultrasound,1484.85
17007,459,Consultation,1395.29
17008,455,ECG,495.95
17009,492,Consultation,756.72
17010,58,Ultrasound,1435.00
17011,216,X-Ray,684.64
17012,35,Blood Test,659.00
17013,427,Medication Charge,580.61
17014,481,MRI Scan,996.43
17015,19,ECG,1347.81
17016,415,ECG,245.96
17017,114,X-Ray,107.17
17018,203,CT Scan,445.88
17019,443,Medication Charge,1678.07
17020,424,X-Ray,622.16
17021,1,CT Scan,653.33
17022,327,Consultation,709.04
17023,324,Ultrasound,859.00
17024,123,Consultation,1148.76
17025,114,Ultrasound,489.31
17026,265,ECG,987.00
17027,103,Consultation,1229.77
17028,302,ECG,1753.51
17029,10,Blood Test,103.95
17030,283,Hospital Stay,248.84
17031,73,Ultrasound,1001.88
17032,23,MRI Scan,1441.07
17033,221,Physical Examination,520.28
17034,63,Hospital Stay,813.09
17035,3,Blood Test,489.04
17036,131,ECG,1741.13
17037,185,Physical Examination,1447.39
17038,372,Hospital Stay,807.59
17039,381,Hospital Stay,1303.52
17040,31,MRI Scan,1028.91
17041,391,Medication Charge,91.45
17042,110,X-Ray,54.27
17043,193,ECG,255.06
17044,268,Physical Examination,1866.07
17045,4,Ultrasound,1501.05
17046,432,Medication Charge,268.58
17047,250,ECG,113.07
17048,497,ECG,283.97
17049,381,Medication Charge,1853.73
17050,200,CT Scan,972.66
17051,182,Blood Test,597.10
17052,49,Ultrasound,1312.63
17053,339,X-Ray,1363.60
17054,465,Physical Examination,1273.22
17055,146,Consultation,1480.07
17056,346,Ultrasound,724.26
17057,276,Physical Examination,1671.67
17058,328,CT Scan,1579.94
17059,85,Blood Test,327.26
17060,2,Hospital Stay,1698.37
17061,485,Physical Examination,1959.21
17062,42,Blood Test,1665.39
17063,197,ECG,493.59
17064,250,Ultrasound,1516.56
17065,46,Hospital Stay,618.37
17066,74,CT Scan,274.25
17067,465,Medication Charge,1874.43
17068,481,Hospital Stay,707.38
17069,33,Hospital Stay,758.49
17070,189,ECG,79.88
17071,287,Blood Test,146.99
17072,322,Medication Charge,1800.58
17073,219,Medication Charge,732.68
17074,241,Consultation,1949.07
17075,218,Hospital Stay,313.70
17076,230,X-Ray,1207.33
17077,105,Ultrasound,1276.92
17078,20,Medication Charge,98.37
17079,267,X-Ray,559.09
17080,30,Physical Examination,277.03
17081,364,Ultrasound,1346.78
17082,227,Blood Test,344.19
17083,102,Ultrasound,61.76
17084,152,MRI Scan,1009.37
17085,402,Ultrasound,74.87
17086,89,ECG,381.11
17087,166,Consultation,1338.45
17088,42,Consultation,546.48
17089,48,CT Scan,871.46
17090,96,Physical Examination,104.92
17091,295,ECG,633.38
17092,36,CT Scan,771.45
17093,348,Blood Test,237.62
17094,127,CT Scan,1247.42
17095,180,Physical Examination,572.92
17096,85,Physical Examination,271.54
17097,97,Medication Charge,448.12
17098,387,Medication Charge,1498.65
17099,317,MRI Scan,101.29
17100,470,Physical Examination,369.09
17101,300,Ultrasound,1320.86
17102,500,ECG,896.43
17103,56,X-Ray,1633.76
17104,401,Ultrasound,605.54
17105,143,Ultrasound,1681.60
17106,246,Ultrasound,556.44
17107,285,ECG,795.71
17108,170,Blood Test,1132.41
17109,472,ECG,163.04
17110,349,MRI Scan,1315.10
17111,454,Hospital Stay,533.24
17112,425,Medication Charge,1181.68
17113,80,ECG,963.59
17114,8,Medication Charge,1178.96
17115,88,Physical Examination,892.26
17116,5,X-Ray,1065.89
17117,322,ECG,1541.18
17118,55,Hospital Stay,514.91
17119,347,X-Ray,678.55
17120,171,X-Ray,71.85
17121,96,Physical Examination,1534.40
17122,173,Medication Charge,279.75
17123,391,MRI Scan,1729.14
17124,289,Physical Examination,118.88
17125,179,X-Ray,1083.66
17126,106,Medication Charge,1554.17
17127,452,Blood Test,1707.89
17128,174,Consultation,79.47
17129,222,CT Scan,477.66
17130,8,Physical Examination,488.71
17131,28,Consultation,1145.92
17132,270,Hospital Stay,86.19
17133,378,Ultrasound,1292.83
17134,238,Ultrasound,1205.32
17135,357,MRI Scan,1184.27
17136,332,MRI Scan,1482.19
17137,169,Blood Test,1696.97
17138,452,MRI Scan,1178.35
17139,18,Medication Charge,740.29
17140,249,Hospital Stay,1944.53
17141,389,Hospital Stay,729.28
17142,362,Hospital Stay,97.77
17143,224,Medication Charge,1890.21
17144,60,Hospital Stay,532.11
17145,233,Ultrasound,968.11
17146,283,Hospital Stay,529.08
17147,396,ECG,1502.97
17148,191,Ultrasound,1015.91
17149,312,ECG,1218.95
17150,237,Medication Charge,368.82
17151,194,X-Ray,1486.88
17152,117,X-Ray,1446.19
17153,112,X-Ray,1928.42
17154,486,Consultation,1003.60
17155,22,Consultation,1368.96
17156,325,Medication Charge,203.75
17157,342,Blood Test,686.61
17158,208,ECG,1382.31
17159,500,MRI Scan,1851.64
17160,136,MRI Scan,1386.19
17161,158,Consultation,91.06
17162,230,Ultrasound,1060.81
17163,439,Consultation,343.11
17164,296,Physical Examination,915.72
17165,416,Physical Examination,217.41
17166,325,Ultrasound,115.12
17167,182,MRI Scan,1186.88
17168,242,Blood Test,362.28
17169,138,X-Ray,1738.11
17170,220,Consultation,910.80
17171,374,Consultation,951.87
17172,274,Blood Test,181.40
17173,497,MRI Scan,1074.79
17174,135,Consultation,610.12
17175,97,ECG,1726.00
17176,247,MRI Scan,1619.35
17177,384,Physical Examination,328.63
17178,64,MRI Scan,261.87
17179,147,CT Scan,794.42
17180,460,X-Ray,99.09
17181,105,Hospital Stay,949.46
17182,247,Consultation,1479.32
17183,160,MRI Scan,597.11
17184,494,ECG,1866.89
17185,407,Ultrasound,1748.10
17186,232,Consultation,175.21
17187,51,Ultrasound,1048.12
17188,168,Medication Charge,393.44
17189,207,Consultation,973.17
17190,372,Blood Test,76.90
17191,445,Physical Examination,1781.62
17192,138,Consultation,1120.20
17193,24,MRI Scan,631.52
17194,342,ECG,974.15
17195,377,MRI Scan,838.97
17196,462,Ultrasound,69.06
17197,272,Blood Test,1785.57
17198,406,Hospital Stay,1799.28
17199,261,Medication Charge,123.61
17200,487,X-Ray,598.54
17201,486,Ultrasound,1622.54
17202,95,Physical Examination,1077.37
17203,88,Ultrasound,177.92
17204,106,Hospital Stay,1400.34
17205,18,Physical Examination,942.15
17206,392,Ultrasound,1677.27
17207,41,Hospital Stay,1149.75
17208,354,MRI Scan,1056.74
17209,98,CT Scan,1826.25
17210,391,X-Ray,1199.47
17211,104,Physical Examination,1501.63
17212,4,Hospital Stay,711.76
17213,333,Consultation,56.41
17214,460,Physical Examination,1584.87
17215,118,Hospital Stay,1156.99
17216,336,MRI Scan,833.59
17217,251,Ultrasound,547.39
17218,95,CT Scan,435.30
17219,354,Ultrasound,1132.22
17220,50,Consultation,1761.69
17221,475,CT Scan,1315.50
17222,455,X-Ray,1289.51
17223,415,Physical Examination,251.37
17224,39,ECG,723.44
17225,107,Medication Charge,411.54
17226,353,Physical Examination,1093.11
17227,18,X-Ray,222.33
17228,204,CT Scan,173.75
17229,27,Consultation,526.48
17230,160,MRI Scan,1832.05
17231,243,Physical Examination,937.40
17232,7,X-Ray,1046.26
17233,159,Medication Charge,1988.49
17234,242,X-Ray,856.59
17235,354,Hospital Stay,1084.97
17236,37,Blood Test,710.08
17237,16,Consultation,1195.94
17238,214,CT Scan,1097.20
17239,89,Physical Examination,1045.92
17240,125,CT Scan,1238.69
17241,114,Medication Charge,1313.83
17242,169,Medication Charge,485.42
17243,388,Blood Test,1565.33
17244,458,X-Ray,1932.81
17245,406,X-Ray,1584.94
17246,331,Physical Examination,237.99
17247,218,Medication Charge,729.33
17248,304,ECG,527.92
17249,397,Ultrasound,1200.62
17250,374,X-Ray,523.80
17251,495,X-Ray,133.34
17252,86,Hospital Stay,1637.73
17253,213,MRI Scan,1726.63
17254,44,ECG,892.04
17255,456,X-Ray,500.84
17256,27,Ultrasound,1021.68
17257,16,MRI Scan,1374.39
17258,144,Ultrasound,1007.87
17259,44,Hospital Stay,1422.32
17260,40,X-Ray,1144.65
17261,1,Hospital Stay,624.97
17262,54,X-Ray,122.44
17263,288,Consultation,1526.70
17264,66,Hospital Stay,1119.57
17265,158,Physical Examination,692.97
17266,96,Consultation,1641.74
17267,279,Physical Examination,880.17
17268,36,CT Scan,1857.00
17269,412,X-Ray,1605.64
17270,236,Ultrasound,99.40
17271,213,Consultation,1241.88
17272,333,ECG,1299.21
17273,362,Consultation,844.90
17274,292,Medication Charge,146.01
17275,185,CT Scan,618.97
17276,358,Ultrasound,1207.64
17277,129,Consultation,1918.18
17278,213,Ultrasound,1866.40
17279,125,Consultation,977.47
17280,428,ECG,862.15
17281,44,Physical Examination,581.10
17282,114,ECG,989.61
17283,247,CT Scan,1783.93
17284,186,Medication Charge,319.29
17285,313,Hospital Stay,1930.85
17286,259,Consultation,857.30
17287,275,Physical Examination,1828.38
17288,99,CT Scan,618.69
17289,278,Medication Charge,1812.75
17290,98,Medication Charge,1779.04
17291,194,Blood Test,599.99
17292,138,Hospital Stay,682.57
17293,94,ECG,1673.58
17294,200,CT Scan,1298.84
17295,80,MRI Scan,1972.88
17296,416,Physical Examination,387.46
17297,171,Medication Charge,1133.01
17298,468,MRI Scan,1830.62
17299,389,MRI Scan,1460.40
17300,493,Consultation,904.41
17301,211,Consultation,1539.91
17302,302,Hospital Stay,54.98
17303,428,Physical Examination,1986.03
17304,372,Blood Test,642.84
17305,252,Hospital Stay,225.55
17306,81,Ultrasound,1241.34
17307,421,Physical Examination,1878.74
17308,263,Ultrasound,671.71
17309,440,MRI Scan,79.60
17310,212,MRI Scan,1248.70
17311,304,CT Scan,1839.99
17312,2,CT Scan,1703.53
17313,383,Physical Examination,453.61
17314,405,Consultation,1372.91
17315,121,X-Ray,1263.84
17316,17,X-Ray,1368.68
17317,407,ECG,1196.70
17318,93,ECG,1808.47
17319,34,Ultrasound,778.29
17320,187,ECG,672.72
17321,155,Physical Examination,787.15
17322,325,X-Ray,1132.73
17323,498,Blood Test,1386.70
17324,342,CT Scan,1355.79
17325,387,Blood Test,1579.22
17326,202,Blood Test,1749.32
17327,173,ECG,983.75
17328,268,Hospital Stay,275.81
17329,293,Ultrasound,62.93
17330,15,Ultrasound,1859.81
17331,424,MRI Scan,845.64
17332,499,MRI Scan,1336.98
17333,100,MRI Scan,908.99
17334,208,Blood Test,1618.79
17335,85,Hospital Stay,619.15
17336,192,Ultrasound,1221.61
17337,360,Medication Charge,228.24
17338,44,Hospital Stay,465.20
17339,389,Ultrasound,1740.28
17340,500,CT Scan,689.87
17341,171,ECG,562.57
17342,403,Blood Test,799.79
17343,98,Hospital Stay,1560.90
17344,93,Ultrasound,91.72
17345,100,Consultation,1748.59
17346,280,X-Ray,1635.10
17347,159,Medication Charge,1423.64
17348,488,Ultrasound,1197.35
17349,194,Blood Test,1116.13
17350,401,MRI Scan,1052.09
17351,388,ECG,1059.18
17352,19,Hospital Stay,260.56
17353,328,Blood Test,426.28
17354,115,Hospital Stay,1076.56
17355,134,ECG,255.33
17356,411,Ultrasound,285.83
17357,289,Consultation,1739.83
17358,314,Blood Test,1738.59
17359,81,Medication Charge,456.16
17360,12,Medication Charge,1310.80
17361,150,Hospital Stay,470.12
17362,482,MRI Scan,1388.69
17363,44,Consultation,585.62
17364,436,ECG,694.20
17365,226,Medication Charge,1241.12
17366,16,Blood Test,977.15
17367,176,Ultrasound,805.36
17368,437,Physical Examination,995.97
17369,481,Consultation,161.93
17370,329,Consultation,1885.24
17371,179,CT Scan,1733.86
17372,500,Consultation,912.02
17373,38,ECG,262.86
17374,404,Blood Test,605.40
17375,121,Ultrasound,997.08
17376,248,Ultrasound,1993.70
17377,311,ECG,1618.86
17378,337,Consultation,1499.60
17379,369,X-Ray,579.05
17380,308,Ultrasound,984.91
17381,240,MRI Scan,1199.24
17382,242,ECG,690.45
17383,232,Medication Charge,1964.52
17384,415,X-Ray,108.71
17385,310,Hospital Stay,702.24
17386,344,Blood Test,1849.03
17387,276,Medication Charge,1772.63
17388,143,Hospital Stay,446.59
17389,474,Physical Examination,319.58
17390,431,Medication Charge,921.40
17391,293,Hospital Stay,1914.12
17392,121,Ultrasound,804.42
17393,139,Physical Examination,1065.77
17394,431,Physical Examination,1228.45
17395,299,Ultrasound,1224.92
17396,5,Physical Examination,1543.72
17397,266,Ultrasound,502.29
17398,468,MRI Scan,1974.46
17399,153,MRI Scan,1101.50
17400,123,ECG,1188.97
17401,382,Medication Charge,606.34
17402,28,Hospital Stay,1590.41
17403,134,CT Scan,593.73
17404,235,Blood Test,932.83
17405,186,Hospital Stay,581.75
17406,372,X-Ray,986.82
17407,211,MRI Scan,168.78
17408,172,Hospital Stay,947.13
17409,333,X-Ray,1121.73
17410,142,Blood Test,939.93
17411,47,Medication Charge,529.09
17412,64,Hospital Stay,794.57
17413,4,Consultation,925.23
17414,87,Physical Examination,1884.22
17415,16,Consultation,662.58
17416,268,Medication Charge,1238.16
17417,59,Blood Test,1141.67
17418,332,ECG,1093.13
17419,246,CT Scan,50.83
17420,369,CT Scan,748.55
17421,55,Consultation,1172.65
17422,345,Medication Charge,470.21
17423,411,Medication Charge,1274.45
17424,166,Ultrasound,1938.40
17425,232,Medication Charge,1864.14
17426,245,Hospital Stay,1557.74
17427,415,Ultrasound,1638.22
17428,48,CT Scan,1566.53
17429,35,Physical Examination,836.35
17430,209,Ultrasound,1475.68
17431,377,Physical Examination,851.77
17432,207,Consultation,1601.29
17433,392,Physical Examination,815.04
17434,406,Physical Examination,282.79
17435,6,Consultation,327.71
17436,410,Ultrasound,303.16
17437,351,Medication Charge,1055.64
17438,156,Blood Test,1239.58
17439,207,Ultrasound,764.22
17440,423,Hospital Stay,1155.69
17441,232,Blood Test,1566.58
17442,116,Ultrasound,629.04
17443,494,Consultation,1643.40
17444,495,Medication Charge,1317.19
17445,148,MRI Scan,307.31
17446,335,CT Scan,791.57
17447,25,Physical Examination,1321.69
17448,435,MRI Scan,1416.23
17449,443,Physical Examination,1250.70
17450,460,Hospital Stay,1839.88
17451,84,Physical Examination,67.85
17452,13,Medication Charge,367.65
17453,10,ECG,529.89
17454,198,ECG,100.47
17455,325,ECG,828.80
17456,219,Medication Charge,866.59
17457,21,Blood Test,1858.40
17458,308,X-Ray,1759.28
17459,97,MRI Scan,1581.99
17460,162,X-Ray,1621.99
17461,8,Hospital Stay,1790.07
17462,63,ECG,1292.67
17463,168,Physical Examination,1394.55
17464,356,X-Ray,951.23
17465,265,Ultrasound,1953.32
17466,48,X-Ray,986.73
17467,417,Medication Charge,1498.39
17468,102,Consultation,491.09
17469,425,ECG,899.98
17470,431,Medication Charge,655.89
17471,80,Blood Test,232.67
17472,138,Hospital Stay,1603.22
17473,230,Ultrasound,1928.15
17474,43,Ultrasound,1744.17
17475,368,X-Ray,1774.26
17476,431,ECG,153.45
17477,213,Hospital Stay,177.39
17478,110,MRI Scan,1092.54
17479,33,CT Scan,1781.10
17480,343,X-Ray,1294.96
17481,189,X-Ray,463.30
17482,325,Ultrasound,770.44
17483,458,ECG,598.81
17484,383,MRI Scan,298.58
17485,338,Blood Test,479.74
17486,389,Physical Examination,596.87
17487,211,CT Scan,1367.06
17488,224,Hospital Stay,640.29
17489,27,MRI Scan,1751.74
17490,484,Physical Examination,1254.42
17491,362,Physical Examination,1801.46
17492,59,Hospital Stay,1375.31
17493,424,ECG,1965.06
17494,174,Hospital Stay,1659.83
17495,176,Ultrasound,294.48
17496,273,Ultrasound,1621.90
17497,332,Blood Test,1018.19
17498,262,MRI Scan,1679.59
17499,128,Physical Examination,603.26
17500,365,CT Scan,1600.42
17501,434,MRI Scan,527.48
17502,392,Hospital Stay,1560.51
17503,238,Hospital Stay,1255.95
17504,258,ECG,85.99
17505,358,Physical Examination,1775.16
17506,71,Hospital Stay,150.99
17507,178,ECG,1549.24
17508,214,ECG,202.26
17509,31,Ultrasound,1252.80
17510,339,Ultrasound,261.87
17511,320,ECG,1554.03
17512,233,Consultation,1296.40
17513,80,ECG,514.88
17514,1,Consultation,281.73
17515,274,Hospital Stay,788.24
17516,117,Medication Charge,1576.02
17517,139,X-Ray,1116.75
17518,353,ECG,545.64
17519,9,Blood Test,1189.69
17520,85,Consultation,259.56
17521,182,Blood Test,1913.88
17522,287,CT Scan,523.73
17523,451,ECG,1384.85
17524,298,Blood Test,1705.81
17525,123,Hospital Stay,1286.34
17526,391,Consultation,1893.91
17527,382,Medication Charge,360.16
17528,199,X-Ray,98.96
17529,170,ECG,1549.50
17530,189,ECG,1881.73
17531,372,Ultrasound,1646.97
17532,455,Physical Examination,637.99
17533,255,ECG,799.90
17534,177,CT Scan,1115.41
17535,113,Consultation,1208.88
17536,309,Medication Charge,1557.12
17537,107,MRI Scan,107.49
17538,350,ECG,204.92
17539,277,Physical Examination,1041.50
17540,391,CT Scan,1116.54
17541,272,X-Ray,1581.16
17542,272,Blood Test,1373.76
17543,290,ECG,990.48
17544,372,Physical Examination,522.39
17545,229,Physical Examination,437.22
17546,350,MRI Scan,1143.67
17547,288,Ultrasound,1636.57
17548,324,Medication Charge,1721.55
17549,349,Physical Examination,620.20
17550,388,Blood Test,1673.53
17551,386,Hospital Stay,715.87
17552,215,X-Ray,1355.16
17553,348,Ultrasound,1298.64
17554,2,Consultation,1828.79
17555,230,MRI Scan,1881.62
17556,414,Physical Examination,922.14
17557,267,CT Scan,1653.94
17558,28,Medication Charge,1126.72
17559,17,X-Ray,117.38
17560,175,X-Ray,139.01
17561,205,Medication Charge,1826.86
17562,454,CT Scan,1962.70
17563,107,Medication Charge,90.70
17564,205,Hospital Stay,1843.21
17565,129,CT Scan,1991.44
17566,98,Medication Charge,377.11
17567,77,Hospital Stay,1276.79
17568,131,Hospital Stay,75.41
17569,245,Consultation,1289.13
17570,294,CT Scan,207.38
17571,278,Medication Charge,1510.55
17572,1,MRI Scan,181.76
17573,30,Consultation,1526.76
17574,251,X-Ray,1240.33
17575,497,MRI Scan,1483.20
17576,317,Hospital Stay,1859.23
17577,458,Ultrasound,210.98
17578,327,Ultrasound,859.46
17579,216,Hospital Stay,992.66
17580,15,CT Scan,1404.04
17581,113,ECG,406.75
17582,175,Ultrasound,765.00
17583,359,Blood Test,1110.23
17584,55,Consultation,72.30
17585,3,MRI Scan,1486.20
17586,41,Physical Examination,481.35
17587,47,ECG,358.76
17588,292,Blood Test,165.86
17589,489,CT Scan,625.65
17590,414,Ultrasound,1758.75
17591,365,Hospital Stay,461.05
17592,20,Physical Examination,786.69
17593,412,Hospital Stay,339.32
17594,439,Consultation,238.02
17595,252,X-Ray,463.91
17596,436,Hospital Stay,794.87
17597,379,Hospital Stay,1971.71
17598,243,MRI Scan,124.37
17599,25,Ultrasound,169.55
17600,233,Consultation,1008.32
17601,233,Physical Examination,1086.69
17602,317,X-Ray,191.18
17603,63,Physical Examination,279.86
17604,31,CT Scan,363.84
17605,312,Blood Test,1032.38
17606,132,CT Scan,1260.27
17607,484,Physical Examination,1453.99
17608,372,MRI Scan,1327.84
17609,234,Blood Test,1482.96
17610,393,Ultrasound,579.28
17611,327,Ultrasound,1493.39
17612,277,ECG,936.36
17613,187,CT Scan,1205.50
17614,454,Consultation,1620.83
17615,116,Ultrasound,1275.44
17616,446,ECG,1284.80
17617,385,Hospital Stay,1548.01
17618,478,Medication Charge,1955.47
17619,427,Blood Test,1645.76
17620,390,Medication Charge,1446.45
17621,299,Consultation,1497.45
17622,483,CT Scan,1082.04
17623,277,Ultrasound,663.25
17624,112,Blood Test,1099.19
17625,148,ECG,1686.85
17626,100,Hospital Stay,1760.11
17627,13,Hospital Stay,1243.15
17628,279,X-Ray,100.78
17629,238,Blood Test,54.18
17630,79,Ultrasound,1908.27
17631,240,ECG,708.23
17632,229,ECG,444.53
17633,363,Medication Charge,896.62
17634,149,MRI Scan,1899.53
17635,108,Physical Examination,322.03
17636,42,MRI Scan,968.66
17637,420,X-Ray,1649.38
17638,325,Consultation,152.76
17639,432,ECG,1038.57
17640,46,CT Scan,1612.94
17641,90,Ultrasound,1915.48
17642,351,Consultation,1737.87
17643,279,Blood Test,1576.40
17644,384,Hospital Stay,1129.11
17645,499,Blood Test,1093.77
17646,354,Physical Examination,1441.29
17647,451,MRI Scan,259.26
17648,396,ECG,1029.13
17649,155,Hospital Stay,1419.07
17650,119,Blood Test,825.73
17651,164,CT Scan,1849.06
17652,65,MRI Scan,244.85
17653,228,MRI Scan,1419.62
17654,265,MRI Scan,51.54
17655,272,MRI Scan,1930.88
17656,436,CT Scan,1998.52
17657,461,Ultrasound,1949.64
17658,468,ECG,300.96
17659,171,X-Ray,1867.62
17660,248,Consultation,1664.84
17661,232,MRI Scan,191.75
17662,232,Blood Test,1875.19
17663,274,Ultrasound,1075.66
17664,222,Hospital Stay,867.41
17665,378,Hospital Stay,246.66
17666,243,Consultation,732.34
17667,311,Hospital Stay,884.08
17668,292,ECG,423.29
17669,239,Hospital Stay,1955.16
17670,176,X-Ray,669.14
17671,228,Ultrasound,1099.82
17672,428,Medication Charge,1298.15
17673,252,CT Scan,1631.92
17674,114,Medication Charge,779.16
17675,199,Ultrasound,116.31
17676,372,X-Ray,1949.62
17677,334,Consultation,1330.34
17678,379,Blood Test,244.71
17679,347,Blood Test,1769.60
17680,181,Blood Test,1373.83
17681,408,MRI Scan,734.74
17682,394,MRI Scan,1260.92
17683,485,Ultrasound,1470.37
17684,324,Consultation,324.63
17685,30,Hospital Stay,1000.94
17686,252,X-Ray,706.74
17687,303,Ultrasound,196.84
17688,47,ECG,1295.33
17689,329,Medication Charge,1954.50
17690,177,Consultation,498.70
17691,399,Physical Examination,1558.45
17692,47,Ultrasound,295.12
17693,388,Medication Charge,1382.80
17694,466,Blood Test,897.10
17695,281,Physical Examination,219.82
17696,369,Ultrasound,825.33
17697,339,Consultation,102.09
17698,477,Medication Charge,1093.54
17699,180,MRI Scan,1295.86
17700,111,Hospital Stay,1865.56
17701,141,Medication Charge,449.42
17702,128,ECG,898.48
17703,32,Physical Examination,1022.61
17704,316,Consultation,604.53
17705,75,Hospital Stay,1809.11
17706,134,MRI Scan,1422.47
17707,238,Ultrasound,331.28
17708,410,Physical Examination,1007.01
17709,149,Consultation,90.15
17710,209,Hospital Stay,1024.56
17711,67,Medication Charge,1298.55
17712,72,Ultrasound,1080.12
17713,374,Hospital Stay,1068.86
17714,13,Medication Charge,1452.50
17715,327,X-Ray,1188.22
17716,172,MRI Scan,870.22
17717,87,Physical Examination,1433.64
17718,21,Physical Examination,658.73
17719,136,Physical Examination,1589.76
17720,194,X-Ray,904.25
17721,464,Consultation,485.33
17722,442,X-Ray,708.36
17723,50,X-Ray,1357.29
17724,487,Physical Examination,1827.50
17725,202,Ultrasound,484.73
17726,4,Hospital Stay,1605.05
17727,319,CT Scan,1950.72
17728,381,Hospital Stay,559.41
17729,240,Ultrasound,715.10
17730,94,X-Ray,641.53
17731,433,Medication Charge,832.17
17732,409,ECG,1883.16
17733,59,Ultrasound,1205.80
17734,35,CT Scan,772.88
17735,237,MRI Scan,532.70
17736,353,X-Ray,1276.52
17737,153,ECG,558.07
17738,233,Blood Test,1437.80
17739,428,ECG,63.86
17740,12,ECG,1620.87
17741,226,Hospital Stay,1381.75
17742,364,Physical Examination,1912.24
17743,249,Ultrasound,868.04
17744,274,CT Scan,1059.43
17745,59,Consultation,1113.97
17746,128,MRI Scan,398.66
17747,224,Blood Test,1016.03
17748,396,Consultation,433.19
17749,311,Hospital Stay,1104.28
17750,327,X-Ray,1844.32
17751,186,X-Ray,609.53
17752,489,Physical Examination,1096.66
17753,199,Blood Test,1343.55
17754,451,ECG,1623.51
17755,159,MRI Scan,1000.05
17756,359,ECG,657.24
17757,55,Hospital Stay,242.48
17758,331,Medication Charge,1328.78
17759,17,MRI Scan,621.16
17760,398,CT Scan,1735.52
17761,291,MRI Scan,1277.24
17762,425,Medication Charge,1037.57
17763,334,Consultation,1884.28
17764,161,Physical Examination,538.28
17765,287,Blood Test,1364.69
17766,69,CT Scan,975.91
17767,70,CT Scan,1960.31
17768,358,MRI Scan,1833.33
17769,198,Physical Examination,1991.42
17770,100,Medication Charge,58.76
17771,303,MRI Scan,1378.24
17772,145,Hospital Stay,1000.53
17773,466,Hospital Stay,77.32
17774,270,Blood Test,1331.19
17775,15,Physical Examination,1210.45
17776,82,X-Ray,1154.04
17777,23,Ultrasound,559.78
17778,50,Medication Charge,1254.55
17779,200,ECG,1133.90
17780,152,Blood Test,351.38
17781,290,Consultation,955.94
17782,129,ECG,297.16
17783,213,ECG,1132.44
17784,495,X-Ray,1073.12
17785,476,X-Ray,514.11
17786,450,Ultrasound,674.48
17787,92,Ultrasound,135.31
17788,7,Physical Examination,65.89
17789,297,Physical Examination,100.16
17790,445,MRI Scan,1732.87
17791,394,Physical Examination,1047.34
17792,4,Consultation,50.10
17793,171,Consultation,939.33
17794,79,Physical Examination,1945.55
17795,444,Physical Examination,1485.52
17796,323,X-Ray,1582.65
17797,336,X-Ray,149.68
17798,387,Consultation,69.66
17799,37,Blood Test,1970.84
17800,278,MRI Scan,1804.29
17801,218,Medication Charge,1488.98
17802,482,X-Ray,449.88
17803,363,Medication Charge,961.39
17804,484,Ultrasound,376.30
17805,188,Hospital Stay,184.73
17806,436,MRI Scan,1952.30
17807,288,Blood Test,918.41
17808,430,X-Ray,935.97
17809,69,Medication Charge,1343.15
17810,426,Medication Charge,651.09
17811,421,X-Ray,1341.30
17812,210,Consultation,697.66
17813,394,Consultation,647.39
17814,86,Ultrasound,440.45
17815,299,Physical Examination,1000.29
17816,336,Hospital Stay,1250.74
17817,180,Medication Charge,222.47
17818,313,X-Ray,1553.93
17819,383,Consultation,1883.28
17820,185,ECG,1705.90
17821,259,ECG,938.30
17822,495,X-Ray,1789.85
17823,333,Consultation,561.96
17824,336,Consultation,1312.90
17825,418,Medication Charge,240.02
17826,223,MRI Scan,1342.09
17827,14,ECG,676.30
17828,467,Physical Examination,1002.09
17829,107,Blood Test,1411.49
17830,77,Medication Charge,848.29
17831,140,Medication Charge,1222.83
17832,389,Blood Test,1962.38
17833,449,Medication Charge,630.43
17834,220,CT Scan,1154.29
17835,322,X-Ray,1321.56
17836,96,CT Scan,1211.81
17837,470,Physical Examination,1249.52
17838,375,MRI Scan,585.94
17839,436,Hospital Stay,1848.17
17840,42,MRI Scan,1146.73
17841,316,MRI Scan,972.75
17842,83,Physical Examination,595.15
17843,401,Physical Examination,636.66
17844,379,CT Scan,577.38
17845,132,Blood Test,1691.25
17846,296,X-Ray,870.73
17847,283,Physical Examination,1941.81
17848,178,Physical Examination,1688.57
17849,454,CT Scan,1330.73
17850,11,Blood Test,1137.02
17851,339,Blood Test,743.21
17852,411,Blood Test,206.65
17853,463,CT Scan,606.19
17854,108,ECG,920.41
17855,352,X-Ray,1332.31
17856,316,X-Ray,693.84
17857,420,ECG,1752.82
17858,216,Physical Examination,97.76
17859,353,Physical Examination,573.64
17860,419,Medication Charge,1471.39
17861,1,MRI Scan,711.95
17862,335,Physical Examination,266.88
17863,400,Consultation,791.35
17864,79,Hospital Stay,1422.25
17865,151,Medication Charge,1308.77
17866,350,Hospital Stay,1580.21
17867,348,Blood Test,59.10
17868,499,ECG,276.37
17869,355,Blood Test,816.64
17870,334,CT Scan,1813.09
17871,158,Hospital Stay,1573.15
17872,26,Medication Charge,1880.57
17873,415,CT Scan,1393.74
17874,460,X-Ray,1683.39
17875,273,CT Scan,994.58
17876,235,Ultrasound,523.49
17877,460,Blood Test,1890.65
17878,273,Consultation,699.94
17879,68,Physical Examination,1226.28
17880,484,Medication Charge,234.26
17881,402,Blood Test,122.06
17882,354,Ultrasound,537.20
17883,329,CT Scan,649.42
17884,395,MRI Scan,1034.54
17885,420,Hospital Stay,1784.28
17886,69,Blood Test,1372.02
17887,81,Consultation,80.05
17888,400,Medication Charge,979.63
17889,177,CT Scan,535.93
17890,398,Ultrasound,1985.68
17891,397,X-Ray,1864.99
17892,435,CT Scan,787.39
17893,491,CT Scan,751.84
17894,183,ECG,320.63
17895,261,Ultrasound,1137.03
17896,482,Ultrasound,1759.76
17897,185,Blood Test,1463.20
17898,219,Ultrasound,571.38
17899,496,Physical Examination,980.06
17900,86,Ultrasound,654.27
17901,499,Physical Examination,972.30
17902,115,Blood Test,149.98
17903,90,ECG,737.08
17904,208,Hospital Stay,714.12
17905,128,Consultation,607.14
17906,319,Physical Examination,730.79
17907,300,Hospital Stay,1289.10
17908,500,Physical Examination,608.00
17909,234,Blood Test,608.96
17910,61,Hospital Stay,775.16
17911,169,Ultrasound,463.42
17912,101,CT Scan,128.73
17913,309,ECG,1315.08
17914,437,MRI Scan,1069.02
17915,303,Ultrasound,1314.25
17916,102,Physical Examination,1307.63
17917,439,ECG,1327.16
17918,179,ECG,1149.50
17919,84,X-Ray,1170.99
17920,481,MRI Scan,1347.08
17921,127,X-Ray,613.18
17922,316,Medication Charge,947.52
17923,493,CT Scan,1451.66
17924,42,Physical Examination,61.33
17925,56,Ultrasound,910.90
17926,402,CT Scan,624.30
17927,419,Consultation,789.09
17928,425,Hospital Stay,1113.73
17929,498,Blood Test,1738.83
17930,267,ECG,1227.05
17931,225,MRI Scan,1989.80
17932,115,Ultrasound,1168.21
17933,139,CT Scan,543.14
17934,310,Consultation,1940.11
17935,157,CT Scan,811.35
17936,486,Physical Examination,1089.77
17937,109,Physical Examination,864.93
17938,201,MRI Scan,1416.19
17939,270,CT Scan,1620.09
17940,197,Hospital Stay,1936.78
17941,162,Physical Examination,1364.09
17942,277,Hospital Stay,418.65
17943,405,Medication Charge,857.81
17944,163,X-Ray,1464.99
17945,464,CT Scan,1682.59
17946,377,Blood Test,1298.38
17947,15,ECG,427.75
17948,34,X-Ray,1986.02
17949,11,ECG,671.18
17950,434,CT Scan,633.42
17951,72,Physical Examination,1517.37
17952,155,ECG,1261.28
17953,276,CT Scan,875.75
17954,165,ECG,1152.29
17955,431,MRI Scan,1298.75
17956,213,Physical Examination,226.41
17957,18,CT Scan,1060.94
17958,231,Consultation,262.93
17959,267,Consultation,729.68
17960,471,Hospital Stay,262.77
17961,378,Consultation,1541.60
17962,134,ECG,1186.85
17963,89,Consultation,394.06
17964,190,Physical Examination,158.80
17965,384,X-Ray,613.50
17966,164,CT Scan,201.24
17967,53,Ultrasound,1987.94
17968,416,CT Scan,576.48
17969,107,ECG,250.23
17970,402,Hospital Stay,1214.01
17971,264,Ultrasound,442.27
17972,254,Blood Test,350.02
17973,52,CT Scan,550.05
17974,463,Blood Test,302.94
17975,381,MRI Scan,136.72
17976,195,Blood Test,1573.29
17977,437,CT Scan,806.35
17978,426,Hospital Stay,583.90
17979,107,Hospital Stay,1375.46
17980,2,X-Ray,1316.63
17981,495,Ultrasound,1942.47
17982,107,Consultation,1462.89
17983,204,Hospital Stay,193.98
17984,207,X-Ray,1205.22
17985,281,CT Scan,123.57
17986,88,ECG,343.96
17987,185,MRI Scan,574.52
17988,328,Consultation,1896.86
17989,438,MRI Scan,975.95
17990,333,Consultation,1353.67
17991,473,Physical Examination,763.42
17992,135,Hospital Stay,1095.17
17993,87,Ultrasound,150.02
17994,453,X-Ray,1652.80
17995,126,ECG,610.24
17996,241,X-Ray,1760.63
17997,132,Blood Test,1788.59
17998,475,ECG,1615.39
17999,460,Consultation,138.64
18000,208,MRI Scan,1924.34
18001,116,Medication Charge,83.16
18002,137,ECG,1329.25
18003,468,Medication Charge,313.65
18004,187,X-Ray,432.83
18005,27,Physical Examination,1009.04
18006,386,ECG,866.72
18007,407,Consultation,476.92
18008,188,ECG,833.60
18009,261,ECG,1200.63
18010,33,Physical Examination,1551.77
18011,285,Hospital Stay,1771.77
18012,314,Medication Charge,1566.93
18013,153,Physical Examination,1590.90
18014,297,Physical Examination,132.57
18015,448,ECG,1447.31
18016,251,Consultation,1659.95
18017,431,Consultation,1819.51
18018,2,CT Scan,1266.31
18019,377,X-Ray,841.81
18020,199,Blood Test,1177.11
18021,148,Blood Test,642.77
18022,234,ECG,101.14
18023,233,ECG,80.26
18024,212,Ultrasound,726.67
18025,166,Physical Examination,1210.74
18026,314,Blood Test,1308.78
18027,166,Physical Examination,1869.96
18028,445,Medication Charge,1018.83
18029,405,X-Ray,369.42
18030,87,Hospital Stay,404.28
18031,130,Consultation,85.38
18032,205,Consultation,1395.89
18033,294,MRI Scan,1741.44
18034,424,Ultrasound,1712.52
18035,241,MRI Scan,1491.03
18036,127,Ultrasound,1529.66
18037,175,Medication Charge,203.14
18038,344,MRI Scan,1698.01
18039,368,X-Ray,1675.05
18040,500,X-Ray,1117.79
18041,56,X-Ray,1640.67
18042,111,X-Ray,1129.86
18043,348,MRI Scan,575.66
18044,367,X-Ray,1290.23
18045,477,ECG,631.00
18046,75,Hospital Stay,1489.57
18047,80,X-Ray,610.13
18048,12,X-Ray,501.31
18049,68,Blood Test,79.40
18050,50,Consultation,302.35
18051,270,Medication Charge,384.03
18052,338,X-Ray,566.28
18053,121,ECG,169.68
18054,301,CT Scan,1155.99
18055,366,Consultation,704.52
18056,389,X-Ray,1228.12
18057,499,Ultrasound,277.32
18058,482,CT Scan,1994.97
18059,95,Medication Charge,597.32
18060,378,Physical Examination,585.85
18061,377,CT Scan,1609.70
18062,147,Blood Test,1804.24
18063,276,Medication Charge,1742.99
18064,235,Medication Charge,1871.18
18065,111,Ultrasound,184.77
18066,141,Blood Test,1126.06
18067,1,CT Scan,127.50
18068,28,Ultrasound,529.67
18069,477,Consultation,784.60
18070,66,CT Scan,1899.41
18071,466,MRI Scan,1456.58
18072,172,Ultrasound,966.27
18073,371,X-Ray,871.72
18074,251,Consultation,887.18
18075,301,X-Ray,618.38
18076,416,Medication Charge,1353.60
18077,293,CT Scan,1430.00
18078,443,CT Scan,431.19
18079,372,X-Ray,1397.86
18080,100,Physical Examination,354.59
18081,144,Ultrasound,374.04
18082,82,X-Ray,412.84
18083,83,Physical Examination,1715.58
18084,101,Physical Examination,1455.40
18085,43,Consultation,1025.20
18086,476,ECG,394.37
18087,84,Consultation,708.81
18088,15,Ultrasound,331.87
18089,349,Blood Test,1554.25
18090,442,Hospital Stay,1842.77
18091,419,Blood Test,1761.02
18092,352,MRI Scan,1997.41
18093,154,MRI Scan,384.95
18094,174,X-Ray,411.77
18095,80,Hospital Stay,1631.40
18096,199,CT Scan,1366.93
18097,268,Medication Charge,480.01
18098,362,Consultation,1814.86
18099,358,ECG,117.48
18100,213,X-Ray,1403.57
18101,315,Consultation,433.40
18102,489,CT Scan,592.75
18103,181,Consultation,1725.18
18104,284,Consultation,454.08
18105,268,CT Scan,1041.51
18106,483,Medication Charge,762.16
18107,320,MRI Scan,1476.16
18108,413,Medication Charge,92.18
18109,125,Blood Test,1179.65
18110,382,Hospital Stay,713.54
18111,247,ECG,1162.25
18112,31,Physical Examination,1413.66
18113,95,ECG,1626.81
18114,245,X-Ray,488.74
18115,380,Consultation,77.32
18116,247,Blood Test,1141.14
18117,448,MRI Scan,1137.23
18118,309,Hospital Stay,1030.76
18119,153,Ultrasound,1378.48
18120,146,CT Scan,1452.24
18121,386,ECG,377.97
18122,318,MRI Scan,574.31
18123,128,ECG,1910.57
18124,195,ECG,130.61
18125,327,Ultrasound,1164.18
18126,341,X-Ray,943.25
18127,481,Blood Test,1505.25
18128,171,X-Ray,1371.10
18129,189,Hospital Stay,1790.01
18130,53,MRI Scan,1504.69
18131,32,ECG,742.42
18132,211,X-Ray,1324.02
18133,37,X-Ray,874.50
18134,209,CT Scan,870.72
18135,331,Physical Examination,101.03
18136,332,Medication Charge,1663.44
18137,487,Blood Test,1490.99
18138,292,Ultrasound,639.32
18139,19,Consultation,440.74
18140,421,Hospital Stay,382.52
18141,148,ECG,1531.47
18142,367,X-Ray,95.75
18143,164,Hospital Stay,1708.17
18144,376,Consultation,323.45
18145,209,MRI Scan,625.12
18146,113,Hospital Stay,1743.53
18147,357,Consultation,982.99
18148,177,X-Ray,1784.78
18149,365,Hospital Stay,420.63
18150,62,Blood Test,1236.96
18151,172,Ultrasound,1090.32
18152,334,Blood Test,1257.24
18153,458,ECG,519.50
18154,496,MRI Scan,1507.51
18155,96,X-Ray,1983.22
18156,84,Ultrasound,587.49
18157,228,Hospital Stay,904.15
18158,238,Blood Test,897.99
18159,334,Ultrasound,616.42
18160,84,Physical Examination,856.48
18161,480,Consultation,122.18
18162,338,Blood Test,947.40
18163,41,Blood Test,1476.89
18164,376,Blood Test,262.82
18165,151,Hospital Stay,1071.24
18166,5,ECG,813.87
18167,328,Hospital Stay,1887.77
18168,54,MRI Scan,1490.84
18169,247,Hospital Stay,1447.09
18170,335,Blood Test,99.76
18171,132,Medication Charge,185.67
18172,28,Blood Test,906.68
18173,358,Consultation,1391.04
18174,375,Hospital Stay,1839.16
18175,89,Blood Test,602.30
18176,308,Consultation,81.74
18177,491,Ultrasound,613.87
18178,455,Hospital Stay,216.92
18179,38,Blood Test,943.92
18180,344,Hospital Stay,1385.86
18181,106,MRI Scan,106.98
18182,179,ECG,1582.40
18183,112,MRI Scan,760.64
18184,268,Physical Examination,938.63
18185,163,Blood Test,804.72
18186,8,Ultrasound,917.50
18187,415,ECG,1312.59
18188,137,MRI Scan,566.51
18189,117,ECG,1877.61
18190,171,Ultrasound,90.99
18191,180,MRI Scan,568.38
18192,68,CT Scan,974.55
18193,351,X-Ray,176.83
18194,399,Consultation,1102.77
18195,59,MRI Scan,1931.00
18196,63,MRI Scan,204.58
18197,364,Ultrasound,389.62
18198,372,CT Scan,1699.84
18199,132,Consultation,1515.24
18200,316,Consultation,563.33
18201,19,Ultrasound,254.83
18202,439,Ultrasound,1928.80
18203,6,Hospital Stay,1909.87
18204,448,CT Scan,414.21
18205,163,ECG,470.13
18206,435,Blood Test,1018.72
18207,256,MRI Scan,414.44
18208,4,CT Scan,332.81
18209,376,Blood Test,1114.19
18210,157,ECG,1636.68
18211,383,X-Ray,636.25
18212,11,Physical Examination,1059.24
18213,369,Blood Test,1492.39
18214,220,Medication Charge,300.24
18215,393,Consultation,1634.50
18216,209,Blood Test,243.31
18217,8,Medication Charge,1484.00
18218,314,Medication Charge,513.23
18219,39,Medication Charge,1967.05
18220,484,Hospital Stay,1556.56
18221,14,Medication Charge,1241.76
18222,259,MRI Scan,371.24
18223,369,Medication Charge,930.76
18224,363,MRI Scan,1988.18
18225,301,X-Ray,1340.44
18226,433,X-Ray,1056.88
18227,230,Hospital Stay,1479.31
18228,172,Medication Charge,1733.95
18229,132,Medication Charge,342.54
18230,183,Hospital Stay,1290.05
18231,153,ECG,1650.62
18232,77,Ultrasound,881.43
18233,331,X-Ray,984.45
18234,273,Ultrasound,1269.44
18235,438,Ultrasound,1687.70
18236,458,Hospital Stay,1119.97
18237,450,MRI Scan,123.17
18238,36,X-Ray,1152.78
18239,374,X-Ray,1412.74
18240,240,X-Ray,1647.43
18241,97,Blood Test,1485.06
18242,253,CT Scan,1020.49
18243,265,Consultation,1343.28
18244,234,CT Scan,1039.82
18245,6,CT Scan,55.94
18246,354,X-Ray,540.32
18247,28,Physical Examination,1238.88
18248,115,ECG,212.33
18249,356,Consultation,422.44
18250,391,MRI Scan,1987.06
18251,233,Medication Charge,397.91
18252,288,X-Ray,1360.08
18253,406,Ultrasound,801.42
18254,425,Ultrasound,1303.72
18255,9,MRI Scan,920.12
18256,499,X-Ray,1199.78
18257,496,ECG,1480.32
18258,348,X-Ray,793.64
18259,432,Ultrasound,162.99
18260,350,Physical Examination,1836.65
18261,215,Medication Charge,875.38
18262,57,MRI Scan,1709.17
18263,11,Physical Examination,578.19
18264,345,Consultation,1268.33
18265,381,Medication Charge,402.03
18266,336,CT Scan,812.61
18267,248,Consultation,1526.95
18268,11,Physical Examination,863.97
18269,455,Consultation,476.16
18270,299,Medication Charge,1313.93
18271,178,Blood Test,812.70
18272,360,Ultrasound,1303.40
18273,253,Ultrasound,66.75
18274,367,ECG,740.73
18275,270,Blood Test,1314.78
18276,174,Blood Test,1373.61
18277,28,Physical Examination,475.32
18278,214,Medication Charge,414.30
18279,25,Medication Charge,1535.18
18280,425,Blood Test,735.40
18281,500,ECG,1787.72
18282,476,Hospital Stay,657.68
18283,40,Medication Charge,1169.13
18284,148,MRI Scan,1696.24
18285,134,Consultation,864.67
18286,201,Blood Test,775.01
18287,358,X-Ray,1212.64
18288,385,Medication Charge,1239.54
18289,22,CT Scan,827.91
18290,298,MRI Scan,1536.53
18291,259,MRI Scan,1496.85
18292,461,Hospital Stay,1242.03
18293,275,Consultation,855.46
18294,268,Hospital Stay,1239.33
18295,122,X-Ray,1683.29
18296,48,CT Scan,912.77
18297,289,MRI Scan,1949.46
18298,393,CT Scan,899.13
18299,171,ECG,95.42
18300,355,Blood Test,594.20
18301,423,CT Scan,711.03
18302,446,Consultation,1488.73
18303,54,ECG,1646.12
18304,182,X-Ray,1791.61
18305,318,ECG,152.25
18306,276,Consultation,1655.32
18307,202,Blood Test,1819.03
18308,485,Medication Charge,164.83
18309,218,CT Scan,617.72
18310,220,CT Scan,1708.13
18311,452,Ultrasound,970.36
18312,189,Consultation,1555.44
18313,167,MRI Scan,1782.78
18314,128,Hospital Stay,1339.71
18315,253,Hospital Stay,443.78
18316,479,X-Ray,1018.11
18317,266,MRI Scan,383.02
18318,235,Physical Examination,137.29
18319,424,Blood Test,454.60
18320,277,MRI Scan,1719.68
18321,60,Blood Test,535.70
18322,74,Blood Test,1030.42
18323,434,Consultation,551.31
18324,50,Ultrasound,68.78
18325,351,Medication Charge,97.95
18326,238,ECG,1003.68
18327,267,Physical Examination,1622.95
18328,182,MRI Scan,1778.92
18329,205,MRI Scan,1146.89
18330,256,Ultrasound,558.43
18331,137,Medication Charge,143.55
18332,115,Medication Charge,613.41
18333,344,Ultrasound,1449.17
18334,223,X-Ray,294.02
18335,87,CT Scan,1395.14
18336,452,CT Scan,307.86
18337,54,Blood Test,713.93
18338,400,Blood Test,380.28
18339,196,Blood Test,1504.05
18340,93,Physical Examination,1316.90
18341,436,Ultrasound,743.62
18342,170,Medication Charge,327.12
18343,47,Physical Examination,1196.12
18344,197,Physical Examination,1038.93
18345,206,Hospital Stay,1753.41
18346,320,Medication Charge,1800.44
18347,436,Consultation,1353.92
18348,231,Hospital Stay,736.94
18349,449,Medication Charge,1928.61
18350,273,Blood Test,393.64
18351,278,Hospital Stay,1135.09
18352,211,MRI Scan,1580.55
18353,156,Hospital Stay,547.28
18354,375,Consultation,1355.77
18355,394,CT Scan,1812.79
18356,194,Blood Test,1259.94
18357,433,Blood Test,1048.58
18358,225,ECG,484.31
18359,378,CT Scan,1225.56
18360,227,Ultrasound,1519.82
18361,54,Physical Examination,1444.89
18362,335,Hospital Stay,400.46
18363,294,Blood Test,75.41
18364,147,Medication Charge,373.58
18365,250,Physical Examination,1876.83
18366,176,X-Ray,1701.55
18367,152,Ultrasound,1462.67
18368,338,MRI Scan,668.82
18369,405,X-Ray,267.16
18370,417,Ultrasound,1009.28
18371,377,Blood Test,1650.18
18372,477,Medication Charge,847.35
18373,46,Blood Test,787.28
18374,457,Ultrasound,1753.72
18375,259,Medication Charge,919.27
18376,347,X-Ray,1426.08
18377,67,ECG,1702.69
18378,185,Physical Examination,305.05
18379,296,Consultation,1135.74
18380,169,Hospital Stay,1419.77
18381,470,Blood Test,1274.51
18382,154,Hospital Stay,1270.71
18383,10,Consultation,1768.48
18384,282,Ultrasound,427.60
18385,453,Consultation,1505.68
18386,194,Ultrasound,1225.21
18387,12,Physical Examination,283.62
18388,132,Hospital Stay,1233.96
18389,201,Blood Test,318.02
18390,365,Ultrasound,1597.63
18391,116,X-Ray,1390.30
18392,364,Consultation,1738.29
18393,177,Consultation,93.21
18394,9,CT Scan,1789.46
18395,409,MRI Scan,1255.04
18396,408,Hospital Stay,1425.66
18397,357,CT Scan,1056.95
18398,484,Blood Test,197.62
18399,32,Physical Examination,1436.03
18400,327,Consultation,1828.45
18401,123,Hospital Stay,1628.27
18402,37,X-Ray,1232.05
18403,77,Medication Charge,1983.98
18404,381,Hospital Stay,726.77
18405,386,MRI Scan,1040.51
18406,103,CT Scan,1142.13
18407,56,Hospital Stay,1318.68
18408,386,Hospital Stay,332.18
18409,180,Blood Test,942.82
18410,469,Hospital Stay,483.63
18411,433,X-Ray,139.36
18412,103,Medication Charge,743.31
18413,345,Blood Test,1318.21
18414,411,Blood Test,914.40
18415,220,CT Scan,920.60
18416,171,ECG,51.14
18417,398,ECG,420.72
18418,384,ECG,994.12
18419,465,Ultrasound,1440.31
18420,334,Consultation,815.30
18421,232,Consultation,473.69
18422,200,MRI Scan,574.79
18423,498,Hospital Stay,969.94
18424,44,ECG,1540.74
18425,48,Ultrasound,1482.44
18426,77,Medication Charge,666.18
18427,213,MRI Scan,1300.47
18428,261,X-Ray,1923.44
18429,136,Consultation,862.32
18430,280,ECG,196.63
18431,271,X-Ray,1406.00
18432,349,ECG,1501.93
18433,243,Consultation,167.34
18434,199,MRI Scan,557.84
18435,468,Ultrasound,107.49
18436,253,Hospital Stay,1543.48
18437,305,Ultrasound,647.82
18438,460,Blood Test,169.73
18439,373,Medication Charge,352.41
18440,212,Physical Examination,1590.64
18441,464,ECG,1858.07
18442,336,Ultrasound,1666.52
18443,229,Physical Examination,536.34
18444,414,Physical Examination,974.04
18445,246,Ultrasound,690.54
18446,1,X-Ray,487.60
18447,481,CT Scan,1535.72
18448,145,ECG,273.24
18449,99,CT Scan,581.47
18450,450,Blood Test,1570.13
18451,273,X-Ray,865.39
18452,183,Ultrasound,1930.02
18453,93,Medication Charge,484.37
18454,342,Ultrasound,983.42
18455,199,X-Ray,935.84
18456,390,Hospital Stay,715.05
18457,423,Hospital Stay,77.06
18458,399,Hospital Stay,1189.09
18459,496,Physical Examination,1524.17
18460,497,Medication Charge,531.26
18461,230,ECG,1259.34
18462,169,Consultation,828.65
18463,153,X-Ray,403.35
18464,26,Medication Charge,560.91
18465,18,ECG,551.23
18466,134,CT Scan,1737.93
18467,184,Physical Examination,1758.82
18468,358,Consultation,1240.15
18469,393,Blood Test,182.72
18470,288,CT Scan,800.93
18471,354,Medication Charge,370.54
18472,229,Blood Test,581.49
18473,123,Physical Examination,1103.34
18474,464,X-Ray,1738.99
18475,266,CT Scan,172.42
18476,449,ECG,1550.15
18477,266,Consultation,579.27
18478,498,Hospital Stay,488.18
18479,68,Medication Charge,1258.76
18480,340,CT Scan,1802.25
18481,123,Physical Examination,669.94
18482,139,X-Ray,1616.09
18483,32,X-Ray,1249.82
18484,394,Hospital Stay,1649.25
18485,275,Blood Test,638.01
18486,218,Physical Examination,1074.06
18487,360,Medication Charge,1436.93
18488,286,Medication Charge,141.19
18489,365,CT Scan,831.11
18490,455,Hospital Stay,1879.29
18491,90,CT Scan,372.84
18492,225,CT Scan,252.02
18493,180,CT Scan,1122.25
18494,100,CT Scan,1574.99
18495,275,MRI Scan,715.69
18496,209,MRI Scan,1685.85
18497,207,X-Ray,176.71
18498,251,Consultation,787.27
18499,243,MRI Scan,507.37
18500,271,CT Scan,435.10
18501,150,Blood Test,1412.46
18502,111,MRI Scan,1159.87
18503,432,MRI Scan,825.71
18504,213,MRI Scan,877.19
18505,160,Ultrasound,1253.79
18506,280,Physical Examination,1459.81
18507,330,Ultrasound,985.06
18508,473,Ultrasound,385.97
18509,378,MRI Scan,1029.31
18510,93,Hospital Stay,955.66
18511,499,X-Ray,295.62
18512,253,Ultrasound,1321.89
18513,456,Physical Examination,876.04
18514,22,CT Scan,249.88
18515,432,CT Scan,229.40
18516,138,Physical Examination,1347.90
18517,184,CT Scan,1238.88
18518,171,CT Scan,1096.71
18519,355,X-Ray,424.95
18520,162,X-Ray,1215.43
18521,29,Blood Test,1581.04
18522,97,Hospital Stay,1529.01
18523,115,CT Scan,516.39
18524,175,Hospital Stay,300.72
18525,147,CT Scan,1673.00
18526,419,MRI Scan,1929.94
18527,178,ECG,1059.89
18528,96,X-Ray,1899.83
18529,286,MRI Scan,1661.97
18530,171,MRI Scan,917.00
18531,401,Medication Charge,1937.50
18532,231,Blood Test,897.83
18533,242,Ultrasound,1951.53
18534,311,Consultation,1662.08
18535,60,Consultation,239.52
18536,435,Ultrasound,1808.40
18537,153,ECG,525.39
18538,101,Consultation,830.48
18539,152,X-Ray,730.12
18540,5,Consultation,1923.94
18541,126,Consultation,1404.01
18542,378,X-Ray,1639.93
18543,46,Blood Test,245.45
18544,173,Hospital Stay,1411.31
18545,231,ECG,1550.07
18546,306,MRI Scan,619.86
18547,302,Medication Charge,748.42
18548,293,CT Scan,968.89
18549,120,MRI Scan,1420.62
18550,246,Blood Test,752.73
18551,273,X-Ray,770.90
18552,101,X-Ray,130.17
18553,461,Hospital Stay,1613.14
18554,111,ECG,647.90
18555,199,Consultation,1581.92
18556,448,CT Scan,1251.35
18557,264,Consultation,902.05
18558,222,Consultation,867.75
18559,437,Hospital Stay,1966.79
18560,160,Hospital Stay,1800.63
18561,260,MRI Scan,109.20
18562,207,Consultation,1515.60
18563,402,Ultrasound,1725.90
18564,390,Consultation,1150.85
18565,325,Blood Test,785.16
18566,364,Blood Test,585.77
18567,445,Medication Charge,624.33
18568,316,Medication Charge,1734.37
18569,388,MRI Scan,224.68
18570,425,X-Ray,569.39
18571,135,Consultation,1302.48
18572,406,ECG,147.76
18573,309,CT Scan,1105.92
18574,87,Blood Test,1172.91
18575,378,Consultation,1030.15
18576,69,MRI Scan,234.08
18577,477,Blood Test,470.28
18578,78,Medication Charge,1249.62
18579,99,Medication Charge,1525.57
18580,498,Medication Charge,1766.62
18581,470,Blood Test,254.47
18582,456,Blood Test,1572.96
18583,487,ECG,1262.27
18584,482,Hospital Stay,1005.64
18585,219,MRI Scan,897.42
18586,386,Blood Test,1460.06
18587,199,Physical Examination,117.15
18588,122,Blood Test,655.20
18589,496,Blood Test,61.96
18590,498,ECG,1380.20
18591,357,Hospital Stay,1746.83
18592,267,Blood Test,204.53
18593,359,Consultation,281.09
18594,446,Hospital Stay,461.89
18595,124,Ultrasound,51.90
18596,184,CT Scan,560.88
18597,96,MRI Scan,1483.97
18598,56,MRI Scan,1824.54
18599,177,Hospital Stay,1169.92
18600,318,Medication Charge,303.60
18601,42,CT Scan,1210.71
18602,496,MRI Scan,1212.81
18603,432,Medication Charge,1608.68
18604,25,Medication Charge,1735.35
18605,121,Ultrasound,620.94
18606,251,Ultrasound,668.14
18607,359,Medication Charge,301.22
18608,466,ECG,1957.63
18609,155,Physical Examination,1287.23
18610,403,Ultrasound,98.86
18611,292,Blood Test,1785.21
18612,39,Ultrasound,1657.77
18613,7,MRI Scan,1524.83
18614,175,Consultation,1980.56
18615,214,Blood Test,1266.93
18616,150,Consultation,1236.51
18617,187,Consultation,1327.68
18618,459,Medication Charge,1011.16
18619,65,Blood Test,55.82
18620,299,Ultrasound,115.08
18621,60,ECG,433.07
18622,104,Blood Test,749.68
18623,92,ECG,1932.20
18624,382,X-Ray,1857.78
18625,347,Physical Examination,1116.24
18626,440,Physical Examination,1311.38
18627,353,Physical Examination,84.01
18628,410,Hospital Stay,1988.96
18629,254,Blood Test,566.22
18630,142,Physical Examination,1772.77
18631,170,ECG,744.74
18632,50,Ultrasound,1161.83
18633,108,X-Ray,1449.11
18634,17,ECG,1789.91
18635,327,CT Scan,1525.60
18636,345,Hospital Stay,244.50
18637,467,Medication Charge,449.46
18638,102,Medication Charge,241.38
18639,1,Consultation,1050.53
18640,398,Medication Charge,193.51
18641,203,Ultrasound,1020.35
18642,352,Blood Test,1267.72
18643,348,ECG,352.59
18644,260,ECG,1369.08
18645,436,Ultrasound,1084.75
18646,367,Blood Test,559.26
18647,97,Medication Charge,557.84
18648,303,Blood Test,113.78
18649,406,Physical Examination,1369.95
18650,272,Medication Charge,1974.83
18651,168,Physical Examination,1665.46
18652,167,CT Scan,1052.15
18653,103,Medication Charge,1444.36
18654,492,Physical Examination,137.92
18655,245,Blood Test,467.99
18656,242,Consultation,1515.47
18657,79,Blood Test,768.03
18658,283,Physical Examination,848.55
18659,329,Hospital Stay,1062.76
18660,106,Blood Test,940.98
18661,267,CT Scan,1897.35
18662,40,Consultation,549.87
18663,12,Medication Charge,730.70
18664,335,MRI Scan,1852.19
18665,8,ECG,161.72
18666,37,Physical Examination,246.91
18667,364,Ultrasound,196.18
18668,450,Blood Test,54.59
18669,496,Hospital Stay,1053.68
18670,184,Hospital Stay,1469.90
18671,56,X-Ray,1379.94
18672,341,Hospital Stay,1037.36
18673,54,Blood Test,1755.64
18674,299,Hospital Stay,1372.85
18675,85,ECG,687.32
18676,128,Medication Charge,801.11
18677,166,ECG,891.16
18678,140,Hospital Stay,247.20
18679,80,Medication Charge,1107.04
18680,32,MRI Scan,1827.26
18681,30,Medication Charge,421.97
18682,67,MRI Scan,699.99
18683,302,Hospital Stay,260.35
18684,413,Ultrasound,263.70
18685,50,Hospital Stay,1054.46
18686,120,X-Ray,538.47
18687,361,Blood Test,1217.88
18688,384,ECG,1859.75
18689,70,Ultrasound,1636.07
18690,68,MRI Scan,806.62
18691,404,Ultrasound,1992.66
18692,289,Hospital Stay,1056.72
18693,470,Blood Test,53.60
18694,33,X-Ray,1433.74
18695,113,Blood Test,289.00
18696,233,Medication Charge,1659.90
18697,173,ECG,1270.01
18698,200,CT Scan,1816.08
18699,96,Consultation,1119.29
18700,332,Consultation,807.05
18701,158,MRI Scan,622.19
18702,158,Hospital Stay,816.51
18703,87,X-Ray,1613.81
18704,12,CT Scan,564.49
18705,309,Blood Test,661.87
18706,103,Physical Examination,1364.16
18707,441,Medication Charge,1568.47
18708,7,ECG,1473.73
18709,189,Blood Test,1248.78
18710,463,Hospital Stay,365.53
18711,329,MRI Scan,900.19
18712,119,Ultrasound,347.19
18713,488,CT Scan,1009.08
18714,44,Blood Test,1415.28
18715,252,X-Ray,960.39
18716,489,MRI Scan,1909.18
18717,427,ECG,1186.86
18718,470,ECG,1495.26
18719,464,Medication Charge,1042.42
18720,429,MRI Scan,777.60
18721,173,MRI Scan,1126.03
18722,304,ECG,1450.46
18723,405,ECG,376.56
18724,218,Hospital Stay,531.30
18725,163,X-Ray,318.57
18726,248,Consultation,300.02
18727,157,X-Ray,565.75
18728,269,CT Scan,1856.06
18729,344,X-Ray,1154.72
18730,31,X-Ray,93.86
18731,80,Medication Charge,198.34
18732,476,CT Scan,1978.52
18733,197,ECG,1561.12
18734,335,Consultation,1452.04
18735,75,Blood Test,659.12
18736,172,CT Scan,1055.60
18737,57,Consultation,258.04
18738,186,Ultrasound,317.51
18739,191,Consultation,168.09
18740,31,X-Ray,597.22
18741,34,Consultation,80.54
18742,60,MRI Scan,461.32
18743,145,Ultrasound,639.62
18744,158,X-Ray,213.12
18745,128,CT Scan,1302.28
18746,258,Blood Test,1930.82
18747,191,ECG,1344.39
18748,316,X-Ray,1491.02
18749,457,CT Scan,1933.27
18750,13,X-Ray,883.47
18751,380,Hospital Stay,1148.56
18752,205,Medication Charge,1873.31
18753,243,Medication Charge,1188.23
18754,495,Physical Examination,1876.25
18755,357,X-Ray,735.50
18756,344,Medication Charge,900.27
18757,400,Hospital Stay,201.82
18758,109,ECG,80.06
18759,230,Ultrasound,1583.21
18760,317,Medication Charge,791.61
18761,86,CT Scan,1427.77
18762,98,Consultation,1151.24
18763,260,Blood Test,1893.86
18764,227,MRI Scan,1825.94
18765,316,Hospital Stay,1023.25
18766,25,ECG,1288.25
18767,66,Blood Test,235.54
18768,74,CT Scan,1638.39
18769,499,Blood Test,1477.83
18770,73,X-Ray,1914.63
18771,190,Medication Charge,1463.70
18772,121,X-Ray,459.95
18773,283,MRI Scan,1625.98
18774,119,Consultation,267.83
18775,459,MRI Scan,891.19
18776,208,Medication Charge,1765.42
18777,242,Hospital Stay,1372.51
18778,467,Ultrasound,1185.32
18779,21,CT Scan,273.23
18780,310,Physical Examination,1623.83
18781,297,ECG,1800.16
18782,406,MRI Scan,279.52
18783,253,Physical Examination,1810.10
18784,66,Consultation,1186.65
18785,468,Consultation,1014.70
18786,165,ECG,1874.77
18787,265,Ultrasound,70.40
18788,206,Hospital Stay,303.94
18789,207,X-Ray,1461.61
18790,155,ECG,1604.13
18791,276,Hospital Stay,1436.96
18792,380,Medication Charge,1708.82
18793,229,MRI Scan,1634.27
18794,237,Physical Examination,1018.89
18795,443,Blood Test,1062.36
18796,12,ECG,1309.96
18797,236,MRI Scan,181.62
18798,500,CT Scan,1080.80
18799,324,Hospital Stay,594.23
18800,31,X-Ray,1479.93
18801,423,Hospital Stay,1559.04
18802,309,Hospital Stay,381.47
18803,158,Consultation,911.04
18804,423,Consultation,841.73
18805,220,Blood Test,608.86
18806,276,Ultrasound,1582.34
18807,377,CT Scan,277.62
18808,276,Physical Examination,198.24
18809,35,Physical Examination,379.15
18810,251,CT Scan,1307.00
18811,152,CT Scan,954.12
18812,302,Ultrasound,904.40
18813,266,Hospital Stay,781.05
18814,65,CT Scan,1797.16
18815,355,Consultation,1302.33
18816,328,MRI Scan,1299.15
18817,425,Physical Examination,253.88
18818,213,CT Scan,687.83
18819,146,MRI Scan,1647.96
18820,406,ECG,590.71
18821,393,ECG,719.86
18822,225,Medication Charge,940.71
18823,414,Blood Test,1461.57
18824,308,Blood Test,978.56
18825,227,Blood Test,1673.23
18826,324,ECG,707.91
18827,108,Blood Test,1982.47
18828,37,CT Scan,431.89
18829,398,Hospital Stay,253.44
18830,242,X-Ray,1925.00
18831,301,X-Ray,261.46
18832,94,Medication Charge,1271.40
18833,183,Ultrasound,923.21
18834,66,Hospital Stay,151.92
18835,188,ECG,1586.83
18836,469,X-Ray,686.71
18837,430,MRI Scan,1021.23
18838,148,Physical Examination,742.67
18839,165,X-Ray,1850.05
18840,207,Hospital Stay,1829.44
18841,389,Hospital Stay,471.25
18842,158,X-Ray,1035.31
18843,70,X-Ray,96.16
18844,66,Blood Test,586.64
18845,2,Ultrasound,620.51
18846,293,Ultrasound,131.83
18847,83,Ultrasound,713.89
18848,366,Blood Test,1910.23
18849,449,MRI Scan,1462.15
18850,263,CT Scan,867.78
18851,319,Ultrasound,930.26
18852,119,CT Scan,381.97
18853,18,Blood Test,1168.48
18854,83,MRI Scan,1482.79
18855,176,Ultrasound,1455.31
18856,319,Consultation,1588.98
18857,31,ECG,1478.31
18858,217,ECG,131.27
18859,458,Medication Charge,807.12
18860,322,MRI Scan,1362.40
18861,394,ECG,1834.78
18862,267,Hospital Stay,581.43
18863,180,X-Ray,473.97
18864,129,Medication Charge,1818.59
18865,37,MRI Scan,1815.67
18866,14,Blood Test,1599.79
18867,347,X-Ray,114.72
18868,292,Ultrasound,1008.77
18869,383,Blood Test,630.08
18870,486,Ultrasound,330.38
18871,485,X-Ray,238.35
18872,186,MRI Scan,1408.23
18873,426,CT Scan,664.34
18874,309,Ultrasound,971.91
18875,406,X-Ray,1786.62
18876,209,Blood Test,707.78
18877,221,ECG,506.99
18878,487,Hospital Stay,1373.55
18879,109,Hospital Stay,1802.71
18880,92,Blood Test,1015.76
18881,24,Hospital Stay,473.13
18882,405,Blood Test,1866.95
18883,235,X-Ray,373.64
18884,288,CT Scan,544.91
18885,477,Medication Charge,1747.23
18886,468,Physical Examination,1154.50
18887,376,Ultrasound,998.94
18888,151,X-Ray,1104.44
18889,204,Blood Test,209.98
18890,397,Ultrasound,1969.73
18891,354,CT Scan,1351.98
18892,272,CT Scan,1913.07
18893,464,Physical Examination,1537.81
18894,265,Blood Test,280.26
18895,33,Consultation,114.52
18896,180,X-Ray,1389.73
18897,298,X-Ray,1892.71
18898,272,Consultation,760.01
18899,495,X-Ray,338.49
18900,239,CT Scan,704.08
18901,139,Hospital Stay,1601.53
18902,411,Blood Test,825.19
18903,124,X-Ray,564.70
18904,282,Medication Charge,828.29
18905,129,Ultrasound,117.55
18906,433,MRI Scan,1856.22
18907,366,X-Ray,865.34
18908,203,ECG,683.52
18909,160,X-Ray,960.81
18910,127,Consultation,1334.44
18911,293,CT Scan,158.60
18912,62,Hospital Stay,1357.16
18913,40,Ultrasound,1244.68
18914,382,Blood Test,658.15
18915,343,Ultrasound,192.08
18916,77,Medication Charge,1721.74
18917,339,ECG,563.90
18918,43,Medication Charge,1509.05
18919,388,Hospital Stay,436.90
18920,239,Blood Test,375.57
18921,339,Ultrasound,943.88
18922,450,Blood Test,693.79
18923,106,ECG,856.43
18924,424,X-Ray,513.44
18925,231,X-Ray,1961.71
18926,141,Ultrasound,1351.72
18927,396,ECG,1965.22
18928,414,Ultrasound,68.74
18929,276,ECG,1751.03
18930,44,Medication Charge,1206.67
18931,467,Ultrasound,674.44
18932,202,Consultation,393.09
18933,96,Ultrasound,996.18
18934,37,MRI Scan,200.03
18935,252,Physical Examination,706.73
18936,93,ECG,1225.42
18937,88,CT Scan,398.16
18938,496,Medication Charge,200.50
18939,306,Hospital Stay,1891.06
18940,391,X-Ray,304.94
18941,435,Medication Charge,326.96
18942,179,Consultation,1115.25
18943,37,Physical Examination,914.01
18944,405,CT Scan,1934.96
18945,200,MRI Scan,1005.42
18946,192,CT Scan,365.50
18947,343,Hospital Stay,1732.52
18948,476,ECG,1689.27
18949,460,Physical Examination,1954.88
18950,449,Consultation,900.20
18951,8,CT Scan,1191.35
18952,111,Consultation,1994.31
18953,145,Blood Test,1051.86
18954,376,Consultation,970.21
18955,112,Ultrasound,1708.05
18956,58,ECG,1674.75
18957,296,X-Ray,1711.20
18958,213,Physical Examination,841.33
18959,330,Physical Examination,96.01
18960,484,Blood Test,988.59
18961,190,Ultrasound,705.01
18962,27,Blood Test,146.45
18963,416,X-Ray,994.85
18964,187,Blood Test,1251.03
18965,355,Ultrasound,1335.08
18966,9,Hospital Stay,967.16
18967,3,Medication Charge,353.01
18968,19,Consultation,1794.83
18969,232,MRI Scan,566.49
18970,350,MRI Scan,471.04
18971,242,Hospital Stay,926.67
18972,91,CT Scan,1664.27
18973,117,Medication Charge,392.08
18974,74,Ultrasound,1979.25
18975,361,Physical Examination,1263.10
18976,448,Medication Charge,689.07
18977,81,CT Scan,1655.29
18978,380,X-Ray,1240.95
18979,374,Consultation,1882.78
18980,375,Medication Charge,1750.70
18981,262,Consultation,325.55
18982,159,Blood Test,1374.14
18983,90,Physical Examination,216.67
18984,316,ECG,1242.85
18985,54,Ultrasound,1844.33
18986,341,Physical Examination,99.64
18987,410,Physical Examination,1646.78
18988,16,Medication Charge,1091.81
18989,371,Blood Test,562.41
18990,320,Consultation,500.69
18991,371,X-Ray,903.30
18992,138,Hospital Stay,692.15
18993,66,X-Ray,993.61
18994,309,Hospital Stay,315.37
18995,251,Consultation,1604.66
18996,354,CT Scan,399.93
18997,459,X-Ray,248.72
18998,162,ECG,514.32
18999,164,Blood Test,1565.43
19000,201,Medication Charge,1736.93
19001,97,X-Ray,1155.06
19002,465,CT Scan,544.52
19003,50,MRI Scan,1424.01
19004,203,ECG,1638.89
19005,400,MRI Scan,873.06
19006,280,Ultrasound,388.31
19007,492,Hospital Stay,1674.83
19008,402,ECG,1763.55
19009,116,Consultation,1183.07
19010,219,Blood Test,1901.22
19011,487,ECG,1664.48
19012,166,X-Ray,1300.75
19013,208,Ultrasound,1500.55
19014,465,CT Scan,178.11
19015,349,MRI Scan,1048.47
19016,109,X-Ray,1333.79
19017,233,X-Ray,426.95
19018,294,MRI Scan,1186.75
19019,45,Physical Examination,563.02
19020,205,ECG,1856.53
19021,441,Blood Test,1561.80
19022,480,Consultation,893.63
19023,356,Physical Examination,713.43
19024,464,MRI Scan,1941.38
19025,235,Ultrasound,1315.17
19026,185,ECG,1259.10
19027,481,Medication Charge,196.69
19028,491,Medication Charge,789.23
19029,423,Ultrasound,1191.34
19030,208,Blood Test,1494.25
19031,71,Consultation,787.57
19032,157,Medication Charge,1433.02
19033,407,ECG,1388.25
19034,434,Hospital Stay,507.27
19035,342,Blood Test,1489.01
19036,101,Hospital Stay,1948.98
19037,152,Medication Charge,251.99
19038,215,X-Ray,888.16
19039,62,CT Scan,962.44
19040,392,Hospital Stay,1430.99
19041,140,X-Ray,403.16
19042,51,X-Ray,1375.47
19043,68,MRI Scan,1629.66
19044,407,Medication Charge,1690.73
19045,99,Physical Examination,230.66
19046,376,Medication Charge,105.10
19047,120,Hospital Stay,915.33
19048,54,CT Scan,686.99
19049,17,X-Ray,1202.30
19050,188,Physical Examination,511.00
19051,287,ECG,78.75
19052,377,Consultation,508.54
19053,243,MRI Scan,97.57
19054,161,Consultation,1485.29
19055,166,MRI Scan,1932.27
19056,163,Ultrasound,1477.14
19057,345,Hospital Stay,1992.64
19058,34,CT Scan,1927.92
19059,310,MRI Scan,1792.96
19060,195,Consultation,1863.04
19061,101,ECG,559.32
19062,322,MRI Scan,1418.07
19063,447,Hospital Stay,1737.43
19064,109,Consultation,1876.73
19065,325,Physical Examination,1892.78
19066,86,ECG,640.25
19067,249,Ultrasound,1111.80
19068,494,X-Ray,1394.21
19069,76,Blood Test,826.22
19070,277,X-Ray,1160.74
19071,331,Medication Charge,1809.56
19072,131,ECG,1556.37
19073,353,Blood Test,388.76
19074,263,Hospital Stay,725.81
19075,61,Physical Examination,864.36
19076,489,MRI Scan,1525.23
19077,340,Physical Examination,1945.12
19078,219,X-Ray,769.84
19079,151,Medication Charge,1229.84
19080,55,Hospital Stay,678.37
19081,374,Ultrasound,710.49
19082,103,Consultation,1845.26
19083,495,Ultrasound,266.41
19084,115,Ultrasound,958.59
19085,149,Ultrasound,209.38
19086,52,Ultrasound,1660.77
19087,164,Hospital Stay,519.96
19088,232,Blood Test,993.99
19089,343,Consultation,795.98
19090,41,X-Ray,1021.40
19091,133,CT Scan,57.92
19092,311,ECG,1928.36
19093,412,MRI Scan,389.46
19094,233,Physical Examination,1639.84
19095,305,Hospital Stay,1719.72
19096,340,Ultrasound,1262.50
19097,231,X-Ray,1975.19
19098,219,CT Scan,1972.61
19099,438,Blood Test,582.06
19100,284,Ultrasound,380.92
19101,101,MRI Scan,1250.93
19102,55,Ultrasound,1783.29
19103,283,CT Scan,661.37
19104,354,Physical Examination,801.00
19105,133,CT Scan,1930.91
19106,8,MRI Scan,1234.69
19107,74,ECG,721.81
19108,450,MRI Scan,933.45
19109,172,ECG,1608.55
19110,134,Ultrasound,1683.96
19111,223,MRI Scan,625.17
19112,120,Physical Examination,1699.07
19113,463,Hospital Stay,145.28
19114,309,CT Scan,295.12
19115,194,CT Scan,705.78
19116,177,CT Scan,865.42
19117,302,Blood Test,1184.65
19118,46,Hospital Stay,302.58
19119,479,Blood Test,1252.20
19120,201,Consultation,846.94
19121,375,Blood Test,475.23
19122,170,ECG,362.90
19123,387,Physical Examination,412.79
19124,60,Consultation,339.71
19125,318,Ultrasound,998.07
19126,111,Hospital Stay,445.21
19127,184,Physical Examination,1413.60
19128,344,ECG,1254.31
19129,56,Medication Charge,953.32
19130,397,CT Scan,848.12
19131,263,ECG,1048.04
19132,201,Medication Charge,338.66
19133,172,Hospital Stay,491.84
19134,355,Ultrasound,432.49
19135,208,X-Ray,1030.05
19136,50,MRI Scan,949.84
19137,60,Ultrasound,773.28
19138,109,ECG,1214.09
19139,171,ECG,1955.60
19140,311,Hospital Stay,1854.23
19141,414,Blood Test,878.73
19142,291,Physical Examination,1249.90
19143,258,X-Ray,1233.49
19144,276,Ultrasound,509.17
19145,411,Blood Test,1233.14
19146,375,CT Scan,1422.56
19147,267,ECG,684.28
19148,322,Hospital Stay,286.73
19149,298,Consultation,1416.58
19150,394,Medication Charge,633.45
19151,113,MRI Scan,658.85
19152,290,MRI Scan,563.45
19153,467,MRI Scan,744.63
19154,159,Blood Test,1180.60
19155,237,Ultrasound,336.71
19156,466,X-Ray,1122.98
19157,488,ECG,1014.52
19158,17,Hospital Stay,94.05
19159,399,ECG,359.82
19160,343,CT Scan,1291.41
19161,239,Blood Test,442.07
19162,129,CT Scan,890.46
19163,479,Consultation,147.48
19164,232,CT Scan,1162.16
19165,312,CT Scan,674.92
19166,342,Blood Test,1186.42
19167,203,ECG,1544.78
19168,495,MRI Scan,1261.84
19169,145,Blood Test,1000.95
19170,424,Consultation,596.96
19171,413,Ultrasound,249.96
19172,372,Blood Test,580.29
19173,365,MRI Scan,1023.10
19174,263,X-Ray,1149.00
19175,72,Blood Test,1195.70
19176,422,ECG,221.68
19177,359,Consultation,1255.46
19178,3,X-Ray,1191.03
19179,183,Blood Test,174.85
19180,377,MRI Scan,642.51
19181,132,CT Scan,394.15
19182,293,Blood Test,1431.17
19183,190,ECG,296.77
19184,247,Physical Examination,416.19
19185,317,Blood Test,542.29
19186,492,CT Scan,722.62
19187,360,Hospital Stay,660.95
19188,476,Physical Examination,602.24
19189,70,Ultrasound,502.19
19190,108,Consultation,1564.84
19191,436,Physical Examination,1110.87
19192,158,Ultrasound,718.17
19193,293,Blood Test,453.99
19194,149,Physical Examination,439.67
19195,28,Physical Examination,318.86
19196,46,Consultation,130.23
19197,217,Blood Test,840.90
19198,395,Hospital Stay,1339.89
19199,379,Hospital Stay,1618.86
19200,22,Consultation,763.97
19201,382,Medication Charge,524.02
19202,149,MRI Scan,1932.12
19203,350,CT Scan,1491.61
19204,321,Consultation,447.59
19205,368,Consultation,1873.82
19206,363,Blood Test,1916.38
19207,361,CT Scan,266.51
19208,369,X-Ray,1672.34
19209,52,Physical Examination,361.22
19210,411,Ultrasound,1357.55
19211,453,Ultrasound,1347.05
19212,292,X-Ray,1925.09
19213,35,Physical Examination,1860.80
19214,237,Physical Examination,271.31
19215,44,Blood Test,1110.85
19216,486,Blood Test,350.79
19217,446,Consultation,1840.89
19218,286,Consultation,1780.28
19219,296,CT Scan,1824.18
19220,395,X-Ray,1605.61
19221,344,ECG,926.98
19222,452,ECG,517.55
19223,184,Ultrasound,653.74
19224,338,MRI Scan,1811.86
19225,311,Consultation,729.93
19226,466,CT Scan,1403.23
19227,268,Ultrasound,535.58
19228,290,Ultrasound,366.96
19229,414,Blood Test,1343.95
19230,119,Physical Examination,1419.66
19231,496,Medication Charge,330.59
19232,116,MRI Scan,976.02
19233,177,Medication Charge,196.84
19234,165,Blood Test,1234.05
19235,308,Blood Test,1327.05
19236,319,ECG,1545.85
19237,71,Physical Examination,1795.21
19238,316,Consultation,1248.99
19239,121,Medication Charge,1904.00
19240,401,MRI Scan,97.89
19241,436,CT Scan,491.64
19242,110,Physical Examination,409.41
19243,197,ECG,1649.07
19244,486,Hospital Stay,1103.47
19245,27,X-Ray,1399.89
19246,296,Ultrasound,812.86
19247,316,Medication Charge,1423.42
19248,121,Physical Examination,756.28
19249,177,ECG,1491.20
19250,14,MRI Scan,53.15
19251,473,MRI Scan,1964.89
19252,359,ECG,1373.18
19253,156,Hospital Stay,1123.61
19254,159,CT Scan,1209.54
19255,3,CT Scan,578.50
19256,188,MRI Scan,1607.15
19257,422,Physical Examination,1718.19
19258,239,Blood Test,1948.34
19259,348,X-Ray,381.62
19260,370,CT Scan,939.71
19261,316,Medication Charge,156.57
19262,177,Hospital Stay,1509.02
19263,322,Medication Charge,1879.50
19264,272,Consultation,1169.63
19265,14,Consultation,393.10
19266,354,Hospital Stay,256.36
19267,27,Consultation,1297.81
19268,68,Physical Examination,1535.78
19269,29,X-Ray,1822.75
19270,452,Medication Charge,935.07
19271,305,ECG,1644.22
19272,230,ECG,1987.43
19273,453,MRI Scan,353.74
19274,110,CT Scan,158.89
19275,29,CT Scan,1537.13
19276,219,Consultation,455.30
19277,12,X-Ray,358.80
19278,53,CT Scan,804.90
19279,224,Physical Examination,1264.84
19280,90,MRI Scan,1816.90
19281,251,Hospital Stay,864.89
19282,51,Consultation,467.46
19283,187,Medication Charge,1786.58
19284,178,Physical Examination,395.31
19285,319,ECG,1925.81
19286,480,ECG,825.63
19287,33,Medication Charge,1911.05
19288,307,ECG,1697.71
19289,17,Medication Charge,1797.55
19290,291,Hospital Stay,1755.88
19291,39,Hospital Stay,1021.99
19292,471,Consultation,1533.96
19293,219,Consultation,1522.81
19294,390,Physical Examination,1818.86
19295,422,X-Ray,730.26
19296,214,Hospital Stay,1550.81
19297,182,Physical Examination,885.40
19298,160,CT Scan,902.09
19299,299,ECG,1802.37
19300,166,CT Scan,997.90
19301,3,ECG,279.34
19302,209,ECG,1885.07
19303,27,Ultrasound,954.72
19304,374,Medication Charge,856.44
19305,144,ECG,179.91
19306,192,Medication Charge,1300.27
19307,161,Medication Charge,317.83
19308,432,ECG,855.02
19309,234,Blood Test,655.29
19310,85,Ultrasound,561.56
19311,491,Medication Charge,1024.06
19312,183,Blood Test,1703.75
19313,280,Blood Test,1581.06
19314,154,Ultrasound,844.10
19315,4,Ultrasound,479.73
19316,361,X-Ray,1033.83
19317,17,Hospital Stay,249.31
19318,73,CT Scan,693.97
19319,440,X-Ray,103.83
19320,315,X-Ray,402.00
19321,90,MRI Scan,409.66
19322,398,Consultation,1144.10
19323,90,Medication Charge,1643.18
19324,370,Hospital Stay,567.64
19325,420,Ultrasound,1959.17
19326,450,X-Ray,1801.16
19327,194,Consultation,682.15
19328,369,MRI Scan,1779.38
19329,151,Physical Examination,954.87
19330,303,CT Scan,1278.59
19331,162,MRI Scan,306.53
19332,306,ECG,587.81
19333,386,Physical Examination,1216.67
19334,374,Physical Examination,660.64
19335,460,Consultation,696.42
19336,443,Hospital Stay,1162.44
19337,322,Medication Charge,1380.89
19338,432,MRI Scan,894.85
19339,178,Consultation,1890.78
19340,473,Medication Charge,1439.00
19341,74,X-Ray,1122.74
19342,243,ECG,204.38
19343,4,Medication Charge,1401.36
19344,34,Physical Examination,225.14
19345,342,Hospital Stay,1520.43
19346,235,Consultation,1543.99
19347,63,MRI Scan,609.91
19348,311,Ultrasound,515.69
19349,217,Blood Test,1150.84
19350,313,MRI Scan,1862.17
19351,28,ECG,1355.43
19352,145,ECG,1230.07
19353,200,MRI Scan,1255.98
19354,232,Hospital Stay,170.11
19355,434,ECG,1253.16
19356,188,Physical Examination,455.48
19357,467,Hospital Stay,747.34
19358,377,Hospital Stay,377.66
19359,9,Hospital Stay,367.67
19360,347,Physical Examination,1814.44
19361,417,MRI Scan,1759.01
19362,96,Physical Examination,1273.01
19363,487,Ultrasound,675.05
19364,292,Blood Test,1674.66
19365,281,CT Scan,389.43
19366,169,Blood Test,1426.88
19367,160,MRI Scan,702.46
19368,455,MRI Scan,1232.12
19369,294,Consultation,943.11
19370,428,CT Scan,1530.30
19371,2,CT Scan,1665.38
19372,297,Ultrasound,1331.87
19373,16,Ultrasound,230.72
19374,344,Ultrasound,1194.57
19375,58,Consultation,1532.86
19376,418,MRI Scan,385.08
19377,278,Hospital Stay,1586.95
19378,285,Consultation,790.76
19379,308,ECG,1957.62
19380,402,ECG,1196.54
19381,187,Physical Examination,1940.33
19382,249,CT Scan,1487.27
19383,355,Ultrasound,1186.90
19384,434,X-Ray,1778.08
19385,213,Medication Charge,1685.67
19386,57,ECG,807.89
19387,345,Hospital Stay,1216.16
19388,223,Blood Test,1709.29
19389,331,X-Ray,1019.80
19390,64,Blood Test,71.00
19391,365,Consultation,740.53
19392,40,X-Ray,102.89
19393,320,Hospital Stay,762.61
19394,301,Ultrasound,1187.90
19395,172,CT Scan,450.71
19396,134,Medication Charge,559.64
19397,100,Physical Examination,724.87
19398,326,Ultrasound,440.85
19399,245,ECG,1155.82
19400,263,Hospital Stay,1204.90
19401,44,Consultation,1478.15
19402,377,CT Scan,1786.67
19403,271,CT Scan,1747.88
19404,58,Physical Examination,1055.94
19405,323,MRI Scan,283.97
19406,119,Consultation,1602.93
19407,313,ECG,1760.95
19408,480,X-Ray,456.50
19409,49,Hospital Stay,508.50
19410,142,MRI Scan,1277.52
19411,227,Blood Test,1354.87
19412,450,MRI Scan,331.88
19413,258,CT Scan,1555.17
19414,214,Consultation,529.09
19415,262,CT Scan,1530.95
19416,316,Blood Test,1691.28
19417,372,MRI Scan,424.36
19418,486,X-Ray,386.72
19419,26,Physical Examination,1879.56
19420,93,Blood Test,645.21
19421,266,Hospital Stay,1334.68
19422,367,Consultation,1729.97
19423,58,Medication Charge,1007.08
19424,398,Physical Examination,241.28
19425,451,Hospital Stay,1192.95
19426,244,MRI Scan,1616.09
19427,18,Hospital Stay,1946.16
19428,343,ECG,1983.68
19429,303,Blood Test,78.98
19430,401,X-Ray,1046.86
19431,85,X-Ray,586.24
19432,50,CT Scan,135.24
19433,64,Physical Examination,1611.40
19434,335,Consultation,1711.11
19435,403,MRI Scan,515.19
19436,253,Hospital Stay,458.74
19437,18,Consultation,1974.58
19438,465,Blood Test,1687.27
19439,379,CT Scan,1169.25
19440,171,MRI Scan,1021.13
19441,115,Consultation,1847.38
19442,267,MRI Scan,503.65
19443,257,X-Ray,1532.11
19444,25,MRI Scan,1274.93
19445,172,X-Ray,1245.74
19446,475,CT Scan,1251.73
19447,284,ECG,1998.61
19448,207,X-Ray,208.60
19449,198,CT Scan,66.95
19450,28,Ultrasound,370.05
19451,264,X-Ray,1892.77
19452,422,X-Ray,572.26
19453,235,Ultrasound,893.78
19454,369,ECG,1352.25
19455,110,Ultrasound,347.11
19456,295,X-Ray,276.73
19457,357,Consultation,1782.84
19458,171,Blood Test,1284.32
19459,52,MRI Scan,517.65
19460,132,Medication Charge,785.10
19461,471,Medication Charge,686.14
19462,303,X-Ray,1648.71
19463,43,Physical Examination,606.34
19464,482,Medication Charge,1864.28
19465,132,ECG,579.57
19466,467,Medication Charge,592.11
19467,305,CT Scan,324.56
19468,151,CT Scan,1693.15
19469,338,Blood Test,613.25
19470,129,Hospital Stay,1983.68
19471,348,MRI Scan,923.15
19472,185,Ultrasound,500.32
19473,132,Medication Charge,53.70
19474,135,Ultrasound,684.85
19475,447,Hospital Stay,637.06
19476,157,Ultrasound,1402.84
19477,186,CT Scan,653.45
19478,35,Hospital Stay,1491.52
19479,82,ECG,312.53
19480,455,Physical Examination,1524.60
19481,274,Ultrasound,631.08
19482,163,Blood Test,1775.32
19483,313,Consultation,1795.38
19484,129,Consultation,1963.34
19485,244,Physical Examination,622.80
19486,40,Consultation,1881.31
19487,51,Consultation,1564.88
19488,360,Medication Charge,1254.04
19489,256,ECG,558.23
19490,113,Medication Charge,468.58
19491,249,CT Scan,1796.14
19492,68,CT Scan,1488.73
19493,186,Hospital Stay,1679.91
19494,84,Hospital Stay,275.39
19495,163,Blood Test,1447.33
19496,437,Physical Examination,1370.93
19497,141,MRI Scan,412.77
19498,244,X-Ray,401.83
19499,500,CT Scan,1831.82
19500,23,CT Scan,630.17
19501,36,Medication Charge,991.88
19502,111,CT Scan,146.13
19503,346,Blood Test,1719.00
19504,121,X-Ray,507.74
19505,470,Medication Charge,1136.24
19506,322,Physical Examination,1810.19
19507,481,CT Scan,458.99
19508,490,ECG,360.63
19509,1,Physical Examination,715.87
19510,272,Consultation,1936.94
19511,236,ECG,744.94
19512,476,Physical Examination,1790.46
19513,403,X-Ray,1940.22
19514,484,Consultation,360.28
19515,45,Physical Examination,1227.05
19516,410,ECG,1764.09
19517,373,Blood Test,1135.71
19518,178,Physical Examination,1149.65
19519,353,Medication Charge,1055.99
19520,364,MRI Scan,1079.15
19521,467,MRI Scan,1608.07
19522,309,Medication Charge,577.02
19523,288,MRI Scan,1018.99
19524,456,Physical Examination,508.54
19525,70,Blood Test,852.89
19526,98,Consultation,1333.14
19527,302,ECG,711.83
19528,416,Hospital Stay,431.16
19529,146,Medication Charge,1370.52
19530,365,MRI Scan,1548.87
19531,228,X-Ray,1269.62
19532,139,Blood Test,1665.87
19533,447,Medication Charge,1366.21
19534,111,X-Ray,617.53
19535,142,Consultation,1664.51
19536,498,Blood Test,1738.52
19537,314,MRI Scan,1377.34
19538,495,CT Scan,488.69
19539,193,Consultation,482.02
19540,151,Consultation,57.41
19541,265,CT Scan,1541.56
19542,88,Hospital Stay,546.26
19543,258,Consultation,1686.07
19544,378,Blood Test,1849.44
19545,61,X-Ray,212.94
19546,464,X-Ray,763.32
19547,318,Physical Examination,1887.75
19548,222,Medication Charge,1970.10
19549,26,X-Ray,641.41
19550,58,Medication Charge,1979.06
19551,429,X-Ray,967.98
19552,84,Hospital Stay,617.21
19553,320,ECG,394.14
19554,20,CT Scan,798.61
19555,299,MRI Scan,743.54
19556,418,Physical Examination,460.48
19557,47,Medication Charge,953.85
19558,260,Medication Charge,745.84
19559,219,Ultrasound,748.64
19560,469,Blood Test,1865.88
19561,451,Physical Examination,144.22
19562,191,Hospital Stay,628.68
19563,11,X-Ray,960.20
19564,200,Blood Test,278.41
19565,444,X-Ray,483.43
19566,200,X-Ray,712.03
19567,242,ECG,229.61
19568,18,Blood Test,470.43
19569,441,Ultrasound,1513.28
19570,179,CT Scan,1728.84
19571,123,Medication Charge,1568.52
19572,244,Consultation,1119.95
19573,440,CT Scan,1944.49
19574,419,MRI Scan,1502.92
19575,280,Hospital Stay,1613.76
19576,188,Physical Examination,195.34
19577,199,Consultation,1728.93
19578,475,X-Ray,258.95
19579,304,MRI Scan,1095.11
19580,99,Ultrasound,427.70
19581,437,CT Scan,1945.65
19582,170,MRI Scan,232.07
19583,306,Physical Examination,1871.75
19584,381,Consultation,1912.31
19585,369,MRI Scan,152.80
19586,195,X-Ray,503.33
19587,13,ECG,122.26
19588,401,CT Scan,1363.12
19589,286,X-Ray,1369.15
19590,82,X-Ray,1172.73
19591,167,Hospital Stay,1705.28
19592,411,Ultrasound,706.50
19593,419,Hospital Stay,1013.91
19594,114,MRI Scan,893.37
19595,48,Hospital Stay,772.64
19596,461,Medication Charge,1906.73
19597,28,Consultation,800.51
19598,116,ECG,1998.13
19599,474,Hospital Stay,359.18
19600,477,Consultation,909.89
19601,131,Ultrasound,877.07
19602,444,Ultrasound,1503.44
19603,65,X-Ray,848.22
19604,358,CT Scan,810.19
19605,253,Hospital Stay,1305.83
19606,302,Blood Test,591.11
19607,183,ECG,1882.39
19608,388,X-Ray,623.78
19609,388,X-Ray,1399.56
19610,185,Medication Charge,1574.37
19611,134,X-Ray,764.13
19612,310,CT Scan,1088.18
19613,193,Hospital Stay,497.35
19614,43,Medication Charge,1691.83
19615,492,Ultrasound,128.00
19616,332,Consultation,615.60
19617,385,Physical Examination,1263.61
19618,468,Consultation,184.73
19619,220,Blood Test,289.58
19620,195,ECG,507.38
19621,453,Medication Charge,1225.82
19622,95,MRI Scan,236.94
19623,380,ECG,595.92
19624,94,Hospital Stay,59.42
19625,178,Blood Test,1369.35
19626,134,Consultation,1689.21
19627,239,Medication Charge,1952.67
19628,32,Physical Examination,860.99
19629,281,Blood Test,1085.89
19630,263,Consultation,709.88
19631,368,ECG,1790.21
19632,258,Consultation,882.96
19633,165,Hospital Stay,1285.61
19634,230,ECG,1542.78
19635,230,Medication Charge,1152.05
19636,390,CT Scan,556.89
19637,179,Hospital Stay,1847.85
19638,324,Medication Charge,1313.55
19639,30,Hospital Stay,465.34
19640,272,X-Ray,1604.66
19641,168,Ultrasound,1054.51
19642,300,CT Scan,1778.10
19643,271,ECG,170.38
19644,355,CT Scan,1068.87
19645,329,Ultrasound,1819.43
19646,247,X-Ray,1537.78
19647,120,Blood Test,1530.77
19648,55,ECG,1083.38
19649,279,Ultrasound,1928.66
19650,268,Medication Charge,560.00
19651,56,MRI Scan,1699.93
19652,459,Medication Charge,1810.84
19653,348,X-Ray,1616.75
19654,212,CT Scan,188.50
19655,366,Medication Charge,1252.97
19656,80,CT Scan,705.60
19657,111,CT Scan,1804.50
19658,11,Blood Test,1461.52
19659,373,Medication Charge,1924.62
19660,189,Medication Charge,1299.23
19661,98,ECG,193.79
19662,393,Physical Examination,1702.15
19663,180,CT Scan,158.40
19664,105,X-Ray,131.04
19665,368,Consultation,783.73
19666,114,Blood Test,176.95
19667,160,Ultrasound,583.51
19668,495,MRI Scan,1262.47
19669,247,X-Ray,1434.59
19670,426,Hospital Stay,188.41
19671,30,Consultation,883.37
19672,168,Physical Examination,1908.27
19673,199,Medication Charge,1572.27
19674,114,X-Ray,1432.86
19675,396,Physical Examination,1790.30
19676,137,Blood Test,188.15
19677,47,CT Scan,201.35
19678,98,Blood Test,1513.32
19679,487,CT Scan,104.52
19680,236,MRI Scan,1081.60
19681,211,CT Scan,1202.57
19682,283,CT Scan,978.38
19683,358,Consultation,977.81
19684,498,MRI Scan,1950.67
19685,411,Medication Charge,1599.58
19686,230,ECG,1238.75
19687,252,Hospital Stay,856.87
19688,25,MRI Scan,134.11
19689,497,Ultrasound,1292.67
19690,467,CT Scan,967.76
19691,27,Blood Test,1209.09
19692,237,Blood Test,172.83
19693,111,X-Ray,772.27
19694,346,Ultrasound,793.49
19695,444,MRI Scan,1111.15
19696,194,MRI Scan,56.30
19697,467,ECG,1583.56
19698,416,CT Scan,129.98
19699,256,Blood Test,1667.23
19700,52,Blood Test,1842.47
19701,385,X-Ray,308.20
19702,60,X-Ray,1419.36
19703,287,Consultation,1754.24
19704,484,Medication Charge,131.58
19705,50,Blood Test,287.69
19706,495,MRI Scan,1534.67
19707,458,Physical Examination,1821.90
19708,376,Ultrasound,1154.27
19709,405,Hospital Stay,1466.25
19710,58,Blood Test,1576.65
19711,469,CT Scan,900.92
19712,266,CT Scan,1694.02
19713,21,MRI Scan,599.14
19714,157,MRI Scan,209.05
19715,412,Ultrasound,497.28
19716,92,Physical Examination,342.15
19717,78,ECG,268.54
19718,196,Hospital Stay,1557.37
19719,467,Medication Charge,1876.94
19720,260,Ultrasound,287.01
19721,229,X-Ray,261.67
19722,460,CT Scan,88.53
19723,401,X-Ray,1634.85
19724,130,Hospital Stay,1584.05
19725,305,Ultrasound,666.48
19726,19,X-Ray,1426.91
19727,473,X-Ray,1807.05
19728,43,Physical Examination,1343.58
19729,406,X-Ray,1836.07
19730,427,Hospital Stay,1291.20
19731,26,ECG,1405.87
19732,486,ECG,1254.49
19733,498,ECG,53.85
19734,451,X-Ray,624.08
19735,496,Hospital Stay,1319.15
19736,71,Ultrasound,469.78
19737,495,ECG,399.90
19738,60,CT Scan,1277.25
19739,148,Physical Examination,913.13
19740,483,MRI Scan,1695.54
19741,493,Consultation,349.59
19742,80,Blood Test,831.21
19743,354,Consultation,1250.44
19744,327,X-Ray,77.98
19745,55,Physical Examination,859.88
19746,218,CT Scan,596.15
19747,266,X-Ray,396.88
19748,382,CT Scan,1131.55
19749,256,Consultation,1249.14
19750,23,Hospital Stay,1243.67
19751,118,Blood Test,1411.04
19752,469,Ultrasound,863.97
19753,444,CT Scan,1527.40
19754,224,X-Ray,1156.93
19755,17,X-Ray,1897.28
19756,364,Medication Charge,1705.55
19757,485,Hospital Stay,1696.47
19758,307,MRI Scan,1818.50
19759,327,Blood Test,551.19
19760,366,CT Scan,289.87
19761,213,Hospital Stay,1652.39
19762,305,ECG,1736.58
19763,426,ECG,1294.00
19764,435,Hospital Stay,1479.17
19765,466,Ultrasound,721.14
19766,237,MRI Scan,527.98
19767,418,CT Scan,266.96
19768,102,Hospital Stay,376.26
19769,258,Medication Charge,463.20
19770,432,X-Ray,1066.19
19771,435,CT Scan,1551.02
19772,75,X-Ray,1621.36
19773,393,Ultrasound,881.19
19774,165,Hospital Stay,1524.56
19775,274,Hospital Stay,299.78
19776,441,Hospital Stay,1548.53
19777,395,Hospital Stay,1962.52
19778,353,Hospital Stay,718.39
19779,141,Blood Test,418.75
19780,374,Blood Test,1454.16
19781,80,MRI Scan,1707.09
19782,120,Ultrasound,860.65
19783,388,Medication Charge,623.08
19784,461,Consultation,1130.55
19785,284,X-Ray,1967.32
19786,111,X-Ray,1961.43
19787,157,ECG,1460.33
19788,112,ECG,805.81
19789,264,X-Ray,1972.40
19790,397,Physical Examination,1217.41
19791,376,Ultrasound,1641.14
19792,395,CT Scan,1358.15
19793,156,Medication Charge,1808.18
19794,77,Blood Test,1947.73
19795,114,Medication Charge,1117.00
19796,58,Consultation,503.88
19797,326,CT Scan,1295.72
19798,38,Medication Charge,202.08
19799,188,CT Scan,989.55
19800,5,MRI Scan,1832.74
19801,449,MRI Scan,274.64
19802,41,ECG,1509.95
19803,271,MRI Scan,1291.58
19804,429,X-Ray,463.13
19805,182,Consultation,1238.63
19806,83,Physical Examination,192.96
19807,184,Physical Examination,952.16
19808,370,Ultrasound,708.86
19809,296,MRI Scan,783.93
19810,460,Medication Charge,924.55
19811,327,ECG,94.23
19812,455,CT Scan,1649.53
19813,311,X-Ray,285.50
19814,411,ECG,175.49
19815,336,Medication Charge,1135.49
19816,48,Blood Test,109.33
19817,297,Hospital Stay,625.06
19818,8,Blood Test,321.33
19819,250,Consultation,319.74
19820,8,Ultrasound,705.00
19821,290,Hospital Stay,334.77
19822,330,Ultrasound,1275.59
19823,284,Blood Test,1676.72
19824,270,X-Ray,796.16
19825,102,X-Ray,1749.10
19826,415,CT Scan,863.50
19827,116,MRI Scan,221.05
19828,127,MRI Scan,1505.88
19829,235,ECG,495.93
19830,306,Physical Examination,1735.95
19831,451,CT Scan,1985.38
19832,142,MRI Scan,568.96
19833,494,X-Ray,892.15
19834,459,Hospital Stay,311.35
19835,114,Blood Test,1598.53
19836,344,Hospital Stay,1474.55
19837,455,MRI Scan,598.51
19838,102,Physical Examination,1480.72
19839,427,Physical Examination,1750.56
19840,33,Ultrasound,1019.58
19841,363,X-Ray,1396.53
19842,372,Medication Charge,1674.56
19843,466,Hospital Stay,1750.54
19844,183,Physical Examination,604.55
19845,243,Hospital Stay,529.94
19846,405,Medication Charge,620.99
19847,450,ECG,310.49
19848,261,Medication Charge,994.43
19849,422,X-Ray,1320.80
19850,171,Medication Charge,943.58
19851,289,Physical Examination,1888.08
19852,279,X-Ray,414.91
19853,409,Hospital Stay,712.74
19854,355,Hospital Stay,101.44
19855,334,Hospital Stay,345.19
19856,11,Blood Test,269.89
19857,326,Medication Charge,1241.62
19858,61,MRI Scan,1534.08
19859,429,CT Scan,918.77
19860,165,Hospital Stay,774.94
19861,290,Blood Test,1456.53
19862,226,Medication Charge,1115.47
19863,197,X-Ray,1954.12
19864,221,Medication Charge,394.62
19865,402,Consultation,511.98
19866,174,Consultation,1856.46
19867,375,Blood Test,113.43
19868,344,X-Ray,1325.99
19869,378,ECG,1887.54
19870,305,ECG,1728.28
19871,94,ECG,830.61
19872,106,CT Scan,1693.21
19873,250,Consultation,255.75
19874,419,ECG,358.33
19875,186,Physical Examination,1452.82
19876,251,Blood Test,289.88
19877,49,MRI Scan,171.90
19878,180,MRI Scan,1006.54
19879,342,Consultation,761.44
19880,101,Ultrasound,327.03
19881,151,Medication Charge,1282.36
19882,64,ECG,218.76
19883,220,Medication Charge,652.60
19884,113,Physical Examination,1016.17
19885,281,CT Scan,186.34
19886,478,MRI Scan,500.41
19887,487,Medication Charge,470.72
19888,459,Physical Examination,1377.67
19889,43,Blood Test,1832.27
19890,402,Hospital Stay,1100.11
19891,395,X-Ray,695.05
19892,82,CT Scan,465.20
19893,218,Hospital Stay,438.26
19894,399,Consultation,1718.48
19895,221,MRI Scan,1546.13
19896,1,Medication Charge,1251.95
19897,478,Physical Examination,870.36
19898,274,CT Scan,1138.79
19899,79,CT Scan,988.75
19900,53,ECG,483.35
19901,337,CT Scan,1590.86
19902,25,Medication Charge,907.19
19903,484,ECG,120.45
19904,197,Ultrasound,1251.12
19905,54,X-Ray,1993.79
19906,280,ECG,1933.33
19907,378,Ultrasound,1060.08
19908,290,Hospital Stay,618.05
19909,216,Hospital Stay,1652.14
19910,122,Consultation,243.73
19911,464,MRI Scan,219.94
19912,196,Physical Examination,669.54
19913,494,Blood Test,381.79
19914,384,X-Ray,243.80
19915,22,Ultrasound,1447.31
19916,337,Blood Test,1445.74
19917,385,Ultrasound,537.15
19918,119,ECG,1492.42
19919,282,ECG,1740.59
19920,75,Medication Charge,1335.39
19921,219,ECG,828.00
19922,103,Blood Test,1681.21
19923,377,Consultation,1609.03
19924,264,CT Scan,203.14
19925,344,Hospital Stay,1046.78
19926,349,ECG,1908.80
19927,158,Consultation,107.83
19928,238,Hospital Stay,1576.00
19929,418,CT Scan,1489.27
19930,241,Hospital Stay,286.16
19931,455,Hospital Stay,1802.46
19932,421,ECG,1742.24
19933,257,Consultation,239.33
19934,126,Consultation,1527.65
19935,454,ECG,482.30
19936,403,Consultation,1426.29
19937,101,Blood Test,698.41
19938,377,ECG,953.50
19939,259,Ultrasound,837.54
19940,29,CT Scan,1999.27
19941,96,ECG,95.30
19942,369,Ultrasound,883.98
19943,23,Ultrasound,1172.38
19944,345,ECG,87.60
19945,480,ECG,1438.08
19946,219,MRI Scan,1899.72
19947,216,Physical Examination,1251.75
19948,191,ECG,1726.05
19949,377,Consultation,315.09
19950,391,Hospital Stay,1018.08
19951,444,MRI Scan,1314.59
19952,133,MRI Scan,402.24
19953,140,Blood Test,1365.02
19954,429,Hospital Stay,431.21
19955,224,Physical Examination,602.89
19956,433,Consultation,670.79
19957,404,Ultrasound,147.66
19958,3,MRI Scan,1126.74
19959,352,X-Ray,65.07
19960,263,CT Scan,256.07
19961,324,Consultation,1085.77
19962,283,MRI Scan,1205.21
19963,364,Medication Charge,1281.24
19964,75,CT Scan,208.39
19965,49,Physical Examination,1205.21
19966,414,Consultation,1140.11
19967,439,MRI Scan,1909.50
19968,274,CT Scan,1756.73
19969,66,MRI Scan,855.96
19970,2,MRI Scan,1702.94
19971,490,MRI Scan,957.45
19972,186,CT Scan,870.92
19973,5,MRI Scan,1047.26
19974,495,Physical Examination,890.53
19975,226,ECG,1511.33
19976,65,Ultrasound,305.78
19977,306,MRI Scan,700.89
19978,352,Physical Examination,1248.61
19979,87,Physical Examination,259.34
19980,408,Ultrasound,1750.99
19981,173,MRI Scan,1000.61
19982,251,Consultation,201.51
19983,43,Medication Charge,1547.12
19984,236,Hospital Stay,1160.25
19985,60,Consultation,686.00
19986,366,CT Scan,1368.92
19987,219,X-Ray,1577.67
19988,177,ECG,1252.86
19989,488,CT Scan,874.99
19990,190,MRI Scan,231.01
19991,266,X-Ray,674.95
19992,386,Ultrasound,1270.78
19993,173,MRI Scan,797.58
19994,306,MRI Scan,938.73
19995,241,MRI Scan,1546.17
19996,129,Physical Examination,1401.80
19997,212,X-Ray,1093.26
19998,445,Consultation,610.28
19999,120,ECG,95.81
20000,104,Hospital Stay,834.39
