payment_id,invoice_id,payment_date,amount,payment_method
1,366,2025-04-29,1590.27,Other
2,213,2025-10-11,4807.96,Insurance
3,167,2025-04-01,1542.54,Bank Transfer
4,220,2025-12-17,1610.75,Bank Transfer
5,276,2024-05-25,618.76,Insurance
6,112,2025-09-21,4903.91,Credit Card
7,55,2026-02-15,679.12,Bank Transfer
8,464,2024-11-29,2575.01,Insurance
9,491,2025-04-27,1433.50,Cash
10,461,2026-03-08,1789.24,Credit Card
11,394,2024-03-07,1735.19,Credit Card
12,159,2026-02-21,3343.42,Bank Transfer
13,28,2025-07-12,3537.89,Insurance
14,166,2025-12-10,2119.71,Other
15,471,2025-03-15,3464.18,Credit Card
16,280,2025-05-17,3956.55,Bank Transfer
17,246,2025-05-18,437.15,Bank Transfer
18,45,2024-06-18,1730.35,Credit Card
19,329,2025-06-15,4187.40,Credit Card
20,135,2024-03-30,176.28,Bank Transfer
21,398,2025-04-14,4143.70,Credit Card
22,313,2026-01-17,3638.49,Other
23,484,2025-04-01,2136.83,Insurance
24,188,2025-03-07,3833.95,Cash
25,449,2025-03-07,4099.07,Cash
26,444,2024-08-29,4465.24,Credit Card
27,110,2025-01-19,2230.97,Insurance
28,233,2024-09-19,1591.40,Cash
29,18,2026-01-23,4485.17,Other
30,129,2024-07-26,2947.78,Cash
31,384,2026-03-01,3821.48,Other
32,96,2025-12-22,322.10,Cash
33,112,2025-11-18,4589.71,Bank Transfer
34,19,2025-09-29,3691.90,Bank Transfer
35,378,2026-02-12,2580.15,Insurance
36,377,2025-12-01,611.10,Insurance
37,102,2025-12-04,3662.96,Credit Card
38,418,2024-02-24,1095.27,Cash
39,224,2025-02-10,2003.11,Insurance
40,360,2025-01-03,527.40,Other
41,478,2024-09-30,2400.70,Other
42,256,2026-01-03,4534.51,Other
43,240,2025-06-22,2768.08,Bank Transfer
44,180,2025-05-27,3147.34,Insurance
45,318,2026-01-20,4402.93,Insurance
46,359,2025-08-17,2411.59,Cash
47,150,2025-09-05,478.69,Other
48,432,2024-10-27,2112.85,Other
49,28,2025-01-19,2965.09,Credit Card
50,410,2024-08-18,3211.15,Other
51,412,2024-12-28,527.35,Other
52,441,2025-10-26,4815.58,Credit Card
53,486,2024-05-16,3821.53,Other
54,493,2025-02-11,1992.79,Insurance
55,278,2025-11-07,4913.45,Other
56,269,2024-11-04,773.20,Cash
57,118,2024-07-10,4713.23,Bank Transfer
58,31,2025-10-18,1180.15,Cash
59,450,2024-11-20,4583.52,Bank Transfer
60,49,2024-04-08,1399.28,Credit Card
61,21,2026-01-21,2242.75,Insurance
62,192,2024-04-07,4992.34,Credit Card
63,111,2024-12-11,930.02,Other
64,145,2025-09-06,1899.13,Insurance
65,28,2024-09-11,3574.39,Other
66,214,2025-12-06,399.74,Cash
67,277,2024-10-03,3943.46,Other
68,85,2026-02-12,3606.57,Insurance
69,28,2024-11-04,3875.22,Credit Card
70,268,2025-03-10,2736.59,Insurance
71,36,2024-05-26,3489.03,Other
72,230,2025-02-25,2480.02,Credit Card
73,59,2025-10-13,4703.18,Credit Card
74,172,2024-11-03,3173.56,Insurance
75,385,2024-03-10,4965.37,Credit Card
76,436,2024-05-03,1755.02,Credit Card
77,479,2025-11-12,4584.85,Credit Card
78,351,2024-11-07,2814.44,Other
79,445,2025-08-23,3580.45,Bank Transfer
80,126,2024-03-08,932.35,Cash
81,17,2025-06-16,3841.51,Other
82,473,2024-02-13,1593.47,Cash
83,445,2024-06-28,1434.35,Insurance
84,17,2024-08-08,2052.04,Bank Transfer
85,94,2024-09-06,4001.19,Credit Card
86,112,2024-03-20,1062.56,Credit Card
87,160,2024-03-05,1497.16,Insurance
88,64,2025-06-08,2883.11,Insurance
89,447,2025-02-06,854.12,Cash
90,389,2025-05-06,3929.14,Insurance
91,311,2025-11-06,4082.21,Bank Transfer
92,373,2024-05-24,4811.01,Other
93,91,2024-04-10,223.56,Cash
94,254,2024-05-19,2503.86,Bank Transfer
95,278,2026-02-24,710.24,Bank Transfer
96,458,2024-03-29,4519.45,Bank Transfer
97,11,2026-01-19,4669.21,Other
98,216,2024-08-29,446.88,Credit Card
99,141,2025-12-04,348.82,Bank Transfer
100,301,2025-02-02,4091.52,Other
101,461,2025-03-05,3510.52,Bank Transfer
102,48,2025-09-16,2012.15,Credit Card
103,247,2024-04-04,1417.94,Insurance
104,27,2025-03-10,1616.25,Other
105,462,2025-12-06,2195.78,Other
106,224,2024-06-15,4187.67,Credit Card
107,227,2025-06-07,1891.57,Insurance
108,237,2024-04-08,3396.67,Insurance
109,63,2024-07-01,375.88,Other
110,293,2024-07-18,4278.64,Other
111,404,2024-03-29,2488.64,Insurance
112,1,2025-11-12,4320.21,Insurance
113,327,2024-01-12,57.15,Credit Card
114,332,2025-03-25,2908.23,Insurance
115,397,2024-06-13,3695.97,Bank Transfer
116,173,2024-07-06,2240.15,Bank Transfer
117,486,2024-07-19,50.39,Cash
118,113,2025-09-12,2748.24,Other
119,327,2026-02-11,247.94,Bank Transfer
120,217,2024-12-14,4175.80,Bank Transfer
121,378,2025-09-03,484.01,Other
122,213,2025-07-09,3245.39,Bank Transfer
123,308,2025-10-28,2580.45,Bank Transfer
124,309,2025-12-28,1007.38,Credit Card
125,4,2024-08-02,3622.41,Credit Card
126,86,2025-01-22,2786.89,Insurance
127,257,2025-04-27,176.89,Credit Card
128,241,2025-01-10,1892.18,Insurance
129,273,2025-01-11,3941.34,Bank Transfer
130,168,2025-05-10,3540.61,Insurance
131,455,2024-11-28,1111.10,Other
132,74,2024-09-23,3748.85,Insurance
133,148,2024-07-29,139.42,Other
134,58,2024-08-15,688.38,Credit Card
135,178,2025-04-16,1884.68,Bank Transfer
136,39,2024-05-21,859.96,Insurance
137,157,2026-02-09,1230.73,Bank Transfer
138,375,2026-02-17,64.97,Bank Transfer
139,430,2024-11-18,1880.85,Insurance
140,119,2024-04-10,1468.03,Other
141,78,2025-11-06,4788.22,Insurance
142,91,2024-05-28,4049.35,Bank Transfer
143,252,2025-03-24,2170.93,Credit Card
144,285,2024-06-04,4037.05,Other
145,31,2025-05-07,4810.90,Cash
146,26,2024-05-27,1312.59,Other
147,396,2026-01-03,2664.48,Insurance
148,140,2024-04-25,3163.36,Other
149,123,2025-09-04,3034.87,Insurance
150,314,2025-05-04,3035.07,Credit Card
151,387,2025-09-19,3840.71,Credit Card
152,259,2024-07-19,3636.01,Other
153,229,2025-03-15,2791.88,Credit Card
154,283,2026-01-06,3992.51,Other
155,298,2026-03-20,2670.14,Bank Transfer
156,263,2024-05-05,4799.98,Credit Card
157,286,2026-01-07,2196.73,Other
158,53,2025-01-22,1775.53,Credit Card
159,128,2024-12-06,233.87,Other
160,427,2025-12-28,3177.45,Credit Card
161,246,2025-07-10,4875.85,Credit Card
162,376,2025-10-08,1831.55,Cash
163,297,2025-09-10,2637.71,Insurance
164,483,2025-06-12,1315.48,Other
165,207,2024-02-01,3351.13,Credit Card
166,476,2024-10-23,923.72,Other
167,372,2024-12-25,334.69,Insurance
168,238,2024-06-06,4988.09,Credit Card
169,210,2025-11-09,3174.33,Credit Card
170,274,2024-03-31,4496.39,Insurance
171,207,2025-03-26,2311.69,Insurance
172,413,2026-03-03,2714.57,Insurance
173,493,2025-03-29,3369.91,Credit Card
174,360,2025-09-08,2436.65,Other
175,35,2025-09-15,274.76,Other
176,225,2024-09-28,4541.53,Other
177,487,2026-03-17,2892.09,Other
178,117,2024-08-10,213.36,Credit Card
179,355,2025-05-12,1439.12,Insurance
180,81,2024-09-19,744.42,Cash
181,29,2025-12-27,1215.15,Credit Card
182,144,2025-07-23,3479.96,Insurance
183,97,2025-02-02,1783.41,Other
184,275,2024-10-07,3910.64,Cash
185,315,2025-07-03,4127.94,Insurance
186,42,2024-08-04,749.09,Bank Transfer
187,11,2025-02-13,1229.18,Bank Transfer
188,498,2025-04-28,953.31,Insurance
189,207,2024-07-27,3017.12,Bank Transfer
190,244,2026-02-22,779.75,Insurance
191,339,2025-12-17,2640.81,Cash
192,6,2025-04-21,742.36,Bank Transfer
193,432,2024-08-20,2565.20,Bank Transfer
194,269,2026-03-04,4371.73,Cash
195,14,2025-08-15,3128.48,Other
196,468,2025-06-07,2172.24,Other
197,83,2026-03-13,3501.50,Bank Transfer
198,331,2024-11-16,3465.93,Bank Transfer
199,34,2024-09-30,3100.90,Bank Transfer
200,258,2026-02-12,2362.47,Credit Card
201,177,2026-01-08,3056.43,Bank Transfer
202,140,2024-08-19,4189.90,Bank Transfer
203,121,2025-01-25,4212.33,Other
204,290,2025-02-05,546.64,Cash
205,250,2025-05-26,3621.91,Other
206,310,2025-10-13,2250.92,Credit Card
207,77,2024-06-13,749.86,Insurance
208,158,2025-01-22,3665.79,Cash
209,388,2024-11-27,4674.89,Credit Card
210,487,2024-02-04,101.87,Insurance
211,6,2024-05-19,2328.06,Bank Transfer
212,380,2024-03-02,4287.53,Insurance
213,432,2025-03-05,4034.42,Other
214,241,2026-02-21,4469.64,Insurance
215,356,2025-07-30,1254.02,Other
216,355,2024-02-09,4490.74,Cash
217,130,2025-01-01,1239.58,Other
218,194,2025-10-26,2991.97,Cash
219,60,2025-03-21,2602.82,Cash
220,80,2026-02-18,4785.05,Cash
221,255,2024-12-16,4368.15,Cash
222,13,2025-02-16,3078.73,Other
223,351,2024-03-23,4757.09,Bank Transfer
224,272,2024-12-20,4643.31,Credit Card
225,444,2025-08-22,4473.81,Credit Card
226,443,2024-05-27,4339.82,Bank Transfer
227,164,2024-12-30,4722.09,Bank Transfer
228,94,2024-08-05,948.41,Cash
229,156,2026-01-30,4864.27,Other
230,159,2024-10-13,3845.61,Credit Card
231,319,2026-03-03,2880.46,Bank Transfer
232,336,2024-03-28,4554.19,Insurance
233,289,2025-09-06,1035.42,Cash
234,123,2025-07-18,441.72,Insurance
235,299,2024-11-30,2956.92,Cash
236,247,2024-01-14,1778.67,Insurance
237,307,2025-01-13,3556.48,Cash
238,430,2025-03-17,4120.00,Credit Card
239,211,2024-04-24,3271.41,Cash
240,414,2024-05-23,2618.53,Insurance
241,150,2024-02-12,3539.41,Other
242,332,2024-04-25,366.04,Credit Card
243,13,2025-12-04,1909.99,Other
244,118,2025-06-27,769.06,Bank Transfer
245,161,2024-05-15,2748.87,Other
246,299,2025-09-08,3800.67,Other
247,204,2024-05-18,2551.30,Credit Card
248,4,2026-03-10,3226.68,Other
249,147,2024-02-27,1835.06,Cash
250,258,2025-01-02,284.31,Insurance
251,443,2024-02-23,2820.18,Credit Card
252,381,2024-04-19,2876.23,Credit Card
253,335,2025-02-22,314.21,Other
254,182,2026-02-01,4994.15,Other
255,216,2024-11-29,1354.05,Other
256,35,2025-07-15,4867.72,Bank Transfer
257,493,2024-01-16,2991.47,Credit Card
258,279,2025-03-14,1798.38,Bank Transfer
259,236,2024-03-12,3129.92,Credit Card
260,464,2025-05-26,3225.26,Cash
261,352,2025-01-16,1304.76,Insurance
262,157,2025-06-26,2386.03,Bank Transfer
263,205,2025-01-24,808.22,Cash
264,440,2026-03-15,4636.67,Cash
265,427,2025-01-15,1992.86,Cash
266,300,2025-10-26,4996.39,Bank Transfer
267,321,2025-02-04,4364.45,Bank Transfer
268,6,2024-04-09,735.72,Credit Card
269,470,2024-12-08,310.54,Insurance
270,322,2025-01-18,4305.79,Insurance
271,429,2024-02-26,4239.88,Bank Transfer
272,15,2024-12-23,3106.99,Other
273,437,2025-01-04,3237.40,Insurance
274,220,2024-12-03,2449.27,Other
275,109,2025-05-02,2886.02,Credit Card
276,299,2024-04-08,4637.40,Bank Transfer
277,250,2024-09-29,1167.47,Credit Card
278,449,2025-08-03,4224.49,Cash
279,361,2024-07-14,1661.75,Credit Card
280,43,2025-12-11,3964.17,Other
281,375,2025-01-31,4049.74,Cash
282,304,2024-05-07,183.19,Insurance
283,217,2026-03-11,1396.35,Cash
284,466,2026-02-21,3857.99,Bank Transfer
285,96,2024-09-14,3394.10,Credit Card
286,87,2024-03-23,548.52,Other
287,26,2024-05-13,2212.43,Insurance
288,391,2025-11-20,711.61,Insurance
289,231,2024-07-15,4960.55,Other
290,56,2026-03-12,1135.08,Credit Card
291,4,2025-09-18,4535.90,Other
292,125,2024-04-10,4983.67,Bank Transfer
293,84,2024-09-12,2479.30,Cash
294,107,2024-11-12,1960.09,Credit Card
295,378,2024-07-04,2599.12,Bank Transfer
296,325,2024-06-06,4025.45,Insurance
297,164,2025-02-17,4823.83,Other
298,202,2025-02-27,3814.04,Cash
299,383,2025-11-05,4794.27,Other
300,21,2024-02-02,295.62,Bank Transfer
301,465,2025-07-23,2900.05,Bank Transfer
302,472,2025-12-17,3780.63,Other
303,60,2024-12-01,2372.14,Bank Transfer
304,443,2024-02-24,4568.68,Bank Transfer
305,139,2024-08-14,3438.76,Bank Transfer
306,233,2025-07-07,577.35,Cash
307,493,2025-05-07,2297.77,Bank Transfer
308,318,2026-01-11,4602.74,Bank Transfer
309,451,2025-06-27,4900.36,Cash
310,178,2025-11-16,3800.58,Cash
311,490,2024-10-29,1391.94,Insurance
312,48,2025-09-02,3306.19,Bank Transfer
313,130,2024-04-23,2298.01,Cash
314,2,2025-02-20,4597.62,Insurance
315,432,2024-05-24,4557.96,Insurance
316,220,2025-07-03,2788.76,Bank Transfer
317,439,2026-03-13,1602.83,Bank Transfer
318,121,2026-03-06,4375.18,Insurance
319,113,2025-05-24,4659.25,Insurance
320,218,2025-03-19,1834.86,Other
321,456,2024-12-26,3110.50,Cash
322,87,2025-11-09,1181.73,Bank Transfer
323,473,2026-03-03,3997.77,Credit Card
324,458,2025-07-28,556.30,Insurance
325,93,2024-07-07,1936.93,Bank Transfer
326,262,2024-11-13,3088.82,Cash
327,270,2025-10-25,1990.79,Bank Transfer
328,198,2024-06-13,2765.90,Credit Card
329,207,2024-08-11,3576.03,Other
330,482,2024-03-02,3313.07,Credit Card
331,103,2024-03-29,3308.39,Cash
332,323,2024-07-23,432.30,Credit Card
333,177,2025-03-17,612.73,Cash
334,485,2025-03-30,4488.64,Credit Card
335,249,2025-06-02,1483.17,Credit Card
336,153,2024-11-10,2308.39,Other
337,404,2024-07-15,2255.79,Credit Card
338,117,2026-02-27,3121.94,Cash
339,248,2026-02-20,1932.31,Other
340,358,2025-02-21,2809.95,Credit Card
341,178,2025-06-18,2754.11,Other
342,486,2024-10-06,3324.56,Cash
343,111,2025-10-11,3540.57,Bank Transfer
344,357,2025-11-28,3419.98,Bank Transfer
345,8,2025-06-24,2264.77,Insurance
346,141,2024-01-29,4333.02,Credit Card
347,313,2025-05-03,799.84,Insurance
348,54,2026-02-02,2461.16,Insurance
349,175,2025-03-25,2451.27,Other
350,415,2024-02-26,1955.08,Other
351,460,2024-09-05,3716.83,Bank Transfer
352,77,2024-12-02,665.40,Other
353,20,2025-09-03,1615.47,Bank Transfer
354,161,2024-03-20,2945.89,Credit Card
355,149,2024-04-16,1877.19,Credit Card
356,264,2025-03-18,1222.62,Other
357,129,2024-01-07,380.03,Insurance
358,433,2026-03-02,481.28,Insurance
359,25,2025-10-27,3354.12,Bank Transfer
360,311,2024-04-30,1556.22,Bank Transfer
361,109,2024-09-08,2486.66,Bank Transfer
362,432,2024-07-02,149.35,Bank Transfer
363,196,2025-09-19,523.36,Insurance
364,482,2025-11-20,590.42,Bank Transfer
365,40,2024-12-25,4411.40,Credit Card
366,97,2025-05-01,2156.02,Other
367,139,2024-01-08,3632.97,Cash
368,104,2024-09-30,404.93,Insurance
369,260,2024-03-11,127.23,Cash
370,250,2024-04-23,2890.54,Insurance
371,329,2024-04-14,3302.09,Bank Transfer
372,463,2024-12-19,553.23,Other
373,184,2024-04-11,1434.88,Bank Transfer
374,168,2025-06-28,3885.27,Other
375,250,2024-08-05,1949.12,Cash
376,490,2025-04-23,915.46,Insurance
377,219,2026-01-13,435.53,Other
378,26,2025-07-01,1323.34,Other
379,266,2024-03-11,1943.97,Other
380,160,2025-06-26,742.61,Insurance
381,366,2024-06-22,4896.23,Cash
382,422,2025-08-31,3040.50,Insurance
383,476,2024-01-18,3948.83,Insurance
384,142,2024-09-13,1734.91,Credit Card
385,12,2025-11-09,83.93,Cash
386,134,2025-01-01,3580.37,Cash
387,346,2025-09-16,3092.64,Other
388,43,2025-06-09,2423.07,Credit Card
389,28,2024-01-30,927.88,Insurance
390,123,2026-01-01,4973.70,Insurance
391,94,2024-06-19,1073.31,Insurance
392,114,2025-03-12,3084.89,Bank Transfer
393,31,2024-09-25,4164.19,Credit Card
394,470,2025-10-26,1959.90,Cash
395,170,2025-08-22,287.96,Insurance
396,120,2024-12-31,1093.68,Credit Card
397,85,2025-03-04,3800.22,Bank Transfer
398,134,2025-08-26,1069.85,Bank Transfer
399,441,2024-08-02,4808.85,Other
400,240,2024-07-13,3855.89,Bank Transfer
401,50,2024-07-18,3401.38,Bank Transfer
402,415,2025-09-21,2957.66,Bank Transfer
403,75,2025-03-06,343.22,Insurance
404,422,2024-03-04,3589.32,Other
405,288,2025-09-29,3547.61,Credit Card
406,240,2024-09-18,4418.30,Bank Transfer
407,46,2024-09-21,3290.89,Credit Card
408,59,2025-01-31,1490.25,Cash
409,312,2025-09-21,4280.38,Credit Card
410,223,2025-01-10,2128.45,Cash
411,499,2025-10-18,4891.28,Credit Card
412,358,2025-01-04,4624.83,Credit Card
413,220,2024-02-11,258.63,Credit Card
414,277,2026-02-09,3247.35,Credit Card
415,86,2024-07-12,2627.21,Credit Card
416,185,2025-04-18,3065.62,Other
417,97,2025-07-04,3249.07,Bank Transfer
418,473,2025-08-09,1538.03,Other
419,290,2024-06-20,820.27,Cash
420,329,2025-05-09,1429.72,Insurance
421,165,2024-06-29,3002.61,Other
422,228,2025-04-14,1809.07,Bank Transfer
423,162,2024-04-14,853.85,Other
424,345,2025-09-24,3372.82,Insurance
425,104,2025-07-02,981.28,Insurance
426,209,2025-03-09,1767.93,Insurance
427,30,2024-08-03,447.41,Cash
428,41,2024-06-20,681.72,Cash
429,126,2024-08-17,3237.84,Other
430,253,2024-12-30,3940.83,Bank Transfer
431,92,2024-03-16,1541.47,Other
432,110,2024-12-09,1478.19,Bank Transfer
433,387,2026-03-13,2297.64,Other
434,260,2025-06-23,3575.22,Credit Card
435,317,2025-03-11,4433.58,Credit Card
436,288,2025-12-10,679.61,Credit Card
437,191,2024-10-20,1114.89,Other
438,439,2024-07-15,4694.26,Credit Card
439,478,2026-02-12,1731.13,Cash
440,181,2024-03-05,2476.43,Bank Transfer
441,405,2025-01-23,2128.89,Cash
442,482,2026-03-16,2191.14,Other
443,371,2025-08-10,3219.59,Credit Card
444,498,2026-02-05,1315.99,Cash
445,493,2025-01-01,2405.33,Bank Transfer
446,213,2024-04-17,135.07,Cash
447,341,2024-03-19,242.54,Credit Card
448,420,2024-01-21,853.56,Cash
449,367,2024-05-23,1087.76,Bank Transfer
450,493,2025-01-07,577.72,Cash
451,441,2025-03-03,3001.74,Credit Card
452,70,2024-07-14,808.79,Bank Transfer
453,467,2024-09-22,538.67,Credit Card
454,479,2024-06-17,2075.96,Credit Card
455,322,2024-05-16,2091.68,Credit Card
456,59,2024-10-29,1357.21,Credit Card
457,466,2025-05-01,576.69,Cash
458,137,2024-11-25,666.95,Other
459,202,2025-05-15,2740.63,Insurance
460,253,2025-07-17,2525.21,Cash
461,393,2024-03-21,3411.02,Bank Transfer
462,390,2025-09-12,547.07,Credit Card
463,217,2025-07-03,1527.64,Credit Card
464,465,2024-06-28,3546.00,Insurance
465,98,2024-12-11,1808.89,Bank Transfer
466,213,2025-09-17,3418.36,Credit Card
467,99,2026-01-04,1965.13,Other
468,362,2024-07-11,478.44,Bank Transfer
469,228,2024-03-25,2859.48,Credit Card
470,91,2024-07-24,3530.86,Cash
471,182,2024-10-27,1736.64,Credit Card
472,233,2025-07-26,3661.42,Insurance
473,328,2026-03-07,850.13,Insurance
474,4,2024-07-05,4400.27,Bank Transfer
475,220,2024-10-18,158.41,Other
476,120,2024-01-15,3131.54,Other
477,274,2025-03-19,2568.70,Cash
478,308,2026-01-11,1896.73,Insurance
479,357,2025-07-28,2211.30,Other
480,201,2025-08-06,2878.59,Other
481,112,2025-11-14,2646.82,Cash
482,292,2025-10-23,660.49,Other
483,149,2025-07-29,4851.66,Insurance
484,140,2025-02-02,632.66,Credit Card
485,494,2025-11-06,463.18,Cash
486,19,2024-05-25,1480.91,Bank Transfer
487,173,2024-04-25,2497.48,Bank Transfer
488,267,2026-02-17,2012.44,Credit Card
489,461,2025-04-08,1093.18,Credit Card
490,104,2024-06-18,4403.76,Cash
491,67,2025-05-31,3887.14,Other
492,310,2025-02-15,2071.58,Insurance
493,257,2025-03-19,4055.97,Other
494,189,2025-07-06,4174.98,Bank Transfer
495,109,2024-03-12,490.02,Credit Card
496,468,2024-03-09,343.90,Insurance
497,182,2026-02-11,466.94,Other
498,130,2025-04-17,1073.39,Other
499,479,2025-02-16,3683.59,Bank Transfer
500,384,2024-07-24,436.95,Bank Transfer
501,182,2025-03-25,2501.59,Cash
502,478,2024-07-28,3417.61,Credit Card
503,237,2024-12-04,2887.69,Cash
504,286,2025-10-06,2751.67,Other
505,391,2024-12-04,2762.63,Other
506,232,2025-09-14,985.81,Bank Transfer
507,445,2025-06-17,1532.00,Bank Transfer
508,462,2024-06-13,982.29,Bank Transfer
509,291,2024-10-10,3857.25,Credit Card
510,380,2024-04-13,885.67,Other
511,222,2024-02-16,2150.10,Cash
512,388,2025-10-01,4482.13,Cash
513,283,2024-02-15,3426.54,Cash
514,335,2025-08-11,4370.37,Other
515,300,2024-04-28,1618.98,Bank Transfer
516,382,2024-04-16,1494.46,Bank Transfer
517,404,2024-03-02,2813.86,Cash
518,341,2024-03-22,3534.97,Bank Transfer
519,246,2025-10-06,1400.15,Credit Card
520,497,2025-09-07,3455.84,Credit Card
521,402,2025-02-28,1310.56,Credit Card
522,88,2025-02-25,1550.88,Credit Card
523,164,2025-12-09,1371.36,Credit Card
524,359,2025-08-11,3712.02,Credit Card
525,147,2024-12-14,1098.82,Insurance
526,7,2024-10-23,676.14,Cash
527,275,2024-03-26,2295.07,Bank Transfer
528,71,2025-01-11,3379.84,Other
529,359,2025-12-19,4121.50,Insurance
530,271,2025-10-28,1720.23,Credit Card
531,232,2025-03-18,2540.41,Credit Card
532,10,2025-08-05,534.59,Other
533,53,2024-06-18,804.44,Insurance
534,200,2024-05-05,4681.94,Credit Card
535,400,2026-02-24,2707.64,Other
536,412,2025-05-14,57.93,Cash
537,312,2026-02-19,4218.22,Other
538,362,2024-01-16,3056.61,Credit Card
539,184,2024-04-13,4163.54,Bank Transfer
540,319,2024-03-20,420.27,Bank Transfer
541,333,2024-08-06,1216.88,Insurance
542,29,2024-05-18,3370.02,Bank Transfer
543,459,2024-07-27,1234.26,Other
544,243,2024-01-02,2680.35,Cash
545,158,2025-10-24,1216.56,Insurance
546,472,2024-12-19,2774.19,Credit Card
547,394,2025-01-11,1031.65,Cash
548,253,2024-05-21,225.62,Cash
549,166,2024-08-23,1238.63,Cash
550,4,2024-07-23,4628.55,Credit Card
551,173,2025-01-26,2898.15,Insurance
552,140,2025-03-31,3829.29,Cash
553,98,2024-08-29,396.25,Cash
554,183,2024-04-03,2994.49,Other
555,117,2025-09-16,1488.87,Other
556,385,2026-03-19,3477.15,Credit Card
557,73,2025-02-26,3297.24,Credit Card
558,45,2025-01-11,1548.03,Credit Card
559,10,2025-08-30,4408.54,Other
560,16,2024-07-30,3228.05,Bank Transfer
561,355,2025-08-05,631.62,Cash
562,183,2025-01-25,3220.94,Credit Card
563,440,2025-12-27,1926.86,Insurance
564,46,2024-07-31,2034.65,Insurance
565,452,2025-12-23,1018.97,Cash
566,383,2024-11-04,1657.87,Credit Card
567,264,2026-02-11,3212.62,Credit Card
568,72,2024-11-28,3450.35,Bank Transfer
569,262,2025-11-06,1638.92,Credit Card
570,422,2026-01-03,2998.15,Other
571,291,2024-08-04,3574.56,Other
572,435,2025-02-20,1808.67,Insurance
573,234,2024-11-18,2771.42,Credit Card
574,178,2024-06-29,640.46,Other
575,255,2024-01-01,4897.46,Insurance
576,151,2024-01-07,4775.27,Bank Transfer
577,46,2024-05-27,1021.58,Cash
578,166,2024-10-14,252.50,Bank Transfer
579,134,2025-04-16,2540.03,Cash
580,453,2025-04-08,4455.37,Cash
581,55,2025-02-13,1024.29,Insurance
582,325,2024-01-22,4795.23,Bank Transfer
583,293,2024-04-27,1300.83,Cash
584,346,2024-12-20,670.58,Other
585,322,2025-02-10,1044.98,Insurance
586,479,2024-10-31,877.30,Credit Card
587,374,2024-03-16,978.11,Insurance
588,485,2024-09-24,3436.85,Bank Transfer
589,104,2025-01-31,2457.92,Other
590,332,2026-02-25,2431.25,Insurance
591,246,2025-11-05,1563.60,Insurance
592,323,2024-07-09,1962.68,Other
593,210,2025-12-27,1012.69,Cash
594,354,2024-08-26,1070.31,Credit Card
595,250,2025-09-21,3885.66,Other
596,486,2024-05-18,4068.33,Insurance
597,1,2024-06-24,3222.86,Insurance
598,342,2025-05-10,647.10,Other
599,198,2024-03-13,1518.22,Other
600,145,2025-09-30,515.41,Other
601,181,2024-05-02,1575.57,Insurance
602,182,2025-03-08,4756.86,Insurance
603,379,2024-02-12,3991.28,Other
604,145,2025-08-20,4745.31,Credit Card
605,204,2024-01-30,4104.68,Other
606,451,2024-07-07,4211.36,Other
607,235,2025-08-02,1601.26,Insurance
608,37,2024-11-10,3904.45,Cash
609,290,2025-01-24,1943.55,Bank Transfer
610,315,2024-06-22,3122.21,Credit Card
611,81,2026-01-19,1719.87,Insurance
612,271,2025-09-05,277.57,Other
613,259,2024-12-09,3994.44,Cash
614,217,2025-08-05,123.92,Cash
615,417,2025-12-21,4398.33,Credit Card
616,147,2026-01-23,3754.78,Insurance
617,378,2026-01-16,4803.26,Cash
618,41,2024-07-07,293.87,Insurance
619,109,2024-01-26,4165.52,Credit Card
620,463,2024-08-27,4372.67,Bank Transfer
621,327,2025-08-10,4170.37,Cash
622,356,2025-12-04,739.51,Credit Card
623,488,2024-02-06,2350.25,Credit Card
624,101,2024-02-16,3957.52,Credit Card
625,191,2026-01-23,2789.57,Credit Card
626,115,2025-08-13,2727.67,Bank Transfer
627,35,2024-04-18,3508.76,Credit Card
628,321,2026-02-21,4959.81,Other
629,255,2026-02-20,3719.93,Credit Card
630,278,2025-11-08,2315.77,Credit Card
631,225,2025-07-18,4956.77,Insurance
632,225,2025-06-30,4117.04,Credit Card
633,201,2024-01-08,3192.34,Bank Transfer
634,94,2024-05-13,2986.13,Insurance
635,415,2026-02-15,4246.83,Insurance
636,169,2024-04-16,1557.72,Bank Transfer
637,408,2025-06-05,1915.17,Insurance
638,139,2024-07-21,167.01,Insurance
639,80,2024-01-24,1941.51,Cash
640,159,2025-11-23,3397.42,Other
641,326,2024-11-01,4056.97,Other
642,321,2024-05-06,2958.66,Insurance
643,73,2024-02-21,907.22,Other
644,264,2024-03-22,361.61,Cash
645,389,2024-01-05,2612.71,Credit Card
646,473,2025-10-24,1131.33,Cash
647,149,2024-03-27,2917.05,Other
648,60,2026-02-11,4950.09,Insurance
649,303,2025-02-24,1283.46,Credit Card
650,11,2025-10-02,1721.16,Cash
651,233,2026-02-10,4761.91,Other
652,492,2024-12-13,311.35,Bank Transfer
653,145,2024-09-01,4242.19,Credit Card
654,226,2024-04-09,4137.62,Other
655,86,2025-08-07,2814.32,Cash
656,73,2025-12-24,2624.41,Bank Transfer
657,391,2024-04-24,3991.12,Insurance
658,45,2025-11-21,1919.94,Credit Card
659,351,2025-02-22,4054.11,Bank Transfer
660,426,2024-02-29,2622.15,Other
661,393,2024-12-04,4909.65,Cash
662,484,2025-11-01,3275.88,Credit Card
663,68,2024-09-03,2554.38,Credit Card
664,251,2024-01-15,4895.71,Bank Transfer
665,248,2025-12-30,3340.42,Cash
666,20,2024-09-05,2405.37,Credit Card
667,90,2025-02-28,4272.48,Bank Transfer
668,308,2024-10-01,654.76,Bank Transfer
669,66,2025-01-03,4659.02,Other
670,108,2025-06-23,1782.12,Insurance
671,120,2024-11-18,2490.69,Cash
672,410,2024-05-01,2086.27,Bank Transfer
673,366,2025-03-20,2082.18,Other
674,141,2025-05-05,576.63,Credit Card
675,88,2025-12-02,4557.74,Cash
676,406,2024-04-12,3891.45,Credit Card
677,427,2025-09-10,3261.97,Bank Transfer
678,267,2026-03-01,4302.57,Bank Transfer
679,351,2024-05-03,4203.34,Other
680,189,2025-06-22,452.02,Cash
681,424,2024-02-24,514.06,Insurance
682,24,2024-05-14,997.04,Bank Transfer
683,128,2024-12-11,3187.54,Other
684,498,2025-02-10,2571.39,Other
685,304,2024-01-16,532.01,Bank Transfer
686,493,2024-02-19,2712.36,Credit Card
687,355,2024-09-05,1716.15,Credit Card
688,416,2024-03-24,2025.59,Insurance
689,203,2024-02-20,757.16,Cash
690,204,2025-07-28,2935.89,Insurance
691,271,2025-10-10,2796.02,Bank Transfer
692,446,2025-04-24,2587.29,Insurance
693,491,2024-04-01,2749.15,Other
694,102,2025-06-28,1186.26,Insurance
695,343,2025-03-30,3748.50,Bank Transfer
696,500,2024-03-31,112.49,Bank Transfer
697,243,2024-08-26,4957.30,Other
698,16,2024-07-08,4989.41,Credit Card
699,483,2024-04-06,1117.08,Cash
700,357,2024-11-01,4200.99,Credit Card
701,160,2025-10-06,4435.50,Cash
702,426,2026-01-27,1539.42,Credit Card
703,11,2024-10-07,3813.21,Bank Transfer
704,196,2025-08-03,2348.99,Other
705,152,2024-05-30,3992.22,Other
706,212,2024-08-14,1536.59,Cash
707,390,2024-01-22,4652.45,Other
708,232,2025-03-05,2653.47,Other
709,116,2024-09-09,1419.95,Cash
710,32,2024-09-21,564.76,Bank Transfer
711,46,2025-11-13,478.91,Cash
712,110,2024-01-27,2244.30,Insurance
713,440,2025-02-03,399.15,Cash
714,199,2025-12-20,4652.52,Insurance
715,351,2026-01-10,2039.59,Bank Transfer
716,438,2025-02-27,1588.50,Other
717,346,2024-05-18,3989.77,Cash
718,477,2025-09-05,2634.92,Credit Card
719,272,2024-11-12,3853.45,Cash
720,263,2024-04-18,2696.04,Other
721,202,2025-09-10,741.45,Bank Transfer
722,131,2024-09-19,325.98,Bank Transfer
723,226,2024-05-25,4260.67,Bank Transfer
724,256,2026-02-13,2332.97,Cash
725,405,2024-08-15,3913.59,Insurance
726,437,2024-07-19,3268.12,Insurance
727,79,2024-01-27,3550.47,Other
728,39,2025-02-21,87.66,Bank Transfer
729,300,2025-11-24,4611.01,Cash
730,245,2026-01-23,3519.11,Credit Card
731,35,2025-10-01,191.46,Insurance
732,29,2025-12-16,4019.23,Insurance
733,422,2025-06-23,4612.28,Credit Card
734,419,2025-03-24,714.16,Other
735,407,2025-01-06,3944.08,Other
736,111,2024-12-20,2592.31,Bank Transfer
737,373,2026-01-06,4617.19,Cash
738,414,2024-11-08,2433.04,Bank Transfer
739,356,2025-04-12,487.35,Credit Card
740,426,2025-03-02,1622.27,Bank Transfer
741,197,2025-12-10,1427.40,Insurance
742,162,2025-02-08,1979.29,Insurance
743,49,2024-12-09,2319.01,Cash
744,498,2024-03-26,4119.79,Credit Card
745,20,2025-05-21,138.85,Other
746,353,2025-11-03,137.58,Bank Transfer
747,321,2025-06-23,3851.74,Credit Card
748,392,2025-01-11,2869.91,Insurance
749,324,2025-08-26,4051.17,Insurance
750,94,2025-01-05,3621.12,Bank Transfer
751,71,2024-12-19,2329.11,Cash
752,179,2024-01-29,3571.53,Credit Card
753,97,2024-12-21,4365.18,Other
754,409,2025-10-05,2590.66,Bank Transfer
755,275,2024-02-18,4210.36,Insurance
756,34,2025-05-31,2184.02,Other
757,380,2024-07-14,3771.60,Bank Transfer
758,105,2024-10-13,4771.00,Credit Card
759,304,2025-09-09,4377.39,Insurance
760,277,2025-01-17,1123.63,Cash
761,354,2025-12-07,66.56,Credit Card
762,113,2025-08-19,2743.46,Credit Card
763,5,2025-08-01,117.77,Cash
764,25,2024-09-10,2475.44,Insurance
765,177,2025-07-21,1580.92,Other
766,339,2024-01-17,574.88,Bank Transfer
767,22,2024-12-13,2191.63,Cash
768,76,2024-12-26,2278.02,Insurance
769,20,2025-11-19,3709.70,Other
770,24,2025-09-17,1658.28,Cash
771,74,2025-11-29,4589.55,Other
772,289,2024-01-08,1392.61,Credit Card
773,203,2025-09-11,4300.78,Other
774,391,2025-08-12,4556.45,Other
775,392,2024-07-16,3853.39,Insurance
776,452,2024-09-30,2676.62,Other
777,97,2025-01-24,708.75,Other
778,466,2025-02-28,443.65,Credit Card
779,200,2025-03-31,3375.26,Insurance
780,454,2024-03-09,2304.31,Insurance
781,163,2024-07-08,3008.75,Other
782,362,2024-11-02,4670.18,Credit Card
783,353,2025-01-28,3132.78,Bank Transfer
784,438,2024-10-05,3551.21,Other
785,237,2025-07-06,2743.75,Cash
786,344,2025-10-13,1360.67,Credit Card
787,133,2024-12-01,4170.48,Insurance
788,386,2025-04-28,225.46,Cash
789,406,2025-06-30,4032.96,Insurance
790,173,2024-12-12,252.66,Insurance
791,84,2024-09-28,1511.70,Other
792,42,2025-07-10,3726.86,Other
793,273,2025-11-06,4114.73,Insurance
794,227,2025-06-12,4806.62,Bank Transfer
795,443,2024-01-26,552.04,Other
796,58,2025-08-13,1044.46,Insurance
797,32,2025-03-24,4608.75,Cash
798,153,2024-06-21,158.66,Credit Card
799,142,2025-09-30,4087.00,Other
800,440,2024-11-13,1098.38,Credit Card
801,280,2025-11-10,3833.12,Cash
802,480,2024-11-14,132.42,Insurance
803,91,2024-11-15,2400.04,Insurance
804,352,2026-01-15,1020.30,Bank Transfer
805,431,2025-03-26,4638.59,Credit Card
806,111,2025-02-24,3332.83,Insurance
807,469,2024-08-20,1201.38,Other
808,339,2025-08-07,106.97,Bank Transfer
809,164,2026-03-06,1518.75,Insurance
810,336,2025-05-27,1452.39,Credit Card
811,494,2026-02-18,934.26,Cash
812,500,2026-02-04,4711.16,Cash
813,444,2025-08-31,1643.30,Other
814,199,2025-07-29,2122.03,Insurance
815,236,2026-01-05,3343.22,Cash
816,401,2025-04-28,2853.06,Cash
817,294,2025-09-27,426.14,Other
818,313,2025-10-18,4641.80,Other
819,433,2024-10-12,2014.14,Insurance
820,35,2025-04-21,144.99,Other
821,191,2024-04-30,508.73,Cash
822,111,2026-01-01,4207.81,Insurance
823,374,2024-06-15,1626.64,Insurance
824,69,2024-03-11,330.93,Other
825,18,2024-05-25,2657.03,Bank Transfer
826,233,2026-02-15,4580.91,Other
827,499,2025-12-20,1749.98,Cash
828,13,2024-02-26,3837.54,Bank Transfer
829,141,2024-03-16,1754.70,Insurance
830,349,2024-08-31,254.25,Bank Transfer
831,373,2025-04-04,4485.09,Insurance
832,191,2025-03-20,816.05,Credit Card
833,12,2024-06-16,612.39,Bank Transfer
834,277,2025-08-04,935.42,Other
835,109,2025-07-31,3517.62,Bank Transfer
836,100,2025-04-15,194.73,Credit Card
837,329,2025-05-04,3558.87,Cash
838,495,2025-11-12,2309.16,Cash
839,344,2024-08-09,805.65,Bank Transfer
840,266,2025-09-14,1006.83,Credit Card
841,117,2025-10-25,2354.27,Insurance
842,470,2025-01-09,2131.20,Insurance
843,314,2024-10-04,4680.82,Insurance
844,444,2025-07-12,1659.67,Credit Card
845,142,2024-04-29,4839.67,Bank Transfer
846,259,2024-10-16,823.24,Other
847,310,2025-06-04,4864.12,Cash
848,455,2025-05-13,2234.47,Insurance
849,445,2025-10-10,4679.82,Insurance
850,407,2024-12-18,2671.79,Insurance
851,282,2025-01-15,2002.66,Bank Transfer
852,188,2024-03-30,3889.86,Other
853,92,2024-10-10,730.85,Other
854,124,2024-09-28,1960.30,Credit Card
855,434,2025-10-30,3103.77,Other
856,488,2025-01-06,501.45,Bank Transfer
857,74,2024-07-06,3351.78,Insurance
858,500,2024-07-31,1664.88,Cash
859,282,2025-04-23,2428.69,Insurance
860,124,2024-09-22,4969.64,Cash
861,141,2024-10-18,2820.96,Insurance
862,341,2025-05-11,2234.53,Insurance
863,482,2025-02-21,3898.90,Other
864,229,2025-11-05,3619.25,Cash
865,99,2024-03-09,2643.18,Insurance
866,437,2026-03-05,4989.54,Credit Card
867,255,2025-05-13,4374.68,Insurance
868,496,2024-02-26,4380.68,Other
869,259,2025-06-18,3365.89,Insurance
870,342,2026-01-01,3924.58,Credit Card
871,488,2024-01-10,1686.03,Cash
872,341,2024-11-28,2379.79,Bank Transfer
873,207,2024-06-28,763.99,Cash
874,208,2024-08-02,1346.24,Insurance
875,170,2024-04-04,2679.79,Insurance
876,440,2024-11-21,3870.90,Bank Transfer
877,120,2024-03-28,706.56,Bank Transfer
878,457,2024-03-14,3399.46,Credit Card
879,365,2025-06-17,670.52,Other
880,257,2025-10-19,4216.68,Other
881,25,2025-06-28,3756.23,Insurance
882,339,2025-06-05,2164.68,Cash
883,472,2025-10-16,1304.65,Insurance
884,414,2024-02-24,3927.51,Cash
885,254,2024-01-15,4009.33,Bank Transfer
886,291,2024-08-30,3089.71,Insurance
887,19,2024-04-19,4978.94,Bank Transfer
888,190,2025-12-09,4341.96,Credit Card
889,199,2024-11-11,435.34,Credit Card
890,135,2025-01-30,4786.18,Bank Transfer
891,172,2024-06-06,3456.98,Other
892,185,2026-01-05,2457.27,Insurance
893,495,2024-07-19,4601.95,Cash
894,195,2025-07-10,1230.50,Cash
895,482,2024-07-03,837.59,Insurance
896,367,2024-05-07,458.58,Cash
897,257,2024-02-21,346.33,Cash
898,383,2024-10-11,3023.76,Cash
899,17,2026-01-07,3835.69,Other
900,131,2025-03-29,4870.11,Bank Transfer
901,418,2024-12-06,1831.55,Insurance
902,127,2024-10-24,3448.91,Credit Card
903,77,2025-07-27,943.34,Other
904,35,2024-07-11,680.60,Cash
905,282,2025-10-11,1243.17,Insurance
906,298,2026-01-13,4962.52,Other
907,265,2024-09-11,1823.72,Other
908,329,2024-01-11,2645.64,Insurance
909,308,2025-06-12,4074.27,Insurance
910,106,2024-05-21,2909.26,Insurance
911,457,2024-11-19,2576.85,Bank Transfer
912,219,2024-05-25,2397.22,Credit Card
913,239,2024-02-24,3144.39,Bank Transfer
914,469,2024-11-02,1992.25,Other
915,269,2024-10-10,1771.08,Other
916,315,2026-01-13,194.07,Cash
917,195,2025-02-12,4653.47,Cash
918,294,2024-10-31,2363.49,Credit Card
919,499,2024-02-25,4091.07,Credit Card
920,473,2025-03-11,1490.52,Bank Transfer
921,258,2025-06-28,4613.91,Other
922,284,2025-05-26,928.35,Bank Transfer
923,138,2026-02-16,1537.62,Credit Card
924,43,2024-05-25,3652.97,Bank Transfer
925,408,2024-05-23,3452.29,Cash
926,297,2024-06-25,2319.73,Other
927,126,2025-12-02,2857.25,Cash
928,302,2025-06-12,505.64,Cash
929,74,2024-05-21,238.40,Cash
930,175,2025-11-02,526.91,Credit Card
931,331,2025-12-02,2563.66,Cash
932,108,2025-01-27,2572.66,Cash
933,167,2024-10-24,4209.08,Insurance
934,343,2024-12-05,867.59,Credit Card
935,251,2024-01-09,56.05,Other
936,441,2025-04-07,2515.89,Bank Transfer
937,40,2025-09-21,317.02,Cash
938,106,2024-06-29,834.19,Insurance
939,14,2025-05-02,1247.51,Insurance
940,261,2026-02-03,1470.32,Credit Card
941,219,2025-04-23,4777.90,Other
942,159,2025-03-08,1397.22,Credit Card
943,40,2026-03-06,356.23,Credit Card
944,72,2024-08-11,4922.68,Other
945,478,2025-11-10,4049.79,Bank Transfer
946,125,2025-04-02,3590.49,Insurance
947,121,2024-02-26,3747.60,Other
948,176,2025-07-04,911.41,Other
949,217,2026-01-31,1424.23,Bank Transfer
950,309,2025-09-19,2126.85,Credit Card
951,71,2024-10-04,1069.86,Credit Card
952,349,2025-11-12,4402.35,Credit Card
953,183,2025-01-09,4713.19,Other
954,315,2025-06-16,1017.47,Other
955,87,2025-12-06,1069.71,Insurance
956,279,2024-05-02,1372.81,Credit Card
957,473,2026-03-05,3853.39,Insurance
958,11,2025-11-09,2092.19,Cash
959,235,2025-05-25,4166.49,Credit Card
960,431,2024-11-03,1305.61,Bank Transfer
961,154,2026-01-23,4137.33,Insurance
962,167,2025-10-31,3032.32,Insurance
963,36,2024-04-15,1191.26,Cash
964,192,2026-02-11,3482.16,Insurance
965,410,2025-06-23,4177.43,Credit Card
966,60,2025-11-20,255.39,Bank Transfer
967,81,2025-01-31,4031.42,Bank Transfer
968,308,2026-01-12,4021.78,Credit Card
969,293,2024-10-13,4833.69,Other
970,147,2025-01-15,2592.07,Cash
971,414,2024-01-13,4011.56,Cash
972,99,2024-12-20,2796.21,Bank Transfer
973,258,2025-12-30,2407.35,Insurance
974,98,2025-11-28,977.86,Insurance
975,180,2024-02-05,4200.29,Insurance
976,325,2024-03-13,3049.41,Insurance
977,157,2024-07-07,596.69,Cash
978,89,2024-08-28,2771.48,Insurance
979,417,2024-06-15,4650.27,Other
980,489,2025-07-14,203.50,Credit Card
981,223,2025-02-28,4672.17,Bank Transfer
982,292,2025-05-20,257.19,Other
983,423,2024-11-16,2915.11,Other
984,2,2026-01-15,3683.00,Cash
985,289,2025-02-18,3332.00,Bank Transfer
986,113,2026-02-02,3327.35,Credit Card
987,177,2025-02-27,760.55,Other
988,171,2026-03-18,181.77,Cash
989,456,2024-03-20,4317.11,Other
990,242,2024-01-06,3448.04,Cash
991,21,2025-07-04,4366.48,Credit Card
992,66,2024-02-26,1826.77,Credit Card
993,384,2024-06-19,260.45,Other
994,121,2025-08-12,3606.59,Insurance
995,393,2024-02-20,2669.23,Other
996,16,2024-10-25,2152.10,Cash
997,435,2025-04-02,626.85,Cash
998,443,2024-04-04,1465.74,Other
999,93,2024-09-26,4053.80,Bank Transfer
1000,460,2025-08-01,3088.55,Cash
1001,394,2024-05-04,4527.58,Credit Card
1002,291,2024-02-15,3963.20,Insurance
1003,166,2024-02-29,3694.28,Other
1004,272,2025-10-06,3651.89,Bank Transfer
1005,237,2026-01-04,2176.56,Cash
1006,94,2025-04-21,4743.34,Credit Card
1007,63,2025-03-10,148.49,Bank Transfer
1008,28,2024-06-06,3459.16,Bank Transfer
1009,8,2025-02-07,4120.46,Credit Card
1010,65,2026-01-29,2341.93,Cash
1011,478,2025-12-08,3490.23,Bank Transfer
1012,80,2024-10-08,4578.69,Insurance
1013,312,2024-09-20,3900.73,Bank Transfer
1014,221,2024-11-02,1938.88,Insurance
1015,194,2025-04-23,2012.92,Bank Transfer
1016,211,2025-09-20,4291.74,Cash
1017,143,2024-06-18,3585.71,Bank Transfer
1018,5,2024-01-18,74.98,Cash
1019,429,2025-12-15,593.21,Insurance
1020,135,2024-07-14,2264.36,Bank Transfer
1021,251,2026-01-19,533.22,Insurance
1022,124,2025-06-03,4068.06,Credit Card
1023,491,2024-07-03,778.99,Other
1024,354,2024-08-16,1154.86,Insurance
1025,400,2026-02-28,4522.66,Credit Card
1026,446,2024-08-02,3617.36,Bank Transfer
1027,169,2024-02-15,622.25,Bank Transfer
1028,61,2025-04-27,2494.37,Bank Transfer
1029,237,2025-07-05,4996.11,Insurance
1030,41,2024-02-13,3506.65,Cash
1031,19,2024-01-20,4441.57,Other
1032,45,2024-05-05,2671.87,Insurance
1033,84,2025-10-21,3672.07,Insurance
1034,312,2026-02-09,1231.73,Credit Card
1035,321,2024-07-30,4787.48,Other
1036,341,2025-08-14,471.95,Cash
1037,66,2025-02-08,4854.08,Insurance
1038,494,2024-08-18,476.67,Bank Transfer
1039,497,2025-12-17,1770.83,Bank Transfer
1040,347,2025-06-22,286.81,Cash
1041,258,2025-05-07,1884.16,Bank Transfer
1042,236,2024-12-02,537.64,Credit Card
1043,57,2025-06-05,4648.43,Credit Card
1044,377,2026-01-11,2780.24,Credit Card
1045,252,2024-02-25,3343.22,Other
1046,144,2024-10-08,1317.80,Other
1047,478,2025-10-15,1632.43,Cash
1048,342,2024-07-21,3173.52,Cash
1049,126,2025-06-02,1866.00,Bank Transfer
1050,437,2024-04-21,2768.34,Bank Transfer
1051,91,2025-09-22,1167.56,Insurance
1052,379,2024-10-13,4954.49,Insurance
1053,24,2024-03-08,2376.18,Insurance
1054,128,2024-08-22,4212.80,Insurance
1055,339,2024-02-08,380.54,Insurance
1056,186,2024-07-16,2038.07,Bank Transfer
1057,151,2026-03-19,3635.18,Other
1058,250,2024-03-25,960.02,Other
1059,120,2024-03-21,3153.76,Other
1060,80,2025-02-01,866.89,Insurance
1061,240,2024-11-17,2121.08,Other
1062,311,2025-12-21,3090.04,Cash
1063,223,2025-12-12,159.07,Cash
1064,259,2025-03-20,3100.38,Insurance
1065,6,2025-09-17,4849.71,Insurance
1066,207,2024-04-12,470.47,Other
1067,96,2025-07-17,2907.16,Cash
1068,362,2024-01-18,4935.67,Bank Transfer
1069,258,2025-03-17,1555.89,Bank Transfer
1070,288,2024-08-31,160.69,Insurance
1071,165,2024-08-16,4943.75,Insurance
1072,102,2024-04-25,4790.95,Other
1073,443,2024-05-17,2532.90,Other
1074,209,2025-08-15,517.51,Insurance
1075,62,2025-11-06,2400.59,Insurance
1076,280,2025-03-18,1128.83,Bank Transfer
1077,338,2024-10-08,4003.00,Insurance
1078,480,2024-10-13,3354.14,Credit Card
1079,89,2024-01-30,2109.44,Other
1080,457,2026-02-17,2888.26,Credit Card
1081,174,2026-03-03,1748.48,Credit Card
1082,28,2024-01-12,1030.84,Bank Transfer
1083,274,2024-03-01,3336.13,Other
1084,398,2025-04-16,1872.78,Credit Card
1085,131,2026-02-01,1484.73,Cash
1086,369,2024-02-10,2559.44,Bank Transfer
1087,432,2024-08-26,1486.79,Other
1088,469,2025-07-13,1237.99,Cash
1089,458,2025-09-14,4177.27,Credit Card
1090,226,2026-01-12,4943.25,Insurance
1091,433,2025-03-29,2555.07,Credit Card
1092,148,2024-02-18,2508.67,Credit Card
1093,71,2025-05-28,441.03,Other
1094,46,2025-01-30,3327.63,Cash
1095,461,2025-05-17,2286.99,Cash
1096,62,2024-01-07,1168.24,Cash
1097,90,2024-02-24,4823.13,Insurance
1098,447,2024-08-12,2211.93,Insurance
1099,160,2024-11-23,2302.27,Bank Transfer
1100,55,2025-04-30,3151.81,Cash
1101,258,2024-10-05,3212.24,Cash
1102,10,2024-03-04,189.94,Cash
1103,449,2024-04-02,1176.92,Cash
1104,427,2025-12-04,3209.01,Cash
1105,142,2025-07-14,2964.40,Bank Transfer
1106,469,2024-01-09,444.46,Credit Card
1107,428,2026-03-17,3865.47,Other
1108,83,2024-04-21,1808.37,Other
1109,443,2026-01-13,4405.23,Other
1110,77,2025-04-22,3850.91,Credit Card
1111,137,2024-10-22,1286.53,Insurance
1112,364,2025-03-06,4755.33,Bank Transfer
1113,194,2024-03-18,2612.65,Bank Transfer
1114,219,2025-07-28,2888.38,Cash
1115,192,2025-12-05,3194.56,Credit Card
1116,106,2025-02-10,4722.85,Other
1117,390,2025-03-29,1582.37,Cash
1118,477,2025-10-06,4815.35,Cash
1119,150,2025-06-11,2333.86,Cash
1120,309,2024-07-08,3501.86,Other
1121,386,2024-01-16,4335.25,Credit Card
1122,115,2025-06-18,4445.61,Insurance
1123,178,2025-03-08,650.38,Insurance
1124,274,2025-10-12,4026.25,Other
1125,194,2025-07-10,4440.21,Credit Card
1126,194,2025-02-16,2086.57,Other
1127,298,2024-05-01,1955.92,Other
1128,433,2025-08-03,4367.92,Insurance
1129,446,2025-04-08,3386.58,Other
1130,416,2025-10-11,2150.43,Insurance
1131,182,2025-04-11,4605.14,Bank Transfer
1132,475,2025-07-05,3680.01,Bank Transfer
1133,431,2025-09-03,2277.10,Bank Transfer
1134,308,2025-04-20,2477.69,Insurance
1135,110,2025-12-09,3343.61,Other
1136,9,2024-02-10,4517.13,Bank Transfer
1137,18,2026-01-19,4084.07,Other
1138,69,2024-07-15,3295.50,Credit Card
1139,400,2025-05-01,1213.26,Credit Card
1140,290,2024-09-01,1431.27,Bank Transfer
1141,354,2024-04-05,4636.65,Credit Card
1142,223,2025-05-25,2833.83,Insurance
1143,418,2024-12-11,2271.55,Insurance
1144,126,2025-10-22,4104.41,Bank Transfer
1145,134,2025-02-16,64.95,Bank Transfer
1146,80,2024-03-24,4866.60,Credit Card
1147,70,2024-03-09,1280.30,Cash
1148,327,2024-12-06,2594.08,Insurance
1149,349,2025-07-27,2939.75,Other
1150,269,2024-01-16,4916.52,Credit Card
1151,302,2025-11-03,4093.27,Bank Transfer
1152,398,2026-02-08,4359.66,Insurance
1153,204,2025-09-25,3795.16,Cash
1154,263,2025-06-19,2710.52,Insurance
1155,417,2025-12-01,207.82,Other
1156,375,2025-08-19,3641.79,Other
1157,402,2026-01-13,100.26,Credit Card
1158,97,2025-12-02,3328.06,Cash
1159,178,2026-01-28,1446.08,Bank Transfer
1160,151,2025-10-01,439.74,Insurance
1161,159,2025-04-10,65.11,Other
1162,498,2024-10-19,2729.11,Insurance
1163,250,2024-05-07,603.42,Insurance
1164,387,2026-02-28,833.86,Other
1165,271,2025-10-08,1615.17,Other
1166,194,2024-09-02,1317.69,Insurance
1167,192,2026-03-17,4871.11,Cash
1168,497,2025-09-23,1290.53,Insurance
1169,478,2024-05-24,3174.14,Insurance
1170,494,2025-04-11,933.57,Cash
1171,259,2025-09-13,1928.21,Other
1172,341,2025-05-19,331.19,Credit Card
1173,74,2024-04-13,1892.32,Insurance
1174,218,2025-04-04,356.23,Other
1175,40,2025-06-07,2352.21,Insurance
1176,57,2024-01-08,1375.43,Bank Transfer
1177,367,2025-09-16,2882.73,Other
1178,82,2026-01-03,4457.66,Insurance
1179,415,2024-03-21,4554.78,Other
1180,282,2025-11-15,4887.70,Credit Card
1181,89,2024-03-21,1249.36,Other
1182,299,2025-10-25,2018.07,Bank Transfer
1183,18,2024-07-14,4598.26,Insurance
1184,56,2025-10-11,494.92,Credit Card
1185,152,2024-04-02,4694.46,Insurance
1186,461,2025-12-24,1320.98,Cash
1187,143,2025-02-21,4185.31,Bank Transfer
1188,187,2024-11-03,1671.93,Credit Card
1189,491,2024-09-10,4303.92,Bank Transfer
1190,187,2025-08-24,421.22,Bank Transfer
1191,382,2025-09-26,481.27,Insurance
1192,208,2024-07-17,166.36,Credit Card
1193,196,2024-07-23,1201.84,Insurance
1194,367,2024-11-11,2569.41,Bank Transfer
1195,10,2024-02-25,2259.95,Bank Transfer
1196,135,2024-08-01,1661.60,Bank Transfer
1197,434,2025-10-29,57.13,Other
1198,45,2025-02-27,1861.17,Insurance
1199,133,2025-04-17,147.42,Insurance
1200,334,2025-03-21,3085.99,Insurance
1201,249,2025-06-03,3144.07,Credit Card
1202,136,2024-03-07,1579.24,Bank Transfer
1203,77,2024-10-07,4743.70,Bank Transfer
1204,281,2025-03-19,1409.79,Other
1205,34,2025-12-02,4111.60,Credit Card
1206,178,2024-01-26,2875.17,Bank Transfer
1207,101,2024-12-25,3687.61,Cash
1208,427,2025-06-17,1422.57,Insurance
1209,481,2024-08-01,3012.94,Other
1210,365,2024-09-20,3203.06,Insurance
1211,187,2024-04-10,3909.32,Credit Card
1212,75,2025-04-11,474.69,Cash
1213,154,2025-09-25,3294.67,Cash
1214,444,2024-06-26,2174.85,Bank Transfer
1215,386,2024-08-29,4831.56,Bank Transfer
1216,388,2025-04-28,3571.06,Other
1217,288,2024-04-10,2900.50,Credit Card
1218,332,2024-01-18,1843.74,Other
1219,49,2025-01-27,4301.18,Credit Card
1220,291,2025-11-23,3685.91,Credit Card
1221,338,2024-09-06,4100.27,Insurance
1222,66,2024-11-21,2933.53,Credit Card
1223,69,2025-07-19,2171.05,Insurance
1224,383,2026-03-15,642.63,Other
1225,87,2025-12-26,1500.74,Other
1226,381,2024-04-20,742.99,Credit Card
1227,2,2024-01-28,2166.66,Credit Card
1228,389,2025-06-28,607.74,Credit Card
1229,467,2025-11-02,3131.85,Bank Transfer
1230,187,2024-04-28,2101.46,Other
1231,46,2025-05-20,2278.22,Cash
1232,350,2026-01-02,2886.78,Cash
1233,252,2025-09-27,4058.20,Cash
1234,242,2024-05-24,3084.05,Credit Card
1235,122,2024-08-21,4732.36,Bank Transfer
1236,290,2024-05-05,1282.08,Credit Card
1237,186,2024-07-30,457.47,Bank Transfer
1238,127,2024-12-26,2187.26,Other
1239,440,2025-04-16,3611.68,Bank Transfer
1240,182,2025-12-15,4153.44,Cash
1241,395,2024-10-06,3607.78,Cash
1242,295,2024-09-16,562.47,Insurance
1243,341,2025-05-23,495.78,Insurance
1244,282,2024-06-18,2682.70,Other
1245,276,2024-06-26,433.72,Credit Card
1246,149,2024-10-19,1961.52,Credit Card
1247,417,2024-04-09,2030.88,Insurance
1248,67,2025-09-04,2466.63,Credit Card
1249,268,2025-03-17,4273.71,Bank Transfer
1250,330,2025-12-14,4805.44,Insurance
1251,450,2024-08-24,750.48,Credit Card
1252,112,2024-05-22,4792.11,Bank Transfer
1253,82,2025-03-19,1039.76,Other
1254,372,2024-08-07,1994.08,Cash
1255,82,2024-12-14,1294.30,Bank Transfer
1256,176,2024-05-19,4672.63,Insurance
1257,482,2025-07-08,1436.56,Bank Transfer
1258,313,2024-01-08,1423.75,Insurance
1259,145,2025-12-14,496.88,Insurance
1260,160,2024-08-07,1401.79,Cash
1261,2,2024-12-18,2318.30,Bank Transfer
1262,342,2026-01-19,216.47,Bank Transfer
1263,94,2026-02-12,1781.48,Credit Card
1264,297,2024-09-09,3178.69,Bank Transfer
1265,154,2024-10-02,3330.65,Credit Card
1266,143,2026-01-14,1902.34,Other
1267,487,2025-08-24,1876.77,Cash
1268,386,2025-07-17,3277.86,Other
1269,231,2025-05-09,1624.77,Bank Transfer
1270,253,2024-05-19,3599.14,Cash
1271,381,2024-11-25,3360.58,Cash
1272,467,2025-03-14,2146.41,Bank Transfer
1273,406,2025-12-31,52.63,Insurance
1274,481,2024-06-26,976.64,Bank Transfer
1275,100,2025-11-06,4172.08,Insurance
1276,64,2024-09-22,3082.52,Bank Transfer
1277,281,2025-05-02,866.82,Other
1278,129,2025-08-21,4834.68,Insurance
1279,60,2024-12-22,900.89,Other
1280,447,2026-02-13,3440.02,Credit Card
1281,3,2024-11-26,3769.81,Other
1282,69,2026-01-15,304.10,Other
1283,438,2024-02-18,2568.14,Cash
1284,371,2025-04-30,3224.77,Cash
1285,305,2025-05-28,2596.37,Credit Card
1286,88,2024-02-06,2922.35,Credit Card
1287,183,2024-06-30,3149.27,Cash
1288,332,2025-12-21,4017.59,Bank Transfer
1289,393,2024-05-27,1017.87,Bank Transfer
1290,348,2024-09-22,2481.02,Cash
1291,109,2024-02-20,3662.29,Insurance
1292,444,2026-03-08,2926.17,Other
1293,434,2025-08-17,105.60,Bank Transfer
1294,45,2024-01-24,126.52,Credit Card
1295,87,2025-05-05,3008.54,Credit Card
1296,433,2025-01-04,4195.75,Other
1297,500,2026-03-19,2874.61,Other
1298,461,2025-06-22,1275.79,Other
1299,354,2026-01-26,3353.92,Credit Card
1300,87,2025-03-17,3959.88,Credit Card
1301,92,2024-06-23,1533.26,Other
1302,3,2025-10-26,2365.53,Cash
1303,7,2024-08-26,2431.79,Other
1304,54,2025-05-17,573.72,Bank Transfer
1305,26,2025-01-23,2733.36,Credit Card
1306,151,2025-01-25,116.84,Other
1307,457,2025-07-29,3991.19,Bank Transfer
1308,421,2025-08-12,850.17,Cash
1309,278,2024-11-30,629.48,Bank Transfer
1310,44,2026-03-10,974.59,Other
1311,214,2025-01-27,4813.63,Cash
1312,494,2025-08-09,2937.73,Insurance
1313,495,2025-12-07,1484.28,Bank Transfer
1314,471,2024-04-22,558.86,Insurance
1315,57,2025-01-17,4962.41,Cash
1316,121,2025-02-19,1513.70,Other
1317,369,2025-05-15,1278.12,Credit Card
1318,357,2024-12-18,3087.66,Cash
1319,387,2024-04-18,772.66,Other
1320,295,2025-03-12,2555.39,Other
1321,354,2024-07-27,1381.91,Credit Card
1322,358,2024-05-18,4929.80,Insurance
1323,277,2025-11-07,2160.62,Insurance
1324,39,2024-12-09,1595.59,Credit Card
1325,415,2026-01-19,4117.97,Bank Transfer
1326,345,2025-09-27,4619.45,Other
1327,389,2024-11-27,4025.83,Cash
1328,404,2025-08-18,1545.00,Insurance
1329,27,2024-02-15,2365.26,Cash
1330,308,2024-03-26,3721.47,Cash
1331,119,2025-01-10,983.85,Insurance
1332,418,2024-08-16,4518.54,Other
1333,77,2024-04-27,3146.30,Insurance
1334,92,2024-07-25,1365.25,Bank Transfer
1335,386,2025-10-08,478.95,Bank Transfer
1336,273,2026-01-08,4658.11,Insurance
1337,216,2024-09-10,4099.23,Cash
1338,338,2025-10-26,1396.84,Credit Card
1339,278,2025-04-22,329.53,Cash
1340,33,2024-12-17,1554.30,Cash
1341,58,2025-12-14,2633.57,Other
1342,318,2024-12-12,3078.51,Other
1343,364,2024-04-27,3138.61,Insurance
1344,167,2025-11-18,2924.26,Cash
1345,244,2024-07-29,1202.24,Insurance
1346,217,2024-11-08,2766.15,Bank Transfer
1347,115,2024-03-31,1129.11,Insurance
1348,462,2024-09-27,164.82,Cash
1349,359,2024-04-05,2855.77,Cash
1350,456,2024-04-29,4137.59,Cash
1351,460,2025-02-23,1277.68,Credit Card
1352,93,2024-10-07,4196.84,Credit Card
1353,82,2025-01-28,1769.29,Bank Transfer
1354,495,2025-08-05,4124.02,Bank Transfer
1355,42,2025-11-13,2593.51,Other
1356,62,2025-10-19,2917.41,Other
1357,335,2025-11-10,1685.18,Bank Transfer
1358,34,2025-04-05,3010.67,Bank Transfer
1359,146,2024-09-01,2033.49,Other
1360,463,2026-03-20,251.97,Credit Card
1361,139,2025-01-10,3032.13,Bank Transfer
1362,274,2025-08-31,1064.36,Bank Transfer
1363,316,2024-10-06,294.56,Cash
1364,312,2024-03-12,215.62,Cash
1365,214,2025-08-23,1663.07,Other
1366,277,2024-04-05,3034.25,Credit Card
1367,97,2024-07-14,474.51,Insurance
1368,302,2026-02-15,883.80,Insurance
1369,148,2024-01-18,3823.15,Credit Card
1370,363,2024-02-19,2262.43,Cash
1371,173,2025-07-31,4102.43,Other
1372,14,2025-11-02,4734.56,Bank Transfer
1373,11,2025-06-12,620.88,Insurance
1374,230,2024-04-22,334.06,Cash
1375,227,2025-09-30,1910.44,Cash
1376,10,2024-11-29,3046.28,Cash
1377,277,2025-01-26,1674.39,Insurance
1378,149,2025-08-16,1394.09,Bank Transfer
1379,365,2025-06-29,1018.71,Credit Card
1380,44,2025-06-21,1853.38,Insurance
1381,198,2026-01-20,3598.22,Bank Transfer
1382,453,2025-08-01,4824.62,Bank Transfer
1383,471,2025-04-18,4779.52,Cash
1384,407,2024-05-31,3856.36,Insurance
1385,265,2025-07-15,2594.14,Cash
1386,4,2025-04-25,3157.24,Other
1387,448,2025-01-19,4966.62,Credit Card
1388,91,2024-03-01,450.58,Insurance
1389,21,2025-10-05,4086.57,Cash
1390,252,2025-10-04,3893.73,Cash
1391,238,2026-01-26,2147.92,Credit Card
1392,494,2026-01-05,905.37,Bank Transfer
1393,470,2025-06-27,2744.14,Cash
1394,332,2026-01-28,3597.83,Other
1395,333,2024-04-29,868.80,Insurance
1396,238,2025-03-04,537.58,Bank Transfer
1397,436,2024-04-07,2750.32,Insurance
1398,258,2024-09-29,1589.74,Bank Transfer
1399,200,2025-04-24,2201.94,Cash
1400,32,2024-09-17,4355.60,Credit Card
1401,412,2024-12-19,3060.92,Insurance
1402,162,2025-05-23,507.69,Bank Transfer
1403,132,2024-11-01,4378.84,Other
1404,155,2025-03-27,2862.48,Bank Transfer
1405,45,2025-09-01,1985.18,Bank Transfer
1406,294,2025-09-22,138.30,Cash
1407,425,2025-11-06,3533.16,Cash
1408,355,2025-08-24,4786.36,Bank Transfer
1409,156,2025-10-22,1538.46,Other
1410,217,2024-06-23,3263.37,Bank Transfer
1411,75,2024-04-22,2133.97,Credit Card
1412,283,2025-09-21,2310.92,Credit Card
1413,407,2025-08-19,4881.97,Cash
1414,235,2025-02-17,1982.35,Insurance
1415,249,2024-12-31,3522.77,Bank Transfer
1416,330,2024-10-31,949.59,Credit Card
1417,54,2026-02-23,1637.79,Other
1418,304,2025-05-20,94.82,Bank Transfer
1419,402,2025-07-24,375.22,Credit Card
1420,143,2025-01-12,3797.67,Insurance
1421,225,2025-07-17,1207.23,Credit Card
1422,168,2024-02-13,3394.26,Other
1423,216,2026-01-22,2582.30,Cash
1424,292,2024-05-22,4959.38,Insurance
1425,62,2026-02-21,3893.32,Insurance
1426,88,2024-07-30,4289.90,Other
1427,331,2024-08-22,1822.72,Insurance
1428,1,2024-03-27,2332.51,Insurance
1429,89,2025-03-02,1749.39,Other
1430,35,2024-07-27,679.51,Insurance
1431,51,2024-07-13,1710.56,Bank Transfer
1432,481,2024-05-19,4134.13,Cash
1433,43,2025-11-18,4937.10,Other
1434,66,2024-08-06,1051.15,Credit Card
1435,330,2025-10-04,4540.16,Cash
1436,86,2024-11-28,4318.09,Credit Card
1437,23,2024-10-09,4158.53,Insurance
1438,242,2026-01-21,1578.90,Insurance
1439,49,2025-07-11,4624.27,Bank Transfer
1440,113,2024-08-26,610.30,Cash
1441,175,2025-02-17,1510.34,Other
1442,113,2024-11-27,4258.16,Credit Card
1443,487,2026-01-26,2799.96,Insurance
1444,174,2024-07-16,3447.87,Other
1445,133,2025-07-09,4671.47,Credit Card
1446,122,2025-01-22,1474.06,Credit Card
1447,57,2024-12-18,793.05,Other
1448,213,2024-09-16,1851.03,Other
1449,240,2026-02-08,362.49,Insurance
1450,100,2025-10-27,3077.04,Cash
1451,107,2024-05-15,846.87,Insurance
1452,389,2025-07-19,3578.93,Other
1453,24,2025-04-22,65.46,Other
1454,80,2024-03-26,4167.50,Bank Transfer
1455,173,2025-05-16,1351.14,Cash
1456,460,2024-05-17,4742.21,Bank Transfer
1457,52,2024-07-01,564.02,Other
1458,98,2025-12-10,1015.40,Cash
1459,438,2025-10-29,435.87,Other
1460,366,2024-03-15,2984.81,Bank Transfer
1461,137,2025-12-15,3560.22,Bank Transfer
1462,452,2025-04-29,4482.75,Insurance
1463,476,2025-08-18,3788.28,Insurance
1464,78,2024-12-18,1048.07,Insurance
1465,427,2024-04-15,556.97,Cash
1466,384,2024-05-19,263.86,Bank Transfer
1467,500,2025-01-10,3465.33,Insurance
1468,355,2024-10-01,654.60,Insurance
1469,175,2025-01-24,1755.32,Other
1470,370,2024-06-25,1080.54,Cash
1471,25,2024-05-13,965.33,Credit Card
1472,67,2024-08-24,4841.15,Insurance
1473,47,2025-02-16,4957.10,Bank Transfer
1474,117,2024-08-10,3327.24,Credit Card
1475,377,2025-12-11,1810.19,Cash
1476,416,2025-09-05,3131.70,Insurance
1477,321,2026-01-31,841.26,Cash
1478,34,2024-03-11,1617.82,Other
1479,83,2025-03-28,3772.19,Cash
1480,430,2025-09-22,4659.20,Other
1481,109,2026-01-12,324.96,Insurance
1482,220,2025-10-07,1320.49,Cash
1483,325,2026-01-01,3507.09,Cash
1484,373,2026-03-02,512.49,Credit Card
1485,39,2024-02-11,435.08,Other
1486,445,2024-04-27,202.87,Bank Transfer
1487,201,2024-02-06,287.85,Bank Transfer
1488,96,2025-10-25,4621.40,Bank Transfer
1489,300,2024-12-14,4148.86,Insurance
1490,274,2025-02-14,3564.83,Cash
1491,11,2024-07-24,2764.13,Other
1492,184,2024-08-03,2387.27,Credit Card
1493,70,2025-04-15,3873.97,Other
1494,118,2025-08-10,4533.91,Other
1495,5,2024-06-19,1735.65,Credit Card
1496,93,2024-11-10,1375.90,Other
1497,279,2024-01-23,2484.00,Insurance
1498,307,2026-01-12,3568.74,Bank Transfer
1499,237,2025-04-29,3982.04,Bank Transfer
1500,160,2024-08-06,2880.30,Other
1501,489,2024-06-17,2792.94,Cash
1502,132,2025-03-09,1218.36,Cash
1503,86,2025-11-02,3867.47,Bank Transfer
1504,351,2024-08-30,1332.89,Bank Transfer
1505,298,2025-12-21,3418.11,Cash
1506,486,2024-03-19,2060.74,Other
1507,136,2025-11-26,4041.65,Other
1508,349,2024-05-03,2812.18,Credit Card
1509,84,2024-08-06,3232.42,Bank Transfer
1510,348,2024-10-04,3190.05,Bank Transfer
1511,143,2025-04-09,3955.71,Bank Transfer
1512,275,2024-11-07,2650.02,Insurance
1513,399,2025-09-26,3965.76,Bank Transfer
1514,155,2024-12-02,447.86,Bank Transfer
1515,91,2024-04-30,3165.14,Insurance
1516,72,2025-09-27,3727.54,Cash
1517,132,2024-05-15,1928.20,Cash
1518,246,2024-03-06,1136.12,Other
1519,44,2024-10-03,1209.82,Other
1520,67,2025-03-27,2045.94,Bank Transfer
1521,340,2025-02-10,620.55,Credit Card
1522,109,2026-01-20,3025.34,Bank Transfer
1523,136,2025-01-10,3711.95,Credit Card
1524,459,2024-12-09,3635.75,Cash
1525,429,2024-07-31,2235.38,Cash
1526,422,2025-02-27,3980.16,Insurance
1527,327,2025-11-14,1127.81,Other
1528,493,2025-11-23,2331.26,Cash
1529,124,2025-09-18,3078.75,Credit Card
1530,131,2025-02-13,2818.57,Credit Card
1531,27,2026-01-01,2420.44,Credit Card
1532,289,2024-04-28,4092.83,Cash
1533,390,2025-11-06,3926.66,Other
1534,488,2024-07-13,2767.58,Credit Card
1535,265,2025-12-01,2843.94,Cash
1536,262,2026-01-08,1093.30,Bank Transfer
1537,7,2025-03-29,1219.34,Other
1538,156,2025-06-28,3210.89,Bank Transfer
1539,174,2024-01-12,1848.07,Insurance
1540,261,2024-05-01,1761.31,Cash
1541,136,2025-02-28,708.91,Other
1542,171,2025-02-08,3859.31,Insurance
1543,83,2024-03-14,2373.92,Insurance
1544,475,2024-06-14,3390.83,Credit Card
1545,159,2024-08-23,4099.21,Cash
1546,491,2024-11-08,1382.19,Bank Transfer
1547,210,2024-12-25,462.25,Bank Transfer
1548,304,2025-09-08,2289.34,Credit Card
1549,333,2024-02-05,394.96,Bank Transfer
1550,198,2026-02-06,1101.52,Other
1551,134,2024-11-25,1655.42,Bank Transfer
1552,410,2024-01-04,491.83,Credit Card
1553,72,2024-03-16,4542.26,Other
1554,332,2025-05-29,1519.76,Cash
1555,105,2024-03-21,684.31,Cash
1556,492,2025-01-01,4386.18,Credit Card
1557,29,2025-07-20,2890.95,Other
1558,365,2024-08-27,167.81,Other
1559,360,2024-06-04,3285.93,Credit Card
1560,78,2025-12-30,245.93,Bank Transfer
1561,450,2024-03-11,4056.59,Insurance
1562,209,2026-03-12,2981.01,Cash
1563,420,2025-11-27,2049.09,Other
1564,104,2025-12-14,2760.06,Other
1565,85,2025-01-22,3552.08,Insurance
1566,149,2024-03-02,3434.21,Cash
1567,342,2024-01-08,3011.77,Insurance
1568,250,2024-08-14,1672.32,Bank Transfer
1569,298,2025-11-05,2077.06,Bank Transfer
1570,341,2025-09-04,1782.69,Cash
1571,375,2024-04-28,748.55,Credit Card
1572,187,2024-12-06,4587.27,Cash
1573,61,2024-06-14,1723.59,Bank Transfer
1574,351,2024-07-22,2186.68,Bank Transfer
1575,200,2025-03-15,2928.36,Insurance
1576,32,2025-03-12,2404.07,Bank Transfer
1577,469,2025-03-21,1527.29,Cash
1578,108,2025-10-06,477.21,Other
1579,90,2024-07-06,641.63,Other
1580,373,2024-09-23,4553.17,Bank Transfer
1581,488,2026-02-11,3504.40,Credit Card
1582,10,2024-12-21,1906.15,Credit Card
1583,84,2024-04-13,2013.41,Other
1584,430,2024-11-28,4402.17,Bank Transfer
1585,163,2024-01-01,812.95,Other
1586,146,2025-01-11,118.03,Other
1587,418,2024-08-01,3649.98,Cash
1588,237,2024-06-11,786.54,Other
1589,258,2024-10-15,3919.47,Other
1590,103,2025-08-16,791.41,Other
1591,325,2025-07-26,3667.71,Insurance
1592,449,2025-02-01,2551.92,Other
1593,8,2024-04-10,204.15,Bank Transfer
1594,482,2026-02-26,4451.80,Credit Card
1595,272,2024-12-18,1461.23,Bank Transfer
1596,376,2024-07-19,208.35,Credit Card
1597,339,2024-08-04,3746.68,Insurance
1598,53,2024-09-17,4347.27,Cash
1599,222,2026-03-17,4667.34,Credit Card
1600,335,2025-03-31,138.41,Credit Card
1601,255,2024-09-23,3541.98,Cash
1602,24,2025-11-05,4438.40,Bank Transfer
1603,28,2024-07-06,3266.67,Bank Transfer
1604,412,2026-03-16,73.06,Insurance
1605,292,2025-09-20,4979.03,Other
1606,466,2025-03-29,2394.75,Other
1607,263,2024-03-26,283.39,Bank Transfer
1608,261,2025-01-13,2949.21,Bank Transfer
1609,396,2025-09-03,172.41,Bank Transfer
1610,443,2024-09-28,894.76,Bank Transfer
1611,285,2026-02-14,2263.23,Bank Transfer
1612,325,2024-02-15,1576.15,Bank Transfer
1613,256,2024-04-16,1338.37,Other
1614,441,2026-02-14,4541.73,Other
1615,238,2025-05-14,4083.28,Bank Transfer
1616,434,2026-03-15,433.75,Insurance
1617,313,2025-08-25,4158.94,Credit Card
1618,303,2024-04-27,4678.32,Credit Card
1619,234,2025-10-09,3851.12,Cash
1620,322,2024-03-05,2019.93,Other
1621,145,2025-11-21,118.27,Insurance
1622,434,2025-02-17,3463.64,Credit Card
1623,6,2026-03-10,3134.28,Other
1624,159,2025-04-27,3883.63,Other
1625,52,2024-11-08,557.25,Bank Transfer
1626,336,2025-08-13,970.56,Other
1627,155,2024-05-21,2362.98,Insurance
1628,252,2025-04-12,1426.91,Insurance
1629,173,2024-09-04,3904.14,Bank Transfer
1630,470,2025-02-21,3688.18,Insurance
1631,285,2024-12-17,4145.21,Credit Card
1632,351,2025-03-29,551.58,Bank Transfer
1633,122,2025-02-10,386.92,Cash
1634,49,2025-02-18,4035.34,Bank Transfer
1635,301,2025-01-15,4953.33,Credit Card
1636,160,2024-03-13,4532.49,Cash
1637,221,2025-06-18,2494.94,Insurance
1638,281,2024-06-16,1606.81,Credit Card
1639,140,2026-01-19,3711.10,Credit Card
1640,167,2024-03-30,99.84,Cash
1641,14,2024-06-18,3307.22,Other
1642,268,2024-07-26,3483.45,Bank Transfer
1643,293,2025-11-13,3877.05,Bank Transfer
1644,40,2024-02-24,469.95,Credit Card
1645,24,2024-03-24,3252.39,Bank Transfer
1646,240,2024-09-21,3516.33,Cash
1647,161,2025-12-04,2401.62,Insurance
1648,50,2025-08-25,4355.65,Bank Transfer
1649,454,2024-05-12,984.65,Other
1650,29,2024-07-09,3707.69,Credit Card
1651,132,2024-11-25,4028.15,Other
1652,79,2024-09-25,4286.41,Insurance
1653,384,2024-01-09,2569.18,Cash
1654,384,2025-05-25,263.84,Credit Card
1655,237,2025-06-13,3236.60,Bank Transfer
1656,230,2024-10-02,3674.66,Insurance
1657,356,2024-10-22,859.74,Bank Transfer
1658,92,2025-11-24,1582.47,Insurance
1659,32,2024-06-25,1961.55,Cash
1660,323,2024-11-22,4128.27,Bank Transfer
1661,205,2025-02-19,2210.05,Credit Card
1662,472,2024-01-02,2444.77,Credit Card
1663,293,2025-04-15,788.17,Credit Card
1664,359,2024-04-28,3614.84,Other
1665,332,2025-03-24,4882.94,Other
1666,451,2025-02-24,4712.93,Credit Card
1667,107,2024-11-05,3786.78,Bank Transfer
1668,180,2024-08-24,2931.74,Bank Transfer
1669,448,2024-02-17,2767.24,Other
1670,458,2025-10-31,150.79,Credit Card
1671,489,2025-06-09,3610.51,Bank Transfer
1672,200,2025-12-18,4292.19,Other
1673,24,2024-05-21,2807.77,Bank Transfer
1674,1,2024-06-06,2281.14,Credit Card
1675,215,2025-12-09,702.80,Insurance
1676,283,2026-01-04,4545.56,Other
1677,460,2024-10-30,588.52,Bank Transfer
1678,414,2025-04-13,3017.36,Bank Transfer
1679,147,2025-04-11,1665.04,Bank Transfer
1680,121,2025-05-17,3183.26,Credit Card
1681,206,2025-10-15,138.58,Insurance
1682,11,2025-07-06,3862.86,Credit Card
1683,128,2025-11-30,2612.00,Cash
1684,491,2025-11-30,130.59,Credit Card
1685,305,2025-04-28,2704.85,Insurance
1686,327,2025-05-08,3667.20,Other
1687,72,2025-10-02,1377.08,Bank Transfer
1688,324,2024-11-17,1052.53,Other
1689,76,2024-06-01,945.87,Credit Card
1690,62,2024-05-10,2594.41,Cash
1691,205,2025-09-30,153.35,Bank Transfer
1692,420,2025-07-03,4105.43,Credit Card
1693,368,2024-06-02,1176.84,Insurance
1694,74,2024-08-18,1559.60,Credit Card
1695,138,2024-03-14,4498.14,Insurance
1696,436,2024-02-29,2602.97,Other
1697,269,2025-10-21,3354.07,Bank Transfer
1698,388,2025-07-10,2941.33,Other
1699,139,2025-07-08,4691.20,Credit Card
1700,344,2024-06-17,1112.34,Credit Card
1701,65,2024-06-29,2535.46,Bank Transfer
1702,218,2026-02-11,4296.06,Insurance
1703,62,2025-09-08,2939.33,Insurance
1704,42,2024-02-16,2566.17,Cash
1705,393,2025-06-05,2030.10,Credit Card
1706,480,2024-04-23,1237.44,Credit Card
1707,229,2026-02-09,3479.64,Credit Card
1708,42,2026-03-08,1336.82,Bank Transfer
1709,423,2024-11-05,1323.91,Credit Card
1710,80,2025-05-04,188.04,Cash
1711,448,2024-09-27,4953.13,Other
1712,471,2025-11-28,3203.21,Insurance
1713,411,2024-09-26,3872.74,Credit Card
1714,466,2024-06-28,3305.26,Other
1715,350,2025-04-08,1043.17,Credit Card
1716,252,2024-09-16,2599.80,Bank Transfer
1717,332,2024-02-23,2647.06,Insurance
1718,430,2024-10-02,4240.72,Credit Card
1719,376,2024-02-21,3771.21,Cash
1720,205,2025-11-05,71.93,Other
1721,127,2024-01-03,3213.34,Insurance
1722,250,2024-09-06,4776.88,Insurance
1723,248,2026-02-17,1848.97,Other
1724,183,2025-08-18,2618.11,Insurance
1725,489,2024-04-05,3649.61,Bank Transfer
1726,240,2024-08-27,1170.11,Bank Transfer
1727,114,2025-05-28,1098.77,Other
1728,495,2024-02-08,962.52,Other
1729,371,2026-02-05,2980.99,Bank Transfer
1730,401,2025-11-22,327.29,Insurance
1731,305,2026-01-18,1482.75,Insurance
1732,195,2026-02-19,568.53,Other
1733,87,2025-04-19,4698.60,Other
1734,62,2024-06-06,3728.52,Cash
1735,237,2025-09-12,3178.32,Credit Card
1736,144,2025-07-07,228.09,Other
1737,409,2025-09-20,1798.21,Credit Card
1738,135,2025-11-03,707.51,Insurance
1739,168,2025-03-12,623.42,Insurance
1740,367,2024-09-08,4494.89,Insurance
1741,78,2024-02-25,440.41,Cash
1742,33,2024-04-25,2258.73,Bank Transfer
1743,171,2025-12-11,1987.70,Insurance
1744,447,2024-10-28,2425.59,Bank Transfer
1745,58,2024-02-14,4455.09,Insurance
1746,367,2024-11-06,4339.17,Bank Transfer
1747,355,2025-09-11,3958.07,Other
1748,289,2024-02-13,3938.18,Insurance
1749,486,2024-05-07,3519.91,Insurance
1750,322,2025-05-18,2620.86,Other
1751,27,2024-08-28,139.83,Credit Card
1752,147,2026-02-08,2899.25,Credit Card
1753,113,2025-11-21,3398.10,Cash
1754,471,2024-01-10,2822.29,Credit Card
1755,155,2024-05-03,4496.61,Insurance
1756,413,2024-05-03,3908.02,Bank Transfer
1757,405,2025-12-02,140.35,Credit Card
1758,316,2025-10-02,1010.89,Credit Card
1759,261,2024-01-11,992.35,Bank Transfer
1760,138,2024-07-29,571.88,Credit Card
1761,226,2026-01-23,1139.23,Credit Card
1762,478,2025-12-29,2877.43,Cash
1763,407,2026-03-04,1389.30,Other
1764,321,2026-01-20,2750.02,Other
1765,278,2025-05-25,3523.75,Other
1766,435,2025-08-02,2339.21,Credit Card
1767,356,2024-06-30,3228.61,Credit Card
1768,448,2025-05-07,2649.66,Other
1769,303,2024-05-26,4540.63,Credit Card
1770,452,2025-12-18,3330.94,Other
1771,203,2024-08-03,4377.41,Cash
1772,323,2024-02-09,2126.77,Cash
1773,142,2025-03-15,4160.90,Other
1774,213,2024-07-20,4543.60,Credit Card
1775,278,2024-03-06,4265.43,Other
1776,35,2025-08-08,3785.07,Other
1777,202,2025-05-06,243.38,Insurance
1778,358,2025-09-19,4747.44,Insurance
1779,434,2024-09-19,1399.20,Bank Transfer
1780,301,2024-03-06,644.00,Bank Transfer
1781,42,2024-02-13,573.66,Bank Transfer
1782,343,2024-06-19,2229.74,Credit Card
1783,166,2024-12-08,4444.94,Credit Card
1784,8,2026-01-24,557.26,Other
1785,383,2024-02-17,2650.87,Credit Card
1786,173,2025-05-30,1542.05,Credit Card
1787,9,2024-05-14,848.74,Insurance
1788,475,2024-07-03,2449.73,Bank Transfer
1789,82,2024-04-27,3451.87,Credit Card
1790,250,2026-03-08,4800.47,Credit Card
1791,124,2024-03-11,4333.14,Bank Transfer
1792,114,2024-10-21,385.55,Insurance
1793,197,2024-08-27,2733.59,Insurance
1794,237,2025-03-25,3797.61,Other
1795,225,2024-05-15,2352.36,Insurance
1796,57,2025-10-31,2880.57,Bank Transfer
1797,209,2024-01-28,1795.06,Bank Transfer
1798,488,2025-02-07,4596.77,Bank Transfer
1799,327,2025-03-26,1467.87,Cash
1800,315,2025-01-25,3972.35,Credit Card
1801,133,2025-12-08,3251.34,Insurance
1802,401,2025-10-02,2997.54,Insurance
1803,49,2025-03-13,3490.42,Insurance
1804,404,2024-06-11,3090.53,Other
1805,48,2026-02-20,2512.64,Credit Card
1806,200,2026-02-25,146.24,Credit Card
1807,388,2025-09-03,60.01,Other
1808,466,2024-03-06,472.69,Cash
1809,12,2024-02-02,2436.56,Insurance
1810,277,2024-08-30,4864.86,Cash
1811,429,2025-06-14,4167.26,Credit Card
1812,376,2025-02-22,1056.63,Bank Transfer
1813,37,2025-08-23,2722.97,Cash
1814,107,2024-07-06,970.55,Cash
1815,376,2025-06-11,487.86,Credit Card
1816,119,2025-10-01,3386.57,Credit Card
1817,244,2024-09-21,3259.89,Bank Transfer
1818,136,2025-11-06,3483.20,Bank Transfer
1819,394,2024-10-16,4565.30,Credit Card
1820,228,2025-06-15,4572.55,Other
1821,429,2024-06-27,1486.32,Insurance
1822,419,2025-11-24,3658.05,Insurance
1823,473,2024-03-18,2305.24,Cash
1824,209,2025-02-05,2812.37,Insurance
1825,292,2026-02-28,2910.39,Bank Transfer
1826,65,2024-01-06,3421.13,Insurance
1827,62,2024-08-11,2388.30,Other
1828,499,2025-06-28,4349.43,Credit Card
1829,232,2025-01-19,472.74,Other
1830,68,2024-11-20,4884.72,Other
1831,439,2024-07-28,4564.27,Other
1832,253,2025-06-14,4304.78,Insurance
1833,289,2024-01-30,3020.54,Credit Card
1834,257,2024-03-19,922.09,Cash
1835,483,2024-06-14,4496.50,Credit Card
1836,162,2026-01-01,3949.62,Cash
1837,188,2025-03-20,2417.37,Cash
1838,89,2025-02-02,898.24,Bank Transfer
1839,388,2026-01-23,555.72,Credit Card
1840,99,2024-11-20,2125.49,Other
1841,443,2024-10-22,1488.51,Insurance
1842,345,2024-07-06,3997.85,Credit Card
1843,453,2025-05-27,1308.00,Cash
1844,444,2024-06-20,1806.44,Credit Card
1845,30,2024-02-14,1363.61,Credit Card
1846,24,2025-07-30,4902.27,Other
1847,81,2025-05-27,3821.50,Cash
1848,79,2024-10-25,2433.29,Other
1849,204,2025-11-05,2123.60,Insurance
1850,263,2024-07-30,178.73,Cash
1851,251,2024-06-22,3003.86,Bank Transfer
1852,26,2025-09-21,3066.53,Insurance
1853,180,2024-03-23,1104.94,Insurance
1854,454,2025-11-29,2698.44,Bank Transfer
1855,272,2024-04-25,1550.22,Cash
1856,366,2025-09-01,3694.59,Insurance
1857,289,2025-09-21,4297.78,Cash
1858,285,2024-10-24,4075.11,Cash
1859,320,2024-06-06,64.18,Bank Transfer
1860,319,2026-02-06,2161.40,Credit Card
1861,405,2025-06-09,1713.09,Other
1862,135,2024-02-10,1897.39,Insurance
1863,277,2024-10-23,3781.28,Bank Transfer
1864,325,2025-08-18,4245.01,Bank Transfer
1865,28,2024-04-11,282.69,Insurance
1866,187,2024-06-27,2766.55,Other
1867,317,2025-04-30,864.73,Bank Transfer
1868,242,2026-03-15,3656.81,Bank Transfer
1869,25,2024-05-11,4550.71,Bank Transfer
1870,316,2024-09-11,4477.32,Cash
1871,339,2024-06-09,4436.39,Credit Card
1872,491,2025-05-01,885.27,Bank Transfer
1873,451,2024-10-19,3403.37,Other
1874,415,2025-01-09,4649.86,Cash
1875,127,2025-11-28,116.13,Other
1876,163,2025-07-12,705.93,Bank Transfer
1877,401,2025-03-14,2373.60,Insurance
1878,77,2024-08-31,3112.73,Insurance
1879,342,2025-05-11,2624.80,Other
1880,6,2025-03-30,1630.74,Cash
1881,209,2024-07-25,2740.19,Insurance
1882,219,2024-07-04,2051.49,Insurance
1883,319,2024-11-02,114.47,Other
1884,429,2024-02-09,2321.98,Insurance
1885,369,2024-05-19,890.65,Cash
1886,256,2025-02-03,1407.40,Cash
1887,112,2025-02-13,391.15,Bank Transfer
1888,156,2024-09-13,175.62,Credit Card
1889,305,2024-03-22,4568.67,Other
1890,186,2025-01-26,1697.72,Bank Transfer
1891,383,2025-06-19,1439.84,Bank Transfer
1892,37,2025-10-16,1392.88,Credit Card
1893,414,2024-05-09,2711.83,Bank Transfer
1894,366,2025-02-15,218.03,Credit Card
1895,70,2025-08-30,1208.80,Bank Transfer
1896,463,2024-03-06,455.94,Insurance
1897,396,2024-11-03,4396.83,Other
1898,325,2025-02-19,987.45,Other
1899,125,2025-07-07,3689.58,Bank Transfer
1900,276,2024-09-16,1988.74,Cash
1901,243,2024-01-07,3322.52,Bank Transfer
1902,118,2024-12-11,3369.31,Cash
1903,250,2025-01-18,3050.85,Cash
1904,225,2024-06-13,2139.35,Cash
1905,451,2024-02-04,2728.54,Bank Transfer
1906,168,2025-02-10,1044.86,Cash
1907,387,2024-09-13,2261.94,Other
1908,499,2025-02-10,564.74,Credit Card
1909,216,2024-12-09,298.21,Other
1910,365,2025-09-15,3046.77,Bank Transfer
1911,172,2025-06-01,4080.97,Credit Card
1912,455,2025-04-29,2972.71,Insurance
1913,276,2025-06-07,4203.72,Insurance
1914,365,2025-03-05,2599.09,Cash
1915,320,2025-02-18,1683.65,Cash
1916,295,2025-07-16,4790.34,Other
1917,284,2025-04-01,1464.87,Bank Transfer
1918,362,2025-05-01,1011.00,Credit Card
1919,43,2025-05-01,3220.22,Other
1920,392,2024-11-26,1502.20,Insurance
1921,147,2025-05-03,4622.16,Insurance
1922,12,2025-02-10,246.31,Bank Transfer
1923,378,2024-12-13,2782.97,Other
1924,343,2024-07-14,1594.71,Bank Transfer
1925,442,2025-02-28,1453.71,Credit Card
1926,476,2024-06-19,4275.03,Bank Transfer
1927,158,2024-03-25,4871.86,Cash
1928,372,2024-11-25,2157.65,Credit Card
1929,243,2025-04-09,303.77,Cash
1930,477,2025-10-19,1754.20,Insurance
1931,83,2025-02-03,2034.72,Other
1932,290,2025-07-04,452.30,Cash
1933,421,2025-01-11,672.63,Other
1934,77,2024-01-28,273.18,Bank Transfer
1935,131,2025-02-11,1228.89,Cash
1936,217,2026-01-06,3820.38,Bank Transfer
1937,478,2025-12-31,4634.80,Cash
1938,205,2025-12-03,2039.07,Bank Transfer
1939,289,2026-03-08,1044.81,Credit Card
1940,123,2025-05-11,1706.92,Other
1941,108,2025-06-11,2627.54,Credit Card
1942,117,2025-10-31,490.04,Other
1943,128,2025-10-28,815.60,Bank Transfer
1944,262,2024-11-28,4658.68,Credit Card
1945,257,2025-10-07,910.60,Cash
1946,482,2025-02-07,2176.70,Bank Transfer
1947,107,2024-09-21,2524.98,Insurance
1948,470,2025-12-15,3855.92,Cash
1949,291,2024-01-22,156.14,Other
1950,478,2024-03-25,50.60,Cash
1951,106,2024-06-20,3750.15,Insurance
1952,210,2024-04-02,2359.15,Cash
1953,261,2026-01-04,2581.61,Insurance
1954,408,2024-09-19,1576.78,Other
1955,471,2025-12-22,2922.72,Cash
1956,201,2024-05-27,4769.29,Insurance
1957,399,2025-02-27,1761.15,Credit Card
1958,443,2026-01-19,3064.12,Bank Transfer
1959,479,2026-02-21,850.94,Cash
1960,389,2024-03-28,812.94,Other
1961,60,2025-01-05,4785.34,Bank Transfer
1962,104,2025-04-12,1672.10,Other
1963,457,2024-06-09,4882.22,Cash
1964,491,2025-08-29,2346.78,Insurance
1965,382,2025-02-07,4544.84,Insurance
1966,86,2024-10-22,724.67,Credit Card
1967,109,2025-06-27,173.16,Cash
1968,392,2026-02-08,2398.32,Cash
1969,60,2025-03-25,2331.78,Bank Transfer
1970,158,2025-02-09,147.66,Credit Card
1971,152,2025-07-26,4555.34,Bank Transfer
1972,295,2024-04-29,2462.48,Bank Transfer
1973,5,2025-04-11,2760.63,Credit Card
1974,49,2024-05-15,4804.17,Credit Card
1975,60,2024-11-22,4276.15,Credit Card
1976,140,2025-09-04,2518.39,Credit Card
1977,53,2025-05-16,1469.26,Cash
1978,430,2026-02-10,4835.19,Credit Card
1979,232,2024-12-22,567.71,Cash
1980,195,2024-10-13,2827.59,Insurance
1981,356,2025-01-28,2664.86,Other
1982,287,2024-07-10,4598.15,Credit Card
1983,313,2026-01-05,2296.74,Credit Card
1984,489,2025-10-25,696.78,Other
1985,202,2024-02-02,838.84,Other
1986,149,2025-12-13,3140.73,Insurance
1987,111,2025-01-03,1863.54,Bank Transfer
1988,336,2025-11-13,4917.39,Cash
1989,73,2024-03-08,3305.68,Other
1990,415,2024-03-23,1349.61,Other
1991,367,2025-08-26,1772.68,Bank Transfer
1992,98,2024-12-10,2904.62,Credit Card
1993,484,2024-01-08,465.71,Other
1994,199,2025-01-08,1394.31,Insurance
1995,30,2024-12-10,3968.44,Other
1996,441,2024-10-23,4854.77,Bank Transfer
1997,348,2025-11-09,2957.66,Cash
1998,134,2024-11-16,781.68,Cash
1999,3,2024-05-20,236.00,Credit Card
2000,259,2025-07-12,3347.81,Cash
2001,324,2025-04-07,410.51,Insurance
2002,12,2024-10-21,4715.08,Cash
2003,73,2024-04-11,4032.23,Cash
2004,18,2024-10-20,2065.88,Insurance
2005,312,2025-04-27,1800.68,Cash
2006,21,2024-03-02,2655.01,Other
2007,221,2024-11-17,1532.94,Bank Transfer
2008,347,2024-12-05,3552.66,Other
2009,197,2024-05-25,954.93,Other
2010,29,2026-02-03,3234.61,Bank Transfer
2011,146,2024-04-06,2326.94,Cash
2012,178,2025-01-26,2514.49,Other
2013,375,2024-05-27,3119.27,Insurance
2014,387,2025-08-10,4185.44,Insurance
2015,5,2025-01-24,1293.37,Other
2016,331,2025-05-19,751.51,Credit Card
2017,172,2026-02-15,2646.08,Credit Card
2018,485,2025-07-29,3181.92,Other
2019,342,2025-11-06,4432.51,Cash
2020,237,2025-01-08,3196.60,Cash
2021,156,2025-04-20,2441.47,Cash
2022,157,2025-06-17,1017.14,Cash
2023,352,2025-04-02,1984.14,Insurance
2024,449,2024-09-11,4394.42,Bank Transfer
2025,176,2024-08-06,2753.51,Insurance
2026,432,2026-01-17,1569.50,Other
2027,120,2024-06-08,3498.94,Insurance
2028,391,2024-06-14,4337.26,Bank Transfer
2029,30,2025-03-11,4366.53,Credit Card
2030,156,2025-06-26,1094.00,Credit Card
2031,462,2026-02-03,3416.75,Credit Card
2032,459,2024-08-25,4291.36,Cash
2033,134,2025-02-24,1320.22,Insurance
2034,187,2026-03-08,4747.84,Credit Card
2035,272,2024-02-27,3980.06,Bank Transfer
2036,379,2024-10-29,4500.93,Cash
2037,278,2024-11-18,3490.89,Cash
2038,109,2025-08-21,2500.22,Cash
2039,417,2024-05-03,3476.10,Cash
2040,142,2026-02-12,1388.50,Credit Card
2041,19,2025-01-07,3829.34,Other
2042,277,2024-02-24,4097.22,Other
2043,459,2024-09-04,4108.74,Cash
2044,340,2025-08-16,4202.09,Cash
2045,29,2026-01-16,2668.66,Insurance
2046,450,2025-02-17,2543.93,Other
2047,201,2025-01-17,1670.41,Bank Transfer
2048,80,2024-06-15,1790.14,Insurance
2049,226,2025-02-03,2636.72,Insurance
2050,172,2025-01-10,3480.96,Bank Transfer
2051,160,2024-05-24,2927.52,Insurance
2052,253,2024-12-15,164.13,Other
2053,108,2024-05-29,4028.42,Credit Card
2054,363,2025-02-21,4132.40,Bank Transfer
2055,313,2024-10-13,731.21,Credit Card
2056,391,2024-06-26,496.36,Insurance
2057,30,2025-09-19,4806.52,Bank Transfer
2058,90,2024-07-14,2570.55,Cash
2059,500,2024-10-08,3064.95,Insurance
2060,39,2025-12-06,1474.35,Cash
2061,375,2025-12-18,1150.90,Bank Transfer
2062,234,2025-05-25,2274.54,Credit Card
2063,62,2024-06-30,1304.57,Bank Transfer
2064,302,2024-09-08,2610.82,Credit Card
2065,193,2024-05-30,3784.31,Cash
2066,471,2025-05-17,1722.78,Bank Transfer
2067,105,2024-08-11,3670.06,Credit Card
2068,324,2024-10-31,4568.74,Insurance
2069,333,2025-03-18,1127.59,Insurance
2070,164,2025-07-03,1812.39,Credit Card
2071,233,2025-03-17,4956.80,Bank Transfer
2072,473,2025-10-06,3985.05,Other
2073,301,2024-03-10,1759.23,Other
2074,292,2025-05-16,1134.51,Cash
2075,328,2024-09-07,3576.64,Other
2076,475,2024-11-24,4997.35,Cash
2077,471,2024-10-01,3363.23,Bank Transfer
2078,327,2024-05-09,4724.90,Other
2079,438,2025-12-28,1037.13,Other
2080,240,2025-02-23,616.57,Cash
2081,236,2024-11-16,166.74,Insurance
2082,41,2024-04-11,4652.01,Bank Transfer
2083,486,2026-03-01,1797.62,Cash
2084,23,2025-05-20,4657.65,Other
2085,321,2025-07-12,656.98,Other
2086,206,2026-02-12,3048.63,Insurance
2087,454,2024-04-16,477.65,Other
2088,271,2025-09-14,186.19,Insurance
2089,37,2026-01-21,2538.84,Credit Card
2090,304,2025-04-12,4524.18,Cash
2091,374,2024-07-09,4416.94,Other
2092,110,2025-10-19,628.54,Insurance
2093,87,2025-10-25,4372.28,Credit Card
2094,31,2025-02-03,290.40,Cash
2095,399,2024-04-08,2048.71,Insurance
2096,214,2025-09-16,101.99,Bank Transfer
2097,127,2024-12-07,3830.95,Insurance
2098,449,2025-07-18,3946.83,Cash
2099,310,2024-10-31,3566.07,Cash
2100,298,2026-01-21,56.08,Credit Card
2101,342,2024-09-10,906.91,Cash
2102,17,2025-12-14,2395.53,Credit Card
2103,65,2024-12-14,4753.04,Bank Transfer
2104,320,2024-05-23,646.12,Credit Card
2105,123,2024-02-06,4044.21,Credit Card
2106,441,2024-11-02,2568.14,Other
2107,391,2025-10-13,354.10,Insurance
2108,365,2024-09-14,4777.99,Credit Card
2109,497,2024-03-24,2242.15,Cash
2110,378,2024-02-28,3247.86,Bank Transfer
2111,431,2025-02-08,1087.18,Cash
2112,405,2024-03-13,2648.84,Insurance
2113,391,2026-01-17,2301.71,Cash
2114,334,2024-03-09,2853.46,Insurance
2115,274,2024-08-02,1781.57,Bank Transfer
2116,155,2024-10-29,1840.04,Credit Card
2117,56,2025-07-14,577.69,Cash
2118,77,2025-01-02,1496.91,Insurance
2119,2,2025-08-14,2921.84,Credit Card
2120,132,2024-04-15,1218.02,Cash
2121,478,2024-12-16,1427.58,Cash
2122,231,2025-02-25,1308.06,Insurance
2123,57,2025-10-27,2804.98,Insurance
2124,355,2024-05-13,3168.19,Bank Transfer
2125,99,2025-02-22,2764.22,Cash
2126,98,2024-03-31,1513.11,Bank Transfer
2127,464,2024-08-27,3780.76,Bank Transfer
2128,284,2025-10-27,91.24,Insurance
2129,426,2024-05-16,3916.17,Insurance
2130,392,2025-06-28,4258.57,Bank Transfer
2131,342,2025-06-14,1421.24,Other
2132,155,2024-02-25,925.10,Credit Card
2133,228,2026-01-07,2443.16,Insurance
2134,352,2024-01-06,691.66,Other
2135,28,2025-03-09,3799.83,Insurance
2136,65,2024-12-09,925.35,Other
2137,99,2026-02-08,3647.04,Bank Transfer
2138,131,2024-10-04,1786.85,Cash
2139,365,2025-08-25,239.28,Insurance
2140,251,2024-10-31,3221.36,Cash
2141,376,2024-01-08,4261.13,Other
2142,99,2024-01-16,2108.63,Bank Transfer
2143,152,2024-07-23,4179.89,Insurance
2144,53,2024-01-20,3430.32,Other
2145,132,2024-06-20,1691.83,Bank Transfer
2146,139,2024-07-08,4065.72,Insurance
2147,123,2024-12-11,1093.23,Bank Transfer
2148,290,2025-04-12,671.50,Bank Transfer
2149,268,2025-03-05,2624.99,Other
2150,430,2025-10-28,3268.02,Credit Card
2151,85,2024-06-14,4494.24,Credit Card
2152,173,2024-01-27,962.01,Credit Card
2153,230,2025-04-01,1344.71,Insurance
2154,328,2025-08-16,86.28,Credit Card
2155,266,2024-09-17,2486.15,Cash
2156,113,2025-05-03,4439.96,Bank Transfer
2157,271,2025-05-20,4404.92,Insurance
2158,373,2024-12-09,744.90,Credit Card
2159,404,2024-03-25,4253.95,Credit Card
2160,371,2024-02-16,216.07,Bank Transfer
2161,7,2025-10-11,794.01,Bank Transfer
2162,69,2024-02-18,979.33,Other
2163,246,2025-10-17,1093.53,Bank Transfer
2164,191,2026-02-25,4225.03,Bank Transfer
2165,428,2024-02-03,3979.49,Credit Card
2166,50,2024-11-17,3333.40,Insurance
2167,123,2025-07-10,1031.42,Insurance
2168,213,2025-08-02,1435.12,Credit Card
2169,209,2024-12-12,2563.38,Other
2170,472,2024-11-07,3100.85,Other
2171,296,2025-05-06,2732.93,Bank Transfer
2172,437,2025-12-11,615.35,Credit Card
2173,364,2025-10-20,4486.02,Bank Transfer
2174,411,2024-11-18,3642.47,Credit Card
2175,357,2024-06-14,3002.54,Insurance
2176,255,2024-07-13,2483.43,Bank Transfer
2177,298,2024-11-15,4364.88,Credit Card
2178,278,2024-08-02,489.27,Other
2179,269,2025-11-04,1999.78,Insurance
2180,487,2025-03-04,2030.27,Credit Card
2181,417,2024-11-02,964.62,Other
2182,415,2024-02-05,3035.94,Cash
2183,174,2024-09-22,3671.55,Insurance
2184,262,2024-06-25,1511.87,Insurance
2185,234,2024-01-06,3793.06,Bank Transfer
2186,342,2025-08-10,613.39,Bank Transfer
2187,453,2024-02-02,4720.81,Insurance
2188,191,2025-10-20,1387.81,Insurance
2189,204,2024-12-27,523.39,Credit Card
2190,476,2025-03-10,2438.27,Bank Transfer
2191,500,2025-09-03,4461.70,Insurance
2192,183,2024-08-19,1774.72,Credit Card
2193,263,2024-09-11,1340.47,Bank Transfer
2194,212,2024-06-17,4116.60,Credit Card
2195,114,2024-11-05,3350.21,Bank Transfer
2196,217,2024-12-04,587.54,Other
2197,79,2024-06-07,3539.52,Credit Card
2198,434,2024-02-23,2989.92,Bank Transfer
2199,250,2025-02-14,229.91,Other
2200,219,2025-04-03,2071.02,Bank Transfer
2201,344,2026-02-20,2192.09,Credit Card
2202,140,2025-08-01,4580.99,Credit Card
2203,118,2026-03-03,4610.32,Bank Transfer
2204,50,2024-11-15,1940.36,Other
2205,432,2025-01-28,2928.17,Credit Card
2206,261,2025-08-24,791.16,Credit Card
2207,435,2025-09-21,549.56,Bank Transfer
2208,330,2025-09-01,1157.44,Insurance
2209,490,2024-08-06,3780.03,Credit Card
2210,314,2024-02-18,2620.27,Credit Card
2211,44,2026-02-17,3681.07,Insurance
2212,353,2025-11-06,2597.68,Insurance
2213,354,2024-09-27,4434.56,Bank Transfer
2214,399,2025-04-03,2644.65,Insurance
2215,427,2025-06-22,4588.36,Credit Card
2216,68,2024-01-04,2314.69,Other
2217,45,2024-04-09,2049.42,Bank Transfer
2218,129,2024-04-27,3332.66,Credit Card
2219,202,2026-02-09,3033.97,Cash
2220,259,2026-01-02,3824.70,Cash
2221,366,2024-04-26,1747.03,Other
2222,285,2025-11-20,2338.40,Cash
2223,180,2026-02-08,1395.74,Other
2224,34,2025-08-19,4039.80,Other
2225,299,2024-11-02,3603.07,Other
2226,274,2025-10-10,1625.99,Cash
2227,434,2024-05-05,4579.94,Bank Transfer
2228,87,2025-02-03,445.49,Credit Card
2229,73,2025-03-30,1585.96,Bank Transfer
2230,184,2024-03-24,4927.88,Credit Card
2231,269,2025-11-27,1678.88,Other
2232,290,2025-10-20,3897.47,Credit Card
2233,333,2025-04-16,198.27,Cash
2234,26,2026-01-31,1217.70,Insurance
2235,350,2024-10-09,1157.71,Cash
2236,285,2025-08-03,4905.64,Cash
2237,16,2024-11-14,3247.62,Other
2238,476,2024-07-02,1313.33,Cash
2239,428,2026-02-15,646.56,Credit Card
2240,278,2025-10-03,1825.91,Other
2241,295,2026-01-13,3994.65,Insurance
2242,462,2024-07-01,2031.72,Credit Card
2243,52,2025-10-29,1707.99,Other
2244,37,2024-01-09,2790.36,Insurance
2245,227,2024-02-24,1379.35,Credit Card
2246,378,2025-08-15,1827.22,Insurance
2247,307,2024-01-19,4864.21,Bank Transfer
2248,143,2025-11-17,278.05,Insurance
2249,139,2024-06-02,3740.75,Other
2250,82,2024-08-15,4268.70,Other
2251,435,2025-05-27,1435.52,Other
2252,258,2025-05-11,2022.10,Other
2253,340,2024-03-21,2711.72,Insurance
2254,145,2026-02-22,4757.96,Bank Transfer
2255,39,2024-06-28,448.37,Credit Card
2256,145,2025-08-06,1928.91,Bank Transfer
2257,309,2025-10-20,1060.99,Insurance
2258,22,2025-12-23,1989.79,Insurance
2259,74,2024-08-19,1703.69,Insurance
2260,139,2025-12-30,4820.39,Credit Card
2261,196,2024-04-01,598.88,Other
2262,408,2025-06-30,2397.43,Bank Transfer
2263,241,2024-04-15,4482.05,Insurance
2264,83,2025-09-27,2559.19,Insurance
2265,376,2025-01-17,4585.51,Other
2266,253,2024-02-15,3705.36,Cash
2267,292,2025-03-16,1312.12,Cash
2268,137,2025-01-19,2888.06,Bank Transfer
2269,264,2024-09-07,4920.65,Other
2270,446,2025-10-07,1794.69,Cash
2271,63,2025-03-21,4040.35,Other
2272,174,2025-07-21,4594.08,Insurance
2273,233,2026-03-14,2225.36,Other
2274,171,2024-08-24,3679.91,Bank Transfer
2275,317,2025-04-06,3842.78,Credit Card
2276,314,2024-08-02,253.94,Insurance
2277,478,2024-03-18,4378.78,Other
2278,289,2024-08-01,673.15,Cash
2279,127,2026-03-14,2731.68,Insurance
2280,58,2025-10-09,1887.16,Insurance
2281,451,2025-10-19,3979.39,Bank Transfer
2282,68,2026-01-27,986.89,Insurance
2283,274,2024-07-23,2274.63,Other
2284,5,2025-11-21,1132.03,Cash
2285,240,2024-03-15,2771.74,Bank Transfer
2286,276,2025-07-11,155.65,Bank Transfer
2287,490,2025-02-16,3925.46,Credit Card
2288,21,2024-09-14,4191.85,Bank Transfer
2289,155,2024-11-30,1920.32,Insurance
2290,200,2024-08-14,3467.30,Credit Card
2291,201,2024-07-18,4877.99,Other
2292,342,2026-02-12,611.12,Other
2293,74,2025-11-06,4064.01,Credit Card
2294,108,2024-02-29,4531.27,Credit Card
2295,50,2024-02-28,1193.00,Other
2296,384,2025-08-07,2767.49,Credit Card
2297,463,2024-02-01,1546.09,Other
2298,229,2025-07-30,4693.81,Credit Card
2299,256,2026-01-10,277.46,Cash
2300,90,2024-08-25,1044.38,Insurance
2301,427,2025-12-19,2865.94,Credit Card
2302,379,2025-05-21,3167.52,Bank Transfer
2303,306,2024-01-08,450.00,Other
2304,67,2025-08-26,4172.85,Other
2305,67,2025-09-25,816.11,Cash
2306,35,2024-08-27,1085.19,Cash
2307,382,2024-10-19,1639.44,Insurance
2308,452,2024-09-30,3581.67,Other
2309,456,2024-11-25,294.33,Insurance
2310,362,2024-10-30,3029.54,Cash
2311,474,2024-03-23,4910.75,Other
2312,80,2025-07-05,715.76,Insurance
2313,297,2025-03-08,3755.79,Other
2314,123,2025-07-13,4208.86,Insurance
2315,288,2024-08-17,483.39,Other
2316,8,2025-12-05,145.40,Credit Card
2317,482,2024-09-12,2832.31,Credit Card
2318,470,2025-03-20,3760.30,Credit Card
2319,484,2025-12-20,2052.70,Bank Transfer
2320,369,2024-03-04,1455.09,Insurance
2321,40,2025-09-12,1478.33,Bank Transfer
2322,456,2025-03-06,481.80,Bank Transfer
2323,275,2024-04-20,2550.36,Cash
2324,6,2025-02-11,3512.31,Other
2325,309,2024-10-22,3324.24,Credit Card
2326,409,2025-08-15,962.72,Credit Card
2327,33,2026-01-30,3121.11,Other
2328,297,2025-12-30,4562.07,Bank Transfer
2329,366,2025-11-23,2636.99,Other
2330,108,2025-10-21,3265.22,Cash
2331,33,2024-02-09,4978.68,Other
2332,307,2025-06-14,3457.71,Cash
2333,247,2024-06-11,1186.89,Credit Card
2334,335,2025-11-19,4587.01,Insurance
2335,154,2026-01-28,2227.08,Credit Card
2336,411,2024-02-05,498.72,Bank Transfer
2337,137,2024-05-06,79.12,Other
2338,105,2024-11-10,3820.18,Bank Transfer
2339,129,2024-06-04,1729.48,Insurance
2340,150,2024-05-21,1370.24,Bank Transfer
2341,48,2025-05-22,2530.79,Other
2342,135,2025-05-01,3756.30,Cash
2343,80,2024-08-08,2939.60,Other
2344,344,2025-10-17,989.56,Cash
2345,309,2024-03-08,1902.21,Cash
2346,306,2024-04-05,102.48,Credit Card
2347,379,2025-08-29,2250.95,Other
2348,361,2024-06-28,4647.08,Credit Card
2349,497,2024-11-13,4506.35,Cash
2350,343,2026-02-04,4332.12,Bank Transfer
2351,74,2024-12-22,278.03,Other
2352,352,2025-02-03,1056.58,Cash
2353,470,2025-01-20,3824.78,Insurance
2354,430,2025-07-27,1502.48,Cash
2355,485,2025-07-15,2369.31,Insurance
2356,404,2025-03-18,4177.93,Other
2357,313,2025-02-28,482.68,Insurance
2358,475,2025-03-13,3187.03,Insurance
2359,360,2024-07-10,2836.89,Insurance
2360,65,2026-01-11,4350.43,Bank Transfer
2361,88,2026-02-25,2954.22,Bank Transfer
2362,407,2025-12-27,2753.03,Cash
2363,30,2024-04-05,3458.13,Bank Transfer
2364,33,2024-02-18,3625.89,Other
2365,373,2024-06-02,1753.22,Other
2366,326,2024-07-02,1097.42,Insurance
2367,177,2024-04-09,623.23,Insurance
2368,286,2024-06-13,4232.59,Bank Transfer
2369,459,2024-05-01,1633.92,Credit Card
2370,457,2025-06-01,2593.34,Cash
2371,159,2025-09-15,4551.65,Cash
2372,422,2025-01-08,1407.79,Other
2373,13,2025-01-17,4223.17,Other
2374,154,2025-10-20,3235.64,Bank Transfer
2375,337,2024-03-30,2399.89,Cash
2376,469,2024-09-22,672.53,Cash
2377,389,2024-10-16,2422.87,Cash
2378,456,2025-06-20,4152.44,Other
2379,279,2025-03-27,1690.74,Credit Card
2380,198,2024-08-17,847.27,Other
2381,447,2024-09-17,1513.02,Credit Card
2382,119,2025-11-26,1000.48,Other
2383,334,2024-02-25,4315.41,Cash
2384,31,2024-08-08,2427.58,Insurance
2385,8,2024-01-29,752.68,Credit Card
2386,163,2025-07-09,740.01,Bank Transfer
2387,412,2024-01-25,2211.37,Insurance
2388,159,2025-11-16,459.27,Bank Transfer
2389,243,2024-02-24,4474.71,Other
2390,104,2024-06-20,2562.18,Insurance
2391,437,2024-02-06,1356.14,Insurance
2392,52,2024-11-15,1162.52,Bank Transfer
2393,113,2025-12-31,1556.86,Cash
2394,367,2026-02-09,3256.86,Other
2395,294,2024-06-03,4211.12,Bank Transfer
2396,341,2024-11-18,2290.42,Bank Transfer
2397,334,2025-03-06,3149.67,Credit Card
2398,101,2024-08-24,329.45,Cash
2399,112,2024-02-15,3348.56,Bank Transfer
2400,281,2026-03-07,452.59,Cash
2401,185,2025-11-09,2591.90,Bank Transfer
2402,121,2024-12-17,65.90,Insurance
2403,65,2025-09-08,802.40,Other
2404,340,2024-02-04,3681.90,Other
2405,412,2025-09-03,1416.16,Cash
2406,495,2025-08-06,3290.87,Bank Transfer
2407,397,2024-09-02,2243.96,Credit Card
2408,122,2024-08-06,382.69,Other
2409,447,2024-07-28,3501.06,Insurance
2410,380,2024-12-27,1714.50,Other
2411,175,2025-11-04,343.50,Credit Card
2412,457,2024-05-20,98.28,Other
2413,10,2025-01-18,990.46,Bank Transfer
2414,387,2025-05-22,4770.48,Other
2415,449,2025-12-13,807.25,Other
2416,190,2024-03-07,1101.14,Credit Card
2417,490,2026-03-07,3728.00,Insurance
2418,167,2024-03-18,2753.44,Bank Transfer
2419,450,2025-08-31,542.09,Insurance
2420,59,2025-10-06,877.85,Cash
2421,374,2024-09-28,251.12,Insurance
2422,302,2025-06-02,4648.63,Bank Transfer
2423,10,2024-01-06,2276.08,Insurance
2424,404,2024-03-18,4017.79,Insurance
2425,324,2024-03-02,544.98,Cash
2426,288,2026-01-12,4031.89,Credit Card
2427,398,2024-04-22,4279.53,Insurance
2428,413,2024-09-04,1579.55,Other
2429,372,2025-08-01,2180.55,Credit Card
2430,49,2025-01-11,1829.04,Credit Card
2431,436,2025-09-23,3941.46,Bank Transfer
2432,104,2024-04-14,2496.85,Bank Transfer
2433,68,2025-07-13,1909.37,Credit Card
2434,479,2025-11-07,834.89,Cash
2435,460,2025-10-18,3370.16,Cash
2436,69,2024-11-16,2890.67,Insurance
2437,430,2025-12-26,1703.87,Other
2438,43,2025-06-29,1178.44,Cash
2439,328,2024-02-16,965.96,Other
2440,243,2026-02-03,1373.46,Other
2441,303,2025-05-17,1891.28,Insurance
2442,361,2025-06-13,3626.41,Credit Card
2443,469,2024-08-22,1764.74,Other
2444,480,2025-11-20,238.29,Credit Card
2445,412,2025-03-20,1588.42,Cash
2446,326,2024-11-04,2947.79,Other
2447,364,2025-06-06,1519.91,Insurance
2448,370,2024-08-26,4703.15,Bank Transfer
2449,449,2024-10-19,2481.47,Other
2450,477,2024-07-10,2450.35,Other
2451,214,2025-09-18,3943.93,Credit Card
2452,317,2025-11-18,4299.69,Credit Card
2453,3,2024-12-20,1875.06,Cash
2454,428,2025-01-10,3716.97,Insurance
2455,3,2026-03-20,1292.49,Bank Transfer
2456,445,2026-01-03,984.27,Credit Card
2457,6,2024-10-23,1134.63,Other
2458,140,2025-07-22,602.52,Other
2459,288,2025-06-07,4157.24,Insurance
2460,265,2025-04-26,1498.97,Credit Card
2461,123,2025-11-20,2487.76,Credit Card
2462,58,2024-09-26,3171.80,Cash
2463,74,2025-09-15,154.41,Cash
2464,26,2025-07-12,576.04,Cash
2465,114,2025-09-13,499.50,Cash
2466,330,2024-11-02,111.69,Bank Transfer
2467,192,2025-08-07,2367.56,Insurance
2468,87,2024-03-14,4266.78,Credit Card
2469,130,2025-06-02,1563.00,Bank Transfer
2470,120,2024-03-01,1701.24,Bank Transfer
2471,475,2024-09-24,4659.78,Insurance
2472,498,2024-12-10,4467.81,Cash
2473,406,2025-06-11,781.72,Credit Card
2474,284,2024-05-28,2664.79,Other
2475,286,2024-04-09,4624.96,Cash
2476,120,2025-04-13,3282.07,Other
2477,453,2024-11-30,3436.45,Other
2478,439,2026-03-02,192.79,Credit Card
2479,406,2024-05-26,4552.09,Cash
2480,158,2025-01-24,1155.14,Bank Transfer
2481,151,2024-05-25,2693.49,Insurance
2482,418,2025-06-16,4093.27,Credit Card
2483,390,2025-10-08,3585.46,Other
2484,228,2024-06-30,310.24,Credit Card
2485,103,2025-06-21,1153.46,Credit Card
2486,386,2024-05-09,2433.20,Bank Transfer
2487,313,2024-09-24,1233.38,Credit Card
2488,245,2025-12-12,1497.89,Credit Card
2489,195,2024-12-27,1747.13,Bank Transfer
2490,316,2024-07-03,1348.42,Other
2491,475,2024-02-21,869.21,Credit Card
2492,62,2024-01-30,2563.25,Other
2493,182,2025-10-25,1433.04,Other
2494,374,2024-01-25,4097.90,Cash
2495,130,2024-08-29,3314.01,Other
2496,364,2024-06-29,2395.03,Insurance
2497,326,2026-03-03,4191.12,Other
2498,24,2025-08-23,2887.39,Bank Transfer
2499,255,2024-04-03,2694.04,Cash
2500,370,2024-07-25,4142.54,Credit Card
2501,152,2026-02-16,239.05,Credit Card
2502,453,2024-03-14,3625.23,Insurance
2503,49,2024-08-25,1122.22,Bank Transfer
2504,225,2024-07-12,3991.92,Credit Card
2505,242,2024-03-01,885.43,Bank Transfer
2506,165,2024-12-21,3786.90,Insurance
2507,98,2024-10-24,3170.28,Cash
2508,462,2024-09-28,617.16,Bank Transfer
2509,238,2025-04-10,3337.56,Other
2510,29,2026-02-04,2277.96,Bank Transfer
2511,290,2024-05-18,762.91,Credit Card
2512,317,2025-03-15,2099.70,Credit Card
2513,273,2025-10-11,1860.07,Cash
2514,328,2024-09-22,576.36,Cash
2515,263,2026-02-14,4226.27,Credit Card
2516,393,2025-04-03,1426.62,Insurance
2517,141,2025-01-17,2086.87,Other
2518,334,2026-02-10,3040.33,Bank Transfer
2519,10,2025-05-14,2175.68,Credit Card
2520,117,2025-05-01,4166.97,Credit Card
2521,213,2024-10-22,4241.89,Credit Card
2522,192,2026-02-12,4742.18,Insurance
2523,58,2024-07-04,535.56,Insurance
2524,125,2024-02-24,2520.28,Cash
2525,312,2024-12-02,2675.71,Cash
2526,132,2024-06-24,3868.83,Other
2527,473,2025-02-05,1123.93,Credit Card
2528,34,2024-02-20,926.74,Bank Transfer
2529,353,2024-11-23,4715.62,Insurance
2530,145,2025-05-03,1357.80,Bank Transfer
2531,309,2024-07-23,2009.26,Insurance
2532,117,2024-11-29,4730.87,Cash
2533,205,2024-01-17,2625.49,Bank Transfer
2534,24,2024-06-19,4562.54,Other
2535,304,2025-04-12,4033.39,Cash
2536,317,2024-08-04,3835.39,Other
2537,105,2024-09-29,4553.42,Other
2538,354,2025-12-05,1986.18,Insurance
2539,413,2026-03-19,3017.18,Credit Card
2540,187,2024-08-12,3123.43,Bank Transfer
2541,445,2025-02-02,860.94,Cash
2542,380,2024-11-28,1490.73,Insurance
2543,69,2025-02-27,2300.07,Cash
2544,489,2025-06-22,2715.99,Credit Card
2545,477,2025-02-23,3686.34,Cash
2546,46,2024-08-01,2184.10,Other
2547,48,2025-02-26,1967.76,Credit Card
2548,96,2024-05-25,645.69,Insurance
2549,333,2026-02-27,4574.41,Bank Transfer
2550,302,2024-10-10,4066.13,Bank Transfer
2551,136,2025-05-13,2421.76,Credit Card
2552,13,2026-02-25,1436.36,Credit Card
2553,457,2024-08-17,4872.64,Insurance
2554,375,2026-03-15,1967.19,Insurance
2555,307,2024-04-13,3495.11,Credit Card
2556,236,2025-02-12,794.32,Bank Transfer
2557,126,2025-08-12,2076.49,Cash
2558,386,2025-02-14,1142.88,Cash
2559,239,2025-08-26,2676.69,Credit Card
2560,107,2025-12-26,1119.91,Other
2561,298,2024-03-19,2395.75,Insurance
2562,387,2024-07-28,3338.38,Bank Transfer
2563,443,2025-03-04,1143.96,Credit Card
2564,39,2024-04-21,2542.88,Insurance
2565,284,2026-02-10,562.30,Insurance
2566,73,2025-01-27,3231.42,Other
2567,270,2025-05-03,2217.04,Bank Transfer
2568,379,2025-11-19,629.88,Cash
2569,181,2025-12-03,3993.76,Other
2570,237,2024-08-05,1529.48,Insurance
2571,268,2024-12-17,4037.60,Cash
2572,19,2025-09-27,1506.09,Other
2573,347,2024-09-24,2310.30,Other
2574,84,2025-08-22,1208.74,Insurance
2575,398,2025-10-28,540.92,Insurance
2576,443,2024-06-06,4543.21,Other
2577,484,2024-02-11,2745.89,Other
2578,455,2024-05-15,2869.07,Other
2579,452,2025-01-27,1200.01,Insurance
2580,375,2026-02-01,2475.14,Insurance
2581,119,2025-09-30,1907.06,Credit Card
2582,443,2025-01-16,684.02,Credit Card
2583,207,2024-01-12,141.42,Insurance
2584,185,2025-01-11,105.33,Cash
2585,334,2025-07-26,1414.72,Credit Card
2586,489,2025-06-06,1195.60,Other
2587,294,2024-02-22,533.74,Insurance
2588,163,2024-06-01,3979.48,Credit Card
2589,3,2025-10-19,2372.24,Cash
2590,255,2025-05-09,4269.89,Other
2591,337,2025-05-29,3645.33,Other
2592,349,2025-02-15,661.93,Other
2593,90,2025-01-17,2100.53,Cash
2594,213,2025-03-12,1341.81,Credit Card
2595,283,2025-10-18,68.14,Other
2596,14,2024-05-28,895.81,Credit Card
2597,348,2024-11-04,1506.21,Insurance
2598,222,2024-03-26,4863.52,Insurance
2599,167,2024-04-04,2391.22,Bank Transfer
2600,288,2025-03-19,2020.07,Credit Card
2601,435,2025-02-17,1806.58,Insurance
2602,417,2024-02-23,1528.60,Credit Card
2603,279,2025-06-26,1045.47,Other
2604,90,2024-07-21,4928.74,Other
2605,136,2024-01-26,3132.01,Cash
2606,96,2026-03-03,2007.15,Other
2607,40,2025-04-11,2055.84,Bank Transfer
2608,295,2025-07-25,1858.47,Insurance
2609,500,2024-10-30,879.04,Credit Card
2610,430,2024-11-18,2860.99,Bank Transfer
2611,488,2024-02-26,3411.48,Insurance
2612,14,2026-01-09,4071.90,Bank Transfer
2613,154,2025-04-24,814.04,Other
2614,69,2025-03-19,1376.00,Insurance
2615,353,2024-12-01,4042.07,Other
2616,487,2025-02-26,2323.59,Other
2617,422,2024-09-14,4515.72,Cash
2618,257,2025-09-10,4212.63,Cash
2619,360,2025-03-15,2078.46,Cash
2620,251,2024-08-25,4404.51,Cash
2621,372,2024-02-17,192.24,Cash
2622,470,2025-04-03,2866.92,Insurance
2623,206,2025-01-27,4710.14,Cash
2624,27,2024-07-02,842.75,Cash
2625,332,2024-09-12,3460.21,Insurance
2626,158,2026-03-02,697.16,Other
2627,86,2024-05-19,1278.77,Bank Transfer
2628,93,2024-05-24,196.54,Bank Transfer
2629,52,2024-06-18,4962.05,Bank Transfer
2630,336,2025-12-21,2037.03,Cash
2631,76,2026-01-28,4417.87,Cash
2632,87,2025-01-04,1326.23,Cash
2633,296,2024-09-15,574.26,Credit Card
2634,292,2026-03-16,2043.48,Bank Transfer
2635,179,2024-06-12,1680.25,Bank Transfer
2636,50,2025-03-31,3893.19,Bank Transfer
2637,213,2026-01-03,3086.57,Credit Card
2638,216,2024-11-06,4248.06,Bank Transfer
2639,14,2025-09-05,3290.60,Credit Card
2640,209,2024-05-31,2580.61,Other
2641,415,2025-05-08,1885.16,Insurance
2642,79,2024-03-01,4843.99,Credit Card
2643,365,2024-04-11,1469.44,Credit Card
2644,438,2024-01-11,2056.42,Bank Transfer
2645,122,2024-06-30,2575.49,Bank Transfer
2646,482,2025-06-25,2908.65,Bank Transfer
2647,232,2024-02-10,3018.58,Other
2648,417,2024-01-22,2101.98,Other
2649,374,2026-01-29,2758.48,Other
2650,290,2024-05-11,1154.00,Insurance
2651,37,2024-03-02,1326.38,Other
2652,31,2025-05-21,526.02,Cash
2653,115,2025-11-06,2139.96,Insurance
2654,277,2025-09-21,317.13,Insurance
2655,364,2025-06-29,4501.95,Insurance
2656,264,2024-11-17,2717.64,Cash
2657,97,2025-09-05,547.47,Insurance
2658,408,2025-05-10,3108.56,Cash
2659,173,2024-07-14,4810.09,Other
2660,381,2025-05-26,1697.76,Other
2661,356,2025-09-30,1737.31,Bank Transfer
2662,492,2024-07-03,4949.89,Other
2663,232,2025-10-18,4762.24,Credit Card
2664,292,2026-01-31,4515.24,Insurance
2665,104,2024-08-25,4717.95,Cash
2666,444,2024-02-01,1301.29,Cash
2667,132,2025-11-14,4772.45,Credit Card
2668,85,2025-10-30,4543.16,Insurance
2669,374,2025-12-03,3242.90,Other
2670,455,2024-11-15,3196.57,Cash
2671,402,2024-01-09,4121.12,Credit Card
2672,483,2024-07-29,4079.60,Cash
2673,18,2025-12-14,4360.75,Other
2674,199,2025-01-08,2754.65,Credit Card
2675,357,2025-12-11,990.37,Credit Card
2676,133,2025-07-29,2454.93,Cash
2677,316,2024-08-22,1526.92,Credit Card
2678,460,2024-04-05,364.84,Bank Transfer
2679,225,2025-10-22,1449.18,Insurance
2680,162,2025-05-13,1136.31,Bank Transfer
2681,44,2025-12-26,3158.95,Cash
2682,171,2025-03-05,396.41,Credit Card
2683,443,2024-03-29,928.75,Credit Card
2684,77,2024-04-28,3659.97,Insurance
2685,294,2024-06-06,1300.81,Insurance
2686,415,2025-12-13,3516.37,Cash
2687,237,2024-10-07,290.12,Bank Transfer
2688,326,2025-12-30,1061.28,Cash
2689,21,2026-02-26,1694.26,Insurance
2690,267,2024-10-04,662.73,Insurance
2691,80,2025-05-16,1091.08,Cash
2692,201,2025-08-01,4190.59,Insurance
2693,415,2024-12-03,1350.42,Credit Card
2694,397,2024-07-05,1950.23,Cash
2695,468,2025-11-15,4676.80,Bank Transfer
2696,476,2024-02-26,4558.74,Other
2697,485,2025-10-18,3780.70,Credit Card
2698,68,2025-09-20,2546.71,Cash
2699,303,2024-06-04,765.71,Credit Card
2700,106,2025-04-20,201.13,Bank Transfer
2701,404,2025-12-17,255.52,Other
2702,210,2024-01-17,2506.36,Other
2703,153,2024-07-17,222.65,Credit Card
2704,258,2025-04-13,979.27,Bank Transfer
2705,172,2024-05-06,734.20,Bank Transfer
2706,424,2024-04-29,3093.19,Credit Card
2707,275,2026-01-19,1712.72,Other
2708,197,2025-05-26,3141.02,Credit Card
2709,62,2025-01-23,4525.61,Cash
2710,331,2024-06-07,2390.59,Insurance
2711,101,2026-01-17,3598.21,Other
2712,475,2025-03-27,4085.14,Bank Transfer
2713,369,2025-02-05,4885.06,Cash
2714,69,2025-06-26,4209.37,Insurance
2715,311,2024-12-22,4653.05,Credit Card
2716,453,2024-05-07,571.77,Other
2717,389,2024-12-05,1099.63,Insurance
2718,439,2024-04-22,1704.22,Insurance
2719,242,2026-01-04,2790.15,Bank Transfer
2720,315,2025-03-30,3784.26,Credit Card
2721,138,2024-03-15,611.54,Credit Card
2722,312,2024-05-30,3177.86,Other
2723,35,2024-01-09,1386.63,Credit Card
2724,283,2025-10-06,3368.23,Credit Card
2725,130,2025-04-06,3119.01,Bank Transfer
2726,353,2025-01-01,1485.53,Bank Transfer
2727,23,2025-05-28,1651.50,Bank Transfer
2728,277,2025-06-14,4433.91,Other
2729,264,2025-10-09,3879.37,Cash
2730,199,2025-08-10,298.99,Credit Card
2731,297,2026-03-14,2765.84,Other
2732,271,2025-07-06,4802.49,Other
2733,296,2024-10-22,3126.78,Other
2734,444,2024-11-07,3848.79,Cash
2735,203,2024-02-09,773.01,Insurance
2736,297,2026-02-13,4658.82,Other
2737,326,2025-01-09,3000.83,Cash
2738,177,2025-11-26,3236.63,Cash
2739,500,2025-08-02,2655.56,Other
2740,10,2024-07-10,4578.08,Insurance
2741,239,2025-05-25,1010.27,Other
2742,490,2025-05-30,4400.82,Bank Transfer
2743,118,2024-01-21,855.83,Other
2744,113,2024-07-30,1054.06,Insurance
2745,409,2025-04-21,2271.64,Bank Transfer
2746,73,2025-07-31,2491.26,Credit Card
2747,181,2024-08-27,2726.69,Cash
2748,362,2026-03-07,763.84,Insurance
2749,302,2025-10-09,564.59,Credit Card
2750,74,2025-01-17,1140.75,Credit Card
2751,72,2025-12-20,1819.57,Other
2752,261,2026-03-11,1337.24,Cash
2753,156,2026-02-15,440.94,Credit Card
2754,249,2024-10-08,927.79,Cash
2755,66,2025-11-18,4142.69,Cash
2756,382,2026-02-20,4185.01,Bank Transfer
2757,155,2025-10-29,1394.21,Other
2758,386,2024-12-24,126.14,Bank Transfer
2759,388,2025-02-21,3505.78,Cash
2760,348,2025-12-08,399.21,Other
2761,48,2024-01-04,2499.05,Credit Card
2762,456,2025-05-08,2448.79,Other
2763,434,2026-01-31,2474.14,Cash
2764,482,2025-09-26,3189.11,Bank Transfer
2765,482,2024-04-07,3542.51,Insurance
2766,6,2025-04-02,991.98,Insurance
2767,89,2024-02-28,1572.90,Credit Card
2768,326,2024-07-01,4706.83,Bank Transfer
2769,5,2024-10-17,1551.81,Cash
2770,53,2024-06-11,422.83,Other
2771,176,2025-03-10,4816.06,Credit Card
2772,461,2025-11-02,3794.38,Credit Card
2773,205,2024-03-12,1405.78,Bank Transfer
2774,422,2024-02-03,469.69,Other
2775,9,2024-09-14,1232.17,Credit Card
2776,271,2025-03-21,2703.91,Insurance
2777,220,2025-04-13,2221.22,Insurance
2778,151,2025-02-12,4481.80,Other
2779,396,2025-11-17,1046.16,Credit Card
2780,106,2026-02-20,4993.20,Cash
2781,292,2024-10-16,2638.46,Cash
2782,209,2025-06-03,4203.55,Credit Card
2783,44,2025-08-19,4498.16,Other
2784,1,2025-12-05,2649.41,Cash
2785,35,2026-02-13,1556.37,Cash
2786,476,2025-06-11,2374.60,Cash
2787,402,2025-10-05,3542.10,Insurance
2788,358,2024-08-21,4455.54,Credit Card
2789,137,2025-02-03,2334.72,Credit Card
2790,46,2024-11-08,4846.63,Insurance
2791,144,2024-06-10,1702.56,Cash
2792,261,2025-06-13,3683.10,Credit Card
2793,73,2026-03-03,1360.80,Credit Card
2794,320,2025-02-24,4179.56,Insurance
2795,437,2025-10-03,3626.43,Insurance
2796,348,2025-05-17,1104.19,Credit Card
2797,128,2025-05-18,827.06,Other
2798,366,2026-01-02,865.17,Credit Card
2799,333,2024-03-29,1272.43,Credit Card
2800,157,2024-01-06,4636.46,Cash
2801,265,2025-02-16,3441.68,Bank Transfer
2802,207,2024-01-21,1820.01,Other
2803,417,2024-06-02,4561.69,Bank Transfer
2804,473,2025-01-14,183.60,Bank Transfer
2805,370,2025-12-20,2063.00,Bank Transfer
2806,342,2025-06-20,881.18,Cash
2807,465,2025-03-15,3696.86,Cash
2808,103,2024-10-10,4835.23,Other
2809,346,2026-02-09,399.54,Bank Transfer
2810,287,2024-02-18,967.75,Insurance
2811,87,2024-03-26,3017.81,Bank Transfer
2812,244,2025-03-22,285.25,Bank Transfer
2813,30,2024-10-31,778.33,Cash
2814,148,2024-05-29,3479.99,Insurance
2815,162,2025-01-19,817.12,Cash
2816,446,2025-02-08,321.28,Insurance
2817,153,2024-09-09,181.86,Cash
2818,225,2024-06-13,1562.60,Insurance
2819,458,2025-01-31,4860.40,Cash
2820,493,2024-12-31,3888.14,Credit Card
2821,37,2024-08-11,3102.80,Insurance
2822,388,2025-06-25,1088.36,Bank Transfer
2823,245,2025-01-20,1930.19,Other
2824,401,2024-08-17,2490.18,Insurance
2825,467,2026-03-18,967.91,Credit Card
2826,459,2024-09-20,885.93,Other
2827,160,2026-03-12,3474.46,Credit Card
2828,434,2025-07-05,3352.20,Insurance
2829,395,2026-03-14,574.60,Other
2830,75,2025-03-12,4877.20,Credit Card
2831,144,2026-01-01,2936.95,Other
2832,237,2025-04-04,3065.86,Other
2833,433,2024-10-20,3310.67,Other
2834,38,2025-08-19,1592.57,Cash
2835,209,2025-12-24,2779.57,Credit Card
2836,434,2025-04-14,1767.58,Cash
2837,371,2024-01-11,1506.77,Cash
2838,287,2025-03-11,2387.40,Credit Card
2839,74,2024-11-27,3966.33,Insurance
2840,258,2024-09-29,2627.14,Cash
2841,194,2024-06-12,1415.72,Cash
2842,483,2025-01-31,1769.70,Insurance
2843,316,2024-07-17,3163.20,Other
2844,379,2025-03-05,4468.22,Cash
2845,477,2024-07-05,176.79,Bank Transfer
2846,57,2024-12-29,3968.08,Other
2847,14,2026-01-16,2443.33,Insurance
2848,451,2026-02-07,1531.95,Insurance
2849,4,2024-04-26,2130.63,Other
2850,193,2024-05-21,4600.89,Credit Card
2851,340,2024-09-02,1005.86,Credit Card
2852,252,2024-02-01,2030.13,Credit Card
2853,345,2025-07-27,407.18,Insurance
2854,277,2025-08-30,1688.71,Insurance
2855,354,2024-05-20,4689.28,Bank Transfer
2856,151,2024-08-19,1858.84,Cash
2857,84,2025-08-25,4910.02,Bank Transfer
2858,185,2025-07-12,4008.91,Insurance
2859,113,2025-12-25,2779.03,Other
2860,476,2025-01-07,732.84,Cash
2861,174,2024-02-10,333.00,Bank Transfer
2862,404,2024-03-30,3745.78,Cash
2863,376,2025-02-12,3231.02,Insurance
2864,7,2025-01-17,2802.96,Cash
2865,297,2024-11-19,2865.40,Bank Transfer
2866,109,2025-08-16,3216.50,Other
2867,44,2024-12-10,4972.58,Other
2868,127,2024-06-15,818.58,Bank Transfer
2869,424,2025-05-15,327.60,Cash
2870,55,2025-02-25,2737.34,Insurance
2871,207,2025-11-11,4099.93,Credit Card
2872,419,2025-07-05,3065.83,Credit Card
2873,269,2024-04-05,1323.67,Other
2874,311,2025-02-07,4564.24,Insurance
2875,441,2025-11-03,2967.91,Cash
2876,424,2025-12-31,2437.03,Cash
2877,489,2026-02-22,4678.11,Bank Transfer
2878,133,2025-11-22,3762.58,Credit Card
2879,495,2025-01-28,4025.67,Cash
2880,162,2024-09-04,2810.72,Credit Card
2881,486,2025-01-21,1973.67,Bank Transfer
2882,146,2025-08-27,1023.77,Insurance
2883,359,2024-10-15,1182.11,Credit Card
2884,151,2025-10-20,751.45,Insurance
2885,281,2026-02-04,3893.03,Bank Transfer
2886,411,2025-02-09,2199.51,Cash
2887,56,2026-02-24,1678.99,Bank Transfer
2888,205,2025-07-29,3243.53,Insurance
2889,472,2024-01-04,3001.46,Insurance
2890,158,2025-11-18,334.80,Insurance
2891,262,2025-05-20,4254.15,Insurance
2892,15,2026-02-19,3876.32,Cash
2893,242,2025-07-11,830.01,Other
2894,196,2024-04-08,4336.23,Bank Transfer
2895,384,2025-10-05,2381.80,Cash
2896,232,2024-10-26,4608.69,Cash
2897,77,2025-04-12,3012.89,Credit Card
2898,484,2025-05-23,1051.45,Cash
2899,422,2025-08-24,4493.49,Insurance
2900,320,2026-03-19,4348.46,Bank Transfer
2901,203,2025-01-16,3985.81,Credit Card
2902,55,2025-05-01,1496.17,Bank Transfer
2903,335,2025-02-04,1605.83,Other
2904,467,2025-12-10,2753.17,Bank Transfer
2905,101,2025-07-20,2147.39,Bank Transfer
2906,424,2024-11-06,4220.73,Other
2907,12,2025-11-14,1989.23,Other
2908,141,2024-04-18,4135.17,Bank Transfer
2909,239,2025-08-12,1800.75,Bank Transfer
2910,486,2026-01-24,4070.26,Insurance
2911,101,2025-07-20,4330.19,Bank Transfer
2912,325,2025-03-10,3599.56,Other
2913,481,2025-09-01,4950.08,Credit Card
2914,272,2024-03-23,1751.66,Insurance
2915,43,2024-07-11,3262.13,Credit Card
2916,405,2025-10-04,1172.02,Credit Card
2917,401,2025-05-07,4369.78,Insurance
2918,111,2025-09-01,4480.64,Insurance
2919,365,2025-10-08,3895.07,Bank Transfer
2920,399,2025-09-08,2521.80,Other
2921,231,2025-02-06,2640.96,Insurance
2922,188,2025-08-20,4541.93,Bank Transfer
2923,440,2025-05-26,591.37,Cash
2924,346,2025-05-08,1814.18,Credit Card
2925,137,2024-02-09,2925.68,Cash
2926,325,2025-08-11,4529.17,Other
2927,226,2026-03-01,3172.13,Bank Transfer
2928,59,2024-03-30,4026.80,Bank Transfer
2929,215,2024-08-11,4117.67,Bank Transfer
2930,421,2024-10-13,339.36,Cash
2931,79,2024-04-30,222.45,Cash
2932,454,2025-01-27,4076.52,Credit Card
2933,222,2025-09-21,2105.81,Insurance
2934,473,2025-05-06,854.67,Insurance
2935,404,2025-05-31,3498.75,Credit Card
2936,110,2024-06-28,4057.71,Credit Card
2937,195,2024-07-31,4876.85,Credit Card
2938,34,2025-08-01,2094.59,Other
2939,90,2024-11-07,1007.63,Other
2940,257,2024-03-14,3784.15,Cash
2941,23,2025-03-16,2389.99,Other
2942,230,2024-06-10,2139.41,Cash
2943,190,2025-03-08,2945.13,Bank Transfer
2944,371,2025-12-31,2369.99,Cash
2945,38,2024-06-10,3112.33,Other
2946,109,2025-11-22,3850.39,Bank Transfer
2947,352,2024-12-31,1498.73,Insurance
2948,142,2025-01-30,184.92,Cash
2949,180,2024-02-13,55.72,Insurance
2950,178,2024-06-18,2765.82,Credit Card
2951,26,2024-02-02,1338.73,Bank Transfer
2952,241,2025-12-12,3285.24,Insurance
2953,274,2024-12-09,3111.87,Credit Card
2954,78,2024-05-09,4335.30,Cash
2955,10,2026-02-26,1955.09,Bank Transfer
2956,370,2025-11-26,3138.64,Insurance
2957,332,2025-04-07,1563.67,Cash
2958,153,2024-10-05,720.86,Cash
2959,43,2025-06-03,3308.52,Cash
2960,108,2024-10-19,4729.37,Cash
2961,368,2025-01-22,4997.88,Other
2962,240,2024-06-26,385.00,Insurance
2963,15,2024-10-14,4181.27,Insurance
2964,214,2025-06-21,4971.97,Cash
2965,492,2025-11-08,4027.92,Other
2966,62,2025-05-15,3072.46,Credit Card
2967,64,2024-03-23,4780.41,Insurance
2968,56,2024-05-30,1214.30,Bank Transfer
2969,200,2025-12-14,1747.68,Credit Card
2970,452,2025-02-10,4042.42,Other
2971,312,2025-07-06,61.18,Cash
2972,209,2025-11-17,2104.89,Other
2973,418,2025-12-01,553.76,Credit Card
2974,217,2025-02-21,3527.37,Credit Card
2975,390,2024-06-05,4799.02,Cash
2976,279,2025-01-20,4325.03,Cash
2977,72,2024-04-12,1226.18,Cash
2978,364,2025-12-15,1849.36,Other
2979,475,2025-01-25,4160.22,Other
2980,294,2024-09-23,2450.09,Credit Card
2981,458,2024-10-28,2671.85,Cash
2982,356,2024-09-29,2012.81,Other
2983,75,2024-09-23,3496.44,Bank Transfer
2984,8,2026-01-28,2368.66,Bank Transfer
2985,474,2024-07-31,1588.22,Bank Transfer
2986,409,2024-04-25,3369.62,Insurance
2987,422,2025-01-12,1914.28,Insurance
2988,46,2025-09-06,2022.23,Cash
2989,114,2024-06-23,4939.90,Credit Card
2990,299,2024-07-03,3121.74,Cash
2991,59,2025-11-22,4758.82,Other
2992,248,2025-01-28,456.44,Credit Card
2993,69,2024-04-14,1990.75,Other
2994,362,2024-01-05,4869.29,Insurance
2995,77,2025-01-22,3361.13,Cash
2996,447,2025-12-12,1693.33,Cash
2997,374,2024-04-27,3118.97,Other
2998,275,2024-08-07,4653.20,Cash
2999,309,2024-01-19,1389.41,Other
3000,45,2025-02-08,3343.75,Insurance
3001,429,2024-07-10,3024.84,Cash
3002,308,2024-09-05,98.57,Credit Card
3003,400,2024-02-03,483.28,Other
3004,188,2025-08-22,354.01,Bank Transfer
3005,82,2025-05-04,1174.97,Cash
3006,392,2025-07-17,2220.64,Insurance
3007,180,2025-02-24,2481.84,Credit Card
3008,96,2024-10-08,581.99,Other
3009,200,2024-12-09,3651.45,Credit Card
3010,492,2025-06-12,1595.61,Cash
3011,50,2025-11-23,2856.52,Other
3012,310,2025-10-05,3571.56,Credit Card
3013,93,2024-09-27,2947.36,Bank Transfer
3014,131,2024-09-26,185.52,Insurance
3015,222,2024-03-28,4267.74,Other
3016,323,2024-06-30,3482.45,Credit Card
3017,27,2025-08-28,2478.93,Insurance
3018,359,2025-11-22,1423.36,Other
3019,198,2024-03-08,2781.12,Other
3020,87,2024-12-22,4028.07,Bank Transfer
3021,353,2025-08-25,638.17,Credit Card
3022,91,2024-03-17,3986.83,Insurance
3023,88,2024-10-13,1782.75,Cash
3024,400,2024-12-18,431.50,Credit Card
3025,29,2025-06-23,3210.42,Other
3026,212,2024-04-26,4048.68,Insurance
3027,482,2025-06-09,60.40,Insurance
3028,471,2024-04-23,1038.64,Credit Card
3029,493,2025-06-14,3606.47,Insurance
3030,442,2024-07-19,790.30,Bank Transfer
3031,80,2024-03-01,4449.05,Bank Transfer
3032,238,2024-03-01,3746.66,Insurance
3033,187,2025-08-05,3843.84,Other
3034,96,2024-11-19,2416.98,Insurance
3035,373,2024-07-10,3957.94,Insurance
3036,432,2025-10-31,3726.07,Credit Card
3037,308,2024-01-02,3513.61,Insurance
3038,382,2025-08-12,4767.96,Other
3039,276,2026-02-13,4425.70,Cash
3040,460,2024-03-12,3656.07,Credit Card
3041,469,2024-03-28,3264.67,Credit Card
3042,246,2024-02-22,946.30,Insurance
3043,371,2024-03-14,1945.42,Cash
3044,198,2025-12-07,2401.47,Insurance
3045,28,2024-06-03,767.50,Bank Transfer
3046,41,2024-02-08,3939.54,Insurance
3047,83,2024-04-09,131.95,Credit Card
3048,7,2025-07-16,1072.18,Credit Card
3049,10,2026-02-21,3935.32,Other
3050,45,2024-11-07,3561.68,Cash
3051,429,2025-08-14,1226.99,Bank Transfer
3052,432,2024-03-09,3921.15,Credit Card
3053,47,2025-11-24,389.19,Other
3054,305,2024-06-20,1187.42,Insurance
3055,421,2024-08-24,444.38,Other
3056,237,2024-05-26,2860.81,Other
3057,242,2024-07-02,2669.20,Insurance
3058,38,2024-08-03,4576.75,Cash
3059,155,2024-05-24,4274.39,Other
3060,241,2025-11-17,2025.63,Cash
3061,380,2025-08-24,84.06,Insurance
3062,417,2025-11-21,3704.79,Other
3063,219,2024-10-15,828.53,Insurance
3064,449,2025-04-12,3698.81,Other
3065,453,2025-04-18,2672.87,Bank Transfer
3066,77,2025-01-17,1267.01,Other
3067,317,2024-03-08,981.72,Other
3068,166,2024-11-11,4745.21,Credit Card
3069,63,2026-01-02,2329.73,Bank Transfer
3070,129,2025-07-04,3379.49,Bank Transfer
3071,415,2025-12-16,651.16,Other
3072,184,2024-09-15,1441.92,Credit Card
3073,344,2024-08-16,1065.64,Bank Transfer
3074,22,2024-06-28,1896.37,Other
3075,335,2025-06-02,4771.82,Bank Transfer
3076,469,2024-03-06,96.03,Other
3077,311,2024-06-04,3185.35,Cash
3078,228,2024-04-08,4983.33,Other
3079,341,2025-04-08,1403.55,Bank Transfer
3080,125,2024-03-23,1730.77,Other
3081,222,2024-10-21,3387.40,Insurance
3082,358,2024-01-12,2817.62,Insurance
3083,349,2024-05-17,4130.74,Bank Transfer
3084,129,2025-05-26,4327.47,Insurance
3085,170,2024-08-29,4732.55,Other
3086,61,2026-02-01,2277.23,Insurance
3087,275,2024-08-18,1874.45,Credit Card
3088,141,2025-04-27,2644.03,Cash
3089,6,2025-11-10,4682.67,Insurance
3090,78,2024-04-26,4873.78,Other
3091,292,2026-03-19,2427.67,Bank Transfer
3092,216,2025-08-17,3852.82,Credit Card
3093,47,2025-03-05,2821.00,Cash
3094,413,2025-12-13,1757.54,Cash
3095,199,2024-10-21,3098.61,Other
3096,10,2025-05-20,283.44,Bank Transfer
3097,463,2024-10-11,1738.90,Other
3098,354,2025-01-20,1478.56,Other
3099,447,2024-07-04,1231.79,Cash
3100,195,2025-12-12,4777.78,Cash
3101,436,2025-09-23,117.69,Insurance
3102,335,2024-10-05,3919.75,Bank Transfer
3103,84,2024-11-23,848.99,Insurance
3104,432,2025-04-20,640.76,Credit Card
3105,32,2025-01-26,3588.21,Bank Transfer
3106,423,2025-05-14,4566.22,Other
3107,13,2026-02-27,2668.79,Bank Transfer
3108,99,2024-12-14,2690.68,Other
3109,287,2024-07-27,851.34,Bank Transfer
3110,494,2024-08-01,1680.64,Other
3111,476,2026-01-10,4135.28,Bank Transfer
3112,469,2024-04-26,1216.82,Credit Card
3113,36,2026-01-02,4668.28,Other
3114,191,2024-10-01,1022.05,Credit Card
3115,94,2024-10-09,2105.72,Credit Card
3116,180,2024-12-30,660.36,Other
3117,255,2025-07-18,2606.64,Credit Card
3118,337,2025-05-23,4070.98,Insurance
3119,247,2024-06-10,3812.42,Bank Transfer
3120,118,2025-07-30,4985.87,Cash
3121,258,2025-06-09,2766.40,Bank Transfer
3122,73,2025-04-21,4236.56,Insurance
3123,371,2025-10-01,2156.07,Insurance
3124,145,2024-12-29,1828.91,Credit Card
3125,405,2025-09-05,4301.37,Credit Card
3126,267,2024-09-24,141.55,Credit Card
3127,484,2024-09-29,2460.37,Other
3128,206,2024-11-02,3718.83,Bank Transfer
3129,477,2024-11-09,52.19,Insurance
3130,266,2025-08-31,2978.45,Bank Transfer
3131,77,2024-12-14,1123.02,Other
3132,97,2025-02-10,2930.27,Cash
3133,445,2025-10-02,4746.90,Cash
3134,38,2024-04-10,3255.84,Other
3135,251,2024-06-28,611.27,Credit Card
3136,291,2025-07-10,3648.28,Cash
3137,472,2024-06-17,227.18,Cash
3138,415,2024-12-28,4833.15,Bank Transfer
3139,230,2024-06-17,3344.70,Other
3140,220,2025-11-14,659.30,Cash
3141,40,2025-07-12,4116.26,Cash
3142,298,2024-04-20,4427.08,Credit Card
3143,483,2026-02-25,3655.11,Insurance
3144,347,2024-10-04,4881.46,Insurance
3145,304,2024-12-06,4731.50,Cash
3146,401,2025-01-04,3738.18,Cash
3147,263,2024-11-13,279.76,Insurance
3148,466,2025-05-14,1244.50,Cash
3149,121,2024-05-03,2587.33,Other
3150,155,2025-08-24,2326.90,Bank Transfer
3151,33,2025-02-01,1157.35,Credit Card
3152,270,2024-11-16,1805.42,Credit Card
3153,421,2024-08-23,2140.78,Cash
3154,489,2024-07-07,1154.18,Credit Card
3155,447,2026-01-15,3948.66,Insurance
3156,323,2025-08-10,3305.21,Cash
3157,61,2025-07-25,912.90,Other
3158,294,2024-03-12,1276.99,Bank Transfer
3159,38,2024-01-21,817.40,Cash
3160,313,2024-01-19,1790.54,Other
3161,45,2024-09-28,2325.77,Other
3162,215,2025-11-14,303.84,Bank Transfer
3163,194,2024-05-23,1253.87,Credit Card
3164,19,2025-08-27,1315.14,Other
3165,380,2025-12-25,4833.97,Insurance
3166,486,2025-06-11,2657.01,Bank Transfer
3167,102,2024-09-24,3965.96,Insurance
3168,409,2024-10-07,1658.02,Credit Card
3169,313,2024-11-27,1330.53,Credit Card
3170,495,2025-05-03,1078.43,Credit Card
3171,480,2024-01-11,257.08,Cash
3172,140,2025-04-12,540.52,Insurance
3173,416,2024-06-04,1216.06,Credit Card
3174,188,2024-09-10,3737.13,Cash
3175,62,2024-05-08,3185.42,Cash
3176,304,2024-10-22,109.13,Cash
3177,56,2024-04-01,723.48,Bank Transfer
3178,69,2024-02-22,2466.11,Other
3179,53,2025-07-02,2500.46,Bank Transfer
3180,51,2024-11-06,1962.77,Insurance
3181,424,2025-03-03,3274.10,Insurance
3182,23,2025-05-20,234.24,Bank Transfer
3183,393,2025-12-07,1216.72,Insurance
3184,100,2026-02-22,4630.06,Bank Transfer
3185,42,2024-09-18,1218.24,Credit Card
3186,441,2024-11-24,1790.04,Bank Transfer
3187,220,2026-01-28,868.50,Credit Card
3188,349,2025-07-02,4428.42,Bank Transfer
3189,235,2026-02-20,4624.52,Insurance
3190,19,2024-02-27,3076.02,Bank Transfer
3191,401,2026-03-05,2906.95,Other
3192,487,2024-04-03,3249.86,Insurance
3193,56,2025-09-13,1170.86,Other
3194,51,2025-01-12,551.09,Cash
3195,279,2026-03-16,4348.22,Other
3196,423,2024-10-31,330.75,Bank Transfer
3197,489,2025-06-05,4986.74,Insurance
3198,172,2025-03-21,88.54,Bank Transfer
3199,198,2025-07-30,1876.30,Bank Transfer
3200,306,2024-11-17,4534.95,Other
3201,423,2025-04-23,4789.86,Bank Transfer
3202,189,2025-03-14,4574.48,Cash
3203,83,2024-09-08,1494.07,Cash
3204,42,2026-02-11,3503.63,Credit Card
3205,92,2025-09-19,180.17,Bank Transfer
3206,13,2025-10-06,493.07,Cash
3207,248,2025-03-16,866.73,Bank Transfer
3208,88,2024-01-24,536.30,Cash
3209,236,2024-05-19,3896.24,Cash
3210,304,2024-11-03,1151.24,Credit Card
3211,96,2024-01-26,2613.15,Credit Card
3212,153,2024-03-27,3382.42,Other
3213,335,2025-01-03,2342.96,Other
3214,244,2024-08-04,1479.62,Credit Card
3215,492,2025-04-01,787.80,Cash
3216,368,2025-12-20,2311.96,Bank Transfer
3217,253,2024-04-11,3205.66,Insurance
3218,377,2024-03-11,2530.63,Insurance
3219,131,2025-08-14,2512.00,Other
3220,185,2024-08-01,3733.19,Bank Transfer
3221,465,2024-06-15,1638.64,Bank Transfer
3222,445,2024-09-09,4052.94,Bank Transfer
3223,326,2026-01-24,3110.95,Bank Transfer
3224,62,2024-11-18,1387.75,Bank Transfer
3225,128,2025-03-07,4651.39,Bank Transfer
3226,123,2025-07-14,2490.72,Bank Transfer
3227,121,2024-01-03,4924.35,Other
3228,151,2025-07-25,3796.09,Cash
3229,219,2024-09-26,3269.14,Bank Transfer
3230,154,2026-01-25,813.33,Cash
3231,291,2025-11-24,1939.43,Credit Card
3232,128,2026-03-10,2509.58,Insurance
3233,294,2025-11-30,291.36,Bank Transfer
3234,490,2024-12-30,4787.81,Other
3235,280,2024-01-02,4346.23,Credit Card
3236,294,2024-12-13,2626.88,Bank Transfer
3237,140,2024-12-21,83.40,Bank Transfer
3238,460,2025-12-24,3318.61,Credit Card
3239,497,2025-09-09,1975.40,Credit Card
3240,248,2024-02-17,4239.30,Bank Transfer
3241,243,2025-02-24,3641.13,Cash
3242,312,2025-07-20,1802.79,Insurance
3243,281,2024-08-29,4553.72,Cash
3244,182,2024-04-10,4129.35,Credit Card
3245,142,2024-11-11,4995.21,Credit Card
3246,235,2025-01-06,1845.80,Insurance
3247,347,2024-02-24,666.17,Bank Transfer
3248,91,2025-08-26,1730.83,Credit Card
3249,323,2024-07-25,2167.68,Credit Card
3250,195,2025-07-10,1163.35,Cash
3251,80,2024-04-15,659.95,Bank Transfer
3252,178,2024-11-01,3774.12,Other
3253,22,2025-10-05,3152.54,Bank Transfer
3254,200,2024-01-27,2003.36,Credit Card
3255,465,2024-11-09,3191.74,Credit Card
3256,11,2025-09-27,2143.78,Insurance
3257,467,2024-07-21,1584.00,Cash
3258,213,2025-01-19,4336.62,Bank Transfer
3259,381,2024-11-26,2490.23,Credit Card
3260,436,2026-01-08,2896.21,Bank Transfer
3261,184,2024-12-10,3206.28,Credit Card
3262,214,2024-07-09,4036.97,Credit Card
3263,42,2025-09-06,4938.14,Credit Card
3264,38,2025-12-15,819.86,Cash
3265,368,2024-02-17,2798.81,Cash
3266,350,2024-02-11,1123.65,Insurance
3267,242,2024-07-14,4646.79,Other
3268,14,2024-02-04,4738.40,Insurance
3269,401,2025-07-26,3026.90,Other
3270,49,2025-08-08,3472.00,Other
3271,397,2025-04-08,4589.38,Insurance
3272,442,2025-01-29,4710.17,Other
3273,339,2025-06-03,1526.83,Credit Card
3274,422,2024-07-19,4693.78,Insurance
3275,165,2024-02-03,3007.17,Credit Card
3276,116,2025-06-29,376.83,Credit Card
3277,252,2024-05-23,3953.03,Other
3278,383,2024-02-15,585.01,Bank Transfer
3279,28,2025-01-03,1559.18,Other
3280,118,2024-10-13,1914.18,Other
3281,265,2025-09-07,2629.77,Insurance
3282,337,2024-09-08,2600.51,Bank Transfer
3283,128,2025-08-29,1616.97,Credit Card
3284,439,2025-05-13,930.78,Bank Transfer
3285,370,2025-06-13,112.82,Bank Transfer
3286,395,2024-08-25,3347.46,Bank Transfer
3287,267,2024-10-15,2876.74,Credit Card
3288,444,2024-01-19,224.61,Credit Card
3289,431,2024-08-18,224.71,Cash
3290,58,2026-01-07,3061.17,Insurance
3291,337,2025-07-02,4801.07,Insurance
3292,31,2024-04-23,2481.45,Other
3293,182,2024-11-27,3463.71,Bank Transfer
3294,182,2024-02-20,1760.78,Other
3295,48,2025-12-21,4665.28,Insurance
3296,435,2025-11-23,4628.90,Cash
3297,155,2024-06-12,1961.66,Insurance
3298,71,2024-10-29,1563.11,Insurance
3299,254,2025-05-03,3822.80,Cash
3300,424,2024-09-20,3165.66,Cash
3301,45,2024-01-17,2531.30,Cash
3302,324,2024-07-01,3238.96,Insurance
3303,458,2024-10-09,3108.72,Credit Card
3304,475,2024-11-25,3299.07,Insurance
3305,133,2025-06-22,2983.57,Insurance
3306,137,2024-05-23,1890.81,Insurance
3307,174,2026-02-01,1113.24,Insurance
3308,251,2026-02-11,2941.68,Cash
3309,4,2025-01-06,3891.65,Insurance
3310,90,2025-01-01,2079.93,Insurance
3311,115,2024-08-01,2508.46,Bank Transfer
3312,99,2024-11-10,2756.05,Other
3313,38,2025-09-24,349.60,Cash
3314,474,2024-01-26,884.06,Credit Card
3315,12,2026-03-20,407.70,Credit Card
3316,231,2025-04-18,1908.73,Cash
3317,200,2025-02-11,4954.09,Credit Card
3318,192,2025-11-16,2931.81,Insurance
3319,279,2025-04-28,1514.44,Cash
3320,50,2024-05-12,3672.83,Bank Transfer
3321,257,2024-10-20,914.51,Insurance
3322,499,2026-01-22,918.31,Insurance
3323,130,2026-02-26,4506.40,Credit Card
3324,40,2025-12-27,3128.82,Cash
3325,338,2026-01-29,4438.34,Insurance
3326,286,2026-01-11,2838.45,Cash
3327,104,2025-03-18,2425.40,Insurance
3328,36,2025-10-07,2116.86,Bank Transfer
3329,389,2025-08-25,3358.34,Other
3330,322,2026-02-06,4508.49,Other
3331,330,2024-03-18,3182.52,Insurance
3332,447,2024-08-29,3465.26,Credit Card
3333,232,2025-08-31,1577.28,Bank Transfer
3334,180,2025-10-22,4580.81,Bank Transfer
3335,2,2025-08-27,2354.75,Credit Card
3336,101,2024-02-17,3036.98,Other
3337,245,2024-02-17,1147.88,Other
3338,83,2025-12-22,1406.02,Credit Card
3339,467,2025-08-29,2755.84,Credit Card
3340,255,2024-03-01,1496.23,Insurance
3341,322,2025-11-12,1195.10,Bank Transfer
3342,466,2024-11-09,4722.85,Insurance
3343,451,2024-08-02,4039.42,Bank Transfer
3344,197,2024-09-24,2430.72,Other
3345,222,2024-12-12,2859.90,Credit Card
3346,51,2024-03-26,121.59,Bank Transfer
3347,66,2024-06-18,3610.44,Other
3348,48,2024-12-25,4421.91,Other
3349,182,2025-07-07,2686.09,Credit Card
3350,101,2025-03-11,3999.26,Other
3351,270,2025-02-25,1951.81,Other
3352,337,2025-07-19,4896.06,Credit Card
3353,76,2024-08-30,4696.78,Cash
3354,37,2024-09-09,3300.14,Bank Transfer
3355,364,2024-06-18,904.65,Bank Transfer
3356,295,2025-11-29,3988.64,Bank Transfer
3357,231,2024-01-20,1084.71,Insurance
3358,206,2025-07-12,3312.42,Cash
3359,420,2024-03-29,4969.38,Credit Card
3360,426,2024-06-11,1427.08,Cash
3361,435,2025-05-07,980.70,Other
3362,51,2024-10-26,439.76,Credit Card
3363,486,2024-08-16,2222.74,Insurance
3364,487,2024-10-09,3557.51,Bank Transfer
3365,426,2026-02-15,1901.79,Cash
3366,481,2025-03-28,3810.42,Credit Card
3367,388,2025-10-18,1009.22,Cash
3368,209,2024-12-12,3504.55,Bank Transfer
3369,431,2025-06-03,2305.01,Bank Transfer
3370,230,2025-06-27,497.32,Bank Transfer
3371,378,2025-07-30,414.08,Insurance
3372,478,2026-03-11,1798.12,Cash
3373,405,2025-03-25,767.99,Other
3374,199,2024-09-13,813.15,Credit Card
3375,223,2024-02-24,4458.65,Insurance
3376,445,2024-04-05,1554.85,Insurance
3377,467,2024-06-12,4405.71,Credit Card
3378,418,2025-11-22,671.29,Bank Transfer
3379,170,2024-07-24,4734.01,Other
3380,208,2025-12-24,4038.94,Cash
3381,197,2024-10-15,3973.17,Cash
3382,281,2025-11-08,127.21,Bank Transfer
3383,138,2024-01-11,188.10,Bank Transfer
3384,372,2024-08-18,2612.75,Cash
3385,341,2025-11-10,3046.69,Credit Card
3386,10,2026-03-10,4915.75,Insurance
3387,390,2025-09-22,2019.48,Cash
3388,357,2025-09-20,2976.44,Other
3389,238,2025-08-28,2732.59,Other
3390,219,2024-12-03,3705.33,Cash
3391,116,2024-04-13,571.23,Insurance
3392,12,2025-11-10,4619.94,Insurance
3393,266,2026-01-28,428.65,Insurance
3394,466,2024-09-24,3485.72,Cash
3395,217,2025-05-12,383.34,Bank Transfer
3396,222,2025-04-28,293.16,Other
3397,270,2025-03-16,2180.54,Other
3398,274,2024-12-03,635.33,Insurance
3399,282,2024-07-01,164.45,Other
3400,477,2025-01-11,772.47,Other
3401,188,2025-04-24,3079.21,Cash
3402,34,2024-12-11,4742.16,Bank Transfer
3403,478,2025-12-17,462.77,Bank Transfer
3404,482,2024-01-19,2024.88,Other
3405,286,2024-12-14,492.74,Other
3406,284,2025-10-18,501.10,Insurance
3407,348,2026-03-13,3855.24,Insurance
3408,433,2025-07-01,2475.14,Bank Transfer
3409,262,2024-02-26,2819.51,Bank Transfer
3410,60,2025-12-15,1299.30,Insurance
3411,443,2025-02-25,2291.42,Insurance
3412,338,2024-04-12,3494.34,Insurance
3413,293,2024-11-20,1487.60,Credit Card
3414,99,2024-04-06,4939.30,Credit Card
3415,390,2026-01-19,1471.78,Credit Card
3416,352,2025-01-29,2822.90,Other
3417,335,2026-03-08,3371.54,Other
3418,317,2024-12-18,2336.36,Credit Card
3419,417,2025-10-12,3189.56,Bank Transfer
3420,238,2024-01-23,274.91,Insurance
3421,281,2024-10-26,1770.83,Credit Card
3422,87,2026-01-19,1390.98,Cash
3423,90,2024-08-14,2619.90,Insurance
3424,414,2025-07-02,3090.09,Credit Card
3425,23,2024-07-26,2709.39,Bank Transfer
3426,375,2025-04-21,1992.69,Cash
3427,141,2024-01-03,2890.28,Credit Card
3428,378,2025-03-08,763.85,Other
3429,493,2024-06-13,795.58,Other
3430,402,2025-12-29,1816.91,Insurance
3431,219,2024-06-21,637.95,Cash
3432,371,2025-08-01,2771.33,Bank Transfer
3433,103,2024-07-04,3592.85,Credit Card
3434,225,2024-05-19,3996.84,Cash
3435,222,2025-02-10,2341.86,Bank Transfer
3436,451,2025-08-18,3255.12,Bank Transfer
3437,481,2025-08-14,2513.94,Cash
3438,124,2025-04-12,1652.06,Credit Card
3439,242,2026-03-04,1314.35,Cash
3440,486,2025-06-02,3851.50,Other
3441,105,2024-01-05,3604.21,Other
3442,421,2024-05-22,2840.16,Other
3443,63,2025-03-28,4619.59,Cash
3444,143,2025-08-15,3461.06,Insurance
3445,77,2025-08-20,1527.89,Insurance
3446,369,2025-09-26,3836.02,Other
3447,480,2024-03-12,2173.71,Credit Card
3448,232,2025-12-11,3098.14,Cash
3449,19,2024-10-02,3787.90,Insurance
3450,75,2024-01-02,874.67,Other
3451,480,2025-07-04,2805.58,Credit Card
3452,110,2025-08-15,2241.34,Insurance
3453,2,2026-02-24,2829.49,Insurance
3454,244,2024-02-09,4315.09,Bank Transfer
3455,342,2024-06-21,4472.28,Bank Transfer
3456,352,2024-06-26,4923.53,Bank Transfer
3457,128,2024-03-30,269.93,Credit Card
3458,318,2025-08-10,1124.79,Credit Card
3459,49,2024-01-23,4481.86,Insurance
3460,242,2025-10-30,4274.31,Cash
3461,19,2025-08-25,962.70,Bank Transfer
3462,422,2026-03-05,3349.33,Bank Transfer
3463,76,2025-05-23,168.58,Other
3464,264,2024-08-08,583.91,Other
3465,438,2024-05-04,4723.06,Cash
3466,122,2026-03-06,1428.89,Cash
3467,469,2025-04-12,567.96,Other
3468,401,2025-07-17,3228.80,Cash
3469,478,2024-12-04,3746.31,Bank Transfer
3470,177,2024-01-26,3959.72,Other
3471,68,2025-05-20,3202.88,Other
3472,279,2025-12-27,2013.13,Bank Transfer
3473,284,2024-04-09,2994.82,Insurance
3474,144,2025-06-02,2780.58,Bank Transfer
3475,214,2025-11-02,2224.74,Other
3476,451,2024-06-08,895.09,Credit Card
3477,405,2025-07-04,2023.04,Bank Transfer
3478,85,2024-12-08,91.18,Insurance
3479,143,2025-04-17,513.27,Insurance
3480,150,2024-05-22,1964.88,Other
3481,279,2024-11-01,4577.18,Insurance
3482,223,2024-03-27,4565.89,Bank Transfer
3483,177,2024-01-27,462.89,Insurance
3484,343,2024-02-08,4061.84,Credit Card
3485,410,2025-10-14,1388.90,Cash
3486,427,2025-07-21,570.19,Insurance
3487,28,2025-04-12,2016.26,Cash
3488,12,2025-08-21,4691.95,Insurance
3489,313,2025-10-26,4568.37,Credit Card
3490,210,2026-01-21,946.69,Insurance
3491,288,2024-10-04,2371.41,Cash
3492,81,2024-02-18,1929.41,Cash
3493,402,2024-11-15,385.43,Cash
3494,471,2025-08-28,697.40,Bank Transfer
3495,110,2024-07-05,2946.31,Bank Transfer
3496,3,2025-11-11,1752.98,Insurance
3497,440,2025-06-27,3524.75,Bank Transfer
3498,76,2025-08-09,4051.92,Cash
3499,363,2025-05-18,905.79,Bank Transfer
3500,406,2026-02-16,2316.83,Credit Card
3501,412,2025-05-18,3391.00,Cash
3502,269,2025-07-22,2868.54,Cash
3503,223,2024-02-18,1578.05,Insurance
3504,73,2024-01-18,1093.33,Bank Transfer
3505,477,2024-10-21,3670.90,Insurance
3506,38,2025-08-13,3141.89,Insurance
3507,349,2025-05-03,1039.81,Credit Card
3508,437,2025-10-03,416.46,Credit Card
3509,488,2024-04-03,541.34,Cash
3510,238,2025-11-02,2813.58,Cash
3511,443,2024-08-24,4829.87,Insurance
3512,421,2024-11-15,3007.79,Other
3513,6,2025-05-21,333.66,Other
3514,416,2024-08-15,4251.36,Bank Transfer
3515,89,2025-04-18,616.92,Credit Card
3516,373,2024-09-28,757.73,Insurance
3517,30,2025-03-02,3353.83,Bank Transfer
3518,341,2025-11-15,2866.01,Credit Card
3519,426,2024-05-10,1607.09,Insurance
3520,409,2026-02-16,531.47,Bank Transfer
3521,26,2024-01-29,1436.85,Other
3522,464,2025-12-23,2878.37,Credit Card
3523,135,2024-04-30,1367.16,Bank Transfer
3524,403,2025-12-21,3584.63,Bank Transfer
3525,220,2024-11-11,2070.80,Insurance
3526,112,2025-09-10,2431.39,Other
3527,22,2024-04-02,740.32,Cash
3528,198,2024-07-31,1242.98,Insurance
3529,183,2025-10-13,2912.42,Insurance
3530,318,2024-10-06,3008.21,Bank Transfer
3531,459,2025-02-18,2329.88,Insurance
3532,144,2025-01-22,3316.61,Insurance
3533,194,2025-02-10,4680.75,Bank Transfer
3534,494,2025-08-11,3586.40,Credit Card
3535,155,2025-12-20,2576.52,Insurance
3536,470,2025-08-21,3833.82,Bank Transfer
3537,466,2024-01-13,1101.90,Bank Transfer
3538,399,2024-05-25,848.96,Insurance
3539,360,2024-09-18,3727.38,Credit Card
3540,360,2024-05-19,4367.61,Bank Transfer
3541,370,2024-10-20,3471.35,Credit Card
3542,62,2024-11-09,2025.59,Cash
3543,9,2024-10-17,2882.36,Credit Card
3544,162,2025-09-27,262.37,Cash
3545,172,2025-05-29,546.20,Other
3546,490,2025-07-28,999.91,Bank Transfer
3547,39,2026-02-20,1499.50,Other
3548,30,2024-11-26,2997.07,Cash
3549,275,2024-08-20,2432.31,Bank Transfer
3550,105,2025-09-26,2313.55,Cash
3551,19,2024-11-24,2321.20,Other
3552,111,2026-02-22,1314.90,Cash
3553,278,2024-02-20,2514.79,Cash
3554,496,2025-08-27,1692.91,Credit Card
3555,166,2024-10-05,4519.29,Bank Transfer
3556,58,2024-08-02,4558.24,Bank Transfer
3557,20,2024-05-08,3640.11,Other
3558,456,2024-11-01,917.53,Credit Card
3559,353,2024-02-14,3343.08,Other
3560,171,2025-08-22,1640.51,Credit Card
3561,406,2024-04-12,767.28,Cash
3562,185,2024-12-10,4556.61,Bank Transfer
3563,295,2025-09-20,4233.29,Bank Transfer
3564,293,2026-03-04,905.64,Bank Transfer
3565,36,2025-09-14,3487.80,Cash
3566,222,2025-02-04,1723.46,Credit Card
3567,195,2024-02-17,634.50,Cash
3568,56,2025-10-23,2378.46,Cash
3569,105,2024-05-12,2762.28,Credit Card
3570,78,2025-12-11,1807.92,Other
3571,103,2025-02-10,400.47,Bank Transfer
3572,137,2025-12-13,3558.29,Cash
3573,241,2025-08-16,822.50,Cash
3574,336,2025-03-04,1722.76,Bank Transfer
3575,428,2025-07-12,647.25,Cash
3576,51,2024-10-28,4492.67,Insurance
3577,284,2025-05-25,4754.19,Insurance
3578,60,2024-05-01,2493.44,Insurance
3579,8,2024-06-26,654.47,Credit Card
3580,280,2026-02-21,4430.93,Bank Transfer
3581,22,2024-07-28,1844.49,Other
3582,307,2025-02-10,4638.34,Credit Card
3583,46,2024-07-22,3337.74,Credit Card
3584,61,2024-07-26,4026.41,Cash
3585,497,2026-01-09,4492.86,Credit Card
3586,159,2024-07-21,1312.98,Insurance
3587,195,2025-12-14,1971.71,Other
3588,57,2024-07-25,4614.29,Insurance
3589,499,2024-07-01,437.43,Credit Card
3590,304,2024-10-09,4774.07,Bank Transfer
3591,8,2026-02-20,1950.92,Cash
3592,430,2024-10-25,2124.50,Cash
3593,357,2024-05-14,96.30,Other
3594,141,2025-09-02,2811.55,Bank Transfer
3595,479,2025-04-07,1892.76,Other
3596,103,2025-03-11,4542.24,Cash
3597,246,2024-10-30,2602.81,Credit Card
3598,436,2025-12-02,984.83,Credit Card
3599,109,2025-12-11,1260.58,Insurance
3600,466,2025-09-28,1412.82,Insurance
3601,180,2024-04-23,2531.99,Cash
3602,230,2025-11-10,1781.69,Bank Transfer
3603,275,2024-05-25,1713.72,Bank Transfer
3604,134,2025-06-06,3702.84,Other
3605,219,2025-07-25,3742.90,Insurance
3606,46,2024-05-24,1033.68,Bank Transfer
3607,393,2025-06-17,2458.10,Cash
3608,473,2024-12-12,72.43,Credit Card
3609,22,2025-12-20,3701.33,Cash
3610,247,2024-05-10,2849.83,Other
3611,161,2025-01-30,4892.50,Credit Card
3612,199,2025-03-12,2048.95,Credit Card
3613,51,2024-08-06,3794.08,Insurance
3614,384,2024-07-01,3464.75,Insurance
3615,127,2024-07-28,2746.86,Insurance
3616,172,2024-11-11,2472.47,Cash
3617,343,2024-03-22,948.84,Bank Transfer
3618,101,2025-12-28,1825.01,Credit Card
3619,459,2025-09-24,1175.33,Bank Transfer
3620,83,2025-03-31,4928.95,Other
3621,424,2026-02-02,3872.55,Other
3622,455,2025-06-07,645.99,Bank Transfer
3623,453,2025-03-02,1871.36,Other
3624,389,2025-01-26,118.01,Cash
3625,90,2025-07-22,3305.72,Bank Transfer
3626,157,2025-04-16,2350.69,Cash
3627,197,2024-10-14,2737.67,Credit Card
3628,123,2024-12-11,2522.84,Credit Card
3629,317,2025-08-26,3980.03,Bank Transfer
3630,443,2026-02-02,1455.67,Credit Card
3631,119,2024-11-28,3884.23,Insurance
3632,280,2025-06-13,1595.75,Other
3633,127,2025-08-27,4007.15,Other
3634,200,2024-01-28,1990.51,Credit Card
3635,447,2025-03-08,1021.85,Credit Card
3636,118,2025-09-27,592.77,Credit Card
3637,300,2024-10-29,2377.77,Other
3638,352,2025-11-04,2380.18,Bank Transfer
3639,405,2024-09-19,4033.17,Insurance
3640,367,2025-11-27,3563.29,Cash
3641,441,2024-07-15,3335.63,Other
3642,211,2025-05-31,4488.44,Insurance
3643,185,2025-08-19,955.72,Other
3644,424,2025-09-03,4391.37,Other
3645,59,2025-10-08,924.08,Insurance
3646,151,2024-11-25,4856.70,Bank Transfer
3647,267,2024-05-13,2330.00,Cash
3648,290,2026-01-20,3648.57,Other
3649,42,2025-10-11,652.16,Other
3650,135,2024-04-23,4151.34,Credit Card
3651,205,2024-10-31,1585.57,Insurance
3652,242,2024-06-13,2913.31,Cash
3653,278,2025-05-29,4987.13,Bank Transfer
3654,23,2026-01-21,3878.40,Bank Transfer
3655,229,2026-03-09,3499.78,Other
3656,91,2024-07-22,485.74,Other
3657,403,2025-01-21,595.82,Credit Card
3658,181,2025-06-08,4286.80,Credit Card
3659,350,2025-11-09,2604.91,Bank Transfer
3660,469,2026-01-20,894.52,Insurance
3661,499,2024-04-30,3213.67,Other
3662,434,2024-01-30,1359.93,Bank Transfer
3663,314,2024-04-03,4882.98,Other
3664,444,2025-09-14,2848.82,Cash
3665,83,2024-04-21,3198.16,Insurance
3666,463,2024-11-09,3771.33,Bank Transfer
3667,416,2025-03-30,4652.16,Insurance
3668,385,2026-01-13,3731.20,Insurance
3669,176,2024-05-07,4268.86,Credit Card
3670,402,2026-03-06,2373.03,Bank Transfer
3671,235,2024-02-13,3560.15,Credit Card
3672,443,2025-04-09,3830.14,Credit Card
3673,186,2024-01-24,1915.10,Other
3674,95,2024-04-23,3676.98,Credit Card
3675,4,2024-08-12,4893.37,Bank Transfer
3676,264,2024-05-02,3913.67,Other
3677,323,2025-11-05,2250.40,Other
3678,339,2024-12-04,460.67,Insurance
3679,325,2024-07-05,3525.64,Bank Transfer
3680,77,2024-09-27,204.92,Bank Transfer
3681,260,2025-08-02,2356.21,Credit Card
3682,421,2026-02-22,1848.13,Cash
3683,405,2025-08-04,4939.33,Other
3684,263,2025-06-13,4838.41,Bank Transfer
3685,81,2024-06-22,3021.34,Other
3686,225,2025-05-09,3944.21,Credit Card
3687,187,2025-10-07,2947.17,Other
3688,146,2024-12-29,2823.50,Bank Transfer
3689,468,2024-11-17,4218.16,Credit Card
3690,81,2024-02-08,1640.94,Other
3691,372,2025-04-08,4670.18,Other
3692,57,2024-07-09,3022.00,Other
3693,206,2025-04-03,1229.66,Bank Transfer
3694,347,2025-12-04,1216.73,Cash
3695,433,2025-10-09,2170.86,Credit Card
3696,75,2024-07-30,303.25,Cash
3697,226,2024-03-28,3061.66,Bank Transfer
3698,495,2024-12-30,4382.73,Insurance
3699,407,2025-03-16,985.17,Other
3700,453,2025-01-18,3263.20,Cash
3701,202,2025-02-27,674.99,Bank Transfer
3702,354,2025-03-09,3194.77,Insurance
3703,139,2025-07-24,3708.26,Credit Card
3704,255,2024-10-16,4092.06,Cash
3705,122,2025-10-20,130.71,Insurance
3706,202,2024-09-06,4781.13,Other
3707,219,2025-11-14,3543.26,Credit Card
3708,198,2025-10-03,2581.23,Cash
3709,349,2025-04-12,1701.18,Other
3710,133,2024-01-21,1701.70,Cash
3711,273,2025-10-03,2780.80,Bank Transfer
3712,280,2024-11-29,953.35,Other
3713,264,2025-10-16,2371.93,Cash
3714,229,2024-06-09,2337.60,Insurance
3715,30,2024-01-11,1267.23,Bank Transfer
3716,47,2024-01-01,3824.65,Other
3717,483,2025-07-24,904.28,Other
3718,231,2024-01-29,4210.01,Bank Transfer
3719,46,2025-05-03,477.75,Other
3720,138,2025-11-18,3758.81,Other
3721,228,2024-09-21,1726.54,Cash
3722,310,2025-05-03,296.16,Bank Transfer
3723,486,2025-11-07,4985.12,Cash
3724,411,2025-12-09,2390.08,Cash
3725,328,2024-06-26,3418.74,Credit Card
3726,410,2024-10-21,4842.31,Cash
3727,50,2024-11-28,4236.48,Bank Transfer
3728,321,2024-12-08,952.79,Bank Transfer
3729,323,2024-01-31,3965.86,Insurance
3730,287,2025-11-26,3649.81,Cash
3731,59,2025-01-05,2784.69,Cash
3732,118,2024-01-31,4474.29,Credit Card
3733,305,2024-12-25,993.33,Cash
3734,394,2025-03-20,3206.28,Bank Transfer
3735,326,2025-12-04,4203.56,Cash
3736,181,2024-05-10,777.07,Credit Card
3737,135,2024-12-01,3971.07,Cash
3738,426,2025-07-17,2845.51,Cash
3739,352,2025-05-06,3934.38,Credit Card
3740,250,2026-02-24,1947.92,Insurance
3741,7,2025-11-04,4377.65,Cash
3742,197,2026-02-19,99.33,Cash
3743,476,2024-12-17,3598.67,Cash
3744,365,2025-03-05,1484.33,Bank Transfer
3745,49,2024-03-31,2724.95,Credit Card
3746,283,2026-01-17,1413.70,Cash
3747,338,2024-10-27,3639.46,Cash
3748,233,2025-09-27,150.39,Credit Card
3749,468,2025-06-12,4963.59,Credit Card
3750,165,2024-08-18,551.22,Credit Card
3751,379,2024-05-29,4327.82,Insurance
3752,56,2024-12-25,4516.09,Bank Transfer
3753,81,2024-06-07,1487.01,Cash
3754,35,2024-09-11,4661.16,Cash
3755,151,2025-07-19,4127.02,Cash
3756,71,2025-02-28,3673.46,Other
3757,69,2025-01-28,1881.09,Credit Card
3758,168,2025-10-13,913.77,Credit Card
3759,275,2024-07-28,4255.23,Other
3760,210,2026-03-17,2527.98,Bank Transfer
3761,209,2024-01-28,3593.55,Insurance
3762,497,2025-09-17,1378.46,Insurance
3763,262,2025-10-06,4246.93,Insurance
3764,27,2025-09-13,4267.75,Cash
3765,318,2025-01-18,2483.65,Other
3766,220,2024-12-04,2847.72,Credit Card
3767,495,2025-10-09,1258.39,Bank Transfer
3768,446,2024-09-19,4102.64,Other
3769,131,2025-09-23,1127.45,Insurance
3770,334,2025-12-12,2787.33,Bank Transfer
3771,233,2025-05-29,1348.05,Other
3772,334,2026-01-06,356.69,Credit Card
3773,415,2026-02-07,1207.61,Insurance
3774,419,2025-04-30,616.87,Bank Transfer
3775,336,2025-01-30,4129.68,Cash
3776,335,2025-11-22,4655.95,Other
3777,217,2024-01-14,4205.68,Cash
3778,260,2024-09-12,2250.65,Other
3779,35,2024-02-02,2577.88,Other
3780,365,2025-09-06,2721.43,Credit Card
3781,243,2025-06-24,322.37,Cash
3782,23,2024-10-18,2322.26,Other
3783,336,2025-10-20,1375.06,Bank Transfer
3784,131,2024-11-19,4293.21,Credit Card
3785,397,2025-11-20,714.02,Insurance
3786,241,2024-05-17,492.47,Cash
3787,289,2025-11-27,3938.40,Cash
3788,491,2024-03-29,87.48,Bank Transfer
3789,186,2026-01-13,3447.03,Credit Card
3790,206,2024-12-28,4497.04,Other
3791,328,2024-05-15,400.74,Bank Transfer
3792,183,2024-03-31,1535.21,Insurance
3793,89,2025-11-27,4395.84,Cash
3794,436,2024-01-01,84.05,Other
3795,278,2026-02-05,2629.31,Insurance
3796,329,2025-03-07,1526.96,Cash
3797,158,2024-09-02,2316.37,Insurance
3798,85,2024-06-12,934.82,Bank Transfer
3799,167,2025-03-15,3955.74,Credit Card
3800,41,2026-02-12,1430.75,Credit Card
3801,182,2024-10-21,2704.65,Cash
3802,370,2024-02-15,3619.45,Insurance
3803,103,2024-05-26,2344.03,Cash
3804,303,2025-11-22,4905.55,Cash
3805,122,2025-04-03,4789.27,Insurance
3806,127,2024-03-31,532.18,Credit Card
3807,419,2024-11-22,3467.24,Credit Card
3808,401,2025-04-10,4919.59,Bank Transfer
3809,440,2025-08-17,1135.46,Bank Transfer
3810,481,2025-07-10,1602.74,Bank Transfer
3811,342,2024-03-10,3147.55,Other
3812,141,2024-02-10,3338.36,Insurance
3813,136,2025-03-17,4361.28,Insurance
3814,69,2024-08-20,2958.83,Other
3815,417,2025-06-18,2705.25,Cash
3816,54,2025-06-21,4843.57,Credit Card
3817,50,2026-02-13,4662.77,Cash
3818,225,2025-01-21,4283.53,Cash
3819,166,2025-11-13,4898.64,Other
3820,472,2025-01-07,4465.52,Other
3821,338,2025-10-10,3450.13,Insurance
3822,395,2024-02-16,1296.17,Bank Transfer
3823,115,2025-12-09,2218.06,Insurance
3824,209,2025-08-30,3594.89,Insurance
3825,245,2026-01-02,1285.40,Bank Transfer
3826,455,2024-10-04,2958.47,Insurance
3827,16,2025-05-12,3934.74,Credit Card
3828,281,2025-10-11,2374.27,Insurance
3829,430,2024-05-10,1086.00,Cash
3830,185,2025-04-11,628.03,Credit Card
3831,60,2025-02-16,4269.28,Insurance
3832,93,2025-09-09,1952.98,Insurance
3833,268,2025-10-07,3853.15,Credit Card
3834,245,2024-08-22,1362.30,Other
3835,289,2024-03-01,3285.93,Bank Transfer
3836,88,2025-02-10,2733.73,Bank Transfer
3837,149,2025-02-07,4128.25,Insurance
3838,260,2025-06-23,2893.09,Other
3839,498,2025-09-11,3061.80,Credit Card
3840,75,2024-03-13,3136.29,Credit Card
3841,97,2026-01-21,206.23,Bank Transfer
3842,153,2024-05-09,520.01,Other
3843,167,2024-08-03,1533.27,Other
3844,399,2024-12-20,2110.68,Bank Transfer
3845,384,2024-01-15,1451.91,Insurance
3846,87,2024-09-21,172.73,Bank Transfer
3847,351,2026-02-23,3801.00,Bank Transfer
3848,461,2024-04-08,2053.39,Credit Card
3849,47,2025-03-10,3637.63,Insurance
3850,394,2026-02-10,1474.80,Cash
3851,250,2024-02-26,313.05,Credit Card
3852,113,2025-03-27,2951.66,Bank Transfer
3853,500,2025-03-27,1365.52,Credit Card
3854,60,2024-05-15,3755.30,Cash
3855,218,2025-11-20,2003.55,Bank Transfer
3856,447,2025-11-21,3797.73,Cash
3857,356,2025-07-02,3847.62,Insurance
3858,304,2024-01-07,3775.60,Other
3859,342,2025-08-18,529.14,Insurance
3860,27,2025-05-27,4407.13,Other
3861,6,2025-03-25,4060.21,Bank Transfer
3862,77,2024-03-04,2412.99,Credit Card
3863,10,2026-02-12,2829.30,Insurance
3864,447,2025-04-18,772.13,Insurance
3865,428,2025-09-04,2147.31,Insurance
3866,477,2025-03-31,1167.19,Other
3867,162,2025-06-18,3497.28,Insurance
3868,499,2024-03-04,492.17,Bank Transfer
3869,366,2024-02-06,271.80,Bank Transfer
3870,404,2025-07-22,1646.92,Bank Transfer
3871,295,2024-03-10,3573.93,Insurance
3872,180,2024-03-10,2211.54,Insurance
3873,404,2025-08-21,884.22,Cash
3874,74,2025-03-27,372.55,Other
3875,489,2024-11-23,751.72,Cash
3876,248,2024-05-05,2590.45,Insurance
3877,31,2025-11-12,2945.93,Other
3878,124,2025-12-16,3581.10,Insurance
3879,72,2024-01-28,4990.91,Insurance
3880,131,2025-07-08,3278.69,Bank Transfer
3881,482,2024-09-22,2339.89,Credit Card
3882,113,2024-05-17,3346.24,Other
3883,47,2025-12-18,2945.86,Insurance
3884,107,2024-09-16,2794.19,Cash
3885,117,2024-01-19,4223.37,Bank Transfer
3886,349,2024-09-04,4425.30,Credit Card
3887,191,2025-10-19,4604.54,Other
3888,59,2025-11-15,1698.87,Other
3889,442,2025-11-23,1235.87,Bank Transfer
3890,285,2026-03-17,4767.53,Other
3891,256,2025-12-10,1930.45,Bank Transfer
3892,2,2024-10-14,4616.34,Insurance
3893,48,2024-01-29,4204.69,Cash
3894,223,2025-12-03,4561.40,Cash
3895,294,2024-12-21,3729.35,Cash
3896,406,2025-01-19,503.25,Other
3897,104,2026-01-02,785.15,Other
3898,221,2024-11-28,1005.24,Insurance
3899,198,2026-03-03,608.38,Bank Transfer
3900,9,2025-11-17,430.41,Cash
3901,288,2025-05-06,2817.47,Cash
3902,492,2024-08-20,4081.76,Bank Transfer
3903,386,2025-12-31,1053.86,Cash
3904,91,2024-12-13,374.73,Credit Card
3905,389,2025-11-07,3316.93,Insurance
3906,449,2024-04-09,4822.51,Other
3907,494,2025-09-09,3399.53,Credit Card
3908,160,2024-03-05,1672.96,Credit Card
3909,35,2024-06-08,449.58,Other
3910,123,2026-03-20,4034.56,Other
3911,233,2024-07-30,135.06,Insurance
3912,20,2024-08-28,3266.92,Other
3913,302,2025-03-30,3030.28,Bank Transfer
3914,485,2025-04-17,1174.55,Insurance
3915,189,2025-03-22,4752.41,Bank Transfer
3916,330,2024-04-15,157.10,Other
3917,439,2024-11-11,1881.20,Cash
3918,246,2024-05-09,4843.75,Bank Transfer
3919,312,2024-10-06,3734.10,Credit Card
3920,254,2025-01-29,1347.84,Bank Transfer
3921,356,2024-03-22,1006.96,Credit Card
3922,482,2024-01-24,4676.30,Other
3923,443,2024-09-17,3673.14,Bank Transfer
3924,80,2026-01-01,4591.07,Bank Transfer
3925,166,2024-10-24,4794.66,Other
3926,362,2024-09-18,4055.74,Credit Card
3927,261,2024-12-15,4990.53,Cash
3928,133,2024-04-03,4468.92,Insurance
3929,378,2024-07-26,782.12,Bank Transfer
3930,271,2026-03-03,2184.32,Cash
3931,121,2024-08-04,3685.90,Credit Card
3932,6,2024-12-22,2166.45,Credit Card
3933,56,2024-03-20,663.04,Credit Card
3934,253,2024-05-23,4712.57,Insurance
3935,241,2026-01-04,3456.48,Cash
3936,262,2024-07-03,3725.20,Cash
3937,484,2024-08-04,3719.30,Bank Transfer
3938,372,2025-10-09,920.81,Credit Card
3939,40,2024-04-30,429.16,Other
3940,300,2024-01-31,4725.66,Other
3941,111,2025-11-09,3667.71,Other
3942,247,2025-08-21,2871.40,Credit Card
3943,106,2024-02-17,3025.35,Cash
3944,97,2025-06-12,4036.86,Other
3945,43,2025-10-07,3241.93,Other
3946,483,2025-03-08,4118.57,Cash
3947,83,2024-01-19,4299.18,Other
3948,79,2025-07-29,2840.82,Other
3949,326,2024-05-01,2750.72,Bank Transfer
3950,121,2024-07-27,3833.92,Other
3951,216,2024-07-02,4922.15,Credit Card
3952,453,2025-01-13,2552.17,Other
3953,5,2025-01-06,4894.45,Other
3954,397,2025-04-07,2455.59,Other
3955,224,2025-05-27,229.19,Insurance
3956,285,2025-05-21,2865.89,Credit Card
3957,144,2024-10-17,2122.70,Bank Transfer
3958,82,2024-07-23,3297.62,Other
3959,272,2026-01-09,4925.85,Insurance
3960,140,2025-06-10,1403.06,Other
3961,96,2025-12-03,3873.88,Cash
3962,451,2024-05-28,2905.22,Insurance
3963,465,2025-01-16,1315.45,Credit Card
3964,408,2024-06-05,4636.31,Bank Transfer
3965,284,2025-08-19,2784.64,Cash
3966,155,2025-04-19,1964.99,Other
3967,282,2026-03-05,4257.30,Credit Card
3968,423,2025-02-15,991.62,Other
3969,387,2024-04-20,1712.54,Other
3970,201,2024-12-31,3834.92,Insurance
3971,214,2025-11-24,2647.82,Cash
3972,140,2024-02-25,3912.12,Bank Transfer
3973,276,2024-09-15,4443.35,Bank Transfer
3974,167,2024-09-04,2135.84,Other
3975,419,2024-07-11,3276.99,Credit Card
3976,465,2025-03-02,990.79,Bank Transfer
3977,177,2025-11-29,2252.45,Other
3978,343,2024-03-13,404.81,Insurance
3979,184,2025-08-30,1920.12,Cash
3980,488,2025-12-21,1492.33,Insurance
3981,200,2025-01-17,2621.16,Bank Transfer
3982,479,2025-08-22,340.32,Other
3983,411,2025-12-30,1784.38,Cash
3984,26,2025-05-09,264.11,Cash
3985,50,2024-09-19,4350.71,Credit Card
3986,86,2025-11-05,1109.64,Bank Transfer
3987,458,2025-08-26,2118.08,Insurance
3988,472,2024-12-25,2629.05,Bank Transfer
3989,89,2024-07-01,4446.93,Other
3990,401,2025-01-05,163.30,Bank Transfer
3991,148,2024-08-07,2202.79,Bank Transfer
3992,274,2025-06-10,4068.30,Bank Transfer
3993,274,2025-11-04,3529.38,Insurance
3994,369,2026-02-19,378.28,Cash
3995,254,2024-10-18,1649.48,Bank Transfer
3996,226,2025-02-16,2640.15,Credit Card
3997,222,2025-10-29,1107.35,Insurance
3998,307,2025-12-15,3412.32,Cash
3999,467,2025-06-03,2925.68,Insurance
4000,483,2024-08-27,3259.30,Cash
4001,114,2025-03-10,1808.14,Other
4002,359,2026-02-20,223.42,Insurance
4003,141,2025-03-09,2216.06,Bank Transfer
4004,111,2024-07-18,1522.35,Cash
4005,291,2025-12-24,3426.21,Cash
4006,165,2024-12-12,1719.33,Cash
4007,57,2025-12-12,4874.02,Credit Card
4008,106,2024-07-18,4086.49,Bank Transfer
4009,443,2024-08-20,3744.37,Insurance
4010,372,2024-05-17,4876.84,Insurance
4011,359,2024-10-22,3130.86,Insurance
4012,357,2024-08-17,528.16,Other
4013,183,2024-08-28,3737.71,Cash
4014,391,2024-05-28,1986.54,Cash
4015,424,2025-11-25,290.50,Bank Transfer
4016,382,2025-06-17,4230.53,Credit Card
4017,196,2024-07-31,4519.09,Credit Card
4018,471,2024-03-26,277.63,Other
4019,435,2025-12-24,3153.45,Bank Transfer
4020,241,2025-04-30,2595.99,Other
4021,145,2025-03-04,748.12,Cash
4022,191,2024-10-24,715.54,Cash
4023,47,2025-06-14,2126.59,Other
4024,89,2025-04-26,865.30,Credit Card
4025,381,2024-11-06,278.71,Other
4026,280,2024-04-04,1449.90,Insurance
4027,415,2026-01-03,2227.12,Bank Transfer
4028,56,2025-07-16,4559.16,Other
4029,353,2024-05-09,2342.69,Bank Transfer
4030,489,2026-02-05,4428.88,Credit Card
4031,385,2024-04-22,2970.19,Other
4032,87,2026-01-27,2714.79,Credit Card
4033,240,2025-02-28,3508.17,Bank Transfer
4034,108,2025-09-02,1352.57,Credit Card
4035,191,2025-04-02,3682.16,Other
4036,409,2025-12-10,4041.19,Insurance
4037,327,2025-07-04,3807.30,Bank Transfer
4038,144,2025-04-28,4827.77,Insurance
4039,147,2024-12-06,2331.21,Bank Transfer
4040,428,2025-12-09,4895.36,Insurance
4041,95,2025-04-04,1357.42,Insurance
4042,305,2024-07-25,663.44,Other
4043,277,2024-01-27,2238.88,Credit Card
4044,127,2024-07-13,2148.59,Other
4045,53,2025-12-01,767.84,Cash
4046,170,2024-12-29,1388.25,Credit Card
4047,426,2024-08-12,2222.73,Other
4048,350,2025-08-28,2286.32,Cash
4049,139,2025-11-25,559.83,Bank Transfer
4050,470,2025-07-07,2690.15,Insurance
4051,43,2024-08-09,2004.26,Credit Card
4052,78,2024-09-06,1871.01,Cash
4053,205,2024-09-05,681.60,Other
4054,235,2025-04-07,1637.25,Bank Transfer
4055,483,2024-09-23,3612.40,Other
4056,147,2024-02-08,4222.29,Bank Transfer
4057,77,2024-03-10,4036.44,Other
4058,296,2025-05-12,2973.68,Other
4059,266,2024-12-07,2322.60,Cash
4060,36,2025-11-26,2878.03,Insurance
4061,468,2025-11-06,4860.59,Insurance
4062,294,2024-07-28,4122.19,Other
4063,380,2024-07-10,2492.41,Other
4064,345,2024-07-18,1973.63,Cash
4065,445,2026-03-07,3535.25,Insurance
4066,298,2025-06-15,3006.63,Other
4067,250,2026-01-23,3416.38,Other
4068,485,2025-09-05,3163.10,Cash
4069,256,2025-11-05,4529.23,Other
4070,262,2024-08-28,4735.49,Credit Card
4071,267,2024-03-13,4404.70,Cash
4072,464,2026-02-14,986.73,Credit Card
4073,144,2024-01-06,2560.15,Credit Card
4074,42,2025-09-16,1704.79,Credit Card
4075,367,2025-12-24,1923.53,Insurance
4076,247,2024-10-19,4380.42,Bank Transfer
4077,211,2025-12-08,4431.56,Credit Card
4078,75,2025-10-21,4580.52,Bank Transfer
4079,12,2025-01-09,1560.40,Insurance
4080,239,2026-01-24,2635.76,Other
4081,425,2025-11-07,1475.32,Other
4082,432,2024-01-12,3772.55,Bank Transfer
4083,296,2024-12-05,1347.24,Bank Transfer
4084,93,2024-01-08,190.82,Other
4085,292,2026-01-23,788.60,Bank Transfer
4086,409,2024-08-14,3326.04,Cash
4087,496,2024-10-30,4329.35,Bank Transfer
4088,99,2025-11-23,2541.36,Other
4089,31,2026-03-18,657.60,Insurance
4090,444,2024-07-01,3317.01,Other
4091,81,2025-07-02,2783.23,Bank Transfer
4092,424,2024-02-02,3923.14,Other
4093,207,2025-09-13,3861.34,Bank Transfer
4094,252,2024-08-16,2668.08,Bank Transfer
4095,120,2025-10-04,2353.78,Cash
4096,91,2024-06-03,108.97,Credit Card
4097,44,2024-11-21,3994.03,Other
4098,325,2024-02-18,1683.32,Cash
4099,91,2024-07-07,793.17,Insurance
4100,334,2024-02-06,1193.04,Cash
4101,122,2026-03-11,4233.98,Credit Card
4102,238,2025-07-01,4387.33,Cash
4103,31,2025-02-01,2710.28,Cash
4104,316,2025-12-04,2074.50,Credit Card
4105,294,2024-08-24,2823.81,Bank Transfer
4106,168,2025-01-10,244.58,Other
4107,97,2024-06-28,3910.82,Cash
4108,20,2025-12-06,3552.60,Other
4109,69,2025-11-04,683.29,Bank Transfer
4110,137,2025-11-28,3942.27,Other
4111,63,2024-08-13,245.60,Insurance
4112,432,2024-04-13,50.72,Bank Transfer
4113,163,2025-11-03,4056.30,Cash
4114,144,2024-05-04,2914.87,Insurance
4115,131,2024-01-02,4058.36,Insurance
4116,141,2024-04-10,1904.40,Cash
4117,496,2024-05-06,2570.85,Credit Card
4118,88,2024-10-21,607.82,Credit Card
4119,382,2026-01-20,2906.72,Cash
4120,40,2024-01-27,679.38,Credit Card
4121,100,2026-01-27,832.47,Cash
4122,112,2025-08-05,2909.42,Credit Card
4123,475,2026-01-03,2724.21,Other
4124,458,2024-05-03,1451.45,Credit Card
4125,254,2024-08-27,1618.88,Credit Card
4126,71,2024-04-12,3580.48,Other
4127,44,2025-02-05,4248.30,Cash
4128,354,2026-02-17,467.73,Other
4129,174,2024-08-17,3428.65,Cash
4130,1,2024-12-02,3072.89,Other
4131,329,2024-10-31,4999.88,Credit Card
4132,417,2025-11-08,2724.03,Bank Transfer
4133,478,2025-10-30,4331.52,Bank Transfer
4134,431,2024-05-03,3572.90,Other
4135,332,2024-11-07,3454.02,Cash
4136,320,2025-08-07,2368.20,Other
4137,404,2025-07-04,4350.69,Insurance
4138,209,2024-09-04,156.68,Cash
4139,305,2025-11-02,3749.11,Cash
4140,56,2024-12-22,1417.97,Credit Card
4141,375,2024-04-26,4078.62,Insurance
4142,27,2024-03-21,3354.99,Cash
4143,484,2024-01-02,4698.27,Bank Transfer
4144,346,2025-07-27,2633.00,Cash
4145,209,2024-09-25,3339.37,Insurance
4146,488,2024-05-29,3255.87,Cash
4147,323,2024-01-27,3099.97,Credit Card
4148,324,2024-06-29,3542.41,Credit Card
4149,222,2026-02-24,1872.01,Other
4150,499,2024-07-28,3069.01,Credit Card
4151,192,2025-10-15,3661.50,Credit Card
4152,27,2026-01-31,4993.81,Bank Transfer
4153,194,2024-12-25,2089.49,Insurance
4154,317,2026-01-03,518.19,Insurance
4155,228,2024-03-14,4473.07,Credit Card
4156,238,2025-09-23,1588.01,Bank Transfer
4157,362,2024-01-20,529.76,Cash
4158,179,2025-08-13,2280.17,Bank Transfer
4159,409,2024-07-25,1277.95,Credit Card
4160,159,2026-03-01,3169.13,Insurance
4161,413,2024-02-14,2317.94,Credit Card
4162,9,2025-02-09,2802.93,Other
4163,261,2025-04-28,4822.34,Insurance
4164,424,2024-04-28,2893.10,Cash
4165,365,2025-11-19,4768.18,Credit Card
4166,420,2025-12-12,747.84,Bank Transfer
4167,148,2024-02-16,1377.12,Credit Card
4168,207,2026-02-07,507.01,Insurance
4169,403,2025-06-16,3300.08,Bank Transfer
4170,352,2024-03-03,546.38,Insurance
4171,384,2025-10-30,693.50,Bank Transfer
4172,409,2025-07-07,1346.40,Cash
4173,319,2026-02-13,138.47,Cash
4174,149,2024-12-06,4151.79,Other
4175,279,2024-07-09,3547.06,Other
4176,34,2024-10-16,4506.58,Cash
4177,175,2025-11-10,3724.63,Bank Transfer
4178,314,2026-03-05,2332.14,Cash
4179,432,2025-05-10,770.64,Cash
4180,88,2025-02-13,2838.80,Cash
4181,161,2024-09-06,1152.94,Bank Transfer
4182,116,2024-07-15,2744.93,Credit Card
4183,11,2025-09-18,3202.41,Insurance
4184,308,2025-04-09,2550.15,Credit Card
4185,108,2024-04-30,299.42,Credit Card
4186,466,2026-02-26,4715.38,Other
4187,175,2025-12-05,806.12,Bank Transfer
4188,205,2024-09-21,1723.21,Other
4189,5,2024-07-12,1328.19,Cash
4190,175,2025-07-04,4047.93,Insurance
4191,183,2026-01-21,3099.73,Bank Transfer
4192,41,2025-08-20,4086.11,Bank Transfer
4193,358,2024-09-06,3892.48,Bank Transfer
4194,483,2024-02-05,1292.91,Bank Transfer
4195,386,2025-12-25,4983.11,Bank Transfer
4196,444,2025-12-22,4910.11,Other
4197,375,2024-05-23,3786.92,Cash
4198,304,2025-01-15,1436.10,Bank Transfer
4199,139,2025-09-09,479.97,Other
4200,108,2024-03-15,4181.83,Insurance
4201,456,2025-12-14,2873.11,Bank Transfer
4202,476,2025-08-20,1504.90,Bank Transfer
4203,466,2024-05-14,959.53,Other
4204,122,2024-05-24,3139.00,Other
4205,172,2025-11-14,2529.63,Insurance
4206,448,2024-10-30,818.66,Other
4207,423,2025-02-24,3720.04,Cash
4208,437,2024-10-11,3094.88,Bank Transfer
4209,422,2025-10-24,1738.35,Other
4210,495,2024-11-07,4863.57,Other
4211,334,2025-11-21,1930.19,Bank Transfer
4212,35,2025-03-20,1026.32,Other
4213,426,2024-06-21,2555.90,Cash
4214,7,2026-01-08,4945.83,Other
4215,389,2024-06-13,1771.31,Credit Card
4216,54,2024-05-03,4361.66,Other
4217,303,2026-01-15,4383.70,Insurance
4218,82,2024-09-07,4917.64,Cash
4219,223,2025-01-20,1877.50,Bank Transfer
4220,200,2024-08-16,4460.28,Insurance
4221,445,2024-08-15,52.27,Bank Transfer
4222,421,2025-11-26,4072.03,Credit Card
4223,164,2025-08-17,4271.93,Cash
4224,41,2024-12-22,2012.35,Bank Transfer
4225,7,2025-04-14,3348.21,Bank Transfer
4226,429,2026-02-13,1681.11,Insurance
4227,291,2024-10-19,4254.16,Bank Transfer
4228,478,2025-02-03,4879.78,Insurance
4229,108,2024-12-14,3114.19,Credit Card
4230,354,2025-05-31,1016.10,Other
4231,197,2024-06-01,1874.31,Insurance
4232,446,2025-04-13,1347.14,Cash
4233,337,2025-02-06,656.63,Insurance
4234,472,2025-01-07,2110.05,Insurance
4235,385,2024-11-19,4514.82,Insurance
4236,159,2024-01-14,2017.40,Credit Card
4237,197,2025-01-01,1734.53,Insurance
4238,59,2025-04-03,623.20,Cash
4239,217,2025-08-07,4126.84,Insurance
4240,293,2025-02-03,3015.91,Other
4241,454,2024-07-07,1439.47,Other
4242,330,2025-02-20,4649.49,Credit Card
4243,160,2024-10-17,1044.22,Other
4244,470,2024-06-25,2541.06,Bank Transfer
4245,43,2024-12-18,2107.03,Other
4246,106,2025-05-23,3012.53,Bank Transfer
4247,228,2025-04-03,3172.68,Cash
4248,256,2026-01-24,1118.27,Credit Card
4249,213,2026-01-27,4706.66,Cash
4250,28,2025-04-26,4746.19,Insurance
4251,245,2025-01-27,3873.90,Cash
4252,189,2024-08-07,1449.64,Bank Transfer
4253,19,2024-07-28,1674.73,Other
4254,430,2025-12-08,3910.53,Cash
4255,220,2025-11-19,3710.89,Bank Transfer
4256,472,2024-11-12,3074.28,Other
4257,322,2025-10-14,324.13,Insurance
4258,56,2025-06-07,4237.99,Insurance
4259,155,2025-07-21,3952.72,Insurance
4260,193,2024-01-07,4829.42,Bank Transfer
4261,439,2025-04-07,4513.31,Bank Transfer
4262,220,2024-01-27,1058.38,Insurance
4263,449,2024-07-26,3323.08,Bank Transfer
4264,67,2025-07-04,3911.39,Insurance
4265,92,2024-05-27,2521.66,Other
4266,496,2025-10-04,751.56,Insurance
4267,115,2025-02-23,1967.04,Bank Transfer
4268,223,2025-03-04,2312.38,Other
4269,29,2025-01-21,4569.02,Cash
4270,477,2025-05-15,4520.86,Insurance
4271,349,2025-05-21,3800.93,Credit Card
4272,212,2025-01-17,3576.83,Insurance
4273,39,2024-09-22,2324.71,Insurance
4274,211,2024-12-27,3479.78,Insurance
4275,322,2024-05-01,2112.54,Cash
4276,460,2024-06-09,831.09,Cash
4277,485,2025-12-31,3313.23,Credit Card
4278,419,2024-07-19,1314.22,Other
4279,362,2024-09-18,4081.61,Bank Transfer
4280,373,2025-04-04,912.76,Bank Transfer
4281,305,2024-03-30,2304.25,Bank Transfer
4282,276,2026-01-05,4546.52,Insurance
4283,50,2024-11-04,4009.41,Cash
4284,14,2025-08-15,2997.47,Bank Transfer
4285,471,2025-10-22,2417.69,Cash
4286,494,2025-07-29,1259.07,Other
4287,327,2026-02-18,133.73,Cash
4288,114,2025-10-09,1233.06,Cash
4289,180,2025-02-07,3832.85,Insurance
4290,5,2024-12-14,1006.69,Credit Card
4291,332,2025-11-16,249.38,Bank Transfer
4292,45,2025-09-05,2701.03,Other
4293,347,2025-01-29,334.66,Other
4294,207,2025-12-07,954.64,Other
4295,281,2025-09-11,1852.14,Other
4296,45,2024-03-06,262.41,Credit Card
4297,7,2025-07-09,4165.31,Other
4298,226,2025-01-02,2663.19,Credit Card
4299,285,2025-12-10,3296.91,Cash
4300,478,2024-09-21,322.21,Bank Transfer
4301,395,2024-10-01,533.46,Insurance
4302,39,2025-02-09,2058.55,Cash
4303,104,2024-01-04,2016.99,Bank Transfer
4304,146,2025-06-22,1779.76,Other
4305,480,2025-03-05,486.34,Cash
4306,149,2026-03-14,2598.92,Cash
4307,264,2025-07-29,4593.59,Bank Transfer
4308,433,2025-10-30,2418.45,Bank Transfer
4309,446,2025-11-27,2934.24,Insurance
4310,185,2025-06-26,3556.65,Bank Transfer
4311,401,2026-01-08,4255.49,Credit Card
4312,154,2026-02-20,2969.92,Other
4313,236,2024-03-09,4142.75,Other
4314,308,2025-09-04,3803.44,Insurance
4315,291,2025-12-05,1188.20,Bank Transfer
4316,388,2024-09-26,3447.05,Bank Transfer
4317,404,2025-07-08,4532.09,Other
4318,12,2024-12-16,4304.75,Insurance
4319,465,2024-07-26,3277.42,Cash
4320,303,2026-02-03,3022.21,Credit Card
4321,203,2024-03-17,3843.60,Bank Transfer
4322,407,2025-11-26,2253.80,Other
4323,88,2024-10-29,1870.44,Insurance
4324,218,2024-08-21,2201.06,Cash
4325,184,2024-04-23,734.46,Cash
4326,211,2024-07-19,4162.25,Other
4327,300,2025-03-21,1181.47,Cash
4328,499,2025-04-16,1249.63,Credit Card
4329,447,2025-07-27,4181.00,Insurance
4330,283,2025-10-06,1286.95,Other
4331,392,2025-10-11,1700.46,Cash
4332,375,2026-01-16,3181.97,Cash
4333,407,2024-04-27,1679.79,Cash
4334,431,2025-12-23,1249.97,Credit Card
4335,62,2025-03-14,810.14,Credit Card
4336,103,2026-01-14,1642.57,Credit Card
4337,64,2024-09-01,1346.32,Credit Card
4338,123,2025-01-13,4795.29,Cash
4339,397,2024-06-26,132.09,Bank Transfer
4340,250,2024-11-13,3103.89,Cash
4341,113,2025-10-17,2697.28,Cash
4342,195,2025-05-31,975.41,Other
4343,231,2026-02-23,708.93,Other
4344,230,2024-02-04,753.01,Bank Transfer
4345,190,2025-02-15,1582.81,Bank Transfer
4346,451,2026-02-20,1204.68,Cash
4347,346,2024-02-21,2378.56,Other
4348,360,2024-02-26,2414.25,Cash
4349,393,2025-11-20,2906.90,Cash
4350,282,2025-08-10,2208.99,Bank Transfer
4351,136,2024-08-21,3239.62,Bank Transfer
4352,415,2025-08-23,3854.01,Bank Transfer
4353,187,2025-11-01,4664.53,Cash
4354,209,2025-12-18,3380.83,Bank Transfer
4355,450,2025-10-27,3233.45,Insurance
4356,106,2024-09-08,1977.13,Insurance
4357,348,2024-03-24,135.57,Cash
4358,433,2024-09-05,3441.67,Credit Card
4359,36,2024-07-03,990.18,Credit Card
4360,456,2025-02-12,2510.16,Insurance
4361,258,2024-10-16,2233.81,Cash
4362,278,2024-03-29,2084.81,Cash
4363,102,2024-12-16,191.81,Bank Transfer
4364,497,2024-05-11,267.19,Credit Card
4365,260,2026-01-06,3070.44,Other
4366,382,2024-01-10,1409.04,Bank Transfer
4367,458,2025-07-21,1683.96,Cash
4368,322,2024-03-19,3313.12,Other
4369,369,2025-07-25,3686.37,Other
4370,82,2024-03-15,4075.94,Bank Transfer
4371,405,2024-09-09,3184.03,Insurance
4372,282,2024-12-20,2664.07,Credit Card
4373,100,2026-01-31,3422.77,Bank Transfer
4374,198,2025-01-22,4686.37,Insurance
4375,220,2026-01-23,2026.18,Credit Card
4376,316,2024-07-31,319.56,Cash
4377,379,2025-05-14,1083.40,Cash
4378,123,2025-06-01,4788.85,Insurance
4379,149,2025-03-18,4252.54,Bank Transfer
4380,119,2025-06-03,3335.20,Cash
4381,269,2025-06-14,4269.12,Bank Transfer
4382,345,2025-04-06,201.57,Bank Transfer
4383,461,2026-01-22,3794.80,Bank Transfer
4384,130,2024-06-16,2812.13,Bank Transfer
4385,325,2025-06-08,2719.74,Insurance
4386,322,2024-09-17,901.16,Cash
4387,298,2024-09-29,1205.36,Other
4388,23,2024-12-22,3891.92,Insurance
4389,432,2025-08-27,3260.75,Bank Transfer
4390,382,2025-06-07,2970.82,Credit Card
4391,4,2024-05-02,2629.13,Insurance
4392,422,2024-02-20,4556.16,Cash
4393,396,2026-01-02,2370.24,Credit Card
4394,294,2024-08-22,3315.12,Other
4395,283,2025-01-04,3843.99,Insurance
4396,391,2026-02-19,4777.22,Cash
4397,490,2024-01-30,4315.62,Bank Transfer
4398,93,2025-05-05,247.13,Other
4399,123,2025-09-08,4902.71,Bank Transfer
4400,150,2026-01-24,4140.11,Other
4401,450,2025-10-05,2944.67,Bank Transfer
4402,324,2024-07-20,3425.37,Credit Card
4403,401,2026-02-21,2593.88,Cash
4404,469,2026-01-18,1867.43,Insurance
4405,119,2024-09-14,2246.40,Cash
4406,480,2025-12-06,1966.91,Other
4407,21,2024-09-20,3914.44,Insurance
4408,334,2025-11-12,4027.00,Other
4409,32,2024-12-18,3169.45,Bank Transfer
4410,129,2024-12-22,3946.62,Other
4411,88,2025-01-14,2597.61,Bank Transfer
4412,298,2024-04-20,1470.67,Cash
4413,286,2025-04-03,1331.54,Other
4414,89,2024-04-09,3271.57,Other
4415,104,2024-04-10,3885.00,Cash
4416,178,2025-06-17,4449.65,Insurance
4417,393,2025-06-17,2029.01,Other
4418,374,2024-09-20,4024.20,Cash
4419,282,2024-10-13,4235.76,Insurance
4420,166,2026-01-20,2515.73,Bank Transfer
4421,54,2025-11-08,2519.91,Other
4422,346,2025-04-08,3826.51,Cash
4423,16,2024-11-30,2035.74,Credit Card
4424,451,2024-05-12,2087.24,Credit Card
4425,433,2024-10-10,2143.17,Cash
4426,93,2026-02-25,1733.59,Insurance
4427,278,2026-01-24,2101.99,Credit Card
4428,172,2025-05-07,2780.63,Insurance
4429,201,2025-04-16,4512.51,Insurance
4430,430,2026-03-08,189.19,Credit Card
4431,444,2024-04-08,600.49,Credit Card
4432,142,2024-11-25,2830.52,Cash
4433,184,2024-10-08,2438.34,Other
4434,490,2025-06-03,4295.45,Bank Transfer
4435,461,2024-09-28,3462.27,Cash
4436,279,2025-11-25,1773.01,Other
4437,305,2025-02-24,2587.85,Credit Card
4438,247,2026-01-29,2123.91,Credit Card
4439,405,2025-06-29,2963.41,Cash
4440,262,2024-05-27,4583.88,Insurance
4441,57,2024-01-29,1899.88,Insurance
4442,6,2024-06-17,1026.79,Other
4443,261,2024-01-21,1418.35,Credit Card
4444,78,2025-05-17,3943.87,Credit Card
4445,66,2024-10-06,991.07,Insurance
4446,473,2024-11-19,4802.30,Cash
4447,53,2025-03-12,713.18,Other
4448,200,2026-02-01,3090.96,Insurance
4449,482,2024-03-07,2542.48,Cash
4450,61,2024-10-01,3365.43,Insurance
4451,227,2025-04-21,4180.18,Insurance
4452,104,2024-04-29,3455.02,Other
4453,498,2024-07-22,2641.87,Other
4454,407,2025-02-15,754.52,Insurance
4455,262,2026-02-08,2002.43,Cash
4456,48,2025-06-14,3748.30,Cash
4457,290,2024-06-17,2814.82,Bank Transfer
4458,396,2026-02-27,4706.74,Bank Transfer
4459,19,2024-05-13,2196.81,Cash
4460,343,2025-06-09,4440.20,Credit Card
4461,171,2025-11-08,2798.42,Other
4462,383,2025-08-03,2349.57,Credit Card
4463,192,2025-10-23,1561.67,Other
4464,407,2024-11-18,3886.07,Other
4465,149,2024-06-11,4243.71,Bank Transfer
4466,313,2026-02-18,1843.87,Bank Transfer
4467,473,2025-09-23,936.98,Insurance
4468,199,2025-04-23,3365.17,Insurance
4469,232,2024-11-19,1176.16,Other
4470,210,2025-02-22,2824.70,Cash
4471,160,2024-12-16,4996.03,Credit Card
4472,387,2025-08-28,4137.34,Bank Transfer
4473,418,2024-03-30,4925.90,Credit Card
4474,381,2024-07-26,2467.71,Credit Card
4475,412,2024-06-26,4820.20,Bank Transfer
4476,430,2024-02-23,2626.23,Other
4477,326,2024-11-02,1585.19,Other
4478,293,2024-03-02,3851.26,Credit Card
4479,13,2025-06-17,1518.39,Insurance
4480,120,2024-12-31,3070.42,Cash
4481,293,2024-05-10,510.70,Insurance
4482,343,2025-06-03,2168.61,Bank Transfer
4483,361,2024-10-09,3572.05,Credit Card
4484,289,2025-03-19,442.49,Credit Card
4485,7,2026-03-19,4810.04,Credit Card
4486,346,2025-06-06,2264.41,Cash
4487,62,2025-08-11,285.94,Credit Card
4488,147,2025-03-12,4988.60,Bank Transfer
4489,78,2024-03-08,3160.16,Credit Card
4490,447,2024-06-04,1796.11,Credit Card
4491,130,2024-10-24,1133.54,Insurance
4492,410,2024-06-05,4199.90,Credit Card
4493,371,2024-02-08,2148.02,Bank Transfer
4494,134,2025-01-10,4590.67,Insurance
4495,401,2025-05-22,316.68,Credit Card
4496,226,2024-02-19,2227.24,Cash
4497,423,2024-02-22,2851.58,Bank Transfer
4498,498,2026-01-03,4402.54,Insurance
4499,398,2024-12-27,1206.53,Other
4500,451,2025-06-25,4763.07,Credit Card
4501,176,2026-03-04,3518.27,Other
4502,131,2025-12-05,1069.05,Cash
4503,500,2024-04-15,2404.09,Cash
4504,432,2025-11-23,3458.86,Other
4505,180,2025-12-14,3230.30,Other
4506,55,2025-12-05,359.79,Insurance
4507,432,2025-07-13,450.35,Other
4508,250,2024-12-02,4584.38,Other
4509,390,2024-03-31,1829.14,Other
4510,404,2024-05-02,2665.99,Insurance
4511,72,2024-08-29,3030.02,Insurance
4512,266,2024-09-30,332.30,Insurance
4513,35,2025-08-11,1852.06,Cash
4514,177,2025-02-15,4934.47,Credit Card
4515,390,2024-04-18,97.37,Cash
4516,425,2024-01-20,1328.88,Insurance
4517,362,2026-03-14,396.37,Other
4518,387,2024-10-25,270.57,Bank Transfer
4519,459,2025-03-19,2603.75,Other
4520,20,2024-02-26,1008.76,Insurance
4521,472,2024-01-05,4449.37,Insurance
4522,481,2024-03-05,4634.91,Bank Transfer
4523,217,2024-07-29,2965.90,Cash
4524,73,2026-03-20,4309.67,Bank Transfer
4525,89,2024-08-10,2380.76,Other
4526,100,2025-04-01,4927.73,Insurance
4527,71,2024-08-30,597.78,Bank Transfer
4528,242,2024-01-05,4997.59,Credit Card
4529,202,2025-12-02,139.12,Bank Transfer
4530,453,2025-02-20,4524.44,Credit Card
4531,320,2024-05-11,2044.58,Other
4532,84,2024-08-27,1969.23,Cash
4533,49,2024-08-25,1481.07,Cash
4534,129,2026-01-02,2571.73,Insurance
4535,224,2024-08-22,204.11,Other
4536,257,2025-02-07,4998.09,Other
4537,57,2024-03-24,2777.35,Credit Card
4538,62,2025-08-25,1983.60,Other
4539,279,2024-12-03,1000.86,Other
4540,36,2024-07-15,3713.20,Other
4541,96,2025-11-20,2169.93,Insurance
4542,466,2026-01-21,1445.21,Other
4543,471,2025-06-19,4315.22,Other
4544,462,2024-05-24,1520.22,Other
4545,458,2024-05-07,3058.80,Insurance
4546,274,2024-04-25,3632.69,Credit Card
4547,291,2024-05-03,3951.14,Credit Card
4548,102,2026-02-19,694.13,Other
4549,81,2025-10-20,3823.31,Other
4550,94,2025-12-21,3512.75,Insurance
4551,164,2024-11-09,508.74,Credit Card
4552,452,2025-06-26,2387.75,Bank Transfer
4553,473,2024-11-22,1463.79,Bank Transfer
4554,14,2024-12-09,3461.49,Insurance
4555,166,2024-12-26,1001.19,Bank Transfer
4556,58,2024-07-25,2134.03,Other
4557,21,2025-05-03,219.35,Credit Card
4558,372,2025-10-18,1531.89,Other
4559,486,2024-04-30,1423.23,Cash
4560,7,2025-12-07,2375.16,Cash
4561,242,2025-07-18,2322.66,Other
4562,216,2025-05-22,3766.75,Credit Card
4563,353,2025-01-26,4580.34,Cash
4564,142,2026-03-05,4761.57,Bank Transfer
4565,176,2025-05-25,3052.73,Credit Card
4566,255,2025-01-13,1189.69,Credit Card
4567,233,2024-07-31,872.59,Insurance
4568,435,2025-12-05,2898.69,Bank Transfer
4569,103,2025-04-06,778.79,Bank Transfer
4570,141,2025-08-06,4749.31,Cash
4571,84,2024-06-11,1919.46,Other
4572,162,2024-03-15,1486.01,Credit Card
4573,214,2025-09-03,852.86,Cash
4574,31,2025-08-16,527.17,Credit Card
4575,178,2026-01-05,4042.53,Bank Transfer
4576,121,2024-11-15,3735.11,Cash
4577,69,2025-09-07,2448.11,Cash
4578,261,2025-08-12,1805.44,Other
4579,402,2025-12-24,3065.78,Cash
4580,481,2025-03-21,3334.33,Cash
4581,40,2024-07-29,4950.69,Insurance
4582,138,2025-07-21,2894.93,Insurance
4583,286,2024-05-13,2170.89,Credit Card
4584,464,2025-05-17,1932.22,Credit Card
4585,135,2025-02-11,392.76,Bank Transfer
4586,369,2025-08-08,3168.17,Credit Card
4587,58,2025-07-12,4543.93,Bank Transfer
4588,342,2024-11-03,3895.15,Other
4589,146,2024-01-27,1671.60,Bank Transfer
4590,402,2024-04-15,1700.55,Bank Transfer
4591,310,2024-01-14,2075.26,Cash
4592,125,2024-12-04,2128.15,Credit Card
4593,237,2024-01-11,4460.50,Cash
4594,10,2025-11-03,1841.87,Cash
4595,395,2025-09-05,540.34,Cash
4596,499,2025-09-26,3162.23,Credit Card
4597,226,2024-06-01,2802.55,Cash
4598,237,2025-05-09,4977.95,Bank Transfer
4599,4,2025-07-25,3095.24,Other
4600,160,2025-04-29,2908.34,Bank Transfer
4601,337,2024-08-05,420.78,Cash
4602,186,2026-01-25,4299.62,Bank Transfer
4603,484,2026-02-04,367.22,Bank Transfer
4604,110,2026-02-02,1257.63,Other
4605,271,2024-05-13,2621.75,Credit Card
4606,198,2026-03-19,4183.44,Cash
4607,21,2025-08-30,2302.84,Cash
4608,436,2025-07-19,2763.56,Other
4609,402,2024-05-20,3858.32,Insurance
4610,374,2024-12-27,2473.23,Cash
4611,301,2025-11-21,4993.46,Other
4612,236,2024-07-10,3187.73,Credit Card
4613,27,2025-12-04,2223.77,Bank Transfer
4614,425,2025-04-29,4152.64,Insurance
4615,424,2025-10-27,515.92,Bank Transfer
4616,441,2025-07-21,1298.23,Credit Card
4617,428,2024-01-07,233.22,Other
4618,105,2024-06-13,862.28,Insurance
4619,150,2025-02-15,930.64,Insurance
4620,334,2025-03-14,2466.16,Other
4621,499,2025-05-28,1239.97,Cash
4622,304,2025-10-04,1560.90,Cash
4623,371,2024-01-30,948.78,Other
4624,360,2025-11-14,3505.43,Credit Card
4625,306,2025-02-16,1046.17,Other
4626,352,2024-01-05,924.37,Bank Transfer
4627,388,2025-09-02,4366.86,Credit Card
4628,427,2026-02-23,2817.90,Credit Card
4629,39,2024-12-20,581.14,Credit Card
4630,87,2026-01-31,2182.61,Other
4631,44,2025-12-17,3929.11,Insurance
4632,90,2025-08-18,4787.44,Credit Card
4633,177,2025-04-24,2679.67,Insurance
4634,120,2025-03-01,2679.52,Credit Card
4635,114,2024-01-18,1660.67,Credit Card
4636,77,2024-12-01,735.03,Cash
4637,21,2024-03-11,3193.73,Other
4638,328,2024-04-19,4448.42,Credit Card
4639,470,2024-01-17,2426.80,Other
4640,270,2025-07-28,3304.24,Cash
4641,323,2024-05-25,873.97,Credit Card
4642,136,2025-10-02,1034.14,Insurance
4643,180,2024-05-10,4751.26,Cash
4644,31,2024-03-20,207.10,Bank Transfer
4645,171,2024-07-01,4544.17,Cash
4646,372,2024-12-22,3534.18,Cash
4647,302,2025-08-13,445.89,Other
4648,322,2026-01-11,2334.45,Bank Transfer
4649,259,2024-01-29,2577.71,Bank Transfer
4650,322,2024-05-06,462.39,Cash
4651,429,2024-11-26,165.09,Bank Transfer
4652,55,2024-06-18,4140.09,Bank Transfer
4653,31,2024-03-18,611.98,Credit Card
4654,464,2025-05-30,2305.31,Bank Transfer
4655,31,2025-06-17,949.44,Insurance
4656,411,2024-02-12,1015.83,Cash
4657,302,2025-05-11,1269.11,Cash
4658,225,2025-09-23,2967.48,Bank Transfer
4659,310,2024-09-03,2489.62,Cash
4660,308,2024-04-05,206.00,Bank Transfer
4661,57,2024-11-06,655.22,Insurance
4662,361,2025-07-04,2533.35,Cash
4663,404,2025-05-21,1624.41,Insurance
4664,33,2024-02-13,2851.80,Other
4665,117,2024-10-29,2720.26,Credit Card
4666,174,2025-09-02,373.84,Credit Card
4667,240,2024-12-09,4385.66,Insurance
4668,382,2024-07-08,1540.82,Insurance
4669,315,2025-09-24,3729.31,Bank Transfer
4670,94,2026-02-22,1186.29,Credit Card
4671,482,2026-01-19,3319.51,Bank Transfer
4672,244,2024-12-11,116.86,Other
4673,436,2024-03-12,4473.92,Other
4674,99,2024-12-30,3669.39,Credit Card
4675,471,2025-10-24,1916.84,Bank Transfer
4676,432,2024-02-05,4928.49,Bank Transfer
4677,271,2024-12-04,2554.67,Cash
4678,52,2025-07-12,1886.97,Insurance
4679,244,2024-03-27,2380.94,Cash
4680,227,2025-04-07,1836.18,Insurance
4681,460,2025-03-19,4551.50,Insurance
4682,37,2024-02-29,4261.97,Insurance
4683,53,2024-02-04,1461.05,Cash
4684,128,2024-01-22,2390.21,Bank Transfer
4685,120,2025-07-29,1983.10,Credit Card
4686,440,2025-05-27,374.21,Other
4687,425,2025-04-23,2704.99,Cash
4688,370,2025-04-23,4658.74,Other
4689,197,2024-04-29,4599.73,Insurance
4690,310,2024-01-01,357.38,Other
4691,163,2024-09-08,1340.04,Insurance
4692,168,2024-11-18,350.81,Insurance
4693,153,2025-06-21,542.31,Bank Transfer
4694,475,2024-11-09,1223.04,Other
4695,135,2024-10-14,2083.05,Other
4696,87,2025-02-13,2024.34,Insurance
4697,395,2024-08-09,3004.50,Bank Transfer
4698,50,2025-08-22,4824.29,Other
4699,56,2026-01-01,4131.09,Other
4700,451,2024-08-26,983.63,Other
4701,331,2024-11-07,4749.03,Bank Transfer
4702,469,2024-12-11,4513.76,Other
4703,380,2025-09-24,838.00,Insurance
4704,242,2025-11-25,2296.63,Credit Card
4705,190,2025-06-30,3106.38,Insurance
4706,61,2025-02-05,165.47,Cash
4707,105,2024-04-16,626.95,Insurance
4708,257,2025-03-31,384.12,Other
4709,242,2025-11-05,3048.00,Insurance
4710,341,2025-12-26,2646.16,Other
4711,85,2025-08-08,4276.68,Cash
4712,295,2024-02-28,4617.11,Insurance
4713,488,2025-04-28,746.83,Bank Transfer
4714,284,2024-11-01,290.78,Cash
4715,311,2025-10-18,76.46,Insurance
4716,484,2024-07-10,3185.31,Cash
4717,300,2026-02-27,1395.83,Insurance
4718,342,2025-02-08,68.52,Cash
4719,214,2025-06-13,2856.92,Credit Card
4720,418,2025-01-07,3717.77,Credit Card
4721,442,2025-06-01,2628.38,Other
4722,234,2024-07-21,2327.33,Other
4723,135,2024-01-27,2237.54,Cash
4724,135,2024-04-27,2928.44,Credit Card
4725,138,2024-05-03,2081.04,Cash
4726,254,2025-04-03,4993.84,Credit Card
4727,484,2025-05-25,2871.92,Insurance
4728,390,2024-08-22,209.24,Cash
4729,169,2024-08-17,4058.88,Credit Card
4730,390,2024-02-27,623.67,Other
4731,83,2024-12-03,665.36,Other
4732,219,2024-10-15,2268.11,Bank Transfer
4733,271,2025-01-16,3717.23,Bank Transfer
4734,24,2024-06-23,1060.58,Credit Card
4735,400,2025-04-05,4852.69,Bank Transfer
4736,364,2024-10-04,4202.14,Cash
4737,438,2024-12-18,4568.93,Bank Transfer
4738,27,2024-08-11,4113.53,Cash
4739,166,2026-01-24,3553.03,Cash
4740,6,2025-05-10,1320.43,Other
4741,114,2025-06-06,787.37,Other
4742,75,2024-02-26,455.32,Cash
4743,74,2026-01-04,4899.80,Cash
4744,467,2024-11-22,4045.20,Insurance
4745,480,2024-06-26,287.64,Insurance
4746,351,2025-04-28,2884.20,Insurance
4747,161,2025-11-26,2339.13,Other
4748,222,2025-09-06,3936.97,Insurance
4749,73,2025-01-11,127.78,Cash
4750,224,2025-09-01,2357.90,Insurance
4751,176,2026-03-18,2597.78,Other
4752,134,2025-08-26,3496.70,Credit Card
4753,62,2025-10-09,1765.89,Cash
4754,5,2025-10-10,2810.83,Insurance
4755,263,2024-07-21,437.74,Credit Card
4756,169,2025-04-14,401.12,Other
4757,31,2025-08-28,3459.06,Insurance
4758,218,2026-01-06,596.73,Insurance
4759,185,2025-06-03,4887.66,Cash
4760,270,2026-03-12,2574.87,Credit Card
4761,412,2025-04-21,4178.56,Cash
4762,216,2024-03-10,3267.85,Insurance
4763,40,2024-05-15,4762.70,Bank Transfer
4764,353,2024-02-26,4465.67,Bank Transfer
4765,277,2024-09-28,2889.75,Other
4766,60,2025-11-17,2419.38,Other
4767,82,2025-03-05,1366.89,Cash
4768,402,2025-07-14,4785.14,Bank Transfer
4769,477,2025-11-08,1402.34,Credit Card
4770,141,2024-03-03,956.29,Other
4771,268,2024-12-08,3454.59,Bank Transfer
4772,304,2025-08-31,4802.13,Cash
4773,262,2025-04-12,2290.08,Insurance
4774,161,2025-03-23,1920.65,Credit Card
4775,161,2025-05-16,2930.07,Credit Card
4776,425,2026-01-28,2562.38,Other
4777,218,2026-02-17,2623.06,Credit Card
4778,32,2024-01-10,2365.06,Credit Card
4779,284,2026-01-21,3440.30,Bank Transfer
4780,455,2024-10-23,1205.01,Cash
4781,55,2024-05-05,704.34,Insurance
4782,416,2025-09-01,2946.31,Other
4783,312,2025-04-15,3258.44,Credit Card
4784,135,2025-08-08,4605.08,Insurance
4785,47,2025-09-17,3908.40,Credit Card
4786,159,2025-07-01,2497.47,Insurance
4787,23,2024-04-08,1148.05,Cash
4788,366,2025-10-01,2689.52,Insurance
4789,68,2024-09-24,1849.71,Cash
4790,471,2024-05-06,4574.17,Insurance
4791,55,2025-07-12,4726.28,Insurance
4792,172,2024-05-17,942.73,Insurance
4793,60,2025-12-09,96.19,Other
4794,134,2025-02-23,2144.65,Insurance
4795,183,2025-03-03,1862.57,Bank Transfer
4796,17,2024-10-17,958.92,Other
4797,43,2025-10-22,357.73,Insurance
4798,137,2025-08-20,4709.75,Credit Card
4799,218,2024-11-02,1847.45,Insurance
4800,500,2024-03-16,839.95,Cash
4801,360,2024-06-14,1532.02,Other
4802,374,2025-04-01,2191.31,Bank Transfer
4803,39,2024-11-25,1791.22,Credit Card
4804,63,2025-11-25,1277.78,Cash
4805,357,2025-09-28,460.94,Other
4806,194,2025-06-22,4591.76,Other
4807,447,2025-12-19,4437.46,Credit Card
4808,404,2025-05-28,841.15,Insurance
4809,222,2025-05-12,3638.22,Credit Card
4810,397,2024-01-17,2501.89,Cash
4811,395,2025-10-20,429.92,Bank Transfer
4812,15,2025-10-19,3573.34,Credit Card
4813,209,2025-02-26,2620.79,Other
4814,148,2025-09-14,1475.70,Credit Card
4815,254,2025-07-27,1067.59,Insurance
4816,247,2024-10-12,1517.06,Credit Card
4817,87,2024-10-23,1692.16,Cash
4818,487,2025-08-09,4543.90,Bank Transfer
4819,139,2025-08-02,3813.44,Insurance
4820,277,2024-09-16,2404.31,Insurance
4821,352,2025-02-15,260.27,Cash
4822,471,2026-01-18,911.57,Other
4823,48,2025-05-04,2524.56,Insurance
4824,47,2025-01-29,4909.90,Other
4825,499,2024-10-20,1394.85,Credit Card
4826,331,2025-07-28,981.38,Insurance
4827,110,2024-06-26,1396.84,Cash
4828,463,2024-01-12,1585.88,Other
4829,349,2025-11-04,4760.77,Bank Transfer
4830,482,2026-01-10,3564.37,Insurance
4831,487,2024-04-28,867.85,Cash
4832,226,2024-08-25,4898.05,Cash
4833,197,2025-07-22,260.94,Cash
4834,195,2025-07-28,947.28,Credit Card
4835,126,2025-09-25,3190.51,Insurance
4836,327,2025-03-24,1989.17,Insurance
4837,496,2024-11-23,1030.28,Other
4838,291,2025-08-03,2705.20,Other
4839,52,2025-07-18,2428.08,Bank Transfer
4840,311,2025-08-10,303.66,Other
4841,272,2024-11-03,4709.82,Other
4842,390,2025-10-25,3799.41,Bank Transfer
4843,263,2024-07-06,1414.52,Bank Transfer
4844,350,2026-02-28,620.67,Other
4845,268,2024-01-05,4213.12,Bank Transfer
4846,206,2025-04-07,276.02,Cash
4847,217,2024-04-19,3768.14,Other
4848,110,2025-07-06,3977.83,Insurance
4849,123,2025-06-07,411.05,Insurance
4850,126,2025-05-25,4255.51,Insurance
4851,87,2024-03-13,2832.22,Cash
4852,288,2024-05-10,727.53,Cash
4853,205,2024-09-11,1568.25,Bank Transfer
4854,145,2025-02-03,1464.08,Other
4855,499,2024-11-30,4951.38,Other
4856,11,2026-02-12,603.85,Bank Transfer
4857,499,2024-06-23,4111.69,Cash
4858,358,2024-01-09,407.24,Bank Transfer
4859,186,2024-01-26,1499.84,Credit Card
4860,167,2025-04-05,2763.57,Bank Transfer
4861,48,2024-06-03,4787.35,Insurance
4862,13,2024-03-18,4204.78,Bank Transfer
4863,123,2024-07-17,4798.05,Other
4864,254,2025-09-03,4635.81,Other
4865,123,2025-08-23,883.69,Cash
4866,466,2024-06-06,4126.60,Other
4867,345,2024-05-06,3682.09,Cash
4868,336,2025-07-20,4792.78,Bank Transfer
4869,457,2025-10-30,3988.80,Cash
4870,401,2025-05-22,1297.53,Credit Card
4871,198,2024-06-17,2706.14,Bank Transfer
4872,109,2024-06-20,4797.65,Insurance
4873,197,2024-02-12,4787.86,Credit Card
4874,164,2025-01-21,2395.77,Credit Card
4875,304,2024-10-12,1403.52,Credit Card
4876,147,2025-05-07,902.57,Credit Card
4877,81,2025-03-09,1468.47,Insurance
4878,77,2025-05-28,4328.27,Credit Card
4879,113,2024-11-08,3745.80,Credit Card
4880,324,2025-01-22,267.79,Credit Card
4881,93,2024-05-19,792.25,Insurance
4882,170,2025-01-19,546.50,Bank Transfer
4883,271,2024-08-07,1560.76,Bank Transfer
4884,344,2024-03-14,4108.39,Credit Card
4885,13,2025-09-30,4073.08,Other
4886,411,2025-12-13,464.46,Other
4887,385,2024-03-26,3605.73,Other
4888,364,2024-05-26,1480.45,Credit Card
4889,144,2024-04-22,4071.85,Credit Card
4890,307,2025-03-23,4906.81,Bank Transfer
4891,416,2025-09-08,2486.78,Credit Card
4892,71,2025-06-09,3495.33,Credit Card
4893,77,2024-02-01,3815.89,Credit Card
4894,302,2025-05-16,3853.25,Other
4895,281,2024-02-06,4097.35,Other
4896,91,2025-09-17,1191.00,Insurance
4897,225,2025-06-30,1870.35,Cash
4898,142,2024-12-23,1750.95,Other
4899,160,2024-10-17,1403.17,Bank Transfer
4900,73,2026-03-14,4979.16,Insurance
4901,472,2024-08-15,2471.82,Insurance
4902,288,2024-07-11,859.72,Credit Card
4903,105,2024-09-16,2688.29,Credit Card
4904,249,2025-11-20,1797.31,Insurance
4905,327,2025-10-09,4255.30,Credit Card
4906,253,2025-07-08,1734.36,Credit Card
4907,497,2025-08-31,1019.69,Cash
4908,55,2025-02-02,1683.00,Cash
4909,75,2025-03-06,1298.74,Insurance
4910,356,2026-01-30,3096.13,Insurance
4911,467,2024-12-26,4204.36,Cash
4912,182,2025-05-04,580.02,Insurance
4913,48,2025-01-05,3129.29,Cash
4914,334,2025-07-06,1154.36,Credit Card
4915,405,2024-08-19,1199.90,Insurance
4916,86,2026-03-01,3179.86,Bank Transfer
4917,173,2024-01-18,655.85,Bank Transfer
4918,391,2025-07-18,1560.17,Cash
4919,362,2026-01-17,1251.72,Bank Transfer
4920,43,2024-03-20,4482.01,Insurance
4921,99,2025-11-08,737.41,Credit Card
4922,68,2024-02-02,460.96,Insurance
4923,117,2025-07-07,4992.02,Credit Card
4924,323,2025-03-16,3884.56,Cash
4925,493,2025-02-10,2717.78,Other
4926,357,2026-02-02,3231.05,Insurance
4927,118,2024-01-01,3762.75,Cash
4928,320,2025-09-29,4859.73,Bank Transfer
4929,279,2025-07-06,2067.36,Credit Card
4930,473,2025-09-01,3757.94,Other
4931,438,2025-04-08,1598.09,Insurance
4932,288,2024-04-10,2902.03,Other
4933,292,2026-02-18,1693.52,Cash
4934,45,2024-01-19,687.10,Other
4935,157,2025-08-18,3266.15,Other
4936,441,2024-07-13,1633.17,Other
4937,126,2024-05-29,4671.58,Bank Transfer
4938,98,2024-05-11,3107.57,Insurance
4939,311,2024-10-23,4248.36,Insurance
4940,98,2025-12-04,3319.01,Cash
4941,357,2024-03-24,4226.70,Cash
4942,434,2025-02-09,4192.60,Credit Card
4943,104,2024-06-24,1223.90,Insurance
4944,468,2025-09-15,400.36,Cash
4945,339,2025-07-25,1917.44,Bank Transfer
4946,453,2025-11-29,3834.28,Cash
4947,174,2024-04-05,4973.52,Insurance
4948,151,2025-12-19,3887.34,Bank Transfer
4949,474,2025-02-26,3995.09,Other
4950,448,2024-05-30,999.78,Insurance
4951,398,2025-01-18,4639.22,Other
4952,242,2025-07-28,799.13,Other
4953,10,2024-02-23,2658.88,Cash
4954,145,2025-04-11,65.38,Credit Card
4955,83,2025-03-02,248.33,Cash
4956,424,2025-06-24,2544.61,Other
4957,157,2025-11-06,989.35,Other
4958,42,2024-07-25,3486.19,Bank Transfer
4959,318,2025-04-15,1263.59,Cash
4960,496,2025-01-08,1102.70,Other
4961,271,2025-10-22,3315.71,Credit Card
4962,52,2026-02-19,846.85,Cash
4963,160,2026-01-23,1398.34,Other
4964,450,2024-05-28,1229.04,Insurance
4965,64,2025-03-17,214.62,Cash
4966,11,2025-11-10,4848.70,Insurance
4967,76,2026-02-03,4941.38,Other
4968,320,2025-10-08,4742.53,Other
4969,88,2024-03-11,675.71,Cash
4970,21,2024-04-09,4835.95,Cash
4971,3,2025-02-28,4864.32,Other
4972,251,2025-06-11,1547.28,Insurance
4973,347,2024-01-27,1443.46,Credit Card
4974,359,2024-02-04,2929.00,Insurance
4975,427,2025-11-20,2056.60,Insurance
4976,344,2024-09-03,557.66,Cash
4977,26,2025-09-09,4777.21,Bank Transfer
4978,103,2024-03-19,3004.30,Bank Transfer
4979,72,2024-05-17,4578.29,Insurance
4980,168,2026-01-31,4051.62,Credit Card
4981,243,2024-03-22,1329.79,Insurance
4982,398,2025-12-11,934.30,Bank Transfer
4983,7,2025-05-08,4721.47,Credit Card
4984,101,2024-08-21,4106.35,Insurance
4985,466,2025-01-16,245.67,Bank Transfer
4986,465,2024-11-12,4098.52,Bank Transfer
4987,264,2024-08-15,461.70,Bank Transfer
4988,383,2025-08-18,4390.99,Credit Card
4989,213,2024-01-10,4002.89,Cash
4990,204,2024-03-24,2209.48,Other
4991,243,2026-02-02,3928.11,Insurance
4992,115,2026-01-23,203.20,Insurance
4993,103,2025-04-21,855.04,Bank Transfer
4994,247,2025-01-16,2748.98,Other
4995,124,2025-02-16,1082.28,Cash
4996,228,2024-02-03,556.16,Credit Card
4997,404,2025-06-09,3092.34,Other
4998,53,2024-01-07,760.80,Bank Transfer
4999,422,2025-03-28,2798.18,Credit Card
5000,89,2025-11-19,1082.94,Credit Card
5001,347,2024-12-10,2672.40,Credit Card
5002,110,2024-10-07,4909.08,Credit Card
5003,337,2024-05-14,1177.09,Bank Transfer
5004,466,2026-02-18,699.08,Insurance
5005,155,2024-03-18,132.47,Bank Transfer
5006,326,2024-10-08,4767.50,Credit Card
5007,99,2024-01-06,1848.23,Insurance
5008,402,2024-12-11,3786.88,Insurance
5009,216,2024-01-13,3653.57,Insurance
5010,56,2025-10-09,3207.41,Bank Transfer
5011,64,2025-05-12,1327.51,Bank Transfer
5012,89,2024-05-07,188.78,Bank Transfer
5013,121,2025-09-23,2705.86,Other
5014,478,2025-07-30,4423.11,Other
5015,14,2024-09-11,3539.98,Insurance
5016,310,2025-02-25,1343.36,Insurance
5017,485,2025-06-13,101.48,Credit Card
5018,423,2025-02-05,3341.24,Other
5019,244,2024-10-25,3727.19,Bank Transfer
5020,57,2025-10-06,3151.57,Insurance
5021,424,2025-03-10,3334.06,Insurance
5022,59,2024-05-30,1437.63,Insurance
5023,472,2025-10-19,4925.70,Bank Transfer
5024,403,2025-12-08,2949.34,Insurance
5025,218,2024-11-05,3934.79,Other
5026,81,2025-03-19,1869.64,Cash
5027,94,2025-07-17,4771.87,Insurance
5028,431,2025-04-10,3506.52,Insurance
5029,315,2026-02-09,1424.92,Other
5030,94,2024-12-06,3583.97,Bank Transfer
5031,240,2025-01-23,1253.93,Bank Transfer
5032,416,2025-04-08,3356.70,Credit Card
5033,21,2024-02-18,589.97,Insurance
5034,340,2025-01-30,2582.99,Bank Transfer
5035,475,2024-06-12,4854.55,Other
5036,40,2024-08-28,2451.06,Bank Transfer
5037,89,2026-02-09,278.88,Bank Transfer
5038,215,2026-02-04,1865.09,Bank Transfer
5039,82,2024-03-09,3294.14,Cash
5040,173,2025-05-01,715.78,Insurance
5041,233,2025-08-09,2775.57,Cash
5042,414,2024-02-18,767.86,Cash
5043,99,2024-02-09,1378.92,Credit Card
5044,25,2026-03-20,2454.78,Other
5045,431,2024-01-19,3625.30,Cash
5046,67,2024-04-01,4208.72,Credit Card
5047,93,2024-09-09,2537.96,Bank Transfer
5048,32,2025-08-06,3078.98,Bank Transfer
5049,174,2024-01-11,4647.65,Insurance
5050,427,2024-06-14,2453.38,Other
5051,64,2024-02-22,1951.87,Cash
5052,306,2025-07-01,1863.04,Bank Transfer
5053,382,2025-07-10,316.52,Insurance
5054,231,2026-01-17,1937.84,Insurance
5055,72,2025-10-13,3079.64,Cash
5056,341,2026-03-04,3578.32,Bank Transfer
5057,33,2025-02-12,1772.90,Credit Card
5058,206,2024-11-22,4356.89,Bank Transfer
5059,469,2025-05-02,4214.17,Insurance
5060,20,2024-10-06,863.21,Cash
5061,403,2024-11-06,640.57,Credit Card
5062,121,2025-07-22,2276.76,Other
5063,253,2024-03-01,3847.60,Cash
5064,291,2025-06-26,1738.44,Bank Transfer
5065,29,2025-02-20,3203.65,Credit Card
5066,413,2024-12-14,3146.20,Insurance
5067,123,2025-11-15,1074.43,Cash
5068,96,2024-07-17,4442.90,Bank Transfer
5069,485,2025-10-22,4738.72,Credit Card
5070,221,2024-02-17,4820.67,Credit Card
5071,3,2024-07-30,2492.59,Insurance
5072,29,2024-05-12,3207.88,Cash
5073,323,2025-05-25,208.70,Credit Card
5074,241,2024-08-31,4506.89,Insurance
5075,424,2025-07-03,264.59,Cash
5076,223,2025-09-15,3231.51,Insurance
5077,9,2025-04-04,3587.48,Cash
5078,138,2025-01-28,3237.78,Cash
5079,23,2024-12-10,1709.43,Credit Card
5080,379,2024-03-07,2940.41,Bank Transfer
5081,294,2024-07-11,4896.78,Bank Transfer
5082,314,2025-12-27,3057.95,Insurance
5083,44,2025-01-07,3106.99,Credit Card
5084,405,2025-07-26,2221.50,Other
5085,452,2024-06-04,2111.72,Credit Card
5086,72,2024-11-28,1714.80,Bank Transfer
5087,229,2024-11-07,4411.57,Cash
5088,318,2024-09-24,3609.40,Cash
5089,267,2025-10-10,4765.99,Cash
5090,223,2025-01-28,173.93,Insurance
5091,120,2024-09-29,115.36,Cash
5092,364,2026-02-13,1934.39,Cash
5093,467,2025-03-02,2850.46,Cash
5094,126,2024-07-21,1279.67,Credit Card
5095,150,2024-11-26,3979.47,Credit Card
5096,274,2024-02-01,1380.43,Credit Card
5097,97,2024-07-01,3716.42,Insurance
5098,132,2024-10-11,1371.02,Bank Transfer
5099,402,2025-06-06,521.86,Bank Transfer
5100,300,2024-10-06,2108.26,Cash
5101,405,2024-12-02,4384.68,Other
5102,210,2025-07-18,611.32,Other
5103,56,2025-01-05,2092.77,Bank Transfer
5104,334,2026-02-08,140.17,Insurance
5105,354,2025-08-24,1298.86,Cash
5106,225,2025-10-31,3486.34,Other
5107,354,2024-01-30,2146.74,Other
5108,51,2024-05-22,1752.76,Cash
5109,202,2024-02-01,818.79,Other
5110,272,2026-01-09,870.08,Credit Card
5111,136,2025-07-17,2943.27,Insurance
5112,35,2024-11-15,2406.00,Insurance
5113,250,2024-12-23,3063.13,Bank Transfer
5114,17,2026-03-12,4038.60,Cash
5115,94,2024-04-25,3413.14,Insurance
5116,318,2025-04-01,4595.34,Insurance
5117,156,2025-10-22,2252.32,Bank Transfer
5118,354,2025-07-24,2077.71,Cash
5119,43,2025-02-17,1739.35,Cash
5120,73,2024-11-13,2210.28,Credit Card
5121,171,2025-02-26,4988.08,Bank Transfer
5122,33,2024-05-24,4237.65,Cash
5123,217,2024-05-18,2534.41,Cash
5124,90,2025-01-26,4540.30,Bank Transfer
5125,92,2024-06-04,4074.44,Bank Transfer
5126,256,2024-10-20,1953.42,Insurance
5127,267,2024-12-18,4436.19,Credit Card
5128,217,2025-06-24,414.67,Bank Transfer
5129,461,2026-03-05,2721.13,Bank Transfer
5130,137,2026-01-21,1912.01,Bank Transfer
5131,352,2025-07-17,4807.77,Cash
5132,382,2025-10-15,3262.50,Insurance
5133,489,2024-05-20,3071.62,Insurance
5134,53,2024-09-30,665.69,Credit Card
5135,56,2024-07-03,3069.89,Bank Transfer
5136,268,2025-05-29,4683.71,Other
5137,150,2024-03-10,2938.26,Credit Card
5138,490,2025-02-04,3184.49,Credit Card
5139,193,2025-10-07,4282.31,Credit Card
5140,47,2026-03-03,1146.91,Bank Transfer
5141,300,2024-09-18,2148.86,Insurance
5142,263,2024-03-11,3612.04,Credit Card
5143,320,2024-12-11,4723.35,Credit Card
5144,56,2025-08-26,3327.82,Other
5145,489,2024-12-16,860.41,Credit Card
5146,474,2025-09-22,1130.28,Cash
5147,160,2024-07-08,4250.02,Cash
5148,41,2025-01-06,4368.56,Bank Transfer
5149,248,2025-08-18,3473.18,Cash
5150,132,2025-09-30,3674.36,Other
5151,394,2025-06-30,3328.84,Credit Card
5152,41,2026-03-20,4316.62,Credit Card
5153,9,2025-01-22,3322.17,Bank Transfer
5154,423,2024-08-23,2933.60,Bank Transfer
5155,126,2026-02-14,3558.03,Other
5156,142,2024-12-21,4216.45,Cash
5157,476,2024-05-13,4177.87,Other
5158,108,2025-07-02,2317.59,Other
5159,472,2025-06-06,1388.23,Cash
5160,2,2025-03-24,1498.41,Cash
5161,135,2025-06-24,2283.25,Bank Transfer
5162,92,2025-03-28,1123.65,Cash
5163,300,2024-06-19,308.19,Cash
5164,273,2025-07-28,4395.56,Cash
5165,452,2026-03-07,2120.40,Other
5166,382,2025-10-03,2743.39,Credit Card
5167,385,2025-08-07,781.45,Bank Transfer
5168,29,2024-03-22,619.65,Credit Card
5169,432,2025-06-06,4658.30,Cash
5170,398,2025-03-01,2726.37,Cash
5171,480,2025-04-20,1247.43,Credit Card
5172,469,2025-06-15,568.21,Other
5173,238,2025-01-10,3148.22,Cash
5174,233,2025-05-17,794.04,Other
5175,479,2025-07-23,3123.56,Cash
5176,221,2025-03-05,4537.40,Bank Transfer
5177,330,2024-02-27,3336.36,Insurance
5178,186,2025-01-14,1205.03,Cash
5179,26,2024-06-02,2205.47,Insurance
5180,43,2025-02-25,389.93,Credit Card
5181,411,2025-04-13,2252.69,Credit Card
5182,346,2025-09-17,4284.41,Bank Transfer
5183,133,2024-08-03,3411.55,Insurance
5184,49,2024-03-16,2722.38,Other
5185,265,2024-04-23,4424.43,Credit Card
5186,334,2024-04-28,2559.88,Other
5187,93,2025-08-03,4651.50,Cash
5188,479,2024-01-26,4400.61,Bank Transfer
5189,311,2024-05-28,826.03,Other
5190,137,2025-02-26,3996.53,Other
5191,320,2025-04-24,2035.04,Cash
5192,209,2025-02-24,3891.00,Cash
5193,275,2025-01-16,2343.68,Cash
5194,48,2024-01-21,4241.40,Credit Card
5195,31,2025-05-01,1193.03,Other
5196,469,2025-12-16,2211.50,Bank Transfer
5197,184,2025-11-15,4502.36,Insurance
5198,457,2024-04-28,3061.70,Bank Transfer
5199,248,2024-06-18,2856.65,Credit Card
5200,136,2024-03-11,3283.09,Other
5201,215,2024-11-17,405.46,Insurance
5202,499,2025-05-23,4884.91,Credit Card
5203,333,2025-05-03,785.74,Insurance
5204,88,2024-12-18,4191.65,Cash
5205,204,2024-07-14,1754.19,Credit Card
5206,62,2024-06-09,3870.51,Bank Transfer
5207,39,2025-11-09,4649.94,Cash
5208,311,2025-09-04,4858.19,Cash
5209,90,2025-10-01,4314.34,Other
5210,94,2026-01-14,4082.54,Other
5211,475,2025-03-18,515.13,Cash
5212,50,2024-01-01,990.80,Bank Transfer
5213,466,2025-06-16,179.98,Insurance
5214,445,2025-12-05,473.30,Other
5215,48,2024-06-19,336.44,Bank Transfer
5216,368,2024-12-15,4214.84,Other
5217,118,2025-06-07,2404.92,Bank Transfer
5218,312,2025-01-20,1167.58,Bank Transfer
5219,165,2024-09-12,1662.35,Bank Transfer
5220,442,2025-02-04,2756.85,Cash
5221,318,2025-03-03,1952.11,Credit Card
5222,457,2026-01-09,3412.07,Cash
5223,98,2025-03-30,1203.72,Credit Card
5224,239,2026-03-09,4357.00,Bank Transfer
5225,245,2026-02-09,4077.92,Other
5226,36,2024-12-05,365.52,Other
5227,425,2025-12-27,110.82,Insurance
5228,254,2025-07-07,1170.42,Insurance
5229,270,2024-07-08,2081.84,Bank Transfer
5230,355,2026-01-01,1549.13,Bank Transfer
5231,462,2026-03-04,4182.01,Bank Transfer
5232,230,2024-12-24,4467.20,Cash
5233,32,2024-02-14,4671.56,Insurance
5234,444,2025-03-14,4776.57,Other
5235,361,2025-03-30,1583.59,Credit Card
5236,243,2024-11-22,2250.16,Cash
5237,140,2025-06-19,2997.01,Cash
5238,91,2025-01-16,1781.01,Other
5239,51,2025-11-26,2056.96,Credit Card
5240,401,2025-09-15,4105.74,Other
5241,129,2024-10-09,2284.77,Cash
5242,34,2025-11-13,4604.39,Bank Transfer
5243,283,2025-10-24,2093.59,Insurance
5244,270,2024-10-16,4631.66,Credit Card
5245,228,2024-06-12,1835.45,Bank Transfer
5246,435,2026-03-06,887.65,Other
5247,97,2026-01-11,4322.06,Credit Card
5248,141,2024-01-30,4075.45,Credit Card
5249,97,2024-02-03,4881.70,Other
5250,464,2026-01-08,411.37,Credit Card
5251,452,2026-02-02,2923.55,Credit Card
5252,316,2025-03-26,570.64,Bank Transfer
5253,19,2024-04-19,286.26,Credit Card
5254,293,2024-11-01,624.91,Credit Card
5255,345,2025-12-07,2967.37,Cash
5256,449,2025-08-05,1548.10,Cash
5257,227,2025-05-09,4137.24,Bank Transfer
5258,320,2025-10-11,4541.55,Other
5259,90,2025-06-05,1052.99,Bank Transfer
5260,290,2025-01-13,4100.06,Cash
5261,4,2025-08-27,3592.88,Insurance
5262,16,2025-11-30,4023.91,Bank Transfer
5263,319,2024-03-06,412.67,Insurance
5264,296,2025-09-15,1155.14,Bank Transfer
5265,370,2025-04-13,3235.75,Insurance
5266,238,2025-02-28,758.03,Insurance
5267,140,2026-02-02,4579.44,Insurance
5268,311,2024-08-01,4573.76,Insurance
5269,76,2024-04-30,4677.42,Insurance
5270,432,2025-07-21,919.22,Other
5271,359,2025-11-26,4717.53,Insurance
5272,310,2026-03-15,188.27,Cash
5273,208,2026-01-28,2589.24,Bank Transfer
5274,487,2025-02-06,1488.41,Other
5275,256,2024-09-10,1540.15,Insurance
5276,478,2025-01-31,994.33,Bank Transfer
5277,263,2026-01-16,2321.98,Cash
5278,45,2024-03-28,4359.51,Bank Transfer
5279,148,2026-01-15,3079.70,Bank Transfer
5280,288,2025-01-26,2375.44,Bank Transfer
5281,209,2024-10-24,1595.86,Credit Card
5282,62,2024-07-29,861.74,Other
5283,57,2026-02-02,1899.01,Insurance
5284,40,2024-07-26,2128.72,Credit Card
5285,113,2024-08-29,4891.27,Credit Card
5286,319,2025-12-28,219.67,Bank Transfer
5287,221,2024-01-04,4281.60,Bank Transfer
5288,198,2025-11-30,4619.94,Insurance
5289,500,2024-10-31,216.05,Credit Card
5290,148,2026-03-06,2666.68,Cash
5291,389,2026-01-02,588.14,Insurance
5292,320,2025-09-28,3044.35,Cash
5293,401,2025-05-14,4646.55,Cash
5294,277,2024-09-17,2806.90,Bank Transfer
5295,478,2025-12-16,4945.20,Insurance
5296,232,2025-12-14,574.52,Bank Transfer
5297,377,2024-06-15,2492.34,Cash
5298,239,2025-10-11,3677.81,Credit Card
5299,496,2026-02-14,2157.00,Credit Card
5300,96,2024-02-06,1553.69,Insurance
5301,431,2024-09-12,3884.92,Credit Card
5302,100,2025-01-31,900.90,Other
5303,49,2025-10-19,4218.61,Other
5304,413,2025-04-12,2836.83,Cash
5305,410,2024-04-16,3957.09,Credit Card
5306,14,2025-05-01,1183.57,Insurance
5307,199,2024-04-02,4000.45,Other
5308,361,2025-02-18,2314.94,Cash
5309,297,2025-03-26,2969.72,Insurance
5310,403,2025-08-31,2219.72,Cash
5311,195,2024-06-26,2035.79,Insurance
5312,49,2026-02-14,1390.66,Insurance
5313,408,2025-07-12,909.95,Bank Transfer
5314,298,2025-05-19,253.18,Insurance
5315,111,2024-06-14,4948.17,Cash
5316,415,2024-05-21,2287.58,Credit Card
5317,44,2024-12-28,660.49,Other
5318,410,2025-03-30,4453.54,Cash
5319,311,2025-02-16,3785.25,Insurance
5320,113,2024-04-21,3987.63,Insurance
5321,105,2024-09-15,4820.03,Other
5322,77,2025-07-21,4202.17,Credit Card
5323,221,2025-05-14,2621.98,Cash
5324,423,2025-04-03,2526.08,Bank Transfer
5325,5,2024-11-27,1536.17,Bank Transfer
5326,474,2025-10-27,609.04,Cash
5327,209,2024-04-18,676.93,Insurance
5328,263,2025-05-02,4387.75,Insurance
5329,7,2024-04-18,1389.00,Other
5330,347,2025-05-29,2308.35,Cash
5331,465,2025-12-18,3468.02,Other
5332,332,2025-09-14,3739.00,Credit Card
5333,389,2025-05-19,2796.10,Cash
5334,498,2026-01-16,769.18,Bank Transfer
5335,306,2025-06-02,1206.79,Other
5336,351,2025-07-30,429.63,Insurance
5337,455,2026-01-11,3343.83,Credit Card
5338,215,2025-05-28,2131.83,Bank Transfer
5339,82,2024-04-30,1614.60,Cash
5340,466,2026-01-16,711.45,Insurance
5341,35,2024-01-08,2959.17,Cash
5342,371,2024-05-18,2660.92,Credit Card
5343,246,2025-05-13,1610.54,Bank Transfer
5344,98,2025-09-13,2855.69,Other
5345,360,2024-08-05,4883.88,Insurance
5346,367,2025-10-03,3158.80,Credit Card
5347,481,2024-06-09,2136.70,Bank Transfer
5348,83,2025-03-22,3319.30,Insurance
5349,227,2024-08-04,187.25,Bank Transfer
5350,474,2024-05-16,4109.47,Bank Transfer
5351,338,2024-05-20,2454.70,Other
5352,346,2024-10-01,1234.80,Cash
5353,474,2025-04-13,408.40,Insurance
5354,73,2026-02-24,3643.07,Insurance
5355,224,2024-09-22,2430.09,Bank Transfer
5356,268,2025-03-20,189.34,Bank Transfer
5357,197,2024-09-13,4948.81,Cash
5358,118,2024-03-22,3556.11,Insurance
5359,206,2025-02-06,4562.32,Cash
5360,371,2024-06-06,3083.96,Insurance
5361,74,2025-09-22,1553.30,Cash
5362,104,2026-01-14,1805.87,Insurance
5363,4,2025-09-07,2980.59,Cash
5364,337,2024-09-23,3989.17,Cash
5365,206,2025-07-21,405.06,Insurance
5366,321,2024-12-12,4334.15,Bank Transfer
5367,352,2024-01-02,4807.75,Insurance
5368,429,2024-08-10,3426.77,Credit Card
5369,221,2024-06-24,4898.45,Insurance
5370,166,2024-01-23,1709.87,Bank Transfer
5371,108,2024-06-06,4776.04,Insurance
5372,6,2024-06-11,2434.60,Bank Transfer
5373,460,2025-02-02,4723.52,Credit Card
5374,146,2024-02-26,1908.91,Other
5375,105,2025-04-07,4079.28,Other
5376,384,2024-09-22,3598.38,Other
5377,248,2025-12-15,319.25,Credit Card
5378,110,2026-02-08,140.09,Cash
5379,23,2026-02-06,1675.03,Bank Transfer
5380,22,2026-01-28,160.83,Insurance
5381,483,2024-11-08,574.56,Other
5382,198,2025-05-22,3071.68,Credit Card
5383,147,2026-01-12,161.86,Other
5384,254,2025-12-19,1402.39,Cash
5385,162,2026-02-12,4273.99,Bank Transfer
5386,459,2024-01-18,2296.46,Insurance
5387,498,2025-02-28,1330.58,Other
5388,193,2025-10-03,1275.77,Other
5389,94,2024-04-08,1555.69,Cash
5390,292,2025-02-07,1587.36,Bank Transfer
5391,367,2024-03-04,4294.94,Credit Card
5392,206,2025-01-09,1489.67,Bank Transfer
5393,41,2025-08-27,4995.61,Insurance
5394,26,2024-02-21,3220.85,Credit Card
5395,78,2025-03-13,3422.27,Bank Transfer
5396,466,2025-12-29,2138.82,Other
5397,317,2024-06-09,2128.71,Credit Card
5398,155,2024-08-22,4288.23,Cash
5399,456,2025-04-19,3949.15,Cash
5400,435,2024-11-05,2638.29,Cash
5401,276,2025-09-16,3539.02,Insurance
5402,185,2026-01-16,3266.43,Other
5403,196,2024-04-15,1529.11,Other
5404,78,2025-11-03,4809.87,Cash
5405,355,2024-03-19,4246.14,Credit Card
5406,419,2025-11-27,1938.23,Insurance
5407,385,2025-01-06,2420.59,Cash
5408,88,2024-06-26,3584.90,Insurance
5409,220,2025-05-12,108.60,Bank Transfer
5410,137,2024-11-11,4638.09,Cash
5411,276,2025-01-31,2845.51,Cash
5412,117,2025-09-09,306.51,Cash
5413,277,2024-02-23,2562.15,Insurance
5414,72,2025-12-31,3674.27,Credit Card
5415,163,2026-01-15,3517.65,Insurance
5416,52,2024-10-15,960.99,Cash
5417,301,2024-08-11,4623.63,Other
5418,43,2026-01-14,954.45,Cash
5419,78,2024-12-09,3939.97,Other
5420,418,2024-12-09,1184.38,Bank Transfer
5421,110,2025-10-05,716.90,Bank Transfer
5422,62,2024-06-17,4322.76,Insurance
5423,207,2025-12-14,930.24,Cash
5424,218,2025-07-29,4470.88,Insurance
5425,212,2026-03-11,3804.64,Cash
5426,432,2026-02-09,3086.39,Credit Card
5427,264,2025-07-15,1689.58,Bank Transfer
5428,36,2024-03-12,4177.92,Cash
5429,326,2024-05-14,192.62,Bank Transfer
5430,18,2024-06-07,3919.22,Cash
5431,442,2024-12-09,1878.81,Bank Transfer
5432,369,2024-06-03,2345.35,Insurance
5433,344,2024-04-03,3245.80,Cash
5434,458,2024-02-23,1592.40,Bank Transfer
5435,70,2025-06-17,2703.82,Insurance
5436,149,2026-01-18,2187.35,Other
5437,11,2025-09-25,175.31,Bank Transfer
5438,476,2025-10-01,3482.50,Credit Card
5439,195,2024-01-29,1710.35,Cash
5440,497,2026-01-27,3718.91,Bank Transfer
5441,426,2024-10-27,3681.85,Insurance
5442,142,2024-04-06,4340.37,Insurance
5443,75,2026-02-23,2818.56,Cash
5444,66,2024-06-20,1084.01,Bank Transfer
5445,135,2025-07-25,2689.49,Credit Card
5446,213,2025-03-09,2545.78,Credit Card
5447,312,2024-11-21,1869.52,Other
5448,176,2026-02-12,4950.15,Other
5449,361,2026-01-31,4952.30,Other
5450,229,2024-12-03,4117.60,Credit Card
5451,439,2025-02-25,1766.04,Insurance
5452,20,2024-02-28,1764.44,Credit Card
5453,269,2025-12-17,1483.95,Credit Card
5454,451,2026-03-11,4007.50,Other
5455,329,2024-02-03,3567.43,Other
5456,46,2025-12-24,511.20,Cash
5457,366,2025-09-01,4841.76,Credit Card
5458,315,2025-12-03,1268.47,Bank Transfer
5459,373,2026-03-13,4427.31,Insurance
5460,47,2024-07-18,1941.47,Bank Transfer
5461,406,2024-04-14,91.76,Cash
5462,105,2025-05-22,1326.61,Other
5463,352,2024-05-31,664.19,Credit Card
5464,5,2025-09-26,2126.06,Other
5465,474,2025-06-08,3904.00,Cash
5466,26,2025-12-11,3595.93,Insurance
5467,433,2025-12-01,1673.15,Cash
5468,186,2025-01-05,3941.56,Bank Transfer
5469,198,2024-05-21,4973.57,Credit Card
5470,295,2025-12-01,1455.61,Insurance
5471,159,2025-02-22,4244.96,Other
5472,33,2026-01-24,1445.93,Bank Transfer
5473,234,2025-06-06,3986.70,Other
5474,425,2025-12-16,4356.40,Cash
5475,297,2024-12-10,644.49,Other
5476,473,2024-01-30,2952.86,Other
5477,317,2026-03-02,4946.64,Bank Transfer
5478,193,2024-01-19,4272.16,Credit Card
5479,200,2025-02-19,3832.79,Credit Card
5480,373,2025-12-12,1733.45,Cash
5481,29,2024-08-26,530.15,Credit Card
5482,13,2025-06-05,2367.25,Cash
5483,123,2024-08-20,53.85,Credit Card
5484,142,2025-02-24,2446.04,Insurance
5485,215,2025-11-11,3140.37,Insurance
5486,284,2025-10-30,2797.02,Insurance
5487,375,2024-01-06,2153.30,Bank Transfer
5488,46,2024-02-27,2564.40,Other
5489,339,2024-03-08,88.00,Credit Card
5490,460,2025-07-30,3089.65,Insurance
5491,254,2024-06-24,921.04,Other
5492,174,2024-12-25,621.49,Insurance
5493,19,2024-07-26,1328.22,Bank Transfer
5494,407,2025-08-10,509.19,Cash
5495,340,2024-02-21,311.62,Bank Transfer
5496,419,2025-05-19,4825.12,Cash
5497,172,2025-06-30,1173.38,Credit Card
5498,494,2025-10-25,3988.56,Other
5499,144,2024-09-07,3147.79,Bank Transfer
5500,252,2025-01-18,341.49,Credit Card
5501,206,2025-07-25,4791.33,Credit Card
5502,289,2025-09-30,4303.95,Credit Card
5503,260,2025-02-12,3622.04,Insurance
5504,479,2025-08-19,3278.66,Credit Card
5505,129,2025-11-21,445.95,Cash
5506,414,2025-01-07,727.77,Insurance
5507,138,2026-03-20,551.72,Insurance
5508,182,2024-02-20,2185.82,Bank Transfer
5509,109,2025-12-23,1175.80,Cash
5510,177,2024-10-29,351.87,Insurance
5511,292,2025-03-11,1880.30,Bank Transfer
5512,262,2024-05-24,1956.66,Other
5513,91,2025-04-12,749.18,Insurance
5514,391,2024-09-09,4588.22,Credit Card
5515,19,2024-03-04,2927.35,Credit Card
5516,457,2025-11-29,817.88,Cash
5517,47,2025-04-30,2394.80,Bank Transfer
5518,181,2025-12-21,1000.46,Insurance
5519,124,2024-04-25,3553.11,Bank Transfer
5520,485,2024-06-09,3938.65,Cash
5521,176,2024-05-15,555.88,Other
5522,473,2025-10-03,837.00,Insurance
5523,382,2025-09-07,4432.64,Insurance
5524,4,2025-08-14,2958.69,Cash
5525,241,2024-07-13,4333.79,Other
5526,190,2025-01-07,545.81,Cash
5527,13,2024-09-03,3169.07,Other
5528,276,2025-03-14,3860.91,Other
5529,481,2026-02-27,2176.73,Bank Transfer
5530,305,2024-10-29,547.02,Credit Card
5531,5,2025-11-18,3990.47,Bank Transfer
5532,194,2026-02-15,2273.98,Bank Transfer
5533,128,2025-04-21,4744.64,Insurance
5534,19,2025-09-14,2007.20,Credit Card
5535,70,2025-01-10,2097.22,Other
5536,398,2025-01-07,386.23,Cash
5537,489,2024-07-22,591.95,Cash
5538,398,2025-09-25,4993.42,Bank Transfer
5539,136,2024-05-15,3702.85,Other
5540,473,2024-03-21,1592.70,Bank Transfer
5541,30,2024-09-07,733.13,Bank Transfer
5542,53,2024-12-16,1311.63,Bank Transfer
5543,94,2024-06-07,1851.60,Other
5544,72,2024-05-19,2521.89,Other
5545,94,2025-10-07,96.72,Bank Transfer
5546,141,2024-03-21,3370.47,Bank Transfer
5547,346,2025-06-14,1955.16,Other
5548,423,2025-11-16,3594.04,Other
5549,429,2024-07-12,4919.15,Other
5550,454,2024-10-19,1649.51,Other
5551,60,2026-02-14,869.29,Other
5552,379,2024-05-07,4534.32,Insurance
5553,223,2024-02-28,4297.45,Cash
5554,460,2025-12-05,4347.64,Cash
5555,378,2025-08-16,2808.69,Credit Card
5556,377,2025-03-09,2732.91,Insurance
5557,22,2024-03-08,2376.85,Cash
5558,487,2025-01-11,3485.58,Other
5559,442,2024-09-27,3249.21,Insurance
5560,493,2026-02-12,1450.99,Cash
5561,32,2024-03-02,1622.81,Credit Card
5562,329,2024-04-02,4873.25,Credit Card
5563,66,2024-06-16,3577.75,Insurance
5564,154,2025-08-20,4843.40,Credit Card
5565,80,2025-03-28,868.01,Bank Transfer
5566,399,2025-12-03,3184.45,Bank Transfer
5567,448,2024-02-05,4401.72,Credit Card
5568,258,2025-08-14,4495.48,Bank Transfer
5569,247,2025-03-10,3286.06,Other
5570,300,2024-11-24,957.34,Credit Card
5571,78,2024-11-22,1036.22,Insurance
5572,244,2025-10-23,1515.06,Credit Card
5573,81,2025-10-17,2085.58,Insurance
5574,33,2025-01-24,1475.00,Bank Transfer
5575,124,2026-02-17,1752.74,Bank Transfer
5576,184,2024-10-20,3644.04,Insurance
5577,69,2025-02-03,247.83,Bank Transfer
5578,118,2025-05-30,4753.29,Bank Transfer
5579,180,2025-07-08,2525.84,Other
5580,302,2024-04-10,3683.96,Other
5581,290,2026-02-15,4571.19,Credit Card
5582,477,2024-10-01,2385.10,Bank Transfer
5583,141,2026-02-01,3103.20,Bank Transfer
5584,403,2025-07-22,1705.14,Other
5585,389,2026-03-02,4087.21,Cash
5586,386,2024-03-12,1154.38,Cash
5587,413,2025-06-29,4110.26,Credit Card
5588,378,2024-03-24,4501.62,Cash
5589,438,2026-02-27,2162.57,Insurance
5590,215,2024-05-22,1814.48,Cash
5591,389,2026-03-20,2894.56,Credit Card
5592,431,2025-11-26,544.53,Cash
5593,76,2025-10-15,3328.16,Other
5594,326,2024-09-11,1131.52,Cash
5595,74,2025-03-23,1662.96,Credit Card
5596,335,2025-05-27,522.74,Cash
5597,463,2025-03-31,1452.99,Other
5598,280,2025-07-15,3321.90,Other
5599,246,2024-03-18,4503.57,Bank Transfer
5600,131,2025-06-19,1493.99,Bank Transfer
5601,402,2024-09-08,4368.72,Other
5602,451,2024-02-24,333.44,Insurance
5603,210,2025-02-24,1687.21,Cash
5604,162,2024-08-01,3129.58,Insurance
5605,80,2024-05-29,4386.47,Credit Card
5606,395,2024-09-03,4680.47,Credit Card
5607,198,2024-10-09,3879.99,Other
5608,179,2024-09-30,2858.58,Bank Transfer
5609,221,2025-01-03,3492.15,Other
5610,464,2024-05-26,124.82,Bank Transfer
5611,268,2025-07-24,2644.02,Cash
5612,240,2024-08-05,793.86,Insurance
5613,308,2024-03-30,2073.29,Other
5614,350,2024-02-28,4350.66,Insurance
5615,85,2025-03-01,3049.77,Bank Transfer
5616,96,2024-08-03,4614.43,Cash
5617,309,2025-09-19,3271.83,Insurance
5618,75,2025-04-07,4921.93,Credit Card
5619,175,2026-03-19,215.90,Cash
5620,36,2024-05-18,3875.39,Cash
5621,437,2025-07-17,1457.07,Insurance
5622,188,2025-06-15,2583.34,Credit Card
5623,75,2025-05-05,678.76,Bank Transfer
5624,263,2024-11-24,2983.97,Credit Card
5625,452,2024-03-05,2500.00,Bank Transfer
5626,259,2025-04-27,2550.33,Insurance
5627,106,2024-10-06,312.92,Bank Transfer
5628,120,2025-07-07,2009.88,Insurance
5629,356,2025-02-17,2224.10,Cash
5630,347,2024-07-11,4381.21,Credit Card
5631,227,2025-08-02,4093.84,Insurance
5632,422,2024-05-24,2799.50,Cash
5633,104,2025-02-22,2244.62,Cash
5634,364,2025-08-11,4629.43,Other
5635,129,2025-12-01,2050.52,Bank Transfer
5636,423,2024-02-03,486.64,Credit Card
5637,173,2025-05-09,2655.14,Credit Card
5638,101,2025-10-17,3100.22,Other
5639,379,2025-04-17,4679.50,Other
5640,113,2024-11-09,291.19,Credit Card
5641,193,2024-05-24,3141.00,Credit Card
5642,203,2024-11-15,1579.24,Bank Transfer
5643,276,2025-04-30,3983.38,Insurance
5644,478,2025-10-10,1501.80,Other
5645,375,2025-08-02,1414.17,Other
5646,275,2024-08-20,1926.41,Cash
5647,278,2025-08-17,4120.35,Other
5648,469,2025-12-21,3754.32,Other
5649,390,2024-07-16,872.66,Insurance
5650,307,2025-02-03,1461.38,Other
5651,392,2024-03-07,2405.27,Bank Transfer
5652,487,2024-12-29,4805.11,Bank Transfer
5653,428,2025-12-27,1189.21,Cash
5654,321,2024-07-05,3832.23,Bank Transfer
5655,165,2024-05-21,4582.25,Cash
5656,462,2024-01-29,3807.81,Credit Card
5657,27,2025-07-11,2900.22,Insurance
5658,473,2024-07-24,4839.68,Insurance
5659,445,2025-02-23,301.00,Credit Card
5660,241,2025-06-14,2396.13,Credit Card
5661,493,2024-09-12,709.56,Cash
5662,430,2025-10-21,1726.74,Other
5663,396,2024-08-02,3165.48,Credit Card
5664,21,2024-07-20,3546.91,Other
5665,65,2025-06-07,4130.32,Other
5666,377,2025-03-15,2353.86,Bank Transfer
5667,115,2025-10-06,1953.69,Bank Transfer
5668,258,2025-12-02,3115.85,Other
5669,121,2024-09-04,1991.26,Other
5670,352,2025-10-26,615.10,Insurance
5671,375,2024-11-20,81.76,Cash
5672,353,2025-08-27,1503.00,Insurance
5673,487,2024-03-07,2695.21,Other
5674,265,2024-01-14,3388.87,Insurance
5675,345,2025-10-01,3226.17,Bank Transfer
5676,37,2024-08-26,467.09,Cash
5677,454,2026-02-26,1413.76,Other
5678,209,2025-04-03,4987.69,Cash
5679,229,2024-09-15,1985.73,Other
5680,373,2025-02-02,3712.71,Other
5681,500,2025-01-21,1517.61,Cash
5682,32,2026-02-02,2305.95,Cash
5683,88,2025-04-07,2311.63,Other
5684,132,2025-09-26,655.92,Insurance
5685,167,2024-11-23,4775.50,Other
5686,283,2025-06-05,695.98,Other
5687,34,2025-02-23,3601.22,Insurance
5688,18,2024-10-27,3143.28,Bank Transfer
5689,490,2025-10-18,638.85,Bank Transfer
5690,214,2024-05-10,1225.87,Credit Card
5691,273,2025-11-21,1221.41,Insurance
5692,256,2024-07-02,2925.26,Cash
5693,121,2025-04-08,745.60,Bank Transfer
5694,329,2025-05-18,4346.64,Other
5695,340,2024-09-17,639.56,Other
5696,184,2024-03-29,1018.23,Insurance
5697,153,2024-12-01,1867.31,Other
5698,18,2025-10-12,89.76,Bank Transfer
5699,315,2024-06-22,3218.55,Bank Transfer
5700,466,2025-05-04,3250.62,Cash
5701,437,2025-07-20,1022.25,Credit Card
5702,424,2025-11-05,818.51,Credit Card
5703,409,2026-01-13,60.80,Credit Card
5704,28,2025-05-23,2548.93,Credit Card
5705,321,2025-05-23,378.07,Insurance
5706,403,2024-09-23,780.45,Other
5707,142,2026-03-09,3664.76,Cash
5708,76,2025-10-07,4574.80,Insurance
5709,313,2025-07-02,3334.83,Cash
5710,433,2025-12-12,871.30,Credit Card
5711,401,2024-04-30,3439.58,Cash
5712,423,2024-07-22,304.95,Other
5713,308,2024-07-08,3410.66,Bank Transfer
5714,207,2024-09-03,4471.59,Cash
5715,45,2024-10-25,4530.12,Credit Card
5716,373,2024-04-06,1781.08,Cash
5717,261,2024-01-16,4050.68,Cash
5718,83,2025-04-15,4223.46,Cash
5719,239,2025-05-15,2751.90,Cash
5720,87,2025-12-08,4688.74,Other
5721,128,2024-09-08,703.77,Bank Transfer
5722,480,2025-01-17,1320.04,Credit Card
5723,389,2026-01-20,1067.47,Cash
5724,383,2025-05-03,3417.95,Other
5725,57,2025-02-01,929.58,Cash
5726,374,2024-10-07,4768.95,Insurance
5727,213,2025-01-06,3274.63,Bank Transfer
5728,225,2024-01-23,2414.87,Credit Card
5729,35,2025-12-06,1309.73,Cash
5730,210,2024-08-11,4331.84,Cash
5731,348,2024-05-22,367.63,Credit Card
5732,43,2024-01-24,1917.39,Cash
5733,63,2024-09-26,4384.14,Cash
5734,383,2025-02-03,4793.60,Bank Transfer
5735,173,2025-05-30,971.96,Cash
5736,350,2025-08-09,1310.85,Cash
5737,355,2024-05-10,3943.86,Bank Transfer
5738,184,2024-05-07,1907.85,Other
5739,158,2025-02-21,1696.48,Insurance
5740,2,2025-10-01,803.39,Other
5741,343,2025-04-27,3059.84,Other
5742,421,2024-08-28,4029.58,Credit Card
5743,321,2024-08-16,889.08,Credit Card
5744,365,2025-01-24,4875.20,Insurance
5745,430,2024-01-26,3007.86,Other
5746,420,2025-01-14,1058.29,Bank Transfer
5747,76,2024-12-28,3481.51,Cash
5748,255,2024-03-02,652.75,Bank Transfer
5749,257,2025-06-30,4276.46,Credit Card
5750,62,2025-01-17,1902.02,Bank Transfer
5751,69,2024-09-27,2818.01,Other
5752,128,2024-01-02,4381.85,Other
5753,242,2024-05-06,1060.15,Cash
5754,207,2024-04-03,4378.22,Other
5755,491,2024-01-28,1578.14,Cash
5756,54,2025-12-20,4993.57,Cash
5757,339,2024-05-13,1955.81,Cash
5758,303,2025-11-17,3507.49,Cash
5759,218,2025-12-07,636.01,Credit Card
5760,372,2025-08-08,3898.67,Insurance
5761,242,2024-09-30,4704.67,Other
5762,241,2025-03-25,2580.68,Credit Card
5763,146,2025-08-08,3923.31,Cash
5764,224,2024-08-26,3622.88,Credit Card
5765,357,2024-11-07,2741.81,Bank Transfer
5766,186,2025-03-28,1594.38,Cash
5767,278,2024-12-15,2227.15,Insurance
5768,43,2025-05-17,2240.44,Bank Transfer
5769,172,2025-02-23,1494.38,Other
5770,354,2025-01-20,1300.95,Credit Card
5771,78,2025-12-31,1345.88,Insurance
5772,301,2025-01-30,1201.95,Other
5773,482,2025-10-11,548.39,Other
5774,305,2025-09-19,2131.29,Other
5775,316,2024-07-20,3531.45,Credit Card
5776,199,2024-07-26,1295.05,Cash
5777,307,2024-06-02,2181.85,Cash
5778,417,2024-10-16,2586.41,Bank Transfer
5779,11,2024-04-24,4038.16,Bank Transfer
5780,75,2024-03-12,2279.94,Credit Card
5781,277,2024-04-22,301.10,Other
5782,420,2025-09-21,4878.17,Credit Card
5783,380,2024-07-29,3487.05,Credit Card
5784,146,2026-03-19,2412.35,Bank Transfer
5785,338,2024-06-15,1740.95,Other
5786,316,2025-09-13,3517.33,Insurance
5787,393,2025-05-01,4404.50,Credit Card
5788,315,2024-03-02,990.14,Insurance
5789,292,2025-04-01,3899.22,Other
5790,53,2025-07-06,3881.88,Other
5791,190,2025-10-21,4332.10,Bank Transfer
5792,20,2025-04-13,1246.91,Bank Transfer
5793,118,2024-03-25,2879.69,Other
5794,182,2025-10-04,2267.58,Credit Card
5795,142,2025-02-07,3112.47,Other
5796,450,2025-12-26,2205.01,Insurance
5797,174,2025-12-02,2772.24,Other
5798,243,2024-03-03,510.78,Bank Transfer
5799,367,2025-12-10,3660.99,Credit Card
5800,456,2025-11-12,709.40,Insurance
5801,21,2025-09-27,4802.67,Bank Transfer
5802,192,2025-05-02,2303.50,Credit Card
5803,18,2024-02-18,3615.46,Credit Card
5804,213,2026-03-07,2766.85,Other
5805,369,2026-03-07,2999.39,Other
5806,296,2025-03-18,1403.30,Bank Transfer
5807,468,2026-01-01,3773.06,Credit Card
5808,432,2025-07-11,922.38,Cash
5809,277,2025-04-25,2470.88,Insurance
5810,357,2024-03-22,860.37,Other
5811,138,2025-10-29,4900.33,Cash
5812,457,2024-03-12,1882.68,Cash
5813,496,2025-09-22,583.05,Insurance
5814,372,2024-02-27,4034.41,Credit Card
5815,459,2025-01-29,2030.60,Cash
5816,498,2025-02-23,3245.61,Credit Card
5817,255,2024-05-08,1329.68,Bank Transfer
5818,233,2024-01-13,4135.77,Other
5819,489,2026-02-20,4758.78,Insurance
5820,134,2025-01-08,116.92,Cash
5821,222,2024-05-28,1202.75,Credit Card
5822,458,2024-12-31,708.78,Bank Transfer
5823,346,2025-01-08,1695.99,Insurance
5824,485,2024-12-12,4665.27,Insurance
5825,456,2025-11-11,2593.81,Cash
5826,84,2024-01-08,229.49,Bank Transfer
5827,215,2024-11-24,3447.64,Bank Transfer
5828,480,2024-09-06,290.76,Bank Transfer
5829,11,2025-05-08,4001.12,Bank Transfer
5830,102,2025-10-04,4435.37,Credit Card
5831,272,2025-04-14,831.45,Insurance
5832,440,2024-01-10,2403.28,Bank Transfer
5833,311,2026-01-04,1112.30,Bank Transfer
5834,318,2025-10-31,4075.55,Bank Transfer
5835,86,2024-07-18,2814.90,Bank Transfer
5836,284,2024-05-12,1272.19,Credit Card
5837,279,2025-08-26,112.30,Insurance
5838,33,2024-02-07,2012.82,Insurance
5839,269,2024-03-18,3462.17,Cash
5840,280,2025-03-17,2634.69,Other
5841,415,2024-09-05,2740.63,Other
5842,351,2025-12-21,4224.63,Bank Transfer
5843,394,2024-09-23,995.19,Bank Transfer
5844,482,2026-03-01,2520.91,Cash
5845,69,2025-07-26,1459.90,Credit Card
5846,389,2025-06-03,1351.18,Cash
5847,445,2025-01-11,2785.73,Other
5848,238,2026-03-12,82.26,Other
5849,377,2024-04-04,2858.61,Cash
5850,281,2025-10-29,2333.74,Credit Card
5851,120,2026-01-27,1000.97,Cash
5852,291,2024-12-02,306.71,Insurance
5853,494,2024-05-23,985.57,Credit Card
5854,157,2024-10-06,178.03,Bank Transfer
5855,496,2026-02-05,3654.73,Credit Card
5856,484,2025-07-20,3672.56,Other
5857,121,2024-09-05,4836.18,Credit Card
5858,229,2025-11-26,2630.19,Credit Card
5859,343,2025-11-05,1187.31,Other
5860,31,2024-11-30,4171.62,Other
5861,83,2025-09-19,3163.59,Other
5862,479,2025-06-27,3031.36,Bank Transfer
5863,292,2026-02-04,2543.70,Bank Transfer
5864,489,2025-06-13,2704.45,Bank Transfer
5865,484,2025-09-21,1704.71,Bank Transfer
5866,176,2025-02-24,2466.35,Insurance
5867,155,2024-05-16,4235.98,Credit Card
5868,237,2024-07-22,308.96,Insurance
5869,123,2025-02-04,1500.53,Cash
5870,143,2025-06-20,2420.36,Bank Transfer
5871,428,2024-05-23,2675.64,Cash
5872,496,2024-10-04,4638.16,Other
5873,460,2025-09-16,588.34,Credit Card
5874,318,2024-10-25,4522.71,Bank Transfer
5875,227,2025-03-08,1111.68,Insurance
5876,251,2026-03-01,3032.01,Credit Card
5877,262,2024-01-20,4652.44,Insurance
5878,402,2024-02-11,611.68,Cash
5879,102,2025-04-09,2177.74,Cash
5880,470,2024-10-03,2981.00,Other
5881,459,2024-04-10,3699.95,Other
5882,290,2025-04-24,155.66,Bank Transfer
5883,234,2025-08-16,4480.81,Insurance
5884,111,2024-04-12,151.26,Cash
5885,375,2024-06-26,2465.53,Cash
5886,117,2025-03-08,872.34,Credit Card
5887,465,2024-11-21,1869.05,Other
5888,145,2024-03-14,4996.92,Cash
5889,128,2024-06-01,685.42,Cash
5890,60,2024-08-13,4132.19,Other
5891,261,2025-03-12,3100.35,Cash
5892,285,2025-02-18,2195.20,Cash
5893,451,2025-04-28,121.77,Bank Transfer
5894,41,2025-12-08,3780.42,Bank Transfer
5895,254,2024-06-12,3853.58,Cash
5896,474,2025-02-24,2809.29,Other
5897,490,2025-11-07,3202.55,Bank Transfer
5898,358,2024-08-01,3643.74,Other
5899,495,2025-06-04,4889.31,Cash
5900,321,2024-02-09,4860.20,Bank Transfer
5901,103,2026-01-17,4367.88,Cash
5902,187,2024-08-15,1504.82,Bank Transfer
5903,292,2024-07-06,4491.88,Credit Card
5904,22,2025-12-04,2721.63,Cash
5905,242,2026-01-12,3129.88,Credit Card
5906,139,2024-12-28,2060.38,Cash
5907,445,2024-08-17,2969.33,Cash
5908,430,2025-04-25,4822.72,Credit Card
5909,199,2025-04-10,4159.53,Bank Transfer
5910,433,2024-09-12,3674.07,Other
5911,193,2024-05-14,1618.87,Other
5912,304,2025-08-01,437.04,Other
5913,432,2024-01-31,3284.00,Credit Card
5914,247,2024-04-10,1620.80,Credit Card
5915,232,2024-08-28,2434.66,Credit Card
5916,375,2024-05-22,4558.26,Credit Card
5917,462,2026-02-19,4717.11,Insurance
5918,58,2025-04-24,595.60,Other
5919,33,2024-07-16,3795.96,Other
5920,428,2024-07-13,1729.13,Cash
5921,403,2025-05-19,2559.16,Cash
5922,399,2025-01-02,809.23,Bank Transfer
5923,7,2024-07-11,1604.46,Other
5924,109,2025-01-10,1587.84,Cash
5925,385,2024-04-29,4678.18,Credit Card
5926,451,2025-10-29,3907.59,Bank Transfer
5927,243,2025-09-25,3971.28,Cash
5928,159,2024-09-25,1518.95,Cash
5929,169,2025-04-13,2942.30,Insurance
5930,310,2025-07-15,1549.21,Cash
5931,452,2024-12-15,898.44,Insurance
5932,364,2025-09-28,467.32,Cash
5933,348,2025-04-22,1559.75,Bank Transfer
5934,175,2024-02-11,2058.92,Credit Card
5935,5,2024-07-02,3288.30,Cash
5936,14,2025-03-09,2709.80,Insurance
5937,405,2024-12-21,3275.58,Credit Card
5938,81,2024-02-21,1551.09,Cash
5939,329,2024-10-22,840.63,Bank Transfer
5940,239,2024-01-10,1344.97,Other
5941,481,2024-10-30,2530.30,Bank Transfer
5942,25,2024-03-18,1045.79,Insurance
5943,71,2024-10-29,1714.22,Other
5944,316,2024-08-30,746.90,Cash
5945,434,2024-01-23,2663.04,Other
5946,349,2025-03-29,1649.06,Cash
5947,451,2025-08-06,1169.63,Insurance
5948,311,2024-10-31,1419.83,Insurance
5949,157,2024-08-12,540.15,Credit Card
5950,302,2024-04-28,3706.81,Credit Card
5951,14,2025-07-31,2472.41,Bank Transfer
5952,471,2025-06-16,1109.56,Bank Transfer
5953,253,2024-04-26,3237.44,Insurance
5954,456,2025-06-17,3827.28,Credit Card
5955,7,2025-06-17,3715.50,Credit Card
5956,235,2025-08-15,2905.55,Other
5957,99,2024-09-13,2803.74,Credit Card
5958,292,2024-09-15,2622.23,Insurance
5959,136,2024-05-24,2040.35,Other
5960,5,2024-05-02,2264.50,Cash
5961,49,2025-04-22,2415.31,Bank Transfer
5962,232,2024-12-22,210.28,Cash
5963,215,2025-10-09,4035.17,Other
5964,63,2025-01-01,2315.71,Insurance
5965,220,2024-11-14,3645.96,Other
5966,378,2025-03-03,2822.44,Cash
5967,90,2024-01-27,143.61,Other
5968,11,2025-06-26,3271.83,Cash
5969,360,2025-09-01,2330.03,Cash
5970,344,2024-11-10,2243.12,Bank Transfer
5971,493,2025-09-29,1694.66,Bank Transfer
5972,459,2024-02-08,2815.28,Other
5973,257,2024-12-09,4424.56,Credit Card
5974,411,2025-05-17,854.61,Other
5975,105,2024-01-28,1569.89,Cash
5976,285,2026-03-17,134.38,Bank Transfer
5977,286,2024-05-15,2951.49,Insurance
5978,9,2025-12-31,3571.29,Insurance
5979,81,2024-02-27,4069.74,Other
5980,256,2024-08-25,4268.56,Bank Transfer
5981,113,2024-05-22,881.36,Bank Transfer
5982,392,2025-02-04,1191.60,Bank Transfer
5983,458,2024-07-22,4911.52,Insurance
5984,216,2025-05-30,756.03,Bank Transfer
5985,66,2024-09-06,2559.69,Bank Transfer
5986,393,2024-10-15,2392.78,Credit Card
5987,361,2024-06-24,3957.43,Other
5988,307,2024-12-30,4792.24,Insurance
5989,182,2024-11-16,1227.41,Other
5990,118,2025-01-06,204.61,Bank Transfer
5991,356,2024-09-15,405.98,Other
5992,418,2024-01-31,4984.81,Insurance
5993,328,2024-10-07,4364.94,Credit Card
5994,66,2025-08-07,2450.65,Credit Card
5995,354,2026-03-01,63.04,Credit Card
5996,480,2024-07-09,661.03,Credit Card
5997,121,2025-11-25,3736.01,Cash
5998,337,2024-08-23,822.71,Credit Card
5999,269,2025-05-28,4870.01,Other
6000,372,2025-04-30,3987.29,Credit Card
6001,346,2026-01-24,2197.44,Cash
6002,326,2024-12-26,737.77,Insurance
6003,434,2026-02-18,617.46,Other
6004,148,2024-04-21,4400.50,Insurance
6005,390,2025-08-20,4553.52,Insurance
6006,243,2025-12-04,3231.68,Bank Transfer
6007,97,2024-05-22,1249.02,Insurance
6008,99,2025-11-11,3217.26,Insurance
6009,106,2025-02-16,3669.29,Credit Card
6010,60,2025-03-28,2754.79,Insurance
6011,83,2024-06-22,2598.34,Cash
6012,417,2026-01-10,1371.21,Credit Card
6013,203,2025-09-08,494.36,Bank Transfer
6014,490,2024-07-10,3703.07,Other
6015,466,2024-02-24,3804.06,Other
6016,224,2025-09-09,4420.40,Other
6017,43,2025-06-19,315.15,Other
6018,54,2025-04-30,1532.08,Bank Transfer
6019,360,2024-05-14,3583.64,Bank Transfer
6020,327,2024-07-22,2504.26,Cash
6021,456,2024-01-25,1294.23,Cash
6022,470,2024-02-04,907.76,Credit Card
6023,113,2025-01-30,3876.85,Other
6024,194,2024-10-20,4694.14,Cash
6025,201,2025-09-10,673.21,Insurance
6026,334,2024-02-20,1257.63,Other
6027,305,2024-08-26,3405.21,Cash
6028,344,2024-08-17,4758.06,Insurance
6029,336,2024-09-21,2930.52,Credit Card
6030,222,2025-12-30,1670.48,Cash
6031,217,2025-06-24,2620.87,Insurance
6032,76,2025-08-27,3270.18,Cash
6033,308,2024-01-31,423.15,Cash
6034,278,2024-12-23,4801.94,Bank Transfer
6035,6,2025-01-18,3800.50,Bank Transfer
6036,147,2025-06-12,2455.95,Cash
6037,451,2024-08-13,4484.70,Cash
6038,356,2025-05-23,532.65,Bank Transfer
6039,248,2024-10-24,3025.09,Cash
6040,408,2026-02-27,2397.29,Credit Card
6041,125,2024-05-25,2653.25,Credit Card
6042,121,2025-05-10,1279.77,Credit Card
6043,102,2024-01-26,3479.60,Insurance
6044,206,2024-06-03,4636.81,Cash
6045,360,2025-04-18,874.71,Insurance
6046,420,2025-09-09,1250.55,Other
6047,368,2025-01-09,4008.07,Bank Transfer
6048,89,2025-12-21,3271.06,Other
6049,223,2024-05-25,1878.79,Other
6050,184,2025-02-03,1107.95,Bank Transfer
6051,483,2025-11-26,2709.95,Bank Transfer
6052,96,2024-05-16,1308.77,Bank Transfer
6053,300,2024-02-28,2970.81,Credit Card
6054,409,2024-09-17,755.62,Other
6055,397,2024-06-09,2075.81,Bank Transfer
6056,131,2024-11-02,2826.98,Cash
6057,129,2024-04-24,4539.72,Bank Transfer
6058,158,2024-12-11,3295.60,Other
6059,313,2025-02-03,103.85,Other
6060,116,2025-10-14,2294.69,Credit Card
6061,283,2025-02-02,4943.32,Bank Transfer
6062,329,2026-02-12,2198.28,Other
6063,13,2026-03-19,2482.37,Bank Transfer
6064,174,2025-12-14,3457.97,Insurance
6065,426,2024-05-07,165.39,Cash
6066,235,2025-06-09,159.92,Bank Transfer
6067,166,2024-02-08,901.27,Bank Transfer
6068,244,2024-05-17,710.93,Cash
6069,134,2025-02-26,3420.41,Credit Card
6070,24,2024-06-04,112.91,Insurance
6071,203,2025-01-01,4948.02,Other
6072,221,2025-02-08,3791.77,Bank Transfer
6073,268,2024-03-23,3469.30,Bank Transfer
6074,117,2026-02-23,1516.57,Bank Transfer
6075,238,2025-03-28,4181.52,Insurance
6076,383,2024-06-21,1197.84,Other
6077,198,2025-02-21,3382.15,Insurance
6078,282,2025-03-13,642.47,Cash
6079,430,2024-09-24,4795.90,Other
6080,253,2025-05-23,3879.73,Insurance
6081,435,2026-01-08,3227.00,Bank Transfer
6082,30,2024-09-15,3116.72,Cash
6083,203,2026-03-18,4719.57,Other
6084,86,2024-12-23,4157.82,Other
6085,481,2025-11-13,4662.70,Cash
6086,178,2025-11-07,1896.85,Bank Transfer
6087,497,2024-06-30,3101.13,Credit Card
6088,234,2025-11-15,2797.94,Credit Card
6089,208,2024-05-27,1329.10,Other
6090,6,2026-03-01,3550.35,Insurance
6091,247,2025-04-25,4600.44,Credit Card
6092,462,2024-07-22,2802.95,Other
6093,174,2026-03-17,3664.31,Credit Card
6094,321,2025-04-19,2823.98,Credit Card
6095,346,2025-01-29,1048.67,Cash
6096,136,2024-04-01,1181.13,Cash
6097,99,2025-12-06,4206.45,Insurance
6098,269,2024-11-16,452.84,Cash
6099,91,2024-01-17,4220.83,Cash
6100,38,2026-02-23,2930.12,Insurance
6101,253,2025-05-13,1189.09,Insurance
6102,279,2024-11-22,915.77,Credit Card
6103,233,2026-02-26,3228.11,Bank Transfer
6104,475,2025-04-20,2107.47,Cash
6105,172,2024-12-16,2680.66,Bank Transfer
6106,300,2025-11-14,3816.97,Credit Card
6107,260,2024-11-06,98.09,Other
6108,57,2024-03-17,4149.60,Bank Transfer
6109,435,2024-05-24,500.82,Bank Transfer
6110,11,2025-11-13,4478.38,Insurance
6111,371,2025-02-26,2435.15,Insurance
6112,360,2026-03-17,552.04,Other
6113,200,2026-02-17,4988.65,Bank Transfer
6114,181,2024-07-25,1255.18,Credit Card
6115,234,2024-08-20,1060.13,Cash
6116,413,2025-03-25,4122.48,Bank Transfer
6117,225,2025-02-13,174.39,Credit Card
6118,45,2024-02-10,2374.78,Insurance
6119,98,2025-10-22,1869.00,Credit Card
6120,296,2025-02-23,1355.55,Bank Transfer
6121,463,2024-11-12,497.97,Insurance
6122,405,2026-02-19,1878.34,Other
6123,275,2025-07-19,118.58,Insurance
6124,386,2024-05-23,332.70,Other
6125,434,2025-12-01,1026.42,Credit Card
6126,462,2025-01-08,405.59,Cash
6127,489,2025-09-24,2676.03,Bank Transfer
6128,175,2024-11-15,4669.51,Insurance
6129,256,2026-01-05,328.71,Bank Transfer
6130,244,2024-12-28,3433.40,Insurance
6131,23,2024-04-11,4971.17,Other
6132,10,2025-07-29,2321.25,Credit Card
6133,141,2024-04-12,4641.40,Cash
6134,201,2024-07-19,2717.15,Cash
6135,19,2024-04-03,94.01,Credit Card
6136,28,2024-04-15,1888.82,Bank Transfer
6137,386,2025-11-21,3191.86,Insurance
6138,500,2025-07-23,158.45,Bank Transfer
6139,210,2024-02-08,2568.60,Insurance
6140,99,2026-03-16,2811.19,Bank Transfer
6141,44,2025-09-07,4796.94,Credit Card
6142,445,2025-07-11,1593.47,Cash
6143,415,2025-09-05,1344.75,Insurance
6144,145,2025-02-02,3120.97,Bank Transfer
6145,254,2025-08-16,873.35,Credit Card
6146,340,2026-01-19,362.07,Other
6147,102,2025-08-08,1646.71,Insurance
6148,361,2025-07-06,4446.80,Bank Transfer
6149,101,2025-06-25,3050.07,Credit Card
6150,168,2025-01-19,673.88,Bank Transfer
6151,58,2025-09-14,1766.90,Insurance
6152,463,2026-02-22,2797.03,Credit Card
6153,51,2025-07-10,3269.21,Credit Card
6154,238,2025-06-14,1931.07,Other
6155,331,2025-01-09,2091.32,Insurance
6156,370,2025-08-05,1952.52,Insurance
6157,360,2024-07-26,2352.53,Other
6158,373,2025-09-19,1844.26,Other
6159,267,2024-02-03,3666.70,Other
6160,166,2026-01-26,3455.91,Insurance
6161,224,2024-12-23,758.10,Insurance
6162,438,2024-08-11,4931.41,Bank Transfer
6163,270,2025-05-02,2784.83,Insurance
6164,384,2024-10-02,4996.95,Other
6165,13,2024-05-07,304.58,Cash
6166,333,2024-04-05,2553.03,Credit Card
6167,339,2026-02-01,4031.95,Bank Transfer
6168,64,2026-01-28,73.78,Credit Card
6169,416,2024-02-21,1860.29,Credit Card
6170,165,2025-08-15,4201.23,Bank Transfer
6171,326,2025-05-02,3870.43,Other
6172,11,2025-12-13,2687.87,Bank Transfer
6173,69,2025-01-20,4290.19,Insurance
6174,126,2025-11-11,4577.05,Credit Card
6175,227,2025-02-09,4857.68,Cash
6176,224,2025-12-28,3487.69,Cash
6177,204,2024-05-28,1862.49,Cash
6178,477,2025-09-25,448.55,Insurance
6179,374,2025-10-31,3100.22,Insurance
6180,498,2024-04-10,516.08,Other
6181,363,2024-03-03,3064.76,Bank Transfer
6182,467,2025-03-23,3529.91,Insurance
6183,332,2025-08-09,3066.77,Credit Card
6184,126,2024-05-21,3690.00,Insurance
6185,252,2025-12-10,4616.94,Insurance
6186,357,2024-12-14,3449.48,Cash
6187,42,2026-02-08,2835.85,Insurance
6188,110,2024-05-02,395.17,Credit Card
6189,12,2026-01-19,751.51,Insurance
6190,87,2024-07-01,612.06,Credit Card
6191,489,2024-03-09,2468.13,Cash
6192,317,2025-08-31,4264.75,Other
6193,292,2024-05-11,3318.08,Credit Card
6194,115,2024-10-12,4540.40,Cash
6195,311,2025-12-29,1710.67,Insurance
6196,126,2024-11-23,1488.65,Other
6197,95,2024-09-12,3921.14,Insurance
6198,400,2025-03-15,738.47,Credit Card
6199,298,2026-01-14,2985.27,Insurance
6200,457,2025-01-20,4106.41,Other
6201,9,2025-04-04,1422.26,Insurance
6202,217,2024-07-27,1093.76,Other
6203,44,2024-06-27,783.20,Cash
6204,5,2024-07-08,4129.58,Insurance
6205,29,2025-10-09,3886.09,Insurance
6206,11,2025-10-01,4036.02,Credit Card
6207,37,2024-10-19,378.48,Credit Card
6208,354,2024-09-11,1978.33,Credit Card
6209,120,2025-08-25,1126.93,Other
6210,47,2025-07-15,2975.62,Bank Transfer
6211,324,2024-10-13,3355.25,Other
6212,477,2025-03-28,1788.81,Cash
6213,353,2026-03-12,3423.97,Bank Transfer
6214,81,2024-09-03,3875.65,Bank Transfer
6215,288,2025-08-11,2224.99,Bank Transfer
6216,11,2026-03-02,4457.31,Insurance
6217,365,2024-03-18,1162.01,Credit Card
6218,444,2025-11-29,3810.75,Insurance
6219,419,2025-12-21,3727.83,Cash
6220,297,2024-01-17,4425.40,Cash
6221,123,2024-11-12,4648.23,Bank Transfer
6222,150,2024-08-20,3037.95,Cash
6223,169,2025-11-23,4259.36,Credit Card
6224,296,2024-12-09,2824.50,Credit Card
6225,355,2024-05-16,4075.29,Insurance
6226,185,2024-02-10,4126.80,Cash
6227,61,2024-06-27,4998.27,Cash
6228,259,2024-11-11,3278.04,Other
6229,314,2024-08-15,3200.40,Bank Transfer
6230,171,2025-09-07,4350.54,Cash
6231,127,2025-11-22,308.36,Cash
6232,199,2025-04-21,4647.90,Other
6233,304,2024-03-10,3279.89,Credit Card
6234,146,2025-02-22,2816.76,Cash
6235,196,2025-10-04,4006.17,Insurance
6236,178,2025-02-09,369.67,Cash
6237,345,2025-05-19,4215.76,Insurance
6238,72,2025-02-26,2450.80,Credit Card
6239,156,2024-02-09,4908.49,Other
6240,280,2026-01-04,2226.97,Credit Card
6241,247,2026-03-04,4387.58,Credit Card
6242,281,2025-03-03,1977.89,Other
6243,354,2025-05-12,3552.19,Insurance
6244,107,2026-01-16,1532.81,Credit Card
6245,53,2025-07-04,4516.50,Cash
6246,373,2026-02-14,2576.42,Credit Card
6247,56,2025-02-10,4610.62,Other
6248,259,2024-05-18,4425.01,Credit Card
6249,369,2025-05-25,2903.55,Other
6250,381,2025-01-15,1259.74,Bank Transfer
6251,69,2025-11-27,3193.16,Cash
6252,169,2025-02-24,2060.56,Cash
6253,493,2025-04-12,1159.82,Bank Transfer
6254,416,2024-06-24,2010.19,Bank Transfer
6255,493,2025-02-01,1795.11,Credit Card
6256,319,2026-02-14,3405.27,Other
6257,477,2024-01-08,1902.46,Cash
6258,410,2024-07-18,2016.43,Cash
6259,417,2024-01-17,4466.64,Insurance
6260,481,2025-10-09,4662.25,Bank Transfer
6261,56,2024-01-03,4706.02,Cash
6262,461,2025-07-31,3606.70,Bank Transfer
6263,2,2024-02-17,3140.68,Other
6264,382,2025-04-25,889.49,Bank Transfer
6265,447,2025-03-04,759.75,Cash
6266,214,2025-04-11,1787.49,Credit Card
6267,435,2024-01-10,1838.31,Credit Card
6268,473,2026-02-20,4992.11,Bank Transfer
6269,429,2024-09-26,437.60,Insurance
6270,375,2024-06-10,1213.10,Insurance
6271,134,2024-07-08,1296.30,Insurance
6272,145,2024-06-01,3267.84,Other
6273,302,2024-04-08,3140.26,Other
6274,363,2024-11-19,3091.99,Insurance
6275,387,2024-11-12,2171.50,Bank Transfer
6276,46,2025-08-11,2686.92,Insurance
6277,349,2025-01-18,1924.39,Cash
6278,403,2025-02-09,196.47,Credit Card
6279,95,2025-10-20,2824.96,Other
6280,262,2025-08-26,4510.30,Other
6281,492,2025-08-09,2443.29,Other
6282,156,2024-04-17,3485.19,Insurance
6283,65,2025-03-16,3837.36,Bank Transfer
6284,69,2025-06-15,2776.42,Other
6285,6,2025-11-26,3443.41,Credit Card
6286,441,2024-08-07,532.16,Credit Card
6287,340,2026-01-02,238.54,Credit Card
6288,179,2024-06-01,246.25,Credit Card
6289,398,2025-08-11,3782.63,Other
6290,320,2024-02-01,1484.92,Insurance
6291,294,2025-12-12,2759.43,Other
6292,245,2025-07-10,907.50,Bank Transfer
6293,122,2024-09-24,1916.88,Cash
6294,301,2025-08-22,4775.77,Other
6295,384,2024-12-03,3268.79,Insurance
6296,37,2025-01-27,383.49,Cash
6297,334,2024-06-03,4700.51,Insurance
6298,475,2025-06-24,2692.72,Other
6299,368,2025-06-16,3383.10,Cash
6300,223,2025-10-23,959.71,Insurance
6301,480,2025-02-16,3076.40,Insurance
6302,138,2026-02-13,4444.05,Credit Card
6303,451,2024-08-30,4391.74,Credit Card
6304,472,2025-06-26,4626.66,Bank Transfer
6305,156,2024-11-15,2028.77,Cash
6306,236,2025-08-04,3662.36,Bank Transfer
6307,155,2025-08-31,3648.52,Insurance
6308,419,2024-03-09,3418.29,Cash
6309,226,2026-03-09,101.76,Other
6310,486,2024-09-19,3235.96,Bank Transfer
6311,333,2025-10-11,401.97,Credit Card
6312,198,2024-05-04,1325.48,Cash
6313,352,2025-11-11,3226.23,Other
6314,452,2026-02-09,1131.25,Credit Card
6315,78,2024-04-06,4198.02,Other
6316,57,2025-12-17,1916.09,Insurance
6317,414,2024-02-10,1543.55,Other
6318,54,2025-01-03,1996.22,Cash
6319,6,2024-02-29,4625.49,Credit Card
6320,222,2024-03-04,2358.44,Insurance
6321,263,2025-11-29,4389.67,Cash
6322,216,2024-10-25,4979.33,Cash
6323,329,2025-03-11,1475.32,Cash
6324,173,2025-07-18,3834.74,Bank Transfer
6325,490,2024-10-28,1767.93,Credit Card
6326,258,2024-06-24,4964.84,Credit Card
6327,319,2024-09-24,3976.75,Other
6328,318,2025-07-11,423.15,Insurance
6329,482,2025-03-18,4047.30,Bank Transfer
6330,416,2025-09-03,2404.71,Bank Transfer
6331,269,2026-02-03,1269.61,Credit Card
6332,162,2025-09-07,1642.14,Bank Transfer
6333,358,2025-07-18,1860.57,Cash
6334,386,2024-08-12,1070.29,Insurance
6335,181,2025-08-17,2914.08,Credit Card
6336,115,2024-09-18,1867.29,Other
6337,96,2026-03-09,4867.18,Other
6338,273,2024-03-31,2535.48,Cash
6339,204,2025-08-28,1301.27,Insurance
6340,393,2024-12-18,2190.28,Other
6341,342,2026-02-09,723.10,Other
6342,322,2024-07-05,1584.23,Insurance
6343,209,2025-06-15,208.56,Credit Card
6344,169,2025-04-25,3329.56,Insurance
6345,183,2025-10-09,410.31,Cash
6346,166,2026-02-02,1428.87,Credit Card
6347,217,2025-05-25,3294.03,Credit Card
6348,54,2024-08-10,3444.20,Cash
6349,222,2024-05-31,3099.37,Other
6350,142,2024-09-29,2352.22,Credit Card
6351,404,2025-05-25,719.06,Bank Transfer
6352,166,2025-11-13,2457.69,Other
6353,301,2025-08-21,2694.59,Insurance
6354,161,2024-03-09,568.19,Bank Transfer
6355,271,2025-08-29,4302.82,Credit Card
6356,368,2024-08-15,2017.54,Credit Card
6357,316,2025-08-02,4092.49,Insurance
6358,16,2024-03-09,1593.90,Bank Transfer
6359,253,2024-04-26,1854.10,Other
6360,294,2025-12-04,2319.09,Cash
6361,295,2024-09-21,4638.85,Bank Transfer
6362,169,2025-09-29,1850.95,Other
6363,202,2024-03-21,1353.94,Other
6364,458,2025-04-10,2295.81,Bank Transfer
6365,44,2025-06-04,1443.41,Credit Card
6366,471,2025-01-24,1297.59,Cash
6367,167,2024-09-09,4819.84,Credit Card
6368,307,2024-08-14,4221.23,Credit Card
6369,237,2025-02-19,2955.62,Insurance
6370,98,2025-12-13,3303.72,Bank Transfer
6371,403,2025-04-10,943.80,Other
6372,221,2024-10-12,1719.65,Credit Card
6373,67,2025-11-04,2205.77,Insurance
6374,317,2024-03-19,2370.03,Bank Transfer
6375,294,2025-08-01,1148.99,Other
6376,143,2024-12-19,3231.00,Credit Card
6377,229,2025-12-27,4754.62,Cash
6378,265,2024-01-12,1803.54,Bank Transfer
6379,440,2025-05-18,301.57,Insurance
6380,475,2026-02-12,2815.76,Insurance
6381,493,2024-08-30,4022.95,Cash
6382,321,2024-05-23,4063.19,Insurance
6383,335,2024-05-12,173.24,Bank Transfer
6384,378,2025-02-22,3255.09,Credit Card
6385,471,2025-02-04,4292.60,Cash
6386,396,2025-08-15,2289.66,Credit Card
6387,386,2025-07-10,4356.91,Insurance
6388,44,2025-11-07,838.29,Other
6389,282,2024-06-29,4631.66,Insurance
6390,126,2024-05-05,147.17,Other
6391,208,2026-02-10,2752.87,Credit Card
6392,192,2024-11-02,280.30,Insurance
6393,395,2026-01-22,1299.17,Other
6394,370,2026-02-11,4231.04,Insurance
6395,443,2025-06-03,801.01,Cash
6396,143,2024-08-09,858.45,Other
6397,47,2024-05-18,4996.11,Insurance
6398,112,2024-04-25,3793.60,Insurance
6399,152,2025-11-26,4388.91,Credit Card
6400,348,2025-05-07,2703.56,Bank Transfer
6401,97,2025-05-04,2745.98,Other
6402,241,2024-06-12,1386.48,Insurance
6403,179,2025-05-28,3917.87,Bank Transfer
6404,13,2025-12-11,1942.47,Cash
6405,371,2024-12-05,2752.80,Other
6406,327,2025-01-13,1111.18,Insurance
6407,454,2024-10-31,2233.92,Bank Transfer
6408,313,2025-10-10,1354.47,Other
6409,442,2025-04-22,1724.98,Bank Transfer
6410,19,2025-05-09,3243.27,Credit Card
6411,93,2025-07-04,3196.66,Bank Transfer
6412,193,2025-07-10,2582.02,Other
6413,121,2024-05-27,735.85,Other
6414,34,2025-10-14,4548.08,Cash
6415,429,2024-02-06,2765.73,Credit Card
6416,480,2025-07-12,642.66,Bank Transfer
6417,29,2024-08-07,1054.32,Other
6418,358,2025-05-06,2314.47,Other
6419,406,2024-09-10,1094.68,Insurance
6420,399,2025-07-09,1196.03,Other
6421,283,2024-10-15,1738.80,Other
6422,17,2025-11-19,2743.03,Insurance
6423,325,2025-06-21,517.04,Other
6424,346,2024-05-24,3765.55,Cash
6425,445,2025-12-22,3652.37,Other
6426,209,2026-01-01,2523.44,Insurance
6427,344,2024-10-14,2287.40,Other
6428,380,2024-09-12,4446.33,Bank Transfer
6429,194,2025-01-23,1268.83,Other
6430,344,2026-02-22,873.57,Other
6431,85,2024-07-04,2260.43,Insurance
6432,478,2025-11-25,4428.40,Other
6433,464,2025-04-28,2520.75,Insurance
6434,121,2024-02-03,2685.79,Bank Transfer
6435,93,2025-08-15,3936.91,Bank Transfer
6436,465,2024-03-02,2279.85,Insurance
6437,20,2025-10-13,742.76,Insurance
6438,277,2024-04-01,3377.06,Bank Transfer
6439,446,2025-03-08,3932.32,Insurance
6440,342,2024-09-07,750.24,Cash
6441,45,2024-12-18,4077.97,Insurance
6442,37,2024-05-13,410.03,Other
6443,434,2024-04-03,3682.60,Credit Card
6444,275,2025-10-30,3193.63,Insurance
6445,97,2024-04-16,3334.85,Bank Transfer
6446,374,2024-05-03,4188.48,Other
6447,448,2024-09-19,4082.16,Credit Card
6448,331,2025-03-01,4608.71,Bank Transfer
6449,348,2024-04-16,634.62,Bank Transfer
6450,359,2025-05-31,324.94,Credit Card
6451,4,2024-07-04,3264.56,Cash
6452,166,2025-10-08,3912.55,Credit Card
6453,52,2025-11-14,3524.63,Other
6454,7,2025-08-06,4683.87,Cash
6455,80,2024-11-13,4625.93,Credit Card
6456,32,2024-04-24,2769.32,Bank Transfer
6457,381,2024-08-24,1656.51,Other
6458,243,2026-03-13,1161.80,Other
6459,267,2024-02-25,2078.69,Insurance
6460,75,2025-05-09,4411.57,Other
6461,25,2024-04-15,2110.28,Bank Transfer
6462,283,2024-11-10,4262.50,Insurance
6463,100,2024-07-05,3431.04,Bank Transfer
6464,148,2026-01-31,84.15,Bank Transfer
6465,116,2025-03-18,53.75,Bank Transfer
6466,217,2025-06-02,546.22,Bank Transfer
6467,134,2025-10-02,91.24,Other
6468,267,2026-03-07,1854.50,Credit Card
6469,50,2025-04-06,3531.17,Credit Card
6470,325,2025-08-02,2211.44,Credit Card
6471,297,2024-07-09,1172.83,Bank Transfer
6472,383,2026-03-18,2089.96,Cash
6473,277,2024-11-04,1397.21,Cash
6474,337,2025-03-26,988.64,Insurance
6475,153,2024-09-06,175.40,Insurance
6476,202,2026-01-13,3371.02,Insurance
6477,229,2025-10-31,1297.92,Cash
6478,482,2024-01-14,542.67,Other
6479,369,2026-01-01,1534.58,Insurance
6480,467,2025-01-29,2949.88,Bank Transfer
6481,98,2024-12-18,2880.61,Cash
6482,228,2024-03-30,771.51,Cash
6483,282,2024-09-14,3371.99,Insurance
6484,184,2025-12-18,815.02,Cash
6485,393,2025-11-22,1768.14,Credit Card
6486,95,2025-12-03,1524.32,Insurance
6487,64,2025-06-29,343.16,Other
6488,271,2024-03-13,4040.26,Bank Transfer
6489,324,2024-09-02,2308.58,Cash
6490,463,2024-10-20,3598.55,Bank Transfer
6491,330,2025-06-19,976.01,Cash
6492,303,2025-02-15,3734.75,Cash
6493,373,2025-04-10,1611.19,Insurance
6494,355,2026-03-04,2910.81,Bank Transfer
6495,399,2024-05-28,846.60,Cash
6496,234,2025-06-02,94.18,Insurance
6497,253,2025-03-30,4146.84,Other
6498,36,2025-06-07,2911.94,Credit Card
6499,6,2025-12-24,3150.32,Insurance
6500,104,2025-12-07,3361.37,Insurance
6501,258,2024-10-05,670.75,Insurance
6502,451,2024-09-04,4639.77,Insurance
6503,42,2025-07-14,4289.08,Cash
6504,500,2024-08-31,1617.67,Other
6505,458,2026-02-11,3626.59,Bank Transfer
6506,235,2024-06-15,2353.58,Other
6507,253,2025-07-19,606.39,Other
6508,405,2024-09-18,3386.67,Bank Transfer
6509,438,2025-04-20,1931.20,Credit Card
6510,261,2024-02-07,831.17,Insurance
6511,30,2026-03-13,4260.27,Bank Transfer
6512,209,2024-03-12,2808.05,Insurance
6513,348,2025-05-10,484.03,Insurance
6514,452,2026-02-22,1428.36,Other
6515,64,2024-09-26,4603.55,Cash
6516,131,2025-11-08,3382.34,Other
6517,45,2024-06-03,2950.81,Credit Card
6518,220,2024-07-23,3860.10,Credit Card
6519,266,2024-01-31,4496.43,Credit Card
6520,311,2025-04-03,3024.62,Other
6521,3,2026-03-14,4713.09,Cash
6522,109,2026-02-19,1521.78,Credit Card
6523,383,2024-02-13,4696.98,Insurance
6524,251,2024-09-07,2714.20,Insurance
6525,199,2025-05-09,1757.03,Other
6526,221,2025-01-18,1088.54,Insurance
6527,235,2024-01-26,1249.52,Other
6528,445,2026-01-08,4609.91,Insurance
6529,155,2025-09-27,4778.55,Cash
6530,153,2024-08-25,4699.26,Credit Card
6531,316,2025-03-29,3386.84,Cash
6532,176,2024-08-12,118.84,Credit Card
6533,109,2025-01-19,3820.03,Cash
6534,464,2024-04-15,1500.41,Insurance
6535,471,2024-04-24,1784.73,Cash
6536,491,2025-10-13,2722.26,Other
6537,265,2025-07-23,4470.44,Credit Card
6538,450,2025-05-14,309.59,Credit Card
6539,380,2024-06-22,1518.48,Other
6540,314,2024-03-06,1221.50,Cash
6541,157,2024-07-18,2273.28,Bank Transfer
6542,190,2025-04-04,3242.06,Insurance
6543,398,2026-01-12,1274.06,Bank Transfer
6544,10,2025-07-02,471.34,Credit Card
6545,255,2024-12-05,4937.94,Bank Transfer
6546,363,2025-06-17,4582.92,Insurance
6547,226,2025-01-12,2984.65,Insurance
6548,310,2024-07-09,4255.43,Insurance
6549,344,2024-02-23,461.29,Other
6550,78,2024-09-18,3282.76,Insurance
6551,182,2025-09-18,1607.59,Other
6552,323,2025-01-27,1067.48,Insurance
6553,62,2025-12-06,403.33,Credit Card
6554,164,2024-05-01,4343.01,Cash
6555,283,2025-04-11,4551.89,Insurance
6556,161,2024-02-24,2665.04,Cash
6557,240,2024-02-20,1059.03,Insurance
6558,203,2024-03-10,1123.89,Credit Card
6559,148,2024-06-05,2777.75,Cash
6560,220,2025-08-17,4429.42,Bank Transfer
6561,124,2025-12-19,3562.36,Bank Transfer
6562,162,2024-12-17,1522.55,Insurance
6563,69,2024-10-12,1397.09,Insurance
6564,178,2026-02-16,1053.78,Other
6565,429,2025-10-04,2795.44,Other
6566,353,2026-01-31,707.99,Cash
6567,46,2024-10-16,4448.85,Other
6568,76,2025-09-18,881.20,Insurance
6569,313,2024-07-03,1867.48,Other
6570,375,2025-11-21,3022.52,Other
6571,211,2025-11-13,1642.40,Insurance
6572,214,2024-01-27,647.37,Cash
6573,206,2024-12-19,1716.91,Insurance
6574,182,2024-04-06,453.76,Cash
6575,122,2024-11-27,1852.76,Other
6576,53,2025-07-10,3403.64,Cash
6577,213,2025-02-13,3289.09,Bank Transfer
6578,217,2025-12-01,4991.99,Insurance
6579,246,2025-11-05,3996.63,Cash
6580,97,2025-03-22,137.68,Other
6581,407,2024-10-06,3680.30,Credit Card
6582,277,2024-02-05,4589.59,Insurance
6583,500,2024-09-08,3617.40,Other
6584,459,2024-08-27,2495.51,Credit Card
6585,399,2024-09-06,2138.37,Cash
6586,7,2025-09-09,3412.43,Insurance
6587,340,2025-06-23,2291.89,Cash
6588,296,2024-04-11,4063.81,Credit Card
6589,343,2024-01-07,3456.20,Other
6590,454,2024-04-22,2188.62,Cash
6591,215,2025-07-10,257.84,Bank Transfer
6592,423,2025-05-08,961.21,Bank Transfer
6593,102,2024-12-04,2385.20,Cash
6594,11,2025-09-19,1078.28,Other
6595,231,2024-03-23,2449.80,Cash
6596,461,2024-07-09,98.97,Bank Transfer
6597,481,2024-12-01,4708.18,Bank Transfer
6598,8,2025-10-30,4437.01,Other
6599,231,2025-06-25,2915.65,Cash
6600,335,2024-11-28,4655.53,Other
6601,311,2026-02-23,1354.37,Credit Card
6602,68,2024-12-29,1763.54,Bank Transfer
6603,451,2024-07-25,3248.97,Bank Transfer
6604,312,2024-06-24,3447.14,Credit Card
6605,90,2025-10-22,3925.49,Credit Card
6606,347,2024-11-05,1035.55,Cash
6607,73,2024-12-04,2601.02,Credit Card
6608,127,2025-12-09,132.15,Insurance
6609,323,2024-03-15,1232.48,Credit Card
6610,252,2025-03-08,3683.33,Cash
6611,457,2024-09-18,4119.89,Insurance
6612,486,2025-11-01,1355.04,Insurance
6613,461,2025-11-01,4350.08,Cash
6614,310,2025-10-10,3618.84,Cash
6615,62,2024-02-01,4206.67,Insurance
6616,466,2025-10-17,3619.76,Cash
6617,414,2026-01-15,4187.20,Insurance
6618,215,2025-01-24,2428.42,Bank Transfer
6619,174,2024-07-30,4936.52,Credit Card
6620,149,2025-10-15,3270.66,Credit Card
6621,180,2025-11-25,3892.45,Other
6622,153,2024-08-12,2305.14,Cash
6623,348,2024-03-16,2561.85,Cash
6624,102,2024-07-21,3720.59,Insurance
6625,445,2024-03-26,1062.81,Credit Card
6626,247,2025-12-23,4974.89,Cash
6627,216,2024-01-23,1598.65,Credit Card
6628,125,2026-01-08,4650.26,Cash
6629,460,2026-03-16,3993.45,Insurance
6630,121,2026-01-14,3318.37,Insurance
6631,285,2026-02-11,4496.99,Bank Transfer
6632,445,2024-12-28,3418.16,Insurance
6633,321,2024-08-28,2091.90,Credit Card
6634,180,2024-09-03,113.49,Bank Transfer
6635,340,2025-10-27,672.01,Insurance
6636,402,2024-01-04,885.65,Credit Card
6637,96,2024-05-11,2037.20,Other
6638,312,2024-05-13,4717.88,Insurance
6639,70,2025-10-13,2611.93,Cash
6640,67,2024-07-07,3041.05,Cash
6641,9,2025-08-24,3593.56,Bank Transfer
6642,42,2024-03-12,68.26,Credit Card
6643,292,2024-08-30,3046.62,Bank Transfer
6644,6,2025-08-11,3902.70,Other
6645,212,2024-12-26,2119.06,Other
6646,291,2025-01-01,3176.60,Bank Transfer
6647,460,2026-01-28,1807.00,Other
6648,338,2024-04-03,3805.25,Insurance
6649,33,2024-08-03,4387.64,Cash
6650,114,2024-06-13,4468.88,Credit Card
6651,402,2025-07-28,1494.55,Credit Card
6652,369,2024-06-19,581.28,Other
6653,150,2026-01-24,1059.27,Credit Card
6654,48,2026-02-28,1252.21,Credit Card
6655,392,2024-02-08,4425.91,Cash
6656,149,2026-01-19,4598.99,Other
6657,170,2025-01-19,57.23,Cash
6658,386,2024-05-12,3001.35,Cash
6659,298,2024-12-12,4360.56,Insurance
6660,329,2024-07-06,180.63,Cash
6661,395,2025-04-08,1809.97,Cash
6662,11,2025-12-12,902.52,Bank Transfer
6663,202,2025-08-31,1098.90,Other
6664,222,2024-01-08,2203.99,Credit Card
6665,115,2025-10-15,3951.03,Bank Transfer
6666,124,2025-06-23,2425.31,Bank Transfer
6667,119,2025-05-20,4264.33,Cash
6668,180,2024-08-21,4876.47,Other
6669,215,2024-05-15,4721.83,Insurance
6670,121,2024-01-15,223.16,Other
6671,492,2025-05-16,1940.67,Credit Card
6672,477,2026-03-02,3191.15,Bank Transfer
6673,71,2025-04-13,3301.53,Other
6674,226,2025-01-30,2454.62,Bank Transfer
6675,282,2025-07-15,488.95,Other
6676,49,2024-10-07,774.04,Cash
6677,119,2025-05-25,1844.03,Insurance
6678,316,2024-11-13,359.95,Bank Transfer
6679,128,2024-03-12,4188.25,Cash
6680,53,2024-08-28,2967.05,Other
6681,242,2025-12-16,2827.07,Credit Card
6682,496,2025-09-18,1871.28,Credit Card
6683,369,2025-04-18,561.37,Other
6684,131,2026-02-09,977.64,Bank Transfer
6685,7,2025-07-03,3504.98,Other
6686,391,2026-03-06,4295.73,Other
6687,188,2025-02-25,3381.95,Other
6688,5,2024-07-06,3310.71,Bank Transfer
6689,77,2024-03-11,802.26,Cash
6690,26,2024-10-20,3226.18,Insurance
6691,137,2025-07-21,4452.84,Bank Transfer
6692,364,2024-04-05,4312.55,Bank Transfer
6693,181,2025-08-04,4289.30,Bank Transfer
6694,277,2025-05-03,4145.78,Credit Card
6695,446,2024-05-18,4660.07,Other
6696,238,2024-01-16,1232.89,Bank Transfer
6697,373,2024-02-11,3645.04,Other
6698,401,2025-07-17,2760.20,Bank Transfer
6699,85,2026-03-19,1197.06,Bank Transfer
6700,317,2024-09-28,93.45,Cash
6701,211,2025-08-12,2726.25,Cash
6702,464,2025-03-11,2781.39,Credit Card
6703,176,2025-10-04,1978.32,Insurance
6704,441,2024-05-29,756.98,Bank Transfer
6705,222,2026-02-28,958.99,Insurance
6706,171,2025-01-07,2087.17,Bank Transfer
6707,341,2025-05-17,3301.17,Credit Card
6708,420,2024-08-22,1723.15,Bank Transfer
6709,436,2024-03-27,4880.82,Credit Card
6710,237,2024-10-14,4757.96,Other
6711,152,2025-04-11,4644.41,Credit Card
6712,240,2024-02-13,4449.24,Other
6713,307,2024-09-28,4624.94,Bank Transfer
6714,194,2024-04-10,2276.41,Bank Transfer
6715,116,2025-02-15,327.48,Other
6716,147,2024-10-24,2517.32,Cash
6717,217,2026-01-10,3495.74,Bank Transfer
6718,3,2025-09-15,3715.02,Credit Card
6719,198,2024-01-31,809.76,Other
6720,234,2025-10-15,320.30,Insurance
6721,388,2024-03-07,582.71,Insurance
6722,483,2024-10-30,2567.94,Credit Card
6723,398,2024-07-18,767.43,Bank Transfer
6724,345,2026-02-11,2566.28,Other
6725,319,2025-10-04,4520.04,Cash
6726,32,2026-03-03,2734.76,Cash
6727,146,2025-06-21,1538.61,Other
6728,160,2025-01-31,3448.61,Bank Transfer
6729,135,2024-03-16,3513.21,Credit Card
6730,142,2026-01-03,913.78,Credit Card
6731,307,2025-02-25,4956.78,Cash
6732,218,2026-02-23,3119.65,Credit Card
6733,403,2025-07-23,946.93,Cash
6734,243,2025-12-29,834.56,Other
6735,161,2024-05-27,3453.40,Other
6736,211,2025-03-16,2244.74,Credit Card
6737,109,2025-11-06,2923.74,Insurance
6738,166,2025-03-16,3611.13,Insurance
6739,363,2025-01-14,2944.66,Other
6740,204,2024-08-17,2276.96,Insurance
6741,422,2025-10-18,3317.85,Bank Transfer
6742,172,2025-08-26,3632.71,Cash
6743,457,2024-03-23,3861.69,Other
6744,464,2025-05-07,3491.74,Bank Transfer
6745,367,2025-06-15,4493.78,Other
6746,375,2025-03-30,139.51,Insurance
6747,102,2024-08-10,2417.62,Other
6748,430,2025-04-11,1345.49,Insurance
6749,79,2025-12-26,2088.22,Insurance
6750,370,2024-08-04,862.25,Insurance
6751,383,2025-06-15,591.80,Insurance
6752,34,2024-12-10,4781.63,Other
6753,114,2025-02-12,1577.23,Insurance
6754,355,2025-02-05,710.29,Credit Card
6755,486,2025-11-19,2716.00,Cash
6756,247,2024-11-10,3164.36,Other
6757,455,2024-11-25,3564.41,Insurance
6758,93,2026-01-28,4229.93,Cash
6759,329,2024-09-08,4611.22,Credit Card
6760,144,2024-12-17,3019.68,Cash
6761,372,2024-05-12,1238.68,Cash
6762,147,2025-11-07,3431.51,Bank Transfer
6763,87,2024-03-24,4067.28,Other
6764,76,2024-12-16,4258.26,Bank Transfer
6765,491,2026-03-06,1742.16,Cash
6766,129,2024-08-12,1564.43,Other
6767,478,2024-05-31,1759.30,Cash
6768,270,2026-01-14,1942.21,Other
6769,461,2026-02-23,2960.80,Cash
6770,179,2024-03-11,346.77,Bank Transfer
6771,355,2026-03-05,420.63,Other
6772,156,2026-02-08,4998.97,Credit Card
6773,368,2025-07-10,979.27,Other
6774,146,2024-06-04,2609.91,Bank Transfer
6775,426,2024-05-18,2240.49,Insurance
6776,6,2025-04-01,2437.81,Cash
6777,141,2025-09-06,4169.81,Insurance
6778,150,2024-05-26,1196.79,Other
6779,55,2025-05-19,4425.88,Cash
6780,121,2026-03-10,4359.85,Bank Transfer
6781,89,2024-07-05,1172.14,Cash
6782,236,2025-10-31,2312.61,Credit Card
6783,391,2025-12-07,3750.13,Cash
6784,235,2024-03-01,228.31,Credit Card
6785,148,2024-11-17,4305.63,Insurance
6786,7,2025-09-28,168.97,Credit Card
6787,386,2025-04-28,4258.82,Insurance
6788,88,2024-02-08,2837.00,Other
6789,148,2024-01-17,824.30,Cash
6790,330,2025-08-11,1391.77,Cash
6791,180,2024-06-23,629.81,Other
6792,418,2026-02-11,3109.62,Insurance
6793,63,2025-04-28,4922.70,Insurance
6794,370,2024-07-06,1757.86,Insurance
6795,356,2024-04-02,1872.26,Credit Card
6796,217,2025-07-22,2737.35,Insurance
6797,140,2025-11-16,1960.06,Bank Transfer
6798,332,2024-01-19,1457.76,Bank Transfer
6799,193,2025-08-11,1966.38,Insurance
6800,477,2024-06-12,2613.19,Credit Card
6801,198,2026-02-13,3177.03,Insurance
6802,420,2024-11-12,3043.37,Other
6803,323,2024-03-09,2666.52,Insurance
6804,494,2024-03-19,4061.49,Cash
6805,418,2025-12-12,1048.34,Insurance
6806,120,2024-12-25,3862.82,Credit Card
6807,498,2024-04-30,1200.56,Cash
6808,48,2025-12-12,749.80,Insurance
6809,382,2024-02-23,2212.11,Bank Transfer
6810,164,2024-11-13,2426.57,Other
6811,405,2024-07-28,4490.24,Other
6812,382,2025-11-02,2855.48,Cash
6813,143,2025-08-15,2395.80,Cash
6814,10,2024-09-01,247.81,Credit Card
6815,116,2025-05-01,2960.01,Cash
6816,208,2024-03-13,4865.34,Bank Transfer
6817,367,2024-01-02,846.10,Insurance
6818,205,2025-03-25,309.15,Insurance
6819,132,2024-10-16,4242.32,Other
6820,108,2026-02-16,197.39,Bank Transfer
6821,247,2025-03-26,2157.11,Cash
6822,149,2024-01-13,1946.88,Credit Card
6823,201,2024-01-23,265.84,Bank Transfer
6824,80,2025-07-25,2100.24,Bank Transfer
6825,251,2024-10-14,239.55,Other
6826,258,2025-11-07,1719.70,Insurance
6827,158,2024-09-28,1519.68,Cash
6828,125,2026-02-19,2658.93,Other
6829,430,2024-05-12,1614.15,Credit Card
6830,369,2024-09-08,3890.09,Bank Transfer
6831,176,2024-05-28,1992.35,Insurance
6832,106,2024-09-08,2699.99,Cash
6833,435,2025-01-27,3832.89,Insurance
6834,246,2025-09-24,3023.13,Other
6835,23,2024-10-16,4263.38,Credit Card
6836,274,2025-12-11,477.89,Cash
6837,6,2025-02-10,1117.84,Cash
6838,162,2025-09-02,3179.96,Bank Transfer
6839,15,2025-04-17,3921.41,Cash
6840,131,2024-01-05,3372.15,Other
6841,220,2025-06-02,2364.22,Insurance
6842,306,2024-03-01,2432.00,Credit Card
6843,439,2024-08-18,2804.01,Cash
6844,30,2025-09-06,949.58,Cash
6845,319,2024-04-20,627.03,Other
6846,370,2025-06-22,3028.51,Cash
6847,352,2025-01-26,2796.13,Cash
6848,294,2025-06-07,4208.13,Bank Transfer
6849,237,2025-09-29,1005.00,Other
6850,429,2025-10-18,1137.80,Insurance
6851,470,2024-09-20,4525.30,Other
6852,6,2025-10-05,4989.66,Cash
6853,8,2025-09-19,2165.44,Credit Card
6854,459,2024-08-27,2623.13,Credit Card
6855,471,2026-03-03,3821.07,Credit Card
6856,283,2025-10-08,3550.42,Credit Card
6857,123,2025-01-17,1098.89,Bank Transfer
6858,167,2025-11-26,2509.17,Credit Card
6859,239,2025-12-09,233.82,Other
6860,68,2026-02-11,3207.15,Cash
6861,334,2024-03-07,4749.38,Other
6862,228,2024-06-04,279.20,Other
6863,206,2025-01-03,4334.12,Insurance
6864,255,2025-02-19,2460.15,Insurance
6865,280,2026-03-11,2546.79,Cash
6866,98,2024-01-11,2586.30,Bank Transfer
6867,419,2025-05-29,1093.99,Insurance
6868,68,2024-01-02,4585.21,Insurance
6869,361,2025-03-11,1102.98,Other
6870,172,2025-03-13,2565.22,Other
6871,193,2024-12-28,2224.69,Other
6872,483,2026-03-02,2951.05,Credit Card
6873,206,2025-04-21,4281.86,Cash
6874,221,2026-02-06,374.80,Insurance
6875,470,2025-01-01,90.69,Credit Card
6876,269,2024-03-19,4068.49,Bank Transfer
6877,332,2024-02-27,1324.02,Other
6878,277,2024-01-03,487.14,Credit Card
6879,36,2024-12-27,4822.07,Cash
6880,6,2026-02-09,1833.98,Other
6881,108,2025-01-14,3368.00,Bank Transfer
6882,353,2025-07-08,1638.02,Other
6883,151,2026-03-15,960.55,Bank Transfer
6884,204,2024-03-11,1413.21,Cash
6885,377,2025-03-28,4735.11,Bank Transfer
6886,112,2025-04-07,1980.43,Cash
6887,397,2025-06-18,3735.13,Credit Card
6888,96,2026-03-08,1826.84,Other
6889,262,2024-04-30,4829.29,Insurance
6890,306,2024-12-29,3496.37,Credit Card
6891,331,2025-01-09,789.75,Insurance
6892,390,2025-08-30,991.22,Insurance
6893,27,2024-09-23,3811.14,Credit Card
6894,168,2025-08-09,4668.03,Cash
6895,133,2026-01-28,4023.19,Cash
6896,36,2025-09-21,4656.58,Other
6897,408,2024-11-16,3647.69,Other
6898,295,2025-06-05,444.50,Other
6899,373,2024-10-24,1217.43,Credit Card
6900,144,2024-11-10,4454.28,Bank Transfer
6901,255,2025-12-29,1587.69,Credit Card
6902,160,2025-10-26,955.90,Other
6903,182,2025-10-07,423.54,Credit Card
6904,286,2025-02-16,3805.42,Bank Transfer
6905,73,2025-08-21,3831.90,Credit Card
6906,448,2026-01-25,3644.42,Other
6907,83,2024-04-15,4871.55,Insurance
6908,79,2025-07-05,1940.04,Bank Transfer
6909,70,2024-04-10,3432.78,Cash
6910,361,2025-04-13,1159.06,Other
6911,17,2024-03-19,1051.28,Bank Transfer
6912,435,2025-04-17,162.73,Bank Transfer
6913,147,2024-03-27,3985.06,Other
6914,74,2024-06-01,1432.18,Credit Card
6915,408,2024-01-19,957.16,Bank Transfer
6916,315,2024-11-28,2546.35,Other
6917,187,2024-11-29,4509.86,Credit Card
6918,305,2024-08-13,3047.53,Bank Transfer
6919,87,2025-10-17,4924.03,Cash
6920,279,2025-01-02,1806.94,Credit Card
6921,340,2025-02-06,829.34,Bank Transfer
6922,406,2025-08-23,3078.12,Bank Transfer
6923,389,2025-11-23,4807.48,Credit Card
6924,432,2026-03-02,1618.61,Other
6925,420,2025-01-04,4738.09,Bank Transfer
6926,209,2025-09-08,4210.23,Insurance
6927,83,2024-01-15,2382.65,Credit Card
6928,223,2025-12-20,2455.28,Other
6929,421,2026-03-14,2542.85,Credit Card
6930,243,2024-07-17,1974.87,Cash
6931,50,2024-12-19,4477.02,Credit Card
6932,242,2025-05-09,4885.65,Insurance
6933,145,2026-01-04,2734.49,Cash
6934,63,2025-06-28,1539.15,Other
6935,254,2025-06-30,2920.14,Cash
6936,183,2024-06-02,2893.53,Other
6937,435,2024-10-17,1482.67,Other
6938,12,2024-03-03,4257.94,Credit Card
6939,176,2024-11-25,4648.20,Insurance
6940,262,2024-06-05,1653.97,Insurance
6941,102,2024-04-22,4925.88,Cash
6942,92,2024-06-09,4332.65,Cash
6943,490,2024-08-25,2291.02,Credit Card
6944,477,2025-10-06,1763.55,Cash
6945,439,2026-03-11,1859.02,Credit Card
6946,103,2025-12-03,3420.65,Cash
6947,411,2024-04-08,2116.80,Insurance
6948,279,2026-01-21,1837.65,Cash
6949,420,2025-12-28,2110.92,Cash
6950,320,2026-01-07,1182.54,Insurance
6951,36,2025-09-27,2703.98,Bank Transfer
6952,259,2024-11-23,401.20,Credit Card
6953,364,2025-12-13,4984.46,Cash
6954,417,2026-01-20,1479.99,Bank Transfer
6955,134,2025-07-04,4471.48,Other
6956,414,2026-02-23,3353.84,Credit Card
6957,495,2024-06-19,4376.34,Cash
6958,405,2025-02-04,4674.17,Cash
6959,181,2024-06-23,3437.89,Cash
6960,41,2025-09-06,4062.79,Insurance
6961,247,2025-09-08,4626.77,Insurance
6962,289,2024-11-17,153.33,Bank Transfer
6963,239,2025-10-17,3519.94,Cash
6964,441,2025-02-13,958.06,Bank Transfer
6965,417,2024-02-15,426.09,Insurance
6966,417,2025-05-20,1698.61,Cash
6967,239,2025-12-03,1445.27,Other
6968,331,2025-08-30,234.39,Other
6969,476,2024-07-01,1036.12,Other
6970,403,2024-08-14,2073.41,Cash
6971,359,2024-11-11,3224.23,Insurance
6972,10,2025-04-20,4864.27,Cash
6973,215,2025-03-19,303.33,Bank Transfer
6974,253,2025-09-23,1931.80,Bank Transfer
6975,66,2025-04-28,1068.17,Other
6976,127,2024-03-13,3667.90,Credit Card
6977,375,2024-11-29,2983.40,Credit Card
6978,72,2024-03-28,2601.24,Other
6979,275,2025-04-04,3963.51,Cash
6980,222,2024-06-08,3433.14,Bank Transfer
6981,138,2024-12-18,399.08,Other
6982,483,2025-02-25,457.74,Insurance
6983,8,2024-09-06,1344.94,Other
6984,343,2024-10-15,3048.06,Other
6985,166,2024-08-18,653.13,Cash
6986,410,2024-05-22,4875.41,Insurance
6987,326,2024-10-25,1248.16,Credit Card
6988,481,2025-09-12,3584.02,Cash
6989,439,2025-07-30,551.07,Insurance
6990,181,2024-10-11,1609.32,Bank Transfer
6991,470,2025-07-06,167.81,Credit Card
6992,29,2025-08-14,3373.94,Credit Card
6993,378,2026-02-10,2498.60,Bank Transfer
6994,257,2025-10-11,4104.10,Cash
6995,230,2024-06-09,1801.33,Other
6996,98,2024-07-13,3200.11,Credit Card
6997,404,2024-01-23,784.75,Insurance
6998,395,2025-07-14,969.21,Credit Card
6999,7,2024-11-24,1112.58,Other
7000,145,2024-12-10,3958.20,Other
7001,58,2024-07-30,1288.82,Insurance
7002,264,2024-11-20,4124.19,Insurance
7003,476,2024-11-22,4335.77,Credit Card
7004,75,2025-01-21,1913.89,Cash
7005,108,2025-07-17,819.61,Cash
7006,269,2025-02-26,906.97,Bank Transfer
7007,407,2026-02-13,263.12,Credit Card
7008,191,2024-11-22,375.82,Cash
7009,451,2025-07-31,3791.48,Other
7010,318,2025-02-05,4113.42,Other
7011,153,2024-07-03,3925.31,Insurance
7012,149,2025-10-20,3083.27,Insurance
7013,9,2025-05-01,151.04,Bank Transfer
7014,173,2025-01-21,914.07,Bank Transfer
7015,184,2024-12-04,726.58,Bank Transfer
7016,79,2024-04-22,2027.10,Cash
7017,300,2024-12-31,3805.87,Bank Transfer
7018,419,2025-08-03,3936.98,Bank Transfer
7019,59,2025-11-09,2861.59,Cash
7020,129,2024-11-26,1357.84,Other
7021,26,2025-03-21,1644.83,Insurance
7022,270,2026-01-30,4165.15,Other
7023,76,2024-11-03,327.52,Other
7024,257,2025-06-19,1966.15,Insurance
7025,207,2024-03-16,4642.71,Cash
7026,444,2025-06-24,4348.92,Insurance
7027,447,2024-02-28,4231.24,Insurance
7028,138,2025-09-19,3876.08,Other
7029,311,2024-01-13,116.31,Cash
7030,282,2024-02-10,806.80,Cash
7031,468,2024-07-13,618.60,Bank Transfer
7032,222,2025-04-20,2336.26,Bank Transfer
7033,96,2024-04-27,4921.21,Insurance
7034,101,2025-01-11,3116.06,Credit Card
7035,321,2024-09-19,3684.38,Bank Transfer
7036,497,2026-03-10,1809.03,Cash
7037,231,2025-03-20,4917.30,Bank Transfer
7038,234,2025-06-24,4980.20,Other
7039,296,2024-04-09,3997.40,Bank Transfer
7040,320,2024-09-03,3132.58,Other
7041,239,2025-05-17,4723.65,Cash
7042,442,2024-11-10,710.11,Other
7043,11,2025-05-24,3731.19,Credit Card
7044,82,2024-04-26,849.28,Credit Card
7045,400,2025-04-25,3729.49,Insurance
7046,7,2024-01-12,575.52,Bank Transfer
7047,96,2024-09-04,925.53,Credit Card
7048,390,2025-09-30,590.35,Bank Transfer
7049,69,2025-10-14,4531.03,Bank Transfer
7050,386,2024-04-12,2463.05,Credit Card
7051,368,2025-08-09,1673.74,Other
7052,150,2024-07-15,123.87,Insurance
7053,37,2025-12-07,2577.52,Insurance
7054,221,2024-01-12,3052.87,Credit Card
7055,367,2024-12-04,594.94,Bank Transfer
7056,306,2024-02-22,3288.11,Credit Card
7057,473,2024-08-26,4902.28,Credit Card
7058,292,2024-07-18,4436.07,Cash
7059,465,2024-12-30,3503.32,Credit Card
7060,375,2026-02-17,311.03,Insurance
7061,104,2024-03-31,401.88,Insurance
7062,251,2025-02-26,3434.07,Credit Card
7063,258,2025-03-13,1826.53,Credit Card
7064,208,2024-08-27,4737.43,Cash
7065,363,2025-01-20,4319.64,Other
7066,29,2024-07-12,220.33,Credit Card
7067,269,2025-03-24,4064.59,Bank Transfer
7068,81,2025-02-11,1095.35,Bank Transfer
7069,4,2026-01-19,1804.10,Insurance
7070,184,2025-01-16,410.10,Insurance
7071,319,2025-06-16,1163.48,Credit Card
7072,96,2025-09-15,4119.27,Cash
7073,360,2025-07-14,4468.70,Credit Card
7074,260,2025-10-05,83.89,Cash
7075,415,2025-07-31,4997.17,Insurance
7076,241,2025-12-15,192.25,Other
7077,432,2025-12-05,2653.83,Insurance
7078,238,2025-10-23,4808.74,Cash
7079,234,2025-08-27,1713.44,Insurance
7080,266,2024-12-03,4775.06,Other
7081,225,2025-02-10,2212.41,Credit Card
7082,42,2025-12-29,2279.88,Bank Transfer
7083,373,2024-09-21,1587.46,Bank Transfer
7084,430,2025-01-21,1831.78,Bank Transfer
7085,110,2025-05-07,4467.25,Bank Transfer
7086,496,2025-09-06,2663.19,Bank Transfer
7087,482,2025-06-29,419.65,Credit Card
7088,474,2025-07-05,3952.75,Cash
7089,259,2024-01-15,3928.42,Credit Card
7090,316,2025-12-03,1862.04,Other
7091,140,2025-11-14,1409.64,Insurance
7092,476,2024-07-12,1657.44,Insurance
7093,135,2024-02-05,4021.23,Cash
7094,358,2026-01-07,4785.05,Other
7095,43,2024-07-21,582.72,Bank Transfer
7096,221,2026-01-12,1889.56,Insurance
7097,160,2024-02-26,4862.18,Bank Transfer
7098,183,2025-03-18,1294.15,Bank Transfer
7099,407,2024-08-04,382.69,Credit Card
7100,295,2024-02-27,1227.29,Credit Card
7101,217,2024-11-22,540.98,Other
7102,131,2025-04-06,968.25,Other
7103,68,2025-02-19,3865.54,Credit Card
7104,231,2024-02-03,4518.36,Cash
7105,307,2024-12-23,650.13,Credit Card
7106,424,2025-11-30,3052.83,Cash
7107,348,2024-07-07,4201.43,Credit Card
7108,226,2026-01-07,4755.13,Insurance
7109,51,2024-12-25,2787.38,Credit Card
7110,178,2025-12-15,467.69,Other
7111,385,2025-04-30,3480.30,Credit Card
7112,81,2024-09-01,644.52,Bank Transfer
7113,260,2024-08-09,4886.66,Credit Card
7114,88,2025-09-30,2438.75,Insurance
7115,14,2024-07-23,1492.16,Cash
7116,319,2025-03-29,4278.26,Other
7117,48,2024-10-01,4142.12,Bank Transfer
7118,158,2024-08-22,4748.62,Credit Card
7119,327,2026-03-04,2226.46,Bank Transfer
7120,267,2026-01-17,575.23,Insurance
7121,98,2024-04-28,2420.11,Other
7122,448,2026-02-24,1605.79,Other
7123,246,2025-03-18,1488.69,Other
7124,130,2025-11-01,4313.74,Insurance
7125,282,2024-11-20,665.06,Credit Card
7126,207,2024-03-08,2462.89,Bank Transfer
7127,352,2025-07-06,4076.76,Insurance
7128,427,2025-09-06,785.84,Bank Transfer
7129,83,2025-11-04,3079.62,Cash
7130,115,2025-09-26,4260.50,Insurance
7131,63,2024-02-12,733.02,Cash
7132,56,2024-04-18,4730.79,Insurance
7133,18,2024-11-03,151.17,Insurance
7134,279,2025-11-02,3307.44,Insurance
7135,118,2025-05-02,1531.29,Cash
7136,192,2024-05-18,634.19,Insurance
7137,373,2024-01-04,685.60,Insurance
7138,470,2024-09-04,2847.25,Insurance
7139,394,2024-02-27,3160.80,Insurance
7140,348,2024-08-20,4831.37,Insurance
7141,67,2025-08-15,1611.85,Cash
7142,471,2024-02-23,4161.50,Insurance
7143,246,2024-04-24,2930.02,Insurance
7144,223,2025-05-16,4350.05,Bank Transfer
7145,34,2025-12-03,2041.92,Cash
7146,208,2024-09-29,2763.36,Other
7147,349,2026-02-04,3823.07,Other
7148,335,2024-10-20,3942.27,Bank Transfer
7149,137,2025-11-12,724.05,Bank Transfer
7150,30,2024-10-06,3679.43,Other
7151,262,2025-02-17,1492.52,Bank Transfer
7152,114,2025-05-29,2143.19,Bank Transfer
7153,162,2024-04-19,902.08,Bank Transfer
7154,453,2024-06-30,2492.65,Insurance
7155,216,2025-03-31,4706.50,Credit Card
7156,486,2024-04-21,1748.19,Credit Card
7157,162,2024-10-03,504.54,Insurance
7158,425,2025-07-06,4962.49,Credit Card
7159,46,2024-03-21,798.99,Other
7160,488,2024-04-21,2786.34,Other
7161,190,2024-01-25,4244.88,Insurance
7162,110,2024-11-01,1662.82,Other
7163,346,2024-12-15,2112.76,Other
7164,252,2025-05-11,363.75,Bank Transfer
7165,189,2025-10-30,4855.76,Other
7166,429,2026-02-05,4419.03,Credit Card
7167,223,2025-12-16,1219.48,Credit Card
7168,419,2024-11-07,954.75,Bank Transfer
7169,316,2024-07-08,2676.03,Other
7170,327,2025-04-30,107.28,Cash
7171,170,2024-05-18,1778.70,Credit Card
7172,202,2024-07-05,2406.69,Credit Card
7173,168,2025-06-30,4725.72,Insurance
7174,61,2025-06-02,960.26,Cash
7175,322,2024-09-20,101.57,Other
7176,140,2026-01-14,2532.30,Bank Transfer
7177,80,2025-02-26,612.64,Bank Transfer
7178,240,2024-04-29,4018.86,Cash
7179,394,2026-01-16,1908.68,Credit Card
7180,242,2025-01-18,2301.08,Credit Card
7181,124,2025-12-27,961.14,Cash
7182,13,2025-03-06,521.07,Other
7183,404,2024-08-16,2201.92,Other
7184,177,2024-06-08,3087.30,Insurance
7185,399,2024-10-17,4905.35,Other
7186,6,2024-06-21,4331.10,Credit Card
7187,119,2025-10-12,4207.67,Credit Card
7188,123,2024-11-22,4327.50,Bank Transfer
7189,349,2025-01-17,3007.51,Credit Card
7190,411,2025-07-25,1111.88,Other
7191,158,2025-02-04,358.56,Bank Transfer
7192,299,2024-03-13,1995.84,Other
7193,268,2024-05-06,1618.19,Bank Transfer
7194,224,2024-04-14,1007.87,Other
7195,220,2026-02-09,3505.51,Bank Transfer
7196,242,2025-10-23,1650.53,Cash
7197,438,2025-10-10,83.50,Credit Card
7198,138,2024-05-20,1636.09,Other
7199,134,2025-02-06,1902.69,Other
7200,298,2024-08-02,1040.95,Bank Transfer
7201,245,2024-04-04,2266.57,Insurance
7202,281,2026-03-12,3578.44,Credit Card
7203,260,2024-10-04,2971.96,Bank Transfer
7204,12,2025-06-19,3689.96,Bank Transfer
7205,380,2025-04-08,2349.87,Credit Card
7206,241,2025-09-21,4696.67,Credit Card
7207,262,2024-01-25,3123.36,Credit Card
7208,255,2025-04-13,3738.27,Cash
7209,153,2024-01-01,4955.49,Bank Transfer
7210,407,2025-01-20,4618.94,Cash
7211,271,2025-05-24,3027.51,Cash
7212,489,2025-04-30,1217.92,Cash
7213,261,2025-06-21,1718.59,Bank Transfer
7214,77,2024-10-04,4435.46,Credit Card
7215,467,2024-04-27,1983.16,Credit Card
7216,333,2024-02-05,3478.76,Cash
7217,57,2026-01-22,2610.71,Other
7218,87,2026-03-03,3449.17,Other
7219,167,2024-09-15,3170.54,Bank Transfer
7220,69,2024-03-26,3672.96,Cash
7221,334,2024-05-20,606.88,Bank Transfer
7222,296,2024-11-14,3943.73,Credit Card
7223,97,2024-09-10,2832.12,Insurance
7224,496,2025-08-05,3367.90,Bank Transfer
7225,76,2025-03-24,4884.14,Other
7226,465,2024-02-16,551.26,Insurance
7227,14,2025-01-19,3127.19,Cash
7228,354,2024-12-03,4689.14,Credit Card
7229,240,2024-03-03,3443.02,Other
7230,325,2024-08-29,1926.85,Other
7231,393,2026-01-25,3071.17,Insurance
7232,377,2024-12-13,4600.40,Bank Transfer
7233,328,2024-08-09,2069.49,Insurance
7234,95,2025-08-05,1936.11,Other
7235,29,2024-12-19,1594.64,Bank Transfer
7236,93,2024-03-17,2965.84,Other
7237,86,2025-02-09,2397.29,Credit Card
7238,494,2024-11-22,2708.41,Bank Transfer
7239,6,2024-10-29,4008.16,Insurance
7240,415,2024-02-29,2561.23,Credit Card
7241,416,2026-01-24,183.79,Credit Card
7242,169,2024-10-12,2130.49,Cash
7243,381,2025-05-14,2927.20,Bank Transfer
7244,31,2025-10-11,4304.11,Insurance
7245,404,2025-03-23,2604.60,Insurance
7246,139,2024-09-21,4191.64,Other
7247,354,2024-06-04,1599.72,Bank Transfer
7248,496,2025-08-13,1192.59,Bank Transfer
7249,273,2025-05-30,1936.22,Bank Transfer
7250,158,2025-02-20,2755.35,Cash
7251,65,2024-06-30,4758.45,Other
7252,227,2025-03-08,1408.54,Bank Transfer
7253,104,2024-03-11,3554.86,Insurance
7254,461,2025-11-12,1900.40,Other
7255,174,2025-08-02,2123.65,Insurance
7256,136,2024-05-10,4131.25,Credit Card
7257,154,2025-11-05,654.61,Credit Card
7258,280,2025-12-08,1240.71,Credit Card
7259,327,2025-04-26,166.00,Insurance
7260,175,2024-07-10,1992.62,Other
7261,415,2025-03-02,2587.68,Insurance
7262,183,2024-08-21,4701.58,Cash
7263,196,2025-10-20,3063.57,Credit Card
7264,319,2024-09-26,1929.98,Other
7265,119,2024-08-28,681.36,Insurance
7266,204,2024-03-31,1912.70,Credit Card
7267,319,2025-05-28,1441.27,Cash
7268,403,2024-05-03,2319.77,Credit Card
7269,174,2024-04-30,913.56,Bank Transfer
7270,247,2024-11-08,2615.50,Bank Transfer
7271,402,2024-08-01,938.98,Insurance
7272,325,2024-02-23,3202.89,Credit Card
7273,310,2025-06-10,583.51,Other
7274,3,2025-06-23,1687.63,Bank Transfer
7275,89,2024-02-05,3881.12,Cash
7276,313,2025-10-04,3047.46,Credit Card
7277,313,2025-10-02,4318.60,Cash
7278,29,2025-12-23,2453.56,Other
7279,382,2024-09-21,2904.54,Credit Card
7280,174,2026-02-25,4848.94,Insurance
7281,51,2025-05-13,2293.03,Credit Card
7282,459,2025-06-07,712.48,Insurance
7283,180,2024-03-15,610.02,Bank Transfer
7284,287,2026-03-04,2180.72,Insurance
7285,303,2025-03-04,3546.97,Other
7286,58,2024-01-13,1255.87,Cash
7287,71,2024-06-16,1332.42,Cash
7288,250,2024-08-15,3410.77,Other
7289,43,2024-11-22,3083.24,Bank Transfer
7290,389,2025-12-14,1575.99,Cash
7291,74,2024-09-23,3189.51,Insurance
7292,129,2024-01-10,3514.14,Other
7293,148,2024-01-07,4922.72,Credit Card
7294,230,2025-07-15,549.76,Bank Transfer
7295,36,2024-04-29,2940.00,Other
7296,240,2026-01-05,4638.62,Credit Card
7297,215,2024-02-21,4392.73,Insurance
7298,358,2024-08-25,1358.59,Bank Transfer
7299,414,2024-03-22,4448.84,Cash
7300,24,2024-12-23,2341.07,Credit Card
7301,290,2025-01-17,1069.96,Insurance
7302,500,2025-08-01,614.75,Credit Card
7303,117,2024-08-13,4105.05,Insurance
7304,249,2024-05-01,2122.06,Credit Card
7305,307,2025-08-16,2105.04,Other
7306,34,2025-11-05,2365.57,Bank Transfer
7307,158,2025-07-23,4857.55,Bank Transfer
7308,151,2024-05-12,3266.12,Credit Card
7309,113,2024-12-18,4078.33,Credit Card
7310,342,2024-04-10,1610.03,Cash
7311,73,2024-08-10,3373.19,Credit Card
7312,155,2026-03-13,2504.09,Insurance
7313,487,2025-06-23,4723.64,Insurance
7314,497,2025-08-04,706.39,Insurance
7315,44,2025-07-18,1783.11,Cash
7316,118,2025-04-23,318.54,Bank Transfer
7317,364,2026-01-24,2927.15,Other
7318,235,2025-07-09,4917.67,Cash
7319,287,2025-05-21,2555.77,Bank Transfer
7320,52,2025-04-13,2584.49,Insurance
7321,458,2025-04-27,3105.29,Credit Card
7322,316,2026-02-23,4475.60,Insurance
7323,306,2024-08-13,2876.74,Other
7324,301,2025-11-10,1679.98,Insurance
7325,95,2024-01-31,699.42,Credit Card
7326,458,2024-11-20,859.08,Cash
7327,155,2025-07-07,4810.29,Cash
7328,61,2024-09-22,4662.86,Other
7329,324,2024-04-01,1249.87,Other
7330,435,2025-08-24,3646.21,Credit Card
7331,125,2024-03-16,1097.68,Insurance
7332,102,2025-12-02,4761.51,Bank Transfer
7333,295,2024-05-18,1115.19,Bank Transfer
7334,356,2025-11-20,3475.15,Credit Card
7335,382,2024-10-12,3055.78,Insurance
7336,383,2024-04-24,269.78,Bank Transfer
7337,51,2025-04-20,2019.81,Other
7338,471,2024-12-06,4196.61,Cash
7339,448,2024-01-07,1287.42,Cash
7340,480,2026-03-15,4401.54,Cash
7341,211,2024-10-07,4203.43,Bank Transfer
7342,14,2024-08-21,4927.35,Insurance
7343,386,2025-11-04,2031.10,Cash
7344,57,2025-06-24,4549.74,Cash
7345,224,2025-09-19,233.09,Credit Card
7346,432,2025-05-30,2960.89,Cash
7347,156,2025-10-24,2587.20,Cash
7348,312,2025-08-13,4059.72,Credit Card
7349,1,2025-01-19,775.88,Bank Transfer
7350,478,2024-10-21,365.43,Bank Transfer
7351,385,2024-01-22,392.39,Insurance
7352,400,2025-03-05,3671.00,Cash
7353,175,2024-01-19,3045.96,Bank Transfer
7354,483,2025-05-21,3722.70,Bank Transfer
7355,198,2025-06-23,4140.42,Cash
7356,332,2024-08-22,1300.86,Cash
7357,174,2024-08-16,4175.11,Other
7358,114,2024-04-06,1333.00,Credit Card
7359,310,2024-05-17,4478.39,Other
7360,331,2024-06-07,3905.86,Credit Card
7361,188,2025-12-22,3067.68,Insurance
7362,125,2024-10-10,4461.21,Insurance
7363,423,2024-06-20,3874.56,Insurance
7364,86,2026-01-17,1387.10,Insurance
7365,54,2025-08-31,3825.95,Credit Card
7366,293,2024-04-06,2132.02,Credit Card
7367,228,2025-11-21,4478.56,Insurance
7368,439,2026-02-03,4652.49,Cash
7369,279,2025-05-01,3522.45,Bank Transfer
7370,450,2024-01-11,1207.10,Bank Transfer
7371,269,2026-02-07,4516.60,Cash
7372,454,2025-12-05,867.48,Bank Transfer
7373,422,2025-11-08,1472.03,Insurance
7374,364,2024-10-02,4515.39,Insurance
7375,343,2025-04-09,2141.25,Cash
7376,252,2024-05-29,2446.45,Insurance
7377,469,2025-12-25,1601.36,Credit Card
7378,81,2025-08-14,609.07,Credit Card
7379,105,2025-10-13,1948.02,Bank Transfer
7380,223,2024-10-26,1329.61,Bank Transfer
7381,301,2024-07-19,71.84,Cash
7382,378,2025-01-11,3103.71,Credit Card
7383,476,2025-07-27,952.93,Cash
7384,122,2024-02-18,2942.18,Credit Card
7385,492,2025-11-20,2560.72,Bank Transfer
7386,104,2025-01-30,1395.57,Bank Transfer
7387,190,2025-01-27,2151.97,Cash
7388,304,2025-10-27,270.12,Insurance
7389,293,2024-11-16,2769.47,Bank Transfer
7390,396,2025-09-18,1390.24,Insurance
7391,493,2025-02-20,4199.66,Bank Transfer
7392,160,2025-02-21,4260.69,Cash
7393,170,2025-04-19,515.40,Other
7394,78,2025-12-12,1197.63,Cash
7395,7,2024-05-20,2652.41,Credit Card
7396,482,2026-03-20,1425.15,Credit Card
7397,467,2025-07-03,1370.80,Bank Transfer
7398,170,2024-12-01,3786.97,Cash
7399,244,2024-11-13,4214.14,Credit Card
7400,419,2025-09-24,3406.86,Credit Card
7401,447,2025-07-11,150.26,Insurance
7402,496,2025-08-17,3437.27,Bank Transfer
7403,16,2024-02-23,100.24,Cash
7404,453,2024-12-02,2195.32,Other
7405,478,2025-05-10,2396.69,Cash
7406,115,2026-01-10,2189.59,Bank Transfer
7407,463,2025-09-15,1914.30,Bank Transfer
7408,69,2025-11-16,806.74,Cash
7409,422,2025-02-16,2932.64,Other
7410,311,2024-06-22,3490.66,Insurance
7411,289,2025-05-13,2938.15,Insurance
7412,492,2025-08-17,1208.07,Bank Transfer
7413,257,2024-11-23,3117.59,Credit Card
7414,437,2025-01-04,2394.81,Credit Card
7415,413,2025-11-12,1037.97,Cash
7416,162,2024-05-09,3878.73,Insurance
7417,18,2025-01-03,3456.69,Insurance
7418,304,2024-10-19,2757.35,Bank Transfer
7419,235,2024-11-22,2673.84,Cash
7420,19,2024-03-20,3749.28,Bank Transfer
7421,158,2025-04-15,1830.89,Credit Card
7422,134,2025-01-15,2476.67,Insurance
7423,348,2025-08-06,3501.32,Bank Transfer
7424,262,2024-02-08,3534.75,Credit Card
7425,411,2024-01-05,4050.60,Credit Card
7426,87,2025-06-14,2496.17,Cash
7427,227,2025-06-18,3882.97,Insurance
7428,366,2024-03-10,2419.28,Credit Card
7429,409,2024-06-02,3331.83,Credit Card
7430,192,2025-11-12,337.25,Cash
7431,403,2025-01-12,3614.91,Bank Transfer
7432,232,2024-08-22,835.92,Credit Card
7433,95,2024-09-05,3528.21,Insurance
7434,453,2024-02-07,496.00,Bank Transfer
7435,147,2024-05-27,1996.94,Other
7436,267,2026-03-09,4777.73,Credit Card
7437,31,2025-09-20,2893.83,Cash
7438,70,2024-10-06,788.03,Bank Transfer
7439,283,2024-07-11,3287.76,Cash
7440,369,2025-03-04,439.18,Other
7441,139,2026-02-27,1692.48,Insurance
7442,74,2025-03-24,2579.52,Insurance
7443,101,2024-01-24,712.31,Credit Card
7444,339,2026-02-01,2979.53,Bank Transfer
7445,286,2024-10-25,2426.35,Insurance
7446,41,2024-10-02,2000.12,Credit Card
7447,106,2025-10-22,2965.98,Cash
7448,319,2024-06-06,654.46,Insurance
7449,21,2024-04-25,2634.07,Credit Card
7450,249,2024-09-25,105.10,Credit Card
7451,500,2024-04-29,2213.07,Bank Transfer
7452,328,2026-01-24,2415.29,Bank Transfer
7453,124,2024-09-23,475.24,Other
7454,57,2026-02-18,3776.54,Insurance
7455,334,2025-03-15,4173.22,Bank Transfer
7456,500,2024-03-26,1900.28,Cash
7457,73,2024-04-09,2582.53,Bank Transfer
7458,474,2024-12-14,3060.48,Credit Card
7459,45,2025-08-11,1549.08,Bank Transfer
7460,44,2025-05-01,2070.62,Credit Card
7461,262,2025-02-22,487.51,Other
7462,14,2025-07-15,1782.81,Cash
7463,323,2024-08-16,4437.49,Credit Card
7464,74,2025-01-02,1148.54,Bank Transfer
7465,169,2025-08-27,3038.14,Bank Transfer
7466,101,2025-09-03,2273.01,Cash
7467,394,2025-12-24,3765.34,Bank Transfer
7468,418,2025-02-27,128.37,Insurance
7469,363,2026-02-09,4805.17,Credit Card
7470,2,2025-09-12,908.67,Credit Card
7471,435,2025-01-06,2860.88,Credit Card
7472,317,2025-02-28,2345.88,Cash
7473,229,2024-03-29,261.35,Cash
7474,480,2024-04-12,3728.77,Cash
7475,361,2024-08-26,3174.01,Cash
7476,115,2024-05-19,852.96,Credit Card
7477,128,2024-12-29,3562.86,Credit Card
7478,102,2025-12-05,2495.19,Bank Transfer
7479,164,2024-07-31,4100.91,Bank Transfer
7480,205,2024-02-08,3964.09,Insurance
7481,244,2025-12-22,1593.65,Cash
7482,438,2024-06-25,449.92,Insurance
7483,113,2025-06-04,868.20,Bank Transfer
7484,299,2025-01-26,4602.48,Credit Card
7485,489,2024-08-20,4565.66,Insurance
7486,74,2024-10-12,3466.06,Other
7487,419,2024-09-25,1128.00,Insurance
7488,371,2026-01-24,3517.40,Cash
7489,306,2025-08-25,1930.53,Cash
7490,408,2025-04-14,2932.77,Other
7491,444,2024-03-22,70.17,Cash
7492,181,2025-10-07,202.70,Insurance
7493,36,2025-10-04,4322.91,Other
7494,424,2024-03-20,2090.59,Bank Transfer
7495,103,2025-12-08,4304.71,Other
7496,362,2025-11-07,2687.08,Cash
7497,397,2025-01-08,3234.70,Credit Card
7498,321,2024-06-07,356.74,Other
7499,88,2025-07-25,1180.71,Bank Transfer
7500,122,2024-10-05,796.55,Bank Transfer
7501,328,2025-09-10,1690.98,Cash
7502,164,2024-06-23,3597.09,Other
7503,493,2024-01-15,311.48,Insurance
7504,135,2025-06-23,4611.33,Cash
7505,488,2025-10-02,1602.87,Insurance
7506,407,2025-08-26,2930.51,Credit Card
7507,138,2025-02-16,3558.38,Insurance
7508,353,2024-09-29,3045.19,Credit Card
7509,487,2025-06-19,4602.47,Insurance
7510,103,2026-02-25,2664.31,Other
7511,296,2025-02-25,2569.30,Cash
7512,95,2025-12-28,2135.58,Other
7513,370,2025-09-19,1003.65,Cash
7514,18,2024-11-23,1590.99,Insurance
7515,144,2026-03-20,885.41,Bank Transfer
7516,317,2024-10-05,1569.35,Other
7517,92,2025-07-07,497.34,Other
7518,457,2024-07-15,815.17,Bank Transfer
7519,43,2024-06-11,1908.61,Other
7520,34,2025-05-10,3259.04,Credit Card
7521,432,2025-03-25,828.25,Insurance
7522,442,2024-07-08,606.62,Insurance
7523,316,2025-12-08,159.91,Insurance
7524,220,2024-01-20,883.50,Credit Card
7525,301,2025-02-15,1182.82,Insurance
7526,183,2024-02-19,630.07,Credit Card
7527,141,2024-03-02,1514.42,Cash
7528,384,2025-11-25,1083.91,Cash
7529,455,2025-05-06,2117.72,Other
7530,250,2024-04-26,1042.38,Insurance
7531,245,2025-05-06,4221.90,Credit Card
7532,267,2025-01-22,1523.43,Bank Transfer
7533,239,2024-02-01,1394.99,Credit Card
7534,23,2025-11-07,2740.96,Insurance
7535,411,2025-02-17,3619.05,Insurance
7536,381,2025-06-27,2121.99,Bank Transfer
7537,358,2025-08-30,3446.31,Credit Card
7538,8,2025-12-20,3497.39,Credit Card
7539,67,2025-01-31,3041.78,Cash
7540,167,2024-09-06,3307.25,Bank Transfer
7541,417,2024-07-21,652.50,Insurance
7542,415,2024-01-14,3249.00,Bank Transfer
7543,386,2024-02-11,3123.48,Credit Card
7544,464,2024-05-30,373.13,Insurance
7545,443,2024-05-22,3630.62,Other
7546,444,2024-08-15,908.97,Credit Card
7547,141,2024-01-09,3546.80,Other
7548,430,2024-10-28,3192.07,Insurance
7549,151,2025-08-10,1035.14,Credit Card
7550,136,2024-03-22,2065.06,Credit Card
7551,434,2026-02-14,770.27,Credit Card
7552,262,2025-05-26,1417.65,Cash
7553,72,2025-08-06,606.00,Credit Card
7554,108,2024-05-19,801.65,Insurance
7555,439,2024-01-21,4314.13,Other
7556,491,2024-07-03,3988.73,Other
7557,53,2025-02-24,4009.28,Other
7558,386,2024-02-08,1972.97,Credit Card
7559,464,2025-10-02,2584.12,Bank Transfer
7560,380,2024-03-05,737.19,Other
7561,260,2025-03-10,2047.46,Credit Card
7562,438,2024-04-25,2608.33,Cash
7563,166,2025-06-04,4884.82,Cash
7564,315,2025-04-07,1983.80,Cash
7565,403,2025-11-05,1516.15,Insurance
7566,103,2024-11-19,164.24,Insurance
7567,120,2026-02-06,591.05,Other
7568,173,2025-09-28,1217.83,Insurance
7569,236,2025-01-05,1237.75,Bank Transfer
7570,305,2025-11-16,3485.48,Cash
7571,292,2024-11-18,4979.50,Credit Card
7572,466,2024-07-16,4554.76,Bank Transfer
7573,348,2025-10-04,3708.86,Credit Card
7574,436,2026-01-06,1670.73,Cash
7575,202,2025-08-12,3766.60,Bank Transfer
7576,443,2024-11-07,1254.03,Other
7577,318,2024-01-21,845.16,Bank Transfer
7578,256,2026-02-04,492.65,Credit Card
7579,243,2025-07-10,73.66,Insurance
7580,194,2024-09-14,3781.59,Other
7581,187,2025-10-19,4842.42,Insurance
7582,406,2025-07-14,3463.88,Insurance
7583,264,2025-09-03,894.74,Other
7584,183,2026-01-02,1614.26,Credit Card
7585,246,2026-02-24,4413.40,Cash
7586,53,2025-06-24,3592.68,Insurance
7587,29,2025-02-08,4939.54,Credit Card
7588,410,2026-01-11,2509.16,Bank Transfer
7589,173,2024-11-11,1818.32,Bank Transfer
7590,54,2024-12-08,1400.91,Cash
7591,429,2024-10-11,920.78,Credit Card
7592,358,2025-07-05,2119.41,Bank Transfer
7593,162,2024-01-22,3058.83,Cash
7594,116,2025-10-15,3279.10,Credit Card
7595,80,2024-12-29,3872.12,Cash
7596,137,2025-12-29,216.83,Cash
7597,500,2024-04-21,3372.93,Other
7598,13,2024-12-18,221.96,Bank Transfer
7599,373,2024-11-11,3679.43,Other
7600,53,2025-03-05,1559.99,Bank Transfer
7601,259,2025-12-05,3609.82,Cash
7602,333,2026-02-04,2662.54,Cash
7603,325,2026-01-21,2014.80,Credit Card
7604,466,2024-12-05,1814.81,Other
7605,252,2026-03-11,758.84,Credit Card
7606,150,2025-12-26,1400.09,Bank Transfer
7607,214,2025-01-15,4204.47,Credit Card
7608,149,2025-05-20,2117.49,Credit Card
7609,354,2026-01-06,4224.73,Other
7610,439,2024-09-16,1817.39,Insurance
7611,69,2024-06-01,287.36,Cash
7612,62,2025-12-04,474.81,Cash
7613,12,2024-05-23,2168.02,Bank Transfer
7614,346,2025-08-21,2209.97,Insurance
7615,450,2025-05-21,2193.28,Cash
7616,300,2024-06-30,285.81,Other
7617,419,2025-04-22,2038.76,Insurance
7618,229,2024-12-15,1768.51,Bank Transfer
7619,340,2026-03-08,2241.97,Bank Transfer
7620,371,2024-08-25,563.28,Other
7621,97,2025-01-27,4900.47,Insurance
7622,451,2024-04-04,503.39,Credit Card
7623,415,2025-01-01,1054.00,Credit Card
7624,70,2025-09-13,4114.31,Other
7625,204,2024-06-19,4318.58,Other
7626,333,2024-03-24,2705.04,Other
7627,103,2025-11-05,3722.47,Insurance
7628,175,2025-09-12,3869.54,Insurance
7629,325,2024-05-14,2417.16,Cash
7630,111,2024-03-20,3909.23,Bank Transfer
7631,267,2026-01-28,1927.55,Cash
7632,242,2024-03-15,4877.25,Other
7633,293,2024-09-14,2406.10,Insurance
7634,499,2025-11-16,2791.76,Bank Transfer
7635,326,2025-10-11,306.42,Other
7636,134,2024-12-19,1268.27,Credit Card
7637,141,2024-03-27,561.03,Credit Card
7638,451,2025-02-21,1533.87,Insurance
7639,355,2024-07-04,3251.59,Other
7640,166,2024-02-20,1907.59,Insurance
7641,234,2025-12-06,820.78,Cash
7642,204,2026-02-16,4233.88,Insurance
7643,158,2024-01-06,3573.00,Bank Transfer
7644,363,2024-01-17,1157.27,Bank Transfer
7645,7,2024-05-07,4496.27,Insurance
7646,1,2024-11-26,1853.83,Cash
7647,143,2025-05-06,2566.30,Insurance
7648,343,2024-03-05,4579.99,Credit Card
7649,119,2025-05-06,3662.21,Credit Card
7650,285,2025-04-25,3552.67,Bank Transfer
7651,251,2025-02-14,4170.91,Other
7652,184,2025-03-20,1303.45,Other
7653,212,2024-12-21,1099.50,Other
7654,438,2025-08-16,3291.11,Cash
7655,318,2024-11-16,1455.33,Cash
7656,255,2025-12-07,2220.59,Bank Transfer
7657,451,2026-01-17,526.30,Other
7658,217,2025-05-14,1449.52,Bank Transfer
7659,270,2025-08-01,3116.59,Cash
7660,354,2024-12-10,4239.12,Insurance
7661,8,2024-01-18,2804.89,Bank Transfer
7662,146,2024-07-27,1850.42,Other
7663,117,2024-12-17,3614.81,Cash
7664,1,2024-02-18,2113.23,Insurance
7665,18,2026-03-20,4625.26,Insurance
7666,322,2025-03-18,171.19,Bank Transfer
7667,389,2025-01-10,1149.40,Cash
7668,336,2025-12-16,2317.51,Credit Card
7669,144,2024-03-30,1830.24,Insurance
7670,142,2026-02-14,3336.03,Cash
7671,73,2025-07-04,651.10,Credit Card
7672,490,2024-03-01,3064.99,Bank Transfer
7673,124,2026-03-19,4693.73,Cash
7674,62,2026-02-11,2765.77,Cash
7675,277,2025-05-18,4377.88,Bank Transfer
7676,395,2024-07-12,2296.99,Bank Transfer
7677,55,2024-06-27,3639.23,Cash
7678,13,2024-06-14,4850.07,Insurance
7679,324,2026-01-21,2224.95,Bank Transfer
7680,351,2026-02-09,2589.11,Cash
7681,422,2025-06-18,2870.51,Bank Transfer
7682,67,2026-02-13,195.63,Credit Card
7683,443,2024-10-28,2703.29,Insurance
7684,258,2024-05-12,4443.06,Cash
7685,430,2024-06-13,3764.85,Credit Card
7686,179,2024-07-18,3902.03,Insurance
7687,179,2024-11-21,789.05,Cash
7688,161,2024-07-12,4061.37,Bank Transfer
7689,434,2025-06-20,357.64,Cash
7690,90,2024-12-27,556.89,Insurance
7691,398,2024-04-28,1988.06,Cash
7692,309,2024-12-13,3588.23,Insurance
7693,235,2024-06-04,988.60,Cash
7694,390,2025-11-03,4410.47,Bank Transfer
7695,55,2025-07-13,1867.06,Cash
7696,228,2024-03-12,4152.72,Cash
7697,107,2025-05-29,4861.41,Bank Transfer
7698,35,2024-09-23,2208.86,Bank Transfer
7699,149,2025-04-17,2028.56,Other
7700,142,2025-07-03,3487.33,Other
7701,401,2026-02-27,1647.81,Bank Transfer
7702,395,2025-12-25,3649.75,Insurance
7703,92,2024-01-02,2156.87,Other
7704,423,2024-08-24,3549.63,Bank Transfer
7705,400,2025-06-06,4392.22,Insurance
7706,109,2025-04-11,134.09,Credit Card
7707,56,2025-12-24,3004.04,Insurance
7708,408,2024-05-03,2418.64,Bank Transfer
7709,103,2024-05-21,3974.74,Bank Transfer
7710,369,2024-03-26,2429.22,Credit Card
7711,185,2025-01-06,643.68,Bank Transfer
7712,284,2025-06-04,1674.56,Cash
7713,278,2024-07-04,2947.10,Other
7714,8,2025-09-18,509.27,Cash
7715,29,2024-06-23,1923.36,Other
7716,349,2024-02-10,114.44,Cash
7717,309,2025-08-19,199.18,Credit Card
7718,291,2024-10-05,2826.77,Other
7719,127,2024-11-08,51.88,Credit Card
7720,308,2024-02-07,2146.06,Cash
7721,232,2025-11-03,2401.07,Cash
7722,464,2025-06-29,4686.44,Insurance
7723,91,2025-09-01,2456.90,Credit Card
7724,134,2024-11-17,322.19,Bank Transfer
7725,280,2026-02-22,3167.20,Credit Card
7726,341,2024-02-14,898.61,Bank Transfer
7727,465,2025-02-13,3367.53,Other
7728,146,2025-10-05,4154.22,Credit Card
7729,315,2025-10-08,3811.76,Insurance
7730,149,2024-07-03,786.73,Insurance
7731,252,2025-08-30,4958.06,Other
7732,114,2024-01-10,1581.13,Credit Card
7733,54,2024-10-08,1640.21,Other
7734,83,2024-07-20,1237.59,Cash
7735,111,2026-01-05,4426.94,Cash
7736,433,2025-08-30,1131.09,Insurance
7737,457,2025-10-13,2593.83,Credit Card
7738,70,2025-02-10,2357.70,Credit Card
7739,127,2024-12-17,2129.28,Cash
7740,306,2024-10-21,1000.46,Cash
7741,145,2025-05-17,4077.59,Insurance
7742,71,2025-08-23,2265.56,Other
7743,77,2024-09-10,1818.88,Credit Card
7744,493,2024-03-13,4632.04,Bank Transfer
7745,150,2024-11-11,3546.14,Insurance
7746,308,2024-02-13,1529.60,Other
7747,103,2024-12-09,1990.08,Bank Transfer
7748,251,2024-04-11,4077.16,Insurance
7749,284,2025-10-21,2658.99,Cash
7750,440,2025-04-28,2315.47,Cash
7751,493,2025-07-12,3698.81,Other
7752,201,2025-01-10,1338.62,Insurance
7753,186,2024-01-28,306.18,Credit Card
7754,190,2025-02-16,3633.33,Cash
7755,153,2026-02-20,216.98,Insurance
7756,57,2024-09-15,4288.41,Cash
7757,364,2024-01-24,1622.88,Credit Card
7758,170,2026-01-31,3973.09,Cash
7759,98,2025-03-29,546.54,Credit Card
7760,364,2024-09-24,4461.90,Other
7761,323,2025-05-17,3516.15,Other
7762,77,2026-03-17,809.54,Cash
7763,31,2026-01-05,4450.23,Cash
7764,226,2025-04-01,2732.12,Bank Transfer
7765,456,2025-11-18,2560.63,Bank Transfer
7766,313,2025-10-05,3015.04,Other
7767,90,2025-06-10,2965.94,Credit Card
7768,61,2026-03-10,4306.80,Insurance
7769,428,2025-08-24,4224.59,Cash
7770,480,2024-08-20,4853.44,Credit Card
7771,134,2025-05-17,4832.65,Other
7772,221,2024-06-01,2076.98,Insurance
7773,403,2024-03-26,3620.51,Cash
7774,170,2025-10-29,3254.84,Cash
7775,273,2025-02-25,156.57,Cash
7776,122,2024-11-30,4907.57,Other
7777,7,2025-11-02,2519.21,Insurance
7778,36,2024-04-08,3504.02,Bank Transfer
7779,12,2025-12-02,2346.28,Insurance
7780,11,2024-08-24,1540.97,Insurance
7781,11,2024-02-04,2554.36,Insurance
7782,98,2025-05-09,4719.56,Insurance
7783,405,2024-10-16,1906.95,Credit Card
7784,340,2024-12-21,264.06,Insurance
7785,134,2025-04-13,2205.20,Cash
7786,289,2025-07-14,4196.91,Credit Card
7787,483,2026-01-26,2739.46,Credit Card
7788,381,2025-12-04,1630.08,Credit Card
7789,7,2024-03-17,1994.35,Bank Transfer
7790,290,2025-03-29,353.54,Cash
7791,303,2025-08-24,685.37,Insurance
7792,168,2024-05-02,561.62,Cash
7793,130,2024-10-29,4292.24,Cash
7794,448,2024-07-15,1462.96,Other
7795,417,2025-04-12,1630.05,Insurance
7796,227,2024-07-25,4532.29,Cash
7797,375,2024-04-18,3840.17,Cash
7798,239,2025-01-28,1958.52,Credit Card
7799,226,2025-09-18,503.86,Credit Card
7800,213,2024-03-18,1752.16,Cash
7801,485,2025-09-26,2590.53,Bank Transfer
7802,206,2025-09-08,4357.24,Cash
7803,118,2025-08-27,4409.14,Bank Transfer
7804,287,2024-05-04,336.22,Credit Card
7805,98,2024-11-15,3214.67,Credit Card
7806,394,2025-08-10,985.31,Insurance
7807,159,2026-01-08,692.16,Cash
7808,222,2025-01-05,4868.01,Other
7809,50,2024-03-27,1837.45,Insurance
7810,398,2026-02-12,2844.82,Cash
7811,481,2024-07-22,1965.70,Insurance
7812,341,2025-06-18,3285.66,Bank Transfer
7813,127,2025-03-29,3053.94,Other
7814,31,2025-02-03,4448.59,Other
7815,462,2025-01-26,3364.67,Credit Card
7816,134,2025-06-18,418.46,Credit Card
7817,314,2025-05-19,564.14,Cash
7818,48,2025-11-27,1670.91,Other
7819,417,2024-06-21,1672.32,Other
7820,150,2024-08-05,1429.33,Credit Card
7821,48,2026-01-20,630.55,Credit Card
7822,49,2025-12-10,2754.20,Credit Card
7823,276,2025-06-21,3751.55,Credit Card
7824,301,2024-04-06,1333.80,Bank Transfer
7825,451,2025-04-24,266.91,Bank Transfer
7826,472,2024-10-16,4570.66,Credit Card
7827,91,2024-04-05,811.54,Other
7828,360,2025-01-02,3287.98,Bank Transfer
7829,99,2024-05-24,4563.24,Bank Transfer
7830,150,2025-12-26,1115.53,Other
7831,94,2024-06-27,345.04,Insurance
7832,264,2025-10-28,3222.06,Cash
7833,170,2026-01-11,4465.01,Other
7834,299,2025-07-24,3479.66,Other
7835,364,2024-10-03,3668.36,Cash
7836,382,2025-07-07,3455.23,Cash
7837,208,2025-10-05,4997.41,Credit Card
7838,125,2026-02-22,4896.84,Insurance
7839,300,2024-09-07,1892.42,Cash
7840,238,2024-08-10,2589.36,Cash
7841,163,2024-08-11,1478.85,Credit Card
7842,186,2025-03-10,2412.89,Other
7843,147,2024-03-14,1757.03,Cash
7844,456,2025-09-22,1543.14,Cash
7845,228,2024-10-10,1868.01,Insurance
7846,101,2025-05-15,2800.31,Cash
7847,62,2025-06-16,2447.92,Cash
7848,368,2024-11-29,493.56,Cash
7849,3,2025-02-09,985.57,Cash
7850,304,2025-03-04,4007.75,Cash
7851,90,2025-10-22,4632.14,Other
7852,85,2025-01-21,4022.17,Credit Card
7853,392,2025-01-31,595.18,Cash
7854,188,2025-03-25,2988.43,Insurance
7855,209,2024-10-21,4632.47,Credit Card
7856,240,2025-06-27,3588.38,Bank Transfer
7857,19,2025-04-08,4575.16,Cash
7858,329,2025-10-10,4633.37,Insurance
7859,192,2024-12-22,824.95,Cash
7860,400,2024-09-06,4184.82,Bank Transfer
7861,324,2024-01-21,571.51,Credit Card
7862,86,2025-08-05,77.98,Cash
7863,404,2024-04-15,3780.54,Credit Card
7864,414,2024-09-29,3091.78,Bank Transfer
7865,55,2025-10-07,4806.92,Other
7866,466,2024-06-03,738.34,Credit Card
7867,443,2024-03-26,3777.81,Bank Transfer
7868,39,2024-04-15,266.24,Other
7869,456,2024-01-01,3518.71,Other
7870,290,2024-12-17,4633.16,Insurance
7871,209,2025-01-16,3025.74,Credit Card
7872,176,2025-02-09,4171.18,Bank Transfer
7873,444,2024-02-29,170.71,Cash
7874,155,2025-11-22,1783.75,Other
7875,201,2024-01-12,2042.16,Other
7876,80,2024-03-30,2443.37,Bank Transfer
7877,135,2025-05-18,3629.75,Insurance
7878,129,2025-09-06,3358.14,Bank Transfer
7879,89,2024-05-22,1518.33,Other
7880,136,2025-11-07,3050.03,Other
7881,297,2025-03-29,2025.07,Credit Card
7882,292,2024-05-03,1922.80,Cash
7883,230,2025-02-08,2865.79,Cash
7884,355,2025-03-04,1663.21,Other
7885,238,2024-01-28,3754.81,Cash
7886,179,2024-05-09,4634.00,Bank Transfer
7887,27,2026-02-14,4058.48,Credit Card
7888,388,2024-12-10,1519.56,Insurance
7889,228,2025-06-22,4928.83,Bank Transfer
7890,114,2024-01-27,1419.83,Bank Transfer
7891,199,2025-04-21,3899.08,Bank Transfer
7892,331,2025-08-15,2589.68,Cash
7893,285,2025-10-05,4149.09,Credit Card
7894,431,2024-05-19,3217.68,Credit Card
7895,102,2024-11-22,93.31,Other
7896,476,2025-11-02,4898.57,Cash
7897,446,2024-04-27,679.03,Insurance
7898,134,2025-06-08,4622.04,Cash
7899,197,2024-05-26,2131.18,Other
7900,272,2025-01-11,908.92,Cash
7901,174,2025-03-13,3346.20,Cash
7902,171,2025-12-11,2899.27,Other
7903,375,2026-01-25,1008.31,Cash
7904,296,2025-04-18,3849.79,Insurance
7905,192,2025-02-07,1072.70,Other
7906,76,2025-01-15,2073.97,Cash
7907,81,2026-03-02,2653.13,Insurance
7908,47,2025-12-16,3127.82,Insurance
7909,406,2025-07-04,513.66,Other
7910,289,2026-03-19,626.61,Credit Card
7911,332,2024-02-10,2746.75,Bank Transfer
7912,17,2024-06-28,4760.30,Other
7913,299,2024-08-26,4196.84,Bank Transfer
7914,331,2026-01-11,138.53,Credit Card
7915,33,2025-09-16,154.14,Bank Transfer
7916,234,2025-07-23,4518.28,Other
7917,82,2024-11-20,2642.69,Credit Card
7918,95,2024-01-20,2586.25,Insurance
7919,183,2024-05-09,4038.27,Insurance
7920,256,2024-10-26,4184.84,Insurance
7921,25,2024-07-03,1799.93,Insurance
7922,458,2024-08-25,2401.62,Other
7923,488,2024-04-05,494.64,Insurance
7924,302,2024-02-24,3438.32,Insurance
7925,77,2025-03-28,1252.94,Other
7926,190,2025-01-16,4220.20,Insurance
7927,387,2025-04-17,2968.50,Insurance
7928,137,2025-07-23,4659.58,Cash
7929,268,2025-01-04,866.13,Credit Card
7930,269,2025-03-02,477.02,Other
7931,271,2024-05-08,2223.86,Insurance
7932,401,2024-01-07,1918.29,Insurance
7933,223,2025-06-05,838.07,Other
7934,465,2025-09-07,3840.91,Insurance
7935,76,2025-06-19,931.89,Bank Transfer
7936,54,2026-01-21,3507.81,Other
7937,237,2025-05-28,3657.67,Insurance
7938,260,2024-02-14,1352.61,Other
7939,276,2025-05-16,2580.14,Other
7940,83,2024-12-01,4030.83,Other
7941,203,2025-03-26,3471.09,Bank Transfer
7942,63,2025-09-12,1819.84,Cash
7943,321,2025-01-07,2389.90,Insurance
7944,224,2024-06-23,2051.27,Insurance
7945,237,2024-06-28,4042.91,Other
7946,71,2025-01-03,2453.99,Bank Transfer
7947,171,2024-12-10,4534.93,Bank Transfer
7948,221,2025-01-04,3052.74,Other
7949,118,2024-03-07,1379.59,Cash
7950,305,2025-08-31,4839.52,Credit Card
7951,82,2024-04-15,2730.85,Credit Card
7952,55,2025-10-24,4980.79,Credit Card
7953,24,2024-11-30,3340.00,Insurance
7954,393,2025-01-12,1351.67,Credit Card
7955,417,2024-08-24,3359.78,Other
7956,23,2025-03-11,2522.23,Other
7957,54,2025-05-19,1458.99,Bank Transfer
7958,484,2024-03-25,2591.22,Insurance
7959,320,2025-04-22,3739.35,Insurance
7960,194,2025-11-15,4576.67,Insurance
7961,52,2026-03-06,2287.83,Bank Transfer
7962,444,2026-01-20,669.79,Cash
7963,315,2025-04-12,3512.59,Other
7964,193,2024-04-20,4787.34,Credit Card
7965,336,2026-03-10,4417.13,Other
7966,118,2024-10-07,4636.61,Bank Transfer
7967,341,2025-11-11,2924.42,Cash
7968,25,2024-10-31,1563.84,Cash
7969,277,2025-01-01,3179.75,Cash
7970,379,2026-02-13,2174.03,Credit Card
7971,5,2025-05-25,4720.07,Other
7972,266,2024-11-10,1230.45,Insurance
7973,120,2024-10-10,2654.75,Cash
7974,166,2026-01-07,2170.69,Other
7975,262,2025-04-29,3030.93,Credit Card
7976,150,2024-02-01,4505.33,Bank Transfer
7977,284,2025-02-06,3043.17,Credit Card
7978,278,2025-12-28,1359.82,Credit Card
7979,244,2024-01-17,2240.11,Insurance
7980,15,2024-08-22,4329.21,Credit Card
7981,421,2024-02-22,3839.43,Cash
7982,144,2024-03-08,605.10,Credit Card
7983,467,2025-01-31,3176.12,Insurance
7984,355,2024-02-14,3901.38,Other
7985,86,2025-12-29,3649.28,Insurance
7986,318,2025-03-27,4493.85,Bank Transfer
7987,427,2025-10-21,2026.55,Cash
7988,397,2024-12-17,4396.35,Bank Transfer
7989,461,2024-06-21,50.78,Cash
7990,332,2024-03-03,2688.71,Cash
7991,491,2024-02-07,360.15,Credit Card
7992,215,2024-01-05,3460.83,Credit Card
7993,32,2024-04-30,652.00,Other
7994,5,2025-01-27,4172.38,Other
7995,246,2024-01-05,3762.31,Other
7996,21,2025-08-19,318.05,Bank Transfer
7997,84,2024-09-08,790.86,Insurance
7998,377,2025-10-15,4234.73,Credit Card
7999,361,2024-10-14,1778.42,Bank Transfer
8000,174,2024-02-06,3192.02,Bank Transfer
8001,397,2024-02-04,3531.95,Other
8002,349,2024-10-27,4031.14,Bank Transfer
8003,434,2025-09-04,749.77,Cash
8004,86,2024-03-05,4796.10,Other
8005,330,2024-11-30,3926.91,Cash
8006,242,2025-02-27,4512.41,Credit Card
8007,176,2025-08-04,1120.15,Bank Transfer
8008,216,2024-05-05,4622.12,Other
8009,401,2024-07-26,3458.66,Insurance
8010,21,2024-05-07,3930.49,Insurance
8011,431,2025-05-06,1564.86,Cash
8012,328,2025-03-07,4579.66,Insurance
8013,78,2024-04-29,1467.46,Bank Transfer
8014,373,2025-07-31,2597.19,Other
8015,421,2025-12-16,3150.41,Bank Transfer
8016,246,2025-10-23,442.35,Other
8017,355,2024-08-16,2135.27,Cash
8018,253,2025-11-23,1643.73,Other
8019,88,2025-11-19,4224.73,Insurance
8020,274,2026-02-23,366.86,Bank Transfer
8021,343,2024-04-29,4708.79,Bank Transfer
8022,338,2024-01-31,4595.01,Bank Transfer
8023,172,2025-04-11,118.68,Bank Transfer
8024,346,2024-01-17,4308.93,Insurance
8025,98,2025-10-18,1174.98,Bank Transfer
8026,300,2024-04-02,560.88,Credit Card
8027,270,2025-10-02,2133.14,Cash
8028,118,2024-05-02,3821.22,Other
8029,265,2024-08-03,3073.32,Bank Transfer
8030,230,2024-02-06,497.70,Cash
8031,50,2025-03-13,477.56,Other
8032,318,2026-02-01,3584.63,Bank Transfer
8033,422,2025-08-10,1520.88,Credit Card
8034,178,2025-12-10,1285.67,Credit Card
8035,447,2025-01-04,1223.15,Cash
8036,314,2024-11-03,818.84,Insurance
8037,184,2025-09-30,4151.18,Other
8038,462,2024-11-27,3274.28,Bank Transfer
8039,492,2024-10-08,68.04,Cash
8040,375,2025-08-22,2930.70,Other
8041,311,2024-06-08,3290.15,Other
8042,72,2024-04-28,3241.42,Bank Transfer
8043,439,2025-08-16,3876.74,Insurance
8044,97,2024-01-12,2548.10,Other
8045,357,2025-12-12,2419.66,Insurance
8046,71,2025-11-03,4119.61,Cash
8047,278,2025-05-27,1182.56,Other
8048,489,2025-10-09,2970.26,Credit Card
8049,155,2025-08-23,4921.90,Cash
8050,92,2025-02-01,1162.71,Other
8051,378,2025-03-03,1474.67,Credit Card
8052,189,2024-10-28,1327.38,Other
8053,332,2025-05-12,110.26,Bank Transfer
8054,443,2024-11-22,1487.40,Credit Card
8055,274,2025-07-13,4317.20,Credit Card
8056,124,2025-10-24,3651.68,Cash
8057,290,2024-05-03,2257.23,Other
8058,356,2025-08-02,1637.25,Insurance
8059,439,2024-11-08,4513.71,Other
8060,74,2025-03-14,2510.71,Credit Card
8061,287,2024-06-11,2232.13,Other
8062,266,2025-04-08,1913.05,Cash
8063,239,2025-08-11,2794.05,Cash
8064,24,2024-12-30,653.48,Credit Card
8065,56,2024-11-10,2212.75,Credit Card
8066,298,2025-10-01,1134.27,Other
8067,193,2026-01-30,3386.41,Bank Transfer
8068,184,2025-05-31,2452.89,Credit Card
8069,197,2026-03-16,1277.96,Insurance
8070,77,2025-06-21,1688.96,Other
8071,148,2025-10-23,3992.17,Other
8072,38,2024-04-18,4113.01,Bank Transfer
8073,432,2025-01-16,2460.87,Other
8074,369,2025-04-15,1155.91,Other
8075,453,2025-02-22,4698.29,Other
8076,16,2025-01-10,289.68,Insurance
8077,155,2024-11-16,527.19,Bank Transfer
8078,92,2024-10-27,2339.71,Cash
8079,498,2025-06-23,3716.48,Cash
8080,415,2024-01-20,3285.45,Cash
8081,389,2024-07-22,55.70,Cash
8082,126,2024-12-15,3315.44,Insurance
8083,167,2024-04-10,2345.79,Credit Card
8084,272,2025-02-06,1148.21,Bank Transfer
8085,320,2024-11-09,3999.23,Other
8086,253,2026-03-08,3501.56,Credit Card
8087,218,2026-02-14,4931.72,Cash
8088,459,2024-05-31,3058.03,Bank Transfer
8089,369,2025-10-21,3512.35,Bank Transfer
8090,376,2025-07-11,959.01,Other
8091,37,2024-10-29,3773.53,Cash
8092,239,2026-01-23,879.11,Insurance
8093,16,2024-03-26,2800.29,Cash
8094,108,2025-06-10,2810.33,Credit Card
8095,59,2025-05-11,3388.73,Other
8096,126,2025-02-16,60.15,Other
8097,195,2025-03-08,4251.20,Other
8098,385,2026-02-24,1402.95,Bank Transfer
8099,280,2025-05-19,2950.01,Other
8100,125,2024-03-30,2286.92,Credit Card
8101,476,2024-05-17,693.20,Insurance
8102,436,2024-06-28,1429.80,Other
8103,16,2025-04-19,4889.98,Insurance
8104,146,2024-08-10,1712.58,Other
8105,348,2025-01-07,1953.71,Credit Card
8106,439,2026-03-10,680.96,Insurance
8107,381,2024-09-28,4780.53,Credit Card
8108,457,2026-02-23,1483.66,Cash
8109,495,2024-12-04,133.23,Bank Transfer
8110,29,2025-08-20,4164.71,Bank Transfer
8111,22,2025-07-26,3171.64,Bank Transfer
8112,179,2024-02-28,1020.09,Insurance
8113,416,2024-08-26,1896.54,Other
8114,92,2025-10-29,1950.76,Other
8115,89,2024-12-17,3502.16,Credit Card
8116,219,2024-03-10,2384.99,Cash
8117,188,2024-09-18,479.98,Other
8118,334,2024-05-19,4431.59,Credit Card
8119,478,2025-12-04,2560.97,Cash
8120,29,2024-05-26,385.68,Credit Card
8121,220,2026-02-07,3273.63,Credit Card
8122,309,2025-08-15,2861.88,Credit Card
8123,107,2024-06-07,4659.36,Other
8124,349,2025-05-31,3585.67,Bank Transfer
8125,497,2025-11-24,3239.73,Bank Transfer
8126,49,2024-06-13,774.97,Insurance
8127,334,2025-12-04,3314.17,Insurance
8128,417,2025-07-01,2123.86,Cash
8129,485,2025-04-02,4647.76,Insurance
8130,149,2024-10-22,3260.39,Credit Card
8131,391,2024-01-04,4569.43,Cash
8132,253,2025-05-15,559.50,Bank Transfer
8133,346,2025-08-09,3078.21,Credit Card
8134,466,2024-09-09,485.74,Other
8135,318,2025-08-20,2526.78,Cash
8136,46,2025-06-04,3711.32,Cash
8137,178,2024-10-02,680.74,Cash
8138,450,2024-04-13,3291.22,Insurance
8139,468,2024-05-23,1799.56,Insurance
8140,139,2025-06-09,4850.84,Bank Transfer
8141,203,2025-02-15,3542.33,Bank Transfer
8142,198,2026-01-03,1660.95,Cash
8143,186,2025-04-07,1601.04,Cash
8144,292,2024-09-30,1199.23,Credit Card
8145,173,2024-10-10,2531.35,Bank Transfer
8146,341,2024-01-10,4734.86,Bank Transfer
8147,380,2026-02-07,4994.46,Cash
8148,185,2024-11-09,3977.47,Bank Transfer
8149,231,2025-12-08,4159.16,Bank Transfer
8150,441,2026-02-03,4487.50,Bank Transfer
8151,217,2025-01-14,1117.09,Credit Card
8152,175,2024-11-03,3288.76,Credit Card
8153,390,2025-05-28,2829.89,Credit Card
8154,362,2024-06-05,2135.26,Credit Card
8155,292,2025-05-06,3253.94,Bank Transfer
8156,397,2025-07-28,170.50,Bank Transfer
8157,234,2025-08-31,2149.30,Other
8158,231,2025-11-16,4110.67,Credit Card
8159,389,2024-12-18,857.05,Cash
8160,267,2025-07-17,3046.59,Insurance
8161,443,2024-04-02,471.43,Other
8162,229,2025-03-19,4865.73,Cash
8163,84,2025-06-14,4481.31,Insurance
8164,218,2026-01-06,4138.07,Bank Transfer
8165,125,2025-01-08,4960.22,Other
8166,40,2025-07-17,4168.16,Other
8167,424,2025-07-16,1803.41,Insurance
8168,317,2024-04-19,3306.19,Credit Card
8169,42,2024-09-28,2626.41,Other
8170,275,2024-06-17,3197.99,Other
8171,363,2024-12-31,1757.04,Bank Transfer
8172,53,2024-01-30,3896.09,Other
8173,126,2024-09-15,2050.55,Insurance
8174,121,2024-02-20,2555.90,Other
8175,482,2024-01-07,1336.69,Cash
8176,271,2024-04-04,904.36,Insurance
8177,395,2024-05-11,4249.33,Bank Transfer
8178,221,2024-01-15,253.05,Cash
8179,46,2025-01-09,2203.95,Insurance
8180,121,2025-10-08,646.35,Cash
8181,14,2026-01-21,4538.50,Other
8182,137,2025-07-11,1882.78,Insurance
8183,360,2025-09-13,3251.49,Credit Card
8184,441,2025-09-09,3444.13,Credit Card
8185,427,2025-06-14,551.58,Credit Card
8186,129,2024-01-20,564.94,Bank Transfer
8187,252,2025-02-19,1961.39,Insurance
8188,142,2025-07-15,1358.44,Cash
8189,425,2024-12-05,3093.92,Cash
8190,59,2024-11-02,1634.28,Other
8191,476,2025-03-29,3297.98,Cash
8192,234,2025-11-10,1054.19,Cash
8193,141,2024-07-11,3384.18,Cash
8194,476,2026-02-24,4394.08,Credit Card
8195,259,2025-03-31,4394.77,Cash
8196,465,2025-07-31,995.52,Cash
8197,376,2025-02-24,3586.92,Cash
8198,247,2024-08-19,1737.14,Bank Transfer
8199,341,2025-09-25,3103.85,Cash
8200,452,2025-05-04,2412.45,Credit Card
8201,442,2024-04-26,2172.50,Bank Transfer
8202,31,2024-03-21,4045.83,Credit Card
8203,165,2025-07-31,1743.77,Bank Transfer
8204,185,2024-10-02,2301.39,Insurance
8205,72,2025-06-30,4517.74,Cash
8206,257,2025-09-03,3793.66,Credit Card
8207,254,2024-06-07,1637.92,Bank Transfer
8208,418,2025-03-15,578.42,Other
8209,307,2025-07-29,1044.93,Insurance
8210,343,2024-11-19,136.22,Bank Transfer
8211,284,2024-05-07,3781.35,Cash
8212,468,2024-06-22,2511.11,Credit Card
8213,204,2024-10-10,3591.56,Bank Transfer
8214,360,2025-05-02,2020.00,Cash
8215,185,2024-05-23,4080.15,Credit Card
8216,98,2025-11-30,4481.26,Bank Transfer
8217,159,2024-07-20,4518.89,Bank Transfer
8218,242,2025-05-08,2799.71,Cash
8219,61,2024-11-22,901.88,Cash
8220,251,2024-10-30,2690.56,Other
8221,366,2025-09-27,1118.67,Other
8222,467,2025-06-18,979.52,Insurance
8223,369,2025-07-19,3789.90,Insurance
8224,307,2024-04-24,4949.28,Insurance
8225,461,2025-02-13,4788.27,Other
8226,329,2024-03-23,1452.48,Bank Transfer
8227,181,2024-01-18,4290.53,Credit Card
8228,92,2025-12-28,1019.92,Credit Card
8229,135,2025-10-11,2574.42,Other
8230,58,2026-02-20,1313.93,Credit Card
8231,251,2024-09-27,684.79,Bank Transfer
8232,259,2025-07-31,559.15,Other
8233,195,2024-11-24,1534.00,Other
8234,78,2025-05-08,4721.76,Insurance
8235,360,2024-07-07,166.01,Cash
8236,224,2025-06-03,4039.21,Credit Card
8237,312,2025-12-12,1370.63,Bank Transfer
8238,62,2025-06-20,4377.37,Cash
8239,149,2025-06-21,2955.24,Cash
8240,6,2025-01-31,148.33,Insurance
8241,7,2025-06-22,3551.51,Insurance
8242,65,2024-10-01,202.85,Credit Card
8243,287,2024-08-08,4721.80,Credit Card
8244,324,2024-02-23,203.07,Other
8245,94,2025-04-25,1131.99,Other
8246,165,2024-06-05,2813.07,Other
8247,431,2024-07-01,4238.23,Insurance
8248,13,2024-05-25,3580.27,Insurance
8249,347,2025-05-23,831.23,Other
8250,86,2024-12-27,2472.92,Cash
8251,410,2025-01-03,2289.84,Credit Card
8252,371,2024-05-05,4770.13,Bank Transfer
8253,124,2025-02-19,1172.93,Insurance
8254,276,2026-02-27,1943.55,Other
8255,22,2024-08-13,1993.54,Other
8256,448,2024-10-14,1236.93,Insurance
8257,275,2024-06-18,841.25,Other
8258,264,2025-11-01,981.71,Credit Card
8259,211,2025-08-20,415.81,Bank Transfer
8260,226,2024-04-20,2405.99,Credit Card
8261,6,2024-02-22,3476.38,Cash
8262,323,2025-01-11,1925.69,Bank Transfer
8263,42,2024-11-25,2788.55,Insurance
8264,281,2025-08-16,4708.35,Insurance
8265,434,2024-11-09,2629.51,Other
8266,233,2024-11-20,4530.64,Other
8267,378,2024-08-01,4581.16,Credit Card
8268,387,2024-04-09,4991.11,Credit Card
8269,344,2025-09-25,139.92,Credit Card
8270,465,2024-03-29,1666.86,Insurance
8271,123,2025-10-14,4625.85,Cash
8272,274,2024-08-02,3524.73,Cash
8273,438,2026-01-07,1918.58,Credit Card
8274,73,2025-05-30,2372.20,Bank Transfer
8275,242,2024-08-26,4887.00,Cash
8276,440,2024-01-16,2987.54,Credit Card
8277,31,2024-10-28,2627.28,Cash
8278,209,2024-04-07,364.66,Credit Card
8279,220,2024-06-25,2807.35,Bank Transfer
8280,245,2026-03-16,3226.07,Cash
8281,191,2025-07-10,3758.16,Other
8282,389,2025-02-21,2388.51,Other
8283,213,2024-12-22,839.61,Insurance
8284,335,2024-09-02,4268.56,Cash
8285,85,2025-11-17,4186.25,Insurance
8286,315,2025-06-22,279.58,Credit Card
8287,71,2025-10-19,3393.63,Credit Card
8288,289,2026-02-02,3675.54,Other
8289,389,2025-02-20,2200.87,Credit Card
8290,295,2024-01-22,2907.81,Credit Card
8291,234,2024-10-15,382.90,Credit Card
8292,280,2024-08-02,3613.55,Cash
8293,337,2025-03-28,1757.00,Insurance
8294,249,2024-08-06,3771.60,Bank Transfer
8295,24,2025-11-30,2689.67,Credit Card
8296,356,2024-01-11,4219.53,Bank Transfer
8297,253,2025-11-04,3392.94,Credit Card
8298,12,2024-04-07,2984.41,Bank Transfer
8299,295,2025-11-19,187.00,Insurance
8300,144,2025-06-06,4883.34,Credit Card
8301,143,2024-04-11,4349.80,Credit Card
8302,329,2024-08-09,1795.09,Insurance
8303,76,2024-02-01,2395.86,Cash
8304,413,2025-10-22,2962.14,Cash
8305,139,2025-12-27,2444.69,Bank Transfer
8306,380,2024-05-23,2365.13,Credit Card
8307,26,2025-06-12,2873.29,Bank Transfer
8308,276,2025-12-03,100.90,Cash
8309,337,2024-04-17,1835.78,Cash
8310,238,2024-10-17,3328.28,Other
8311,259,2025-02-23,705.96,Cash
8312,209,2025-07-03,4732.25,Insurance
8313,126,2025-02-23,4981.82,Credit Card
8314,321,2025-07-01,3002.32,Cash
8315,394,2025-01-16,857.99,Bank Transfer
8316,302,2025-06-17,3841.39,Credit Card
8317,331,2024-03-04,4374.46,Other
8318,325,2024-02-12,396.98,Insurance
8319,367,2026-02-21,2032.52,Cash
8320,186,2024-03-12,2342.26,Insurance
8321,226,2026-02-12,3794.79,Credit Card
8322,344,2024-10-15,1085.29,Insurance
8323,202,2025-10-02,2122.46,Insurance
8324,319,2025-06-22,3302.76,Bank Transfer
8325,324,2025-03-17,4549.34,Cash
8326,112,2024-09-03,1822.90,Bank Transfer
8327,197,2025-06-01,3898.81,Cash
8328,360,2024-04-14,1637.71,Credit Card
8329,230,2025-02-19,1779.14,Other
8330,410,2025-02-06,216.26,Cash
8331,233,2025-01-05,4389.84,Other
8332,176,2025-02-22,3061.07,Credit Card
8333,425,2026-02-08,3497.08,Insurance
8334,461,2024-08-26,4441.44,Credit Card
8335,419,2024-06-26,2961.27,Cash
8336,312,2024-09-22,4940.61,Bank Transfer
8337,355,2025-05-11,4507.65,Credit Card
8338,333,2024-09-18,1131.83,Credit Card
8339,307,2025-08-18,3878.26,Cash
8340,90,2024-09-07,2098.98,Cash
8341,224,2024-04-30,3054.46,Insurance
8342,367,2025-11-13,3666.44,Cash
8343,203,2024-05-02,3088.12,Insurance
8344,446,2025-07-01,3652.00,Cash
8345,282,2025-04-21,4023.32,Cash
8346,211,2025-01-28,3290.25,Other
8347,493,2024-07-24,1371.54,Cash
8348,29,2024-12-03,4269.75,Bank Transfer
8349,196,2025-05-14,3834.49,Credit Card
8350,136,2024-05-11,4857.43,Bank Transfer
8351,68,2024-02-05,4685.25,Insurance
8352,450,2026-02-07,2587.82,Bank Transfer
8353,92,2025-10-10,2338.30,Insurance
8354,477,2025-11-16,363.83,Insurance
8355,433,2024-12-17,4409.51,Insurance
8356,416,2024-11-08,2807.79,Insurance
8357,423,2025-03-27,3744.06,Cash
8358,135,2024-08-14,2093.69,Other
8359,295,2024-08-24,4226.21,Cash
8360,237,2024-11-18,4487.82,Other
8361,483,2024-01-12,4419.82,Other
8362,321,2025-05-03,3463.86,Cash
8363,31,2024-06-08,1874.96,Other
8364,285,2024-06-24,2811.73,Insurance
8365,24,2024-06-20,3771.49,Credit Card
8366,121,2024-09-25,1492.46,Cash
8367,491,2024-01-02,900.00,Cash
8368,38,2024-08-17,2835.79,Cash
8369,211,2024-01-26,3179.28,Other
8370,477,2024-05-22,786.41,Other
8371,448,2025-09-18,4668.55,Insurance
8372,1,2026-01-29,4666.20,Other
8373,447,2025-05-13,4637.02,Insurance
8374,126,2024-09-03,785.15,Credit Card
8375,469,2024-08-15,3341.71,Cash
8376,462,2024-01-13,806.76,Credit Card
8377,88,2025-07-09,3491.38,Credit Card
8378,62,2024-05-24,1374.80,Cash
8379,200,2024-05-21,695.83,Cash
8380,248,2024-11-06,3724.77,Insurance
8381,23,2024-01-23,2034.94,Other
8382,351,2025-06-08,2543.48,Credit Card
8383,129,2025-04-09,3469.48,Other
8384,13,2025-10-13,4326.37,Credit Card
8385,304,2024-01-16,4328.93,Credit Card
8386,238,2025-02-14,2950.09,Other
8387,298,2024-01-23,4145.61,Bank Transfer
8388,460,2024-11-18,281.95,Other
8389,96,2024-01-17,4193.99,Credit Card
8390,397,2026-02-23,2191.51,Other
8391,68,2025-04-13,2777.76,Other
8392,252,2024-06-14,4332.63,Bank Transfer
8393,110,2025-08-13,2652.85,Insurance
8394,149,2024-11-19,1166.97,Bank Transfer
8395,27,2024-03-17,3747.26,Insurance
8396,278,2024-09-30,3779.36,Cash
8397,468,2025-07-03,1753.67,Bank Transfer
8398,102,2024-05-26,3258.84,Insurance
8399,405,2024-12-05,4784.65,Credit Card
8400,61,2024-05-29,4940.41,Other
8401,123,2026-02-18,3851.84,Credit Card
8402,498,2025-04-05,3063.06,Insurance
8403,323,2024-11-19,4858.08,Bank Transfer
8404,173,2025-04-07,1227.48,Other
8405,380,2024-12-02,1398.68,Credit Card
8406,430,2024-05-18,1204.97,Insurance
8407,480,2024-03-14,2113.36,Bank Transfer
8408,94,2024-08-16,208.99,Other
8409,35,2025-09-03,3361.56,Credit Card
8410,351,2026-02-04,1002.23,Bank Transfer
8411,315,2024-11-02,1699.10,Cash
8412,129,2024-12-30,3898.95,Bank Transfer
8413,75,2025-11-02,4959.44,Bank Transfer
8414,86,2025-02-27,3428.97,Credit Card
8415,266,2025-10-25,3871.45,Other
8416,485,2024-01-13,3242.70,Insurance
8417,371,2024-04-26,1280.79,Other
8418,395,2025-05-01,3522.51,Credit Card
8419,338,2025-11-10,4075.78,Bank Transfer
8420,149,2026-01-04,257.25,Credit Card
8421,419,2024-05-20,93.44,Credit Card
8422,450,2025-12-26,4354.85,Insurance
8423,287,2025-07-24,3986.38,Other
8424,185,2024-04-15,827.88,Cash
8425,433,2024-11-17,2470.77,Credit Card
8426,248,2024-07-14,3182.62,Credit Card
8427,266,2024-07-06,4918.61,Cash
8428,28,2024-01-09,3367.67,Credit Card
8429,301,2024-01-13,4215.29,Cash
8430,32,2025-07-26,292.41,Other
8431,487,2024-06-26,4102.19,Credit Card
8432,58,2026-03-02,4795.88,Cash
8433,102,2025-07-10,4225.52,Other
8434,247,2025-06-07,570.16,Cash
8435,457,2024-10-24,570.25,Other
8436,298,2024-06-13,2156.01,Bank Transfer
8437,500,2024-02-26,4003.98,Insurance
8438,91,2026-01-23,1442.77,Credit Card
8439,305,2024-12-29,4615.94,Bank Transfer
8440,189,2024-08-15,2575.18,Cash
8441,293,2025-05-04,4757.87,Cash
8442,163,2025-11-09,1547.85,Credit Card
8443,472,2025-12-27,3734.58,Cash
8444,185,2025-07-16,3326.70,Credit Card
8445,363,2025-06-16,1172.60,Cash
8446,357,2025-01-18,4679.45,Insurance
8447,169,2024-11-15,1309.68,Other
8448,208,2024-08-07,948.77,Credit Card
8449,150,2025-02-05,2054.60,Bank Transfer
8450,249,2024-07-04,3015.21,Other
8451,137,2024-06-06,959.52,Cash
8452,429,2025-09-21,163.62,Cash
8453,382,2024-10-25,1157.89,Cash
8454,489,2024-02-10,4817.74,Insurance
8455,329,2024-03-03,3037.33,Cash
8456,378,2025-03-17,2322.83,Cash
8457,131,2026-01-06,1259.16,Credit Card
8458,140,2024-04-21,4746.61,Other
8459,111,2024-12-22,204.97,Cash
8460,190,2024-09-30,4211.15,Credit Card
8461,113,2026-03-04,1782.17,Bank Transfer
8462,39,2024-12-30,648.80,Other
8463,389,2024-05-05,3763.21,Bank Transfer
8464,489,2024-06-30,3441.33,Other
8465,58,2025-01-05,465.02,Bank Transfer
8466,227,2026-01-21,4362.90,Other
8467,377,2025-08-12,96.14,Credit Card
8468,238,2025-08-16,4554.03,Other
8469,292,2024-04-18,3605.16,Bank Transfer
8470,422,2025-05-21,790.03,Insurance
8471,199,2025-07-17,1545.85,Cash
8472,268,2026-02-13,556.51,Credit Card
8473,371,2025-07-22,976.58,Cash
8474,414,2025-12-22,1033.96,Insurance
8475,73,2024-09-23,1208.01,Bank Transfer
8476,340,2024-05-01,2897.45,Insurance
8477,498,2025-11-17,3144.37,Other
8478,164,2025-08-01,1183.63,Other
8479,185,2024-11-08,1368.42,Cash
8480,172,2026-01-15,1633.19,Insurance
8481,122,2025-12-03,743.66,Other
8482,94,2025-03-30,152.45,Insurance
8483,398,2026-01-31,4365.78,Credit Card
8484,220,2025-07-20,4199.94,Cash
8485,430,2024-02-13,2813.20,Bank Transfer
8486,153,2025-04-28,2122.82,Cash
8487,328,2025-05-15,4848.33,Other
8488,261,2025-08-20,4854.32,Other
8489,198,2025-12-01,4329.52,Other
8490,212,2025-05-25,4701.82,Credit Card
8491,119,2024-07-21,4145.07,Other
8492,330,2025-07-19,3725.52,Other
8493,411,2024-12-17,4108.89,Credit Card
8494,164,2026-02-15,3994.51,Other
8495,30,2024-11-10,2874.07,Insurance
8496,355,2024-06-14,1813.04,Bank Transfer
8497,371,2024-11-25,4414.11,Cash
8498,448,2024-09-10,3534.43,Bank Transfer
8499,114,2025-09-10,3746.27,Credit Card
8500,34,2026-01-15,1013.03,Credit Card
8501,183,2024-05-12,380.11,Other
8502,171,2025-11-08,2444.12,Bank Transfer
8503,39,2025-04-05,1373.94,Cash
8504,311,2024-07-08,4652.45,Insurance
8505,66,2024-03-21,4525.64,Insurance
8506,397,2025-12-05,4462.32,Cash
8507,153,2025-01-07,2286.73,Insurance
8508,333,2025-01-11,1542.94,Bank Transfer
8509,472,2025-06-10,3307.45,Insurance
8510,2,2024-04-30,2871.84,Bank Transfer
8511,498,2025-02-14,4493.84,Cash
8512,62,2025-03-09,52.43,Cash
8513,418,2024-01-19,2448.72,Bank Transfer
8514,465,2024-06-12,1804.94,Other
8515,481,2025-02-17,632.79,Bank Transfer
8516,22,2025-06-27,1837.91,Cash
8517,48,2024-02-20,4312.12,Other
8518,471,2024-01-19,4319.70,Credit Card
8519,8,2025-02-14,3448.84,Bank Transfer
8520,152,2025-05-04,513.00,Bank Transfer
8521,238,2025-07-04,2353.00,Cash
8522,127,2025-10-03,2334.91,Credit Card
8523,386,2024-04-23,487.43,Other
8524,159,2025-10-16,711.68,Insurance
8525,40,2024-02-15,352.13,Insurance
8526,420,2025-01-29,4902.14,Cash
8527,223,2024-08-02,802.07,Insurance
8528,318,2025-06-20,2809.79,Bank Transfer
8529,300,2024-10-06,3575.22,Bank Transfer
8530,220,2026-01-27,354.02,Other
8531,326,2024-12-13,4767.24,Other
8532,291,2024-04-20,1685.31,Bank Transfer
8533,93,2025-04-30,3475.64,Cash
8534,312,2024-02-01,553.59,Cash
8535,173,2024-07-20,4460.40,Insurance
8536,132,2024-10-12,3879.81,Cash
8537,196,2024-06-17,1144.58,Cash
8538,430,2024-09-11,81.66,Bank Transfer
8539,346,2024-12-25,3891.33,Credit Card
8540,444,2024-02-14,2657.38,Credit Card
8541,104,2024-11-16,66.47,Other
8542,194,2025-06-09,2696.91,Other
8543,352,2025-07-15,3663.71,Credit Card
8544,35,2024-03-30,1482.91,Insurance
8545,102,2025-12-06,2568.51,Insurance
8546,209,2025-07-08,1314.58,Bank Transfer
8547,141,2024-03-08,3307.02,Credit Card
8548,58,2025-09-01,3970.60,Insurance
8549,392,2024-02-22,1941.31,Credit Card
8550,321,2024-04-23,2523.36,Other
8551,158,2024-05-09,4530.82,Insurance
8552,376,2024-01-04,1022.93,Cash
8553,4,2026-02-11,3617.36,Credit Card
8554,340,2025-08-07,156.65,Other
8555,447,2024-04-26,1705.49,Credit Card
8556,181,2025-09-15,1591.31,Credit Card
8557,260,2024-09-10,3886.66,Other
8558,53,2024-04-22,754.75,Cash
8559,172,2025-08-27,2489.55,Cash
8560,462,2024-03-28,973.24,Bank Transfer
8561,346,2024-10-14,4479.94,Credit Card
8562,204,2024-01-08,3510.52,Bank Transfer
8563,213,2025-05-16,1214.66,Credit Card
8564,358,2024-06-21,3003.40,Insurance
8565,53,2024-06-17,1285.35,Credit Card
8566,27,2025-09-04,4964.47,Bank Transfer
8567,424,2024-12-04,4428.39,Cash
8568,318,2024-07-18,1434.25,Insurance
8569,367,2025-06-06,3220.43,Other
8570,214,2025-08-09,572.43,Other
8571,29,2024-08-08,186.88,Insurance
8572,191,2025-02-10,3450.78,Credit Card
8573,11,2026-01-14,184.07,Other
8574,20,2024-09-10,2565.71,Insurance
8575,164,2025-10-18,1690.01,Insurance
8576,197,2024-03-23,1209.62,Credit Card
8577,285,2024-05-13,1193.76,Bank Transfer
8578,433,2024-10-03,1214.95,Cash
8579,356,2024-09-14,2399.77,Bank Transfer
8580,89,2025-05-11,709.18,Cash
8581,178,2024-03-23,3692.34,Credit Card
8582,309,2024-12-31,1461.32,Cash
8583,149,2025-08-05,4370.03,Insurance
8584,61,2025-10-21,3668.60,Cash
8585,77,2025-06-24,1314.10,Bank Transfer
8586,472,2025-02-25,3226.82,Other
8587,203,2024-06-26,4467.61,Credit Card
8588,326,2025-02-16,3734.59,Insurance
8589,73,2025-01-11,492.68,Credit Card
8590,240,2025-05-03,756.32,Insurance
8591,343,2025-09-07,71.50,Bank Transfer
8592,184,2025-09-07,105.25,Other
8593,145,2025-11-06,2611.13,Cash
8594,8,2024-08-09,4289.38,Bank Transfer
8595,210,2025-09-01,1369.81,Cash
8596,469,2025-04-06,1446.48,Other
8597,481,2025-05-29,4189.47,Credit Card
8598,25,2025-09-12,4253.01,Insurance
8599,397,2025-10-23,2057.41,Cash
8600,75,2025-04-24,2587.43,Other
8601,364,2025-09-25,4186.12,Cash
8602,458,2026-02-07,385.66,Credit Card
8603,76,2025-02-19,4412.73,Other
8604,181,2024-03-31,4725.61,Other
8605,27,2025-03-05,890.92,Bank Transfer
8606,155,2024-05-25,178.92,Credit Card
8607,460,2024-01-23,4107.32,Cash
8608,217,2026-01-23,1719.80,Insurance
8609,456,2024-04-14,3967.55,Other
8610,256,2024-12-28,3606.83,Credit Card
8611,341,2024-10-22,2554.46,Other
8612,396,2024-01-20,417.02,Insurance
8613,410,2024-02-27,4104.92,Bank Transfer
8614,419,2025-07-30,1508.56,Bank Transfer
8615,367,2026-03-14,4311.23,Credit Card
8616,62,2024-10-10,923.09,Bank Transfer
8617,379,2025-12-10,4102.78,Other
8618,93,2025-04-09,540.93,Other
8619,285,2024-02-01,1506.71,Insurance
8620,403,2025-02-07,2939.05,Credit Card
8621,290,2025-03-12,823.91,Other
8622,359,2024-10-31,3820.12,Cash
8623,247,2025-12-02,822.81,Insurance
8624,444,2025-03-13,4076.86,Other
8625,356,2025-08-29,1849.90,Cash
8626,181,2024-08-19,276.35,Bank Transfer
8627,408,2024-08-15,3859.41,Cash
8628,330,2025-09-16,2367.08,Cash
8629,202,2024-09-10,4702.10,Other
8630,185,2025-09-27,4899.51,Insurance
8631,1,2024-02-12,3140.36,Bank Transfer
8632,32,2025-04-23,4403.72,Credit Card
8633,292,2025-05-14,1126.36,Cash
8634,398,2024-01-26,3908.74,Cash
8635,462,2025-08-17,1040.78,Credit Card
8636,46,2025-06-17,2115.97,Other
8637,432,2024-09-03,3355.48,Other
8638,351,2024-11-26,2898.41,Bank Transfer
8639,354,2025-01-27,3113.65,Insurance
8640,193,2026-01-07,3584.04,Credit Card
8641,299,2024-03-09,3404.59,Other
8642,26,2024-02-13,2933.58,Other
8643,359,2024-01-01,4447.01,Credit Card
8644,322,2024-06-13,3850.25,Other
8645,303,2026-03-02,3145.50,Cash
8646,140,2025-10-20,4565.98,Other
8647,251,2025-12-09,1063.99,Other
8648,201,2024-02-02,2286.75,Cash
8649,233,2026-02-12,3685.15,Bank Transfer
8650,149,2025-01-09,3881.00,Cash
8651,249,2025-10-14,3657.61,Bank Transfer
8652,478,2025-12-28,2007.84,Insurance
8653,281,2024-01-28,1509.19,Insurance
8654,255,2025-12-15,4906.74,Other
8655,28,2026-03-10,3584.38,Cash
8656,415,2025-10-07,990.68,Other
8657,186,2025-08-13,2250.57,Other
8658,236,2024-03-14,2913.74,Cash
8659,128,2025-09-29,976.63,Cash
8660,498,2025-05-14,322.43,Bank Transfer
8661,298,2024-10-27,1976.71,Other
8662,200,2024-04-19,4871.34,Bank Transfer
8663,487,2025-11-18,2397.10,Insurance
8664,343,2025-08-02,1033.80,Other
8665,298,2024-05-21,1987.24,Bank Transfer
8666,269,2024-04-04,1168.77,Credit Card
8667,375,2025-01-17,4774.52,Other
8668,342,2024-12-29,3701.22,Bank Transfer
8669,324,2024-02-29,3178.37,Cash
8670,179,2026-02-03,1487.68,Credit Card
8671,15,2024-11-12,713.79,Cash
8672,147,2026-01-07,4599.71,Credit Card
8673,420,2024-03-28,3458.27,Insurance
8674,383,2025-02-23,1777.93,Other
8675,456,2025-08-30,4413.59,Other
8676,131,2024-01-26,1031.16,Bank Transfer
8677,24,2024-05-22,2913.89,Cash
8678,222,2025-06-02,2462.83,Other
8679,327,2024-08-11,1100.47,Insurance
8680,81,2024-05-05,139.95,Credit Card
8681,344,2025-07-06,1717.60,Other
8682,137,2025-05-02,691.17,Cash
8683,429,2024-12-05,1886.14,Bank Transfer
8684,341,2024-06-26,569.85,Other
8685,389,2024-07-18,2070.17,Credit Card
8686,110,2025-12-21,187.69,Cash
8687,393,2025-10-10,2338.05,Insurance
8688,9,2025-05-07,2178.70,Credit Card
8689,142,2024-05-11,4938.26,Bank Transfer
8690,133,2024-03-18,1697.07,Other
8691,352,2024-05-19,4236.17,Cash
8692,409,2025-04-27,814.54,Other
8693,292,2025-09-29,3194.40,Bank Transfer
8694,293,2025-12-09,3086.88,Cash
8695,408,2026-02-11,645.89,Other
8696,317,2025-06-17,2908.84,Credit Card
8697,198,2025-03-10,949.07,Other
8698,117,2026-02-12,3790.84,Insurance
8699,231,2024-09-14,328.13,Insurance
8700,189,2025-02-23,4966.88,Cash
8701,16,2024-06-17,4345.54,Credit Card
8702,299,2024-12-16,3789.77,Insurance
8703,13,2024-08-16,1527.67,Credit Card
8704,178,2026-02-04,1906.20,Bank Transfer
8705,61,2025-05-01,1974.71,Insurance
8706,307,2025-12-06,2633.24,Insurance
8707,244,2025-09-01,3065.00,Insurance
8708,373,2025-07-19,3845.73,Cash
8709,475,2025-09-06,1823.10,Cash
8710,301,2025-06-26,1575.67,Credit Card
8711,480,2024-10-18,2485.37,Insurance
8712,132,2024-04-17,1766.84,Bank Transfer
8713,387,2025-03-15,4380.59,Credit Card
8714,155,2025-11-27,1522.48,Cash
8715,314,2024-02-07,484.81,Other
8716,15,2024-07-01,2919.01,Bank Transfer
8717,103,2025-08-12,1329.51,Credit Card
8718,393,2024-02-25,4482.81,Bank Transfer
8719,257,2024-02-28,387.95,Bank Transfer
8720,309,2025-04-13,871.34,Bank Transfer
8721,198,2024-11-17,726.07,Insurance
8722,452,2024-03-21,3042.97,Insurance
8723,323,2025-07-16,141.36,Bank Transfer
8724,19,2025-10-31,316.16,Insurance
8725,235,2024-01-05,2588.88,Credit Card
8726,456,2025-06-17,2661.32,Other
8727,5,2025-03-15,2836.48,Insurance
8728,476,2024-08-29,3883.70,Credit Card
8729,272,2024-05-11,4954.56,Insurance
8730,261,2025-12-04,3101.53,Other
8731,347,2024-03-22,3441.57,Insurance
8732,78,2024-07-20,4708.64,Bank Transfer
8733,497,2024-07-05,2814.77,Other
8734,55,2024-12-30,4467.99,Cash
8735,98,2025-03-19,3000.29,Other
8736,87,2025-06-01,2519.06,Cash
8737,13,2024-07-02,1090.27,Other
8738,401,2025-04-27,4286.49,Cash
8739,138,2024-08-14,381.19,Bank Transfer
8740,182,2026-03-14,3882.58,Bank Transfer
8741,33,2025-02-21,1069.25,Other
8742,490,2025-05-31,3784.89,Credit Card
8743,259,2025-09-16,4882.68,Insurance
8744,348,2026-03-15,3627.33,Cash
8745,190,2025-04-19,1642.18,Other
8746,280,2024-03-20,622.59,Other
8747,8,2025-09-22,2815.11,Insurance
8748,224,2025-12-02,4383.08,Other
8749,292,2025-07-17,4870.47,Other
8750,56,2026-01-02,632.29,Other
8751,58,2024-11-02,4823.15,Cash
8752,137,2024-08-31,2781.24,Bank Transfer
8753,498,2024-02-03,581.25,Cash
8754,174,2025-10-08,1453.16,Credit Card
8755,101,2024-12-14,3082.56,Insurance
8756,430,2025-08-20,321.38,Insurance
8757,21,2024-12-02,1603.84,Cash
8758,318,2025-03-14,4384.26,Insurance
8759,229,2024-03-25,2786.02,Other
8760,265,2025-02-24,2702.26,Credit Card
8761,31,2024-04-23,2250.22,Insurance
8762,91,2025-02-19,313.99,Bank Transfer
8763,376,2025-09-29,771.33,Insurance
8764,348,2024-11-10,1884.83,Insurance
8765,308,2025-01-15,3785.54,Insurance
8766,317,2025-03-02,2772.38,Insurance
8767,414,2025-12-05,338.53,Insurance
8768,310,2024-05-27,2825.23,Cash
8769,158,2024-05-01,2275.93,Bank Transfer
8770,285,2025-07-03,3380.35,Credit Card
8771,22,2024-08-30,1161.67,Cash
8772,14,2024-08-08,2247.68,Insurance
8773,21,2024-02-04,939.45,Other
8774,445,2024-11-16,1672.05,Credit Card
8775,285,2024-10-13,3408.55,Cash
8776,4,2025-03-05,2604.83,Other
8777,485,2025-05-20,1007.51,Cash
8778,482,2025-04-24,1275.66,Insurance
8779,428,2024-06-01,1282.84,Cash
8780,30,2025-11-20,644.81,Cash
8781,320,2024-10-23,4630.47,Other
8782,238,2024-12-29,3329.39,Credit Card
8783,16,2024-04-21,869.88,Insurance
8784,115,2024-01-24,4197.47,Cash
8785,193,2024-07-24,4844.56,Other
8786,59,2024-03-25,153.97,Bank Transfer
8787,11,2024-05-17,3869.96,Credit Card
8788,487,2024-12-04,3252.94,Insurance
8789,494,2026-03-09,903.67,Cash
8790,439,2025-09-11,1625.27,Bank Transfer
8791,400,2024-09-05,4525.35,Cash
8792,359,2024-06-15,4835.15,Credit Card
8793,463,2024-12-24,2828.44,Other
8794,337,2024-05-30,1485.96,Bank Transfer
8795,270,2024-06-05,756.24,Cash
8796,440,2026-03-19,2572.20,Insurance
8797,195,2024-06-21,3325.30,Credit Card
8798,198,2024-06-23,1223.65,Cash
8799,210,2026-01-03,572.00,Credit Card
8800,381,2024-12-13,4006.99,Credit Card
8801,159,2025-06-30,4317.74,Bank Transfer
8802,483,2024-11-21,3921.85,Credit Card
8803,173,2025-02-04,2594.99,Insurance
8804,481,2025-12-09,4007.29,Cash
8805,269,2025-07-02,249.36,Credit Card
8806,180,2025-05-06,3933.42,Other
8807,258,2025-10-04,3009.30,Credit Card
8808,23,2024-12-19,1560.43,Credit Card
8809,240,2026-01-24,4235.42,Other
8810,92,2025-09-21,527.70,Insurance
8811,43,2025-02-13,4641.54,Credit Card
8812,57,2025-10-04,2041.59,Bank Transfer
8813,474,2025-10-20,2765.34,Cash
8814,31,2026-03-13,2082.19,Bank Transfer
8815,39,2026-02-17,3438.39,Insurance
8816,18,2024-06-17,3164.63,Cash
8817,87,2024-05-28,4352.13,Credit Card
8818,182,2025-07-06,4913.78,Bank Transfer
8819,403,2025-05-17,3848.21,Credit Card
8820,269,2025-04-16,4070.07,Other
8821,443,2024-10-19,2556.42,Credit Card
8822,391,2025-10-24,2073.62,Other
8823,8,2025-12-20,685.87,Bank Transfer
8824,24,2025-07-30,571.36,Bank Transfer
8825,339,2026-01-20,2362.25,Other
8826,400,2024-04-03,1115.58,Bank Transfer
8827,93,2024-04-18,1556.78,Cash
8828,163,2026-02-07,2378.16,Other
8829,310,2025-01-18,705.30,Cash
8830,32,2026-02-13,1366.03,Cash
8831,176,2025-09-28,2704.77,Other
8832,84,2025-02-18,641.11,Cash
8833,345,2024-11-01,4158.52,Insurance
8834,381,2025-11-17,2091.94,Cash
8835,360,2024-10-19,2882.81,Bank Transfer
8836,103,2024-10-29,114.84,Cash
8837,41,2024-08-24,4083.68,Insurance
8838,478,2025-05-27,549.63,Other
8839,157,2025-11-24,3848.89,Bank Transfer
8840,233,2024-11-18,4057.18,Bank Transfer
8841,87,2024-08-13,1613.80,Other
8842,309,2025-04-23,671.54,Bank Transfer
8843,187,2024-01-04,1784.78,Bank Transfer
8844,76,2024-10-14,389.13,Cash
8845,266,2025-05-13,3231.19,Cash
8846,167,2024-11-08,101.56,Other
8847,289,2024-06-22,904.15,Credit Card
8848,149,2025-02-23,2023.07,Other
8849,231,2024-06-12,1864.72,Bank Transfer
8850,284,2024-08-17,1797.14,Bank Transfer
8851,367,2025-09-11,2982.34,Insurance
8852,96,2025-03-17,1075.00,Other
8853,381,2025-01-18,4069.52,Bank Transfer
8854,339,2024-01-09,287.54,Credit Card
8855,351,2026-03-15,200.51,Insurance
8856,483,2024-06-11,2995.56,Insurance
8857,351,2025-04-12,3887.78,Credit Card
8858,278,2025-02-10,1924.52,Other
8859,260,2024-05-20,4405.85,Bank Transfer
8860,320,2024-01-26,1381.32,Insurance
8861,66,2024-02-24,2868.02,Bank Transfer
8862,442,2024-08-12,4001.55,Cash
8863,6,2024-06-04,4142.95,Cash
8864,55,2026-03-13,3332.00,Cash
8865,380,2024-04-22,3992.88,Credit Card
8866,72,2025-02-02,4739.82,Credit Card
8867,307,2025-07-05,2783.75,Other
8868,153,2025-08-29,2069.55,Insurance
8869,272,2025-02-18,2438.86,Bank Transfer
8870,377,2025-06-08,668.43,Bank Transfer
8871,351,2024-09-02,4516.44,Cash
8872,94,2024-06-21,4482.87,Cash
8873,308,2024-01-15,1307.76,Insurance
8874,17,2024-11-20,2126.52,Cash
8875,138,2026-02-16,1226.04,Bank Transfer
8876,358,2026-01-20,1309.97,Insurance
8877,386,2025-09-23,1338.59,Credit Card
8878,332,2024-03-08,3592.23,Cash
8879,211,2025-03-29,120.30,Other
8880,327,2024-02-15,4758.89,Credit Card
8881,325,2024-02-08,1185.11,Insurance
8882,397,2026-03-20,3152.19,Bank Transfer
8883,49,2025-10-09,4788.60,Insurance
8884,53,2024-02-03,1323.44,Bank Transfer
8885,142,2025-03-14,1345.09,Insurance
8886,118,2025-06-28,2905.68,Other
8887,78,2024-05-24,2610.88,Cash
8888,34,2024-11-11,3654.35,Other
8889,440,2025-05-11,2878.38,Bank Transfer
8890,325,2025-05-20,4782.06,Credit Card
8891,167,2025-06-02,356.29,Bank Transfer
8892,57,2025-03-17,1253.82,Other
8893,309,2026-01-03,841.92,Insurance
8894,474,2024-12-31,239.06,Cash
8895,212,2025-11-05,3388.31,Credit Card
8896,53,2024-12-08,988.51,Cash
8897,350,2024-01-16,4772.00,Cash
8898,363,2025-03-02,4825.71,Insurance
8899,366,2025-12-25,4972.79,Other
8900,475,2025-10-04,4710.71,Cash
8901,397,2025-04-01,3089.46,Other
8902,364,2025-08-04,322.37,Credit Card
8903,478,2024-02-03,4402.02,Other
8904,121,2025-05-09,1820.33,Other
8905,54,2026-03-05,1113.68,Cash
8906,354,2024-04-12,4206.74,Cash
8907,236,2024-01-24,3073.25,Bank Transfer
8908,146,2025-08-25,1649.59,Insurance
8909,36,2025-07-05,373.64,Bank Transfer
8910,59,2024-03-03,963.26,Other
8911,14,2025-03-22,630.19,Insurance
8912,291,2024-04-10,4151.51,Other
8913,392,2024-12-06,1103.44,Cash
8914,30,2025-02-28,2521.74,Insurance
8915,203,2025-08-25,1919.27,Cash
8916,95,2024-11-28,3550.62,Other
8917,63,2024-05-12,2400.49,Cash
8918,241,2025-05-07,1251.08,Credit Card
8919,204,2025-07-05,3288.71,Insurance
8920,274,2026-02-22,4343.38,Cash
8921,403,2024-12-18,3690.32,Other
8922,304,2024-10-24,360.35,Other
8923,411,2025-03-10,3998.51,Cash
8924,257,2024-12-30,1888.95,Bank Transfer
8925,213,2025-04-14,1925.09,Insurance
8926,277,2025-03-25,3070.93,Cash
8927,165,2026-01-28,1538.82,Cash
8928,467,2024-03-23,2145.83,Insurance
8929,306,2024-04-05,477.77,Bank Transfer
8930,107,2024-10-22,152.89,Bank Transfer
8931,75,2026-02-24,1554.70,Insurance
8932,493,2025-09-08,3854.15,Insurance
8933,339,2025-08-22,3951.82,Other
8934,485,2025-04-01,2085.24,Insurance
8935,316,2026-03-16,2873.58,Cash
8936,27,2025-04-23,2810.32,Other
8937,413,2024-05-01,2031.30,Cash
8938,134,2024-04-27,3829.15,Insurance
8939,303,2025-12-27,3230.57,Bank Transfer
8940,344,2024-02-12,1485.70,Other
8941,494,2025-05-07,261.08,Other
8942,121,2024-11-08,520.00,Credit Card
8943,36,2024-04-13,409.64,Bank Transfer
8944,249,2026-02-09,3206.39,Insurance
8945,28,2024-03-12,2716.36,Cash
8946,477,2025-12-04,3308.79,Other
8947,157,2025-09-19,4595.37,Other
8948,93,2026-02-07,1290.01,Bank Transfer
8949,194,2024-01-15,3435.09,Other
8950,149,2024-08-24,4607.77,Cash
8951,62,2024-07-20,4901.03,Credit Card
8952,405,2024-05-11,1023.87,Credit Card
8953,333,2024-12-21,1393.06,Credit Card
8954,192,2025-04-06,455.13,Credit Card
8955,392,2025-07-27,1339.13,Bank Transfer
8956,249,2024-06-13,3150.99,Other
8957,38,2024-05-13,3992.28,Other
8958,200,2025-10-27,3572.88,Bank Transfer
8959,328,2025-12-20,2427.34,Bank Transfer
8960,469,2024-03-28,1644.21,Bank Transfer
8961,291,2025-01-24,288.15,Insurance
8962,222,2024-03-04,2265.97,Insurance
8963,210,2024-09-29,2450.35,Credit Card
8964,140,2024-08-02,1481.95,Insurance
8965,329,2025-07-29,1142.01,Other
8966,168,2024-10-30,2984.32,Bank Transfer
8967,55,2025-12-03,1676.32,Insurance
8968,306,2025-06-19,4189.04,Cash
8969,161,2025-06-05,1198.42,Insurance
8970,329,2025-08-21,2382.43,Credit Card
8971,208,2024-02-23,2198.95,Credit Card
8972,497,2026-01-28,4509.93,Cash
8973,225,2025-09-13,2622.95,Credit Card
8974,420,2026-01-04,498.00,Cash
8975,315,2024-12-10,3137.99,Insurance
8976,284,2024-09-06,4441.77,Credit Card
8977,92,2025-06-30,1695.13,Insurance
8978,422,2025-07-28,1186.99,Bank Transfer
8979,163,2024-04-29,424.01,Cash
8980,357,2024-02-26,4910.54,Insurance
8981,178,2024-04-03,1602.42,Cash
8982,111,2025-06-11,791.96,Credit Card
8983,85,2025-03-01,810.52,Credit Card
8984,195,2026-02-20,1729.65,Other
8985,118,2024-10-08,3611.91,Other
8986,474,2025-09-21,1963.51,Cash
8987,170,2024-06-02,4915.65,Bank Transfer
8988,280,2025-07-11,750.90,Bank Transfer
8989,75,2025-01-24,4101.81,Insurance
8990,349,2025-09-07,427.76,Credit Card
8991,411,2025-06-01,2530.17,Cash
8992,182,2025-05-30,2035.90,Bank Transfer
8993,449,2024-02-08,3084.15,Other
8994,445,2025-04-21,4425.30,Other
8995,272,2024-05-20,2996.47,Cash
8996,326,2025-04-23,2691.99,Insurance
8997,456,2025-02-05,2125.71,Bank Transfer
8998,131,2025-01-01,3532.95,Cash
8999,337,2025-10-07,2165.25,Other
9000,226,2024-02-23,184.89,Cash
9001,111,2025-02-27,1603.05,Credit Card
9002,95,2024-01-09,363.91,Credit Card
9003,185,2025-04-01,1999.68,Cash
9004,123,2025-02-18,1582.66,Insurance
9005,94,2025-12-01,4057.57,Other
9006,281,2024-12-30,1940.42,Bank Transfer
9007,91,2024-04-13,3607.01,Credit Card
9008,263,2025-09-08,2671.67,Credit Card
9009,393,2024-11-25,4089.25,Cash
9010,134,2024-09-07,232.84,Other
9011,129,2024-07-01,2009.67,Insurance
9012,468,2024-08-26,2027.58,Credit Card
9013,167,2024-04-19,1803.99,Cash
9014,23,2025-12-27,1351.47,Credit Card
9015,12,2025-07-09,189.45,Bank Transfer
9016,114,2024-04-01,215.71,Cash
9017,88,2024-11-27,3068.15,Bank Transfer
9018,230,2025-01-15,1504.30,Insurance
9019,224,2025-09-03,484.55,Cash
9020,489,2024-08-13,1757.23,Bank Transfer
9021,35,2025-10-19,4785.85,Bank Transfer
9022,212,2025-08-17,3487.64,Insurance
9023,77,2025-06-04,1541.27,Cash
9024,74,2025-04-07,602.45,Other
9025,78,2025-05-15,896.77,Bank Transfer
9026,44,2025-09-11,4136.73,Insurance
9027,276,2024-07-24,4072.56,Credit Card
9028,109,2024-02-26,2145.98,Bank Transfer
9029,495,2025-11-03,3122.47,Insurance
9030,395,2025-02-10,393.82,Bank Transfer
9031,176,2024-05-14,3547.16,Cash
9032,358,2024-06-06,4562.29,Insurance
9033,318,2025-03-20,541.55,Insurance
9034,234,2025-11-13,186.53,Cash
9035,417,2024-06-25,2692.83,Other
9036,177,2026-03-08,3642.20,Bank Transfer
9037,354,2024-03-10,2291.47,Other
9038,139,2025-07-13,2759.82,Other
9039,282,2024-09-10,1147.27,Cash
9040,48,2025-07-30,2577.83,Insurance
9041,282,2024-09-08,1844.30,Cash
9042,189,2024-05-21,3403.86,Insurance
9043,403,2024-09-17,153.71,Insurance
9044,13,2025-10-09,1740.75,Bank Transfer
9045,462,2024-08-01,4560.83,Other
9046,6,2024-02-20,2578.34,Other
9047,173,2024-01-11,4026.17,Cash
9048,172,2025-05-26,3435.38,Insurance
9049,479,2024-11-29,65.52,Insurance
9050,360,2024-09-10,4532.04,Insurance
9051,88,2024-06-05,3036.29,Credit Card
9052,444,2026-02-25,850.21,Cash
9053,177,2024-09-07,2569.60,Bank Transfer
9054,442,2024-07-14,512.29,Credit Card
9055,162,2025-07-26,1365.43,Bank Transfer
9056,79,2024-03-03,2879.85,Cash
9057,269,2024-10-06,1512.76,Insurance
9058,365,2026-02-13,824.65,Cash
9059,138,2024-07-10,1573.23,Insurance
9060,326,2025-08-22,2368.16,Insurance
9061,99,2026-02-25,482.42,Credit Card
9062,463,2025-11-16,4273.80,Credit Card
9063,423,2025-12-28,485.45,Other
9064,18,2025-06-06,4976.16,Credit Card
9065,341,2025-08-28,1148.97,Other
9066,19,2025-04-13,1411.12,Other
9067,469,2024-12-17,3841.58,Insurance
9068,428,2024-06-25,3060.18,Credit Card
9069,473,2024-05-19,4971.24,Insurance
9070,172,2024-05-05,4737.50,Bank Transfer
9071,451,2025-01-09,2163.53,Insurance
9072,122,2026-01-28,989.10,Insurance
9073,38,2024-02-19,2300.04,Credit Card
9074,406,2025-03-25,2365.74,Other
9075,448,2026-01-02,3523.93,Insurance
9076,323,2024-12-03,4814.13,Other
9077,251,2024-08-28,801.10,Insurance
9078,14,2025-01-11,3333.49,Cash
9079,179,2024-01-18,4437.36,Cash
9080,49,2025-09-04,727.02,Cash
9081,369,2026-03-08,1880.79,Credit Card
9082,203,2025-12-30,2631.07,Credit Card
9083,169,2026-02-27,371.77,Cash
9084,327,2024-05-31,1434.37,Bank Transfer
9085,336,2026-01-11,4841.88,Credit Card
9086,193,2025-04-09,4571.86,Insurance
9087,291,2025-11-27,4565.93,Credit Card
9088,493,2024-10-19,4960.37,Credit Card
9089,92,2026-02-14,701.69,Credit Card
9090,283,2024-07-15,2254.74,Credit Card
9091,424,2024-03-17,4650.20,Cash
9092,95,2025-11-19,2498.34,Credit Card
9093,65,2026-03-12,201.12,Bank Transfer
9094,281,2024-10-22,96.34,Cash
9095,7,2024-10-06,1808.68,Bank Transfer
9096,148,2024-10-07,1996.44,Credit Card
9097,421,2024-06-22,2524.97,Other
9098,432,2024-05-16,2526.28,Insurance
9099,79,2025-05-10,922.11,Credit Card
9100,102,2024-09-25,2364.93,Credit Card
9101,350,2024-01-22,1364.77,Other
9102,406,2025-12-22,1353.94,Credit Card
9103,489,2025-05-15,4973.99,Credit Card
9104,327,2025-07-19,4100.29,Bank Transfer
9105,348,2025-01-11,2877.80,Bank Transfer
9106,409,2025-07-24,1476.84,Credit Card
9107,383,2026-03-19,4806.11,Bank Transfer
9108,296,2025-01-31,1854.29,Other
9109,283,2025-05-19,2196.47,Other
9110,129,2024-04-18,4827.81,Cash
9111,2,2025-06-02,4013.03,Insurance
9112,48,2024-02-24,2138.41,Credit Card
9113,172,2026-02-25,3060.55,Cash
9114,202,2025-07-31,1104.29,Cash
9115,259,2024-07-07,3373.77,Bank Transfer
9116,382,2024-10-10,4187.20,Insurance
9117,345,2024-10-21,2923.86,Insurance
9118,452,2025-12-18,1947.87,Bank Transfer
9119,206,2025-12-15,2102.49,Credit Card
9120,341,2024-01-29,2495.60,Credit Card
9121,144,2026-01-21,1597.44,Credit Card
9122,374,2024-03-02,2929.49,Cash
9123,437,2026-02-10,746.85,Credit Card
9124,150,2025-12-24,2632.62,Bank Transfer
9125,423,2025-05-07,4036.30,Bank Transfer
9126,320,2024-11-01,420.00,Other
9127,148,2025-12-05,1526.36,Insurance
9128,165,2025-11-23,1422.55,Bank Transfer
9129,115,2025-03-26,4675.35,Bank Transfer
9130,242,2024-12-25,1395.06,Bank Transfer
9131,43,2024-12-04,2585.61,Bank Transfer
9132,139,2025-09-02,654.90,Cash
9133,89,2024-05-24,826.76,Other
9134,169,2024-03-09,3714.39,Bank Transfer
9135,340,2025-07-29,3008.15,Insurance
9136,264,2024-03-28,420.15,Bank Transfer
9137,181,2024-01-06,4154.98,Other
9138,312,2024-04-25,1584.82,Cash
9139,434,2025-06-20,2234.03,Other
9140,289,2024-04-30,4064.51,Insurance
9141,143,2025-07-21,3787.78,Cash
9142,31,2024-11-05,3665.32,Insurance
9143,480,2026-03-01,4822.41,Cash
9144,269,2025-11-10,115.42,Credit Card
9145,193,2025-05-24,3655.77,Credit Card
9146,83,2024-09-18,2887.14,Other
9147,399,2024-08-31,1585.49,Insurance
9148,138,2025-09-08,2275.85,Other
9149,152,2025-04-13,1638.85,Credit Card
9150,259,2026-03-19,365.24,Bank Transfer
9151,40,2024-11-19,2060.28,Bank Transfer
9152,315,2025-09-22,1208.72,Insurance
9153,72,2025-08-29,3026.28,Credit Card
9154,18,2024-10-06,1072.65,Cash
9155,208,2024-02-28,1477.85,Insurance
9156,440,2024-08-23,3755.31,Insurance
9157,190,2025-10-01,3019.07,Insurance
9158,354,2026-01-26,956.14,Other
9159,482,2025-06-02,1564.59,Other
9160,466,2025-01-06,2568.32,Bank Transfer
9161,235,2025-02-24,4815.52,Bank Transfer
9162,9,2025-11-05,4817.44,Bank Transfer
9163,241,2025-01-07,2999.52,Other
9164,242,2025-01-04,3570.82,Other
9165,84,2025-08-05,3390.45,Cash
9166,273,2025-06-25,3864.44,Cash
9167,319,2024-09-17,252.06,Bank Transfer
9168,257,2024-09-14,2097.53,Bank Transfer
9169,471,2024-06-25,2923.26,Cash
9170,360,2025-07-01,2946.94,Credit Card
9171,185,2025-06-18,306.00,Other
9172,461,2024-07-21,299.75,Insurance
9173,417,2025-07-11,727.22,Cash
9174,463,2024-11-21,1292.72,Credit Card
9175,205,2024-01-25,749.94,Bank Transfer
9176,142,2024-05-08,3545.28,Cash
9177,248,2026-01-04,1180.76,Other
9178,145,2025-09-21,1956.87,Insurance
9179,135,2024-09-12,3580.35,Insurance
9180,287,2026-01-09,1577.02,Bank Transfer
9181,18,2025-03-29,159.53,Credit Card
9182,484,2025-12-18,1546.94,Credit Card
9183,117,2024-11-28,3642.29,Cash
9184,142,2024-11-09,4953.04,Cash
9185,191,2025-05-26,3621.46,Cash
9186,492,2024-02-23,4130.64,Insurance
9187,67,2024-02-03,2572.96,Cash
9188,79,2024-01-04,610.80,Cash
9189,457,2024-02-22,1320.72,Credit Card
9190,490,2025-01-05,2574.01,Other
9191,466,2025-02-24,3457.47,Bank Transfer
9192,306,2025-11-01,1993.37,Credit Card
9193,330,2024-06-14,1600.89,Other
9194,86,2025-12-03,204.44,Cash
9195,316,2025-07-08,2534.84,Bank Transfer
9196,84,2025-02-08,470.97,Credit Card
9197,265,2026-03-06,3488.27,Insurance
9198,21,2024-05-10,3595.62,Cash
9199,67,2025-01-17,2841.93,Insurance
9200,298,2025-05-18,4448.08,Cash
9201,129,2024-02-16,952.52,Cash
9202,273,2025-12-08,4523.54,Cash
9203,406,2024-04-29,104.85,Other
9204,343,2024-10-05,4899.38,Bank Transfer
9205,76,2024-12-16,4608.16,Cash
9206,442,2024-01-09,3742.32,Credit Card
9207,187,2025-11-15,4465.02,Cash
9208,395,2025-11-10,3665.20,Other
9209,330,2026-03-09,4398.92,Credit Card
9210,142,2026-02-04,1615.43,Insurance
9211,487,2024-10-17,2842.76,Insurance
9212,259,2025-11-08,2975.20,Insurance
9213,318,2024-06-07,1963.11,Other
9214,324,2024-03-13,462.27,Cash
9215,211,2025-12-11,3349.63,Insurance
9216,196,2025-02-06,3368.75,Credit Card
9217,95,2025-03-21,2180.16,Cash
9218,263,2025-07-09,721.46,Insurance
9219,258,2025-10-18,4311.44,Insurance
9220,196,2025-07-10,3505.21,Credit Card
9221,150,2025-01-14,2622.32,Bank Transfer
9222,260,2024-11-22,476.95,Insurance
9223,455,2024-07-05,4685.05,Insurance
9224,115,2024-12-17,2226.61,Bank Transfer
9225,152,2025-12-09,2575.18,Bank Transfer
9226,169,2024-06-26,1532.65,Bank Transfer
9227,137,2026-03-15,606.48,Other
9228,101,2026-03-02,1036.57,Bank Transfer
9229,92,2024-04-27,3363.79,Bank Transfer
9230,240,2024-07-01,3297.86,Other
9231,17,2024-07-13,828.35,Cash
9232,475,2024-11-29,1693.80,Bank Transfer
9233,5,2024-06-22,2448.66,Bank Transfer
9234,466,2024-04-05,4533.79,Credit Card
9235,129,2024-08-17,821.45,Cash
9236,491,2026-01-26,1693.17,Other
9237,324,2024-06-12,195.10,Insurance
9238,313,2024-01-16,3244.74,Credit Card
9239,198,2025-11-23,2209.39,Credit Card
9240,195,2025-10-26,2362.08,Credit Card
9241,158,2025-10-02,4476.73,Bank Transfer
9242,68,2025-07-04,1660.62,Credit Card
9243,312,2024-11-18,4348.87,Cash
9244,107,2025-12-14,3439.31,Credit Card
9245,14,2024-04-22,1173.89,Credit Card
9246,381,2025-05-09,3694.16,Insurance
9247,263,2024-12-12,1874.37,Other
9248,416,2025-02-18,1644.99,Credit Card
9249,40,2026-01-27,484.71,Insurance
9250,448,2026-01-07,2778.45,Cash
9251,6,2024-06-20,2527.60,Cash
9252,164,2025-07-30,4820.36,Credit Card
9253,310,2024-01-22,4030.47,Cash
9254,194,2024-11-15,4018.15,Cash
9255,193,2025-05-26,3349.35,Cash
9256,85,2026-02-04,458.92,Other
9257,96,2025-10-03,3802.23,Cash
9258,408,2025-04-23,2590.28,Credit Card
9259,142,2024-01-02,547.45,Insurance
9260,236,2025-11-16,708.89,Cash
9261,67,2024-05-04,4054.74,Other
9262,280,2024-12-12,2939.79,Cash
9263,325,2025-03-16,3456.05,Other
9264,140,2024-07-20,2563.98,Credit Card
9265,425,2025-09-27,498.73,Bank Transfer
9266,459,2024-07-14,3926.99,Bank Transfer
9267,440,2024-04-02,3437.40,Cash
9268,263,2026-02-24,2443.82,Insurance
9269,140,2024-06-27,4975.35,Other
9270,100,2024-08-24,3995.72,Insurance
9271,177,2025-03-18,4082.50,Credit Card
9272,222,2024-07-21,4284.27,Cash
9273,186,2025-08-29,4585.44,Other
9274,410,2024-12-23,3153.99,Bank Transfer
9275,464,2025-08-31,3432.36,Insurance
9276,282,2024-03-02,4747.29,Other
9277,176,2024-12-16,2494.49,Credit Card
9278,135,2024-05-06,3758.60,Insurance
9279,95,2025-01-17,1152.59,Insurance
9280,137,2024-01-30,3255.58,Credit Card
9281,231,2024-08-25,2890.60,Cash
9282,369,2024-09-30,1871.37,Insurance
9283,496,2024-10-12,530.26,Credit Card
9284,315,2025-07-23,2171.31,Credit Card
9285,244,2025-05-06,4426.16,Cash
9286,438,2024-12-09,1332.36,Bank Transfer
9287,401,2024-08-12,4721.72,Insurance
9288,326,2024-01-25,4768.53,Insurance
9289,238,2025-05-11,4916.30,Cash
9290,481,2025-10-06,4280.22,Insurance
9291,342,2025-06-10,2833.85,Insurance
9292,372,2024-06-06,2722.71,Insurance
9293,261,2024-06-07,3847.30,Bank Transfer
9294,5,2024-02-18,4299.69,Credit Card
9295,41,2026-01-30,897.05,Credit Card
9296,192,2024-10-17,2589.90,Credit Card
9297,223,2025-03-07,825.05,Credit Card
9298,317,2025-01-20,2477.36,Other
9299,500,2024-08-03,4807.76,Credit Card
9300,302,2024-12-02,1027.11,Credit Card
9301,37,2024-12-15,1716.22,Bank Transfer
9302,96,2024-06-08,1106.13,Other
9303,444,2025-10-04,4213.61,Cash
9304,174,2025-09-03,3551.15,Cash
9305,493,2024-02-05,1817.58,Cash
9306,279,2026-01-16,4906.13,Cash
9307,336,2025-05-10,4817.54,Other
9308,247,2026-03-16,668.76,Other
9309,483,2024-04-13,295.39,Other
9310,297,2024-04-24,2812.10,Other
9311,228,2024-01-09,4447.73,Other
9312,287,2024-12-07,290.42,Cash
9313,113,2025-06-24,2758.38,Other
9314,52,2024-04-13,3734.09,Credit Card
9315,66,2024-02-02,1196.20,Cash
9316,289,2025-02-08,194.00,Credit Card
9317,253,2024-10-09,2838.60,Insurance
9318,442,2024-03-14,4952.55,Insurance
9319,298,2024-01-02,2279.99,Other
9320,31,2025-04-26,3037.66,Bank Transfer
9321,429,2024-10-26,3971.46,Insurance
9322,311,2025-01-21,3054.76,Other
9323,58,2024-02-19,823.93,Cash
9324,296,2026-02-20,1243.98,Other
9325,375,2025-10-14,3755.55,Other
9326,473,2024-03-04,1389.47,Insurance
9327,2,2024-01-06,2494.67,Other
9328,457,2024-03-24,4407.96,Bank Transfer
9329,301,2024-06-23,1117.65,Other
9330,355,2026-01-05,3318.70,Cash
9331,91,2025-05-12,4361.92,Cash
9332,405,2024-11-12,4274.26,Other
9333,386,2025-08-03,2475.62,Cash
9334,169,2024-11-26,3855.80,Cash
9335,153,2024-10-11,1135.17,Cash
9336,54,2024-03-09,3150.16,Insurance
9337,250,2024-01-29,3954.54,Cash
9338,71,2025-12-03,413.75,Insurance
9339,161,2024-09-08,4727.81,Credit Card
9340,182,2026-02-17,3410.58,Bank Transfer
9341,350,2024-06-20,3734.78,Insurance
9342,190,2025-11-16,1091.45,Insurance
9343,179,2025-01-16,2685.61,Other
9344,50,2024-05-08,3195.67,Credit Card
9345,197,2024-11-13,958.47,Other
9346,42,2024-10-02,3916.78,Bank Transfer
9347,439,2025-09-27,2023.17,Other
9348,316,2024-10-28,4165.78,Bank Transfer
9349,336,2026-03-19,2688.24,Bank Transfer
9350,376,2025-03-26,4904.01,Other
9351,498,2025-07-18,4690.50,Credit Card
9352,333,2024-01-16,464.64,Insurance
9353,61,2024-07-01,4774.17,Other
9354,73,2024-11-01,944.06,Credit Card
9355,468,2025-06-11,4261.81,Cash
9356,423,2024-11-24,4182.52,Cash
9357,230,2024-05-03,2129.00,Other
9358,422,2024-05-09,4800.10,Credit Card
9359,397,2026-02-17,634.06,Insurance
9360,58,2024-03-27,1431.39,Insurance
9361,163,2024-08-02,4845.93,Cash
9362,485,2024-11-18,3903.55,Cash
9363,170,2024-12-29,2268.75,Cash
9364,432,2024-04-15,1412.70,Cash
9365,75,2026-02-23,2241.98,Insurance
9366,232,2025-10-31,3120.19,Other
9367,64,2025-11-18,2582.46,Bank Transfer
9368,394,2024-10-08,89.72,Credit Card
9369,369,2025-06-29,1164.24,Bank Transfer
9370,87,2024-01-27,254.12,Bank Transfer
9371,137,2024-03-24,242.40,Other
9372,411,2024-10-28,675.46,Other
9373,240,2025-09-12,3472.24,Insurance
9374,201,2024-10-30,739.89,Credit Card
9375,370,2024-08-22,3571.56,Cash
9376,104,2024-06-10,1815.86,Credit Card
9377,44,2024-06-26,3178.25,Bank Transfer
9378,43,2026-01-13,3457.27,Cash
9379,364,2024-12-06,1875.38,Insurance
9380,472,2025-11-15,3877.82,Other
9381,240,2025-04-23,4574.29,Credit Card
9382,314,2024-03-11,2053.42,Insurance
9383,302,2024-08-13,4652.57,Bank Transfer
9384,295,2025-03-03,481.82,Bank Transfer
9385,203,2024-09-15,2760.45,Other
9386,96,2024-02-27,2389.11,Other
9387,439,2024-12-04,3652.25,Credit Card
9388,31,2025-05-25,1725.01,Cash
9389,137,2026-03-14,3162.76,Insurance
9390,141,2025-06-29,3401.47,Insurance
9391,42,2024-11-21,1090.62,Cash
9392,99,2025-05-13,2118.06,Cash
9393,250,2024-10-11,4053.82,Cash
9394,368,2025-02-22,2319.34,Credit Card
9395,53,2024-05-29,649.58,Other
9396,93,2025-04-15,802.52,Other
9397,436,2025-03-04,2300.16,Bank Transfer
9398,341,2025-05-24,1620.45,Credit Card
9399,331,2024-04-17,2421.40,Other
9400,151,2025-12-14,4239.90,Insurance
9401,335,2024-09-13,2333.35,Bank Transfer
9402,378,2025-01-20,165.13,Other
9403,475,2024-04-20,1685.75,Bank Transfer
9404,142,2024-04-17,1898.31,Other
9405,220,2024-05-02,3329.15,Credit Card
9406,287,2024-07-06,1193.15,Credit Card
9407,359,2025-07-14,887.41,Other
9408,225,2025-06-23,2538.68,Credit Card
9409,79,2024-09-11,3385.57,Credit Card
9410,438,2024-10-10,3644.18,Credit Card
9411,62,2024-08-16,4511.84,Credit Card
9412,364,2025-07-24,2124.05,Other
9413,253,2025-12-11,2949.80,Insurance
9414,112,2024-06-17,1672.72,Other
9415,326,2025-08-25,4934.83,Cash
9416,313,2025-08-13,3942.82,Credit Card
9417,445,2026-03-06,3008.89,Insurance
9418,183,2025-07-13,1897.50,Other
9419,493,2025-09-12,1261.42,Bank Transfer
9420,123,2024-06-04,3696.94,Cash
9421,394,2024-04-11,2999.43,Cash
9422,317,2024-10-16,1858.45,Insurance
9423,233,2025-08-29,164.13,Cash
9424,251,2024-03-17,1768.09,Bank Transfer
9425,419,2025-05-29,2946.86,Other
9426,438,2026-01-19,1632.37,Bank Transfer
9427,128,2025-12-01,4651.77,Insurance
9428,65,2024-09-01,2184.37,Cash
9429,227,2025-03-02,2800.19,Insurance
9430,117,2025-03-31,1453.60,Cash
9431,196,2025-05-29,4210.93,Bank Transfer
9432,292,2025-03-23,1289.35,Bank Transfer
9433,410,2024-05-21,4070.15,Cash
9434,169,2025-05-10,4404.97,Bank Transfer
9435,276,2025-09-18,1690.49,Insurance
9436,167,2024-10-14,2139.82,Credit Card
9437,306,2025-06-06,4547.10,Other
9438,300,2025-04-25,3447.49,Credit Card
9439,3,2026-01-22,2234.50,Cash
9440,447,2024-01-01,1441.96,Insurance
9441,214,2024-03-01,3609.63,Bank Transfer
9442,349,2024-06-16,710.20,Insurance
9443,377,2024-04-14,4165.82,Credit Card
9444,415,2024-11-03,2451.50,Credit Card
9445,451,2024-01-23,1685.40,Cash
9446,203,2024-10-01,3563.33,Other
9447,33,2025-09-26,3250.72,Insurance
9448,379,2024-01-15,2021.86,Other
9449,118,2024-11-21,1519.09,Other
9450,312,2024-04-19,3537.71,Cash
9451,443,2024-06-14,3944.26,Cash
9452,435,2024-05-05,1362.68,Cash
9453,450,2025-08-26,476.60,Bank Transfer
9454,407,2025-06-30,561.59,Insurance
9455,462,2024-07-17,2639.10,Credit Card
9456,308,2025-12-06,2947.94,Insurance
9457,1,2024-10-26,3085.94,Other
9458,100,2024-11-23,2068.13,Credit Card
9459,95,2025-05-01,2379.08,Credit Card
9460,208,2024-03-12,4000.34,Other
9461,113,2024-06-02,2546.57,Insurance
9462,175,2024-05-20,1618.98,Insurance
9463,445,2025-07-11,4086.47,Bank Transfer
9464,477,2025-11-06,945.14,Bank Transfer
9465,128,2025-03-24,4629.77,Insurance
9466,472,2025-12-27,3929.17,Other
9467,252,2026-01-21,1717.86,Bank Transfer
9468,156,2024-05-13,545.57,Insurance
9469,47,2026-02-21,4124.71,Cash
9470,213,2025-06-22,1370.39,Other
9471,444,2025-12-15,1697.97,Other
9472,473,2024-06-24,4280.00,Insurance
9473,112,2026-03-08,1585.98,Other
9474,151,2025-10-30,4911.29,Other
9475,487,2024-02-13,1662.64,Credit Card
9476,444,2025-04-20,1857.27,Bank Transfer
9477,289,2025-09-14,321.82,Other
9478,324,2024-12-10,3536.03,Cash
9479,364,2024-09-18,607.61,Cash
9480,41,2024-01-07,2784.26,Other
9481,474,2025-04-20,4080.56,Credit Card
9482,193,2025-08-07,3431.31,Bank Transfer
9483,457,2025-09-24,3938.24,Insurance
9484,50,2024-07-24,2492.81,Other
9485,65,2025-01-20,4133.77,Insurance
9486,218,2025-08-25,1901.17,Other
9487,261,2024-03-13,3265.08,Credit Card
9488,393,2025-04-28,3600.20,Credit Card
9489,297,2024-10-01,2501.03,Credit Card
9490,362,2024-04-21,3885.72,Credit Card
9491,385,2026-03-19,3148.03,Bank Transfer
9492,319,2025-05-22,276.16,Bank Transfer
9493,49,2024-10-28,2848.51,Insurance
9494,215,2025-05-22,1583.41,Cash
9495,486,2024-06-05,2688.61,Insurance
9496,129,2026-01-18,522.45,Cash
9497,474,2025-04-09,1233.82,Cash
9498,299,2025-06-19,1831.09,Bank Transfer
9499,460,2025-05-02,2681.44,Credit Card
9500,436,2024-12-12,1844.44,Insurance
9501,54,2024-07-08,4403.98,Credit Card
9502,389,2024-10-31,293.35,Other
9503,77,2025-07-22,3984.77,Insurance
9504,375,2026-02-11,706.84,Bank Transfer
9505,453,2024-02-08,1920.78,Insurance
9506,415,2024-02-17,2686.60,Insurance
9507,18,2024-09-18,4920.67,Other
9508,42,2025-10-22,2065.02,Cash
9509,247,2025-12-19,994.63,Cash
9510,415,2024-06-03,2422.34,Bank Transfer
9511,329,2025-06-29,2509.62,Bank Transfer
9512,456,2024-07-14,4401.98,Credit Card
9513,380,2024-01-11,1821.95,Cash
9514,493,2024-02-09,3905.36,Other
9515,406,2025-11-12,1370.67,Credit Card
9516,200,2024-12-10,3007.66,Cash
9517,417,2025-05-15,1719.72,Bank Transfer
9518,135,2026-01-01,3429.18,Credit Card
9519,109,2024-08-05,4307.22,Cash
9520,214,2026-02-24,3511.52,Bank Transfer
9521,99,2026-03-06,1523.54,Credit Card
9522,300,2025-11-23,2163.41,Credit Card
9523,81,2024-04-16,4331.64,Credit Card
9524,294,2025-12-20,2913.84,Other
9525,446,2025-02-09,440.92,Insurance
9526,321,2024-02-06,4712.00,Other
9527,184,2024-10-01,2739.86,Cash
9528,287,2025-06-07,735.39,Bank Transfer
9529,310,2025-11-07,3674.03,Cash
9530,473,2025-11-25,2968.74,Cash
9531,360,2024-07-06,1886.71,Bank Transfer
9532,248,2024-05-22,1525.43,Credit Card
9533,110,2024-02-04,3807.35,Bank Transfer
9534,174,2025-07-05,3480.95,Bank Transfer
9535,426,2024-01-05,2955.59,Bank Transfer
9536,99,2024-02-12,2556.45,Bank Transfer
9537,127,2025-10-17,3753.32,Insurance
9538,216,2025-12-27,1516.32,Cash
9539,171,2024-11-13,3445.14,Cash
9540,407,2025-08-16,2876.84,Cash
9541,116,2026-02-07,3471.19,Cash
9542,224,2025-09-02,1835.09,Cash
9543,242,2024-05-06,1153.33,Other
9544,15,2024-06-07,3311.83,Other
9545,246,2025-06-27,1634.63,Insurance
9546,356,2024-05-16,3633.67,Bank Transfer
9547,491,2024-02-01,4207.60,Other
9548,173,2024-07-15,4382.92,Cash
9549,256,2024-03-23,2352.64,Cash
9550,284,2025-06-05,681.60,Cash
9551,479,2024-09-10,4823.16,Cash
9552,228,2024-05-28,1195.97,Cash
9553,105,2024-05-08,4448.08,Other
9554,427,2024-02-08,155.18,Cash
9555,308,2024-12-08,3059.24,Bank Transfer
9556,474,2024-01-05,2633.51,Insurance
9557,130,2025-09-27,1805.45,Credit Card
9558,105,2024-09-17,2092.98,Cash
9559,189,2025-04-14,4445.50,Credit Card
9560,202,2025-11-17,1370.05,Bank Transfer
9561,31,2024-06-28,956.91,Other
9562,179,2025-03-10,4039.16,Credit Card
9563,382,2024-01-05,3141.68,Other
9564,429,2024-10-18,3538.90,Insurance
9565,41,2026-02-26,3660.51,Cash
9566,77,2025-06-22,2576.19,Credit Card
9567,289,2025-05-28,2718.74,Bank Transfer
9568,99,2025-05-01,2373.63,Credit Card
9569,492,2024-04-16,414.35,Credit Card
9570,324,2025-10-23,396.78,Bank Transfer
9571,456,2024-03-28,3529.60,Bank Transfer
9572,335,2024-09-03,215.02,Other
9573,329,2025-05-05,869.51,Cash
9574,133,2025-05-27,3551.35,Insurance
9575,404,2025-07-05,535.54,Credit Card
9576,28,2026-02-24,1441.68,Cash
9577,65,2026-02-19,3000.13,Credit Card
9578,170,2024-02-11,4824.91,Other
9579,285,2025-10-22,4256.32,Credit Card
9580,33,2024-09-18,3526.50,Bank Transfer
9581,188,2025-11-07,3161.42,Other
9582,329,2026-02-22,2138.66,Credit Card
9583,43,2024-11-12,2077.15,Other
9584,436,2025-05-14,4985.79,Cash
9585,142,2026-01-30,4367.39,Cash
9586,414,2024-04-09,1848.85,Insurance
9587,362,2025-03-04,2939.70,Bank Transfer
9588,102,2025-09-16,722.46,Cash
9589,275,2024-04-11,4242.32,Cash
9590,348,2024-05-18,4831.88,Insurance
9591,129,2025-11-03,2638.06,Other
9592,25,2025-04-05,4983.41,Other
9593,308,2025-10-01,297.40,Cash
9594,407,2025-04-20,2487.99,Cash
9595,296,2025-07-29,4681.57,Other
9596,86,2024-06-30,942.00,Credit Card
9597,62,2025-10-12,4787.20,Cash
9598,71,2024-04-30,4313.92,Bank Transfer
9599,476,2024-06-02,1019.82,Other
9600,157,2024-05-05,2315.78,Cash
9601,290,2024-08-29,669.57,Credit Card
9602,170,2025-04-03,4983.49,Insurance
9603,232,2025-09-06,509.46,Bank Transfer
9604,22,2025-02-13,1565.83,Other
9605,233,2025-12-13,2513.06,Credit Card
9606,13,2024-08-10,2005.88,Insurance
9607,462,2024-04-29,4160.86,Other
9608,363,2025-06-19,2296.67,Credit Card
9609,232,2025-06-26,3607.40,Bank Transfer
9610,192,2025-04-30,3201.49,Insurance
9611,341,2025-04-22,4791.27,Insurance
9612,347,2024-08-07,637.06,Bank Transfer
9613,62,2025-12-20,1082.66,Cash
9614,365,2025-09-16,4715.61,Other
9615,310,2026-03-19,1087.97,Credit Card
9616,375,2024-08-20,2946.38,Insurance
9617,399,2025-11-12,2692.04,Cash
9618,26,2024-12-26,199.55,Insurance
9619,225,2024-04-27,1836.52,Insurance
9620,338,2025-02-18,1090.12,Other
9621,357,2024-11-30,2180.34,Other
9622,341,2024-03-04,3976.88,Cash
9623,297,2025-10-08,4272.38,Other
9624,435,2025-09-04,2484.88,Credit Card
9625,135,2025-07-01,3392.37,Other
9626,25,2024-10-10,1833.76,Bank Transfer
9627,253,2024-08-04,682.11,Insurance
9628,325,2025-02-09,1032.57,Bank Transfer
9629,213,2024-06-04,3440.28,Other
9630,227,2024-05-31,692.07,Credit Card
9631,245,2024-01-25,2921.49,Cash
9632,487,2024-10-02,1588.58,Other
9633,265,2024-09-13,4871.01,Other
9634,459,2024-08-04,512.24,Insurance
9635,4,2024-10-22,3014.85,Cash
9636,320,2024-04-21,978.84,Cash
9637,455,2025-05-21,2338.59,Insurance
9638,377,2024-05-20,2998.56,Other
9639,234,2024-12-22,320.39,Bank Transfer
9640,184,2024-08-26,3991.30,Credit Card
9641,460,2025-12-11,2670.98,Bank Transfer
9642,463,2025-07-09,1886.24,Other
9643,471,2024-03-04,740.72,Bank Transfer
9644,236,2025-02-18,3136.96,Other
9645,192,2025-06-08,2946.50,Other
9646,495,2025-05-03,816.46,Cash
9647,389,2024-01-30,2702.38,Insurance
9648,224,2024-10-31,475.47,Credit Card
9649,280,2025-12-14,4844.70,Bank Transfer
9650,351,2025-01-13,4527.62,Other
9651,487,2025-08-01,1868.55,Bank Transfer
9652,118,2025-09-04,4123.66,Bank Transfer
9653,178,2024-07-26,1420.25,Credit Card
9654,107,2025-06-21,3715.79,Credit Card
9655,57,2024-10-27,2082.89,Cash
9656,40,2026-01-01,445.92,Bank Transfer
9657,178,2025-09-01,3598.15,Other
9658,382,2025-12-31,1442.04,Credit Card
9659,469,2026-02-06,1269.53,Bank Transfer
9660,54,2024-09-08,772.65,Credit Card
9661,212,2025-12-08,4555.23,Other
9662,315,2026-01-21,2715.39,Credit Card
9663,193,2024-11-21,619.30,Bank Transfer
9664,212,2024-11-26,3598.13,Bank Transfer
9665,355,2026-02-12,2066.50,Cash
9666,116,2024-12-23,2049.54,Cash
9667,319,2025-05-19,1005.99,Other
9668,193,2024-09-24,368.43,Insurance
9669,337,2025-10-03,3676.33,Bank Transfer
9670,240,2024-01-05,2443.95,Other
9671,136,2025-08-18,526.96,Cash
9672,26,2024-07-13,693.15,Other
9673,335,2025-01-24,1912.84,Insurance
9674,16,2024-06-29,443.02,Other
9675,368,2025-06-14,2408.77,Other
9676,34,2024-06-03,4943.86,Insurance
9677,214,2025-12-17,2341.05,Insurance
9678,112,2025-07-20,723.91,Credit Card
9679,242,2025-09-10,2479.24,Credit Card
9680,447,2024-01-25,3924.38,Credit Card
9681,325,2025-05-08,400.57,Bank Transfer
9682,46,2024-08-09,4378.85,Credit Card
9683,75,2025-03-18,2949.76,Cash
9684,279,2025-05-15,4612.94,Credit Card
9685,401,2025-03-06,1265.54,Insurance
9686,425,2024-07-02,2434.78,Bank Transfer
9687,83,2024-02-18,2721.72,Insurance
9688,25,2024-02-08,933.49,Other
9689,57,2024-06-04,3428.51,Cash
9690,207,2025-10-21,1458.24,Bank Transfer
9691,331,2025-04-11,3111.80,Insurance
9692,444,2025-06-17,2711.00,Bank Transfer
9693,280,2025-09-06,1242.34,Credit Card
9694,325,2024-03-24,2264.31,Bank Transfer
9695,429,2025-07-06,3546.06,Other
9696,241,2026-01-08,1353.40,Bank Transfer
9697,74,2024-01-14,3905.26,Cash
9698,154,2025-04-20,1901.40,Bank Transfer
9699,348,2025-06-13,4859.59,Other
9700,13,2025-01-23,471.98,Insurance
9701,156,2025-05-16,1265.30,Credit Card
9702,378,2025-02-08,3930.78,Other
9703,146,2025-05-14,608.16,Credit Card
9704,465,2024-10-18,1440.34,Other
9705,272,2024-12-27,1943.74,Bank Transfer
9706,238,2024-06-07,1805.30,Credit Card
9707,419,2026-01-15,2150.35,Bank Transfer
9708,161,2025-02-04,76.73,Bank Transfer
9709,301,2026-02-11,928.90,Credit Card
9710,266,2025-08-17,3694.30,Bank Transfer
9711,56,2025-03-05,4525.58,Other
9712,63,2024-08-21,3533.96,Cash
9713,214,2025-07-09,4892.02,Credit Card
9714,53,2026-01-05,4078.11,Credit Card
9715,305,2024-05-23,4556.58,Bank Transfer
9716,18,2024-09-01,1314.95,Cash
9717,99,2024-12-02,3095.20,Insurance
9718,382,2024-02-16,4312.38,Insurance
9719,45,2024-12-30,482.38,Credit Card
9720,441,2025-01-08,3977.51,Other
9721,376,2025-01-28,950.08,Insurance
9722,468,2024-02-09,123.49,Insurance
9723,474,2026-02-28,2559.84,Credit Card
9724,378,2024-06-27,3079.81,Cash
9725,49,2024-04-22,4170.28,Other
9726,452,2025-12-11,934.33,Insurance
9727,311,2025-07-11,3599.83,Cash
9728,189,2025-10-24,4807.46,Credit Card
9729,252,2024-08-27,1434.53,Bank Transfer
9730,309,2025-09-16,4823.70,Other
9731,197,2024-12-29,3559.10,Other
9732,299,2025-06-30,3746.38,Other
9733,474,2024-07-01,3376.54,Other
9734,183,2025-06-20,3980.12,Bank Transfer
9735,390,2024-11-21,3997.74,Cash
9736,468,2024-07-11,3150.37,Insurance
9737,407,2024-08-30,4147.99,Insurance
9738,486,2026-01-07,4169.32,Credit Card
9739,178,2025-08-31,3735.32,Other
9740,166,2025-04-10,4612.07,Bank Transfer
9741,38,2024-05-15,4356.71,Credit Card
9742,369,2024-12-23,4128.81,Insurance
9743,215,2025-10-19,2952.55,Other
9744,159,2025-06-18,757.35,Other
9745,75,2025-11-19,1340.56,Cash
9746,431,2024-03-04,3496.28,Credit Card
9747,9,2025-11-06,2262.61,Cash
9748,45,2026-02-04,3150.91,Insurance
9749,114,2024-08-15,2924.73,Other
9750,380,2024-02-12,3176.27,Insurance
9751,179,2025-12-18,3149.20,Insurance
9752,330,2024-10-11,1474.46,Credit Card
9753,340,2024-06-25,773.36,Other
9754,411,2024-07-19,981.10,Insurance
9755,423,2024-11-12,854.17,Credit Card
9756,77,2025-07-16,3043.04,Cash
9757,396,2025-12-15,243.97,Other
9758,391,2025-07-28,2729.52,Insurance
9759,290,2024-11-01,1389.10,Insurance
9760,492,2024-07-25,4395.02,Credit Card
9761,40,2025-11-09,1095.88,Insurance
9762,391,2025-12-29,4991.30,Cash
9763,378,2025-01-15,3048.12,Other
9764,84,2024-07-04,1391.94,Insurance
9765,126,2025-06-18,851.40,Insurance
9766,308,2025-03-27,521.31,Other
9767,311,2024-03-21,2294.73,Bank Transfer
9768,189,2025-11-17,1493.13,Cash
9769,125,2024-08-09,208.07,Cash
9770,189,2025-11-23,383.85,Credit Card
9771,16,2024-02-09,447.12,Bank Transfer
9772,283,2025-10-06,2957.51,Other
9773,380,2024-04-25,582.95,Bank Transfer
9774,413,2024-09-18,3959.05,Bank Transfer
9775,388,2025-10-17,3620.73,Credit Card
9776,129,2025-08-12,3332.24,Cash
9777,481,2024-12-11,3696.05,Cash
9778,99,2025-01-04,4319.55,Insurance
9779,193,2024-07-20,2834.68,Insurance
9780,100,2025-06-04,2327.17,Insurance
9781,161,2025-11-23,2123.49,Other
9782,38,2024-04-05,3917.78,Other
9783,151,2025-10-25,3174.66,Other
9784,3,2024-10-30,3754.41,Cash
9785,74,2025-05-05,729.43,Bank Transfer
9786,351,2024-04-24,3086.27,Insurance
9787,181,2024-01-31,800.99,Other
9788,454,2025-11-20,2314.76,Credit Card
9789,284,2024-03-08,2249.99,Bank Transfer
9790,156,2025-09-23,2705.60,Bank Transfer
9791,212,2024-07-03,4776.59,Bank Transfer
9792,226,2025-04-30,4856.64,Insurance
9793,284,2026-02-17,4909.08,Credit Card
9794,37,2025-10-15,3693.74,Other
9795,381,2025-01-30,2291.52,Credit Card
9796,105,2025-12-24,2247.12,Insurance
9797,162,2025-03-18,3435.06,Credit Card
9798,232,2024-06-22,4322.97,Cash
9799,148,2024-11-18,371.67,Insurance
9800,398,2025-01-13,1814.66,Other
9801,33,2024-12-01,393.14,Other
9802,392,2026-01-08,771.89,Credit Card
9803,113,2025-12-08,4017.45,Bank Transfer
9804,28,2024-07-10,612.64,Credit Card
9805,52,2025-05-11,715.50,Other
9806,305,2025-06-18,4557.84,Other
9807,67,2024-08-13,3496.31,Insurance
9808,71,2024-06-04,1317.38,Other
9809,73,2024-07-20,4957.30,Bank Transfer
9810,379,2024-05-25,3129.19,Cash
9811,465,2025-03-25,647.59,Credit Card
9812,488,2026-01-17,1230.43,Credit Card
9813,400,2024-12-12,1109.61,Cash
9814,479,2024-01-04,4017.35,Insurance
9815,500,2024-06-05,1163.21,Credit Card
9816,146,2025-07-13,3216.29,Bank Transfer
9817,138,2024-09-20,1426.70,Bank Transfer
9818,52,2024-07-21,3327.92,Insurance
9819,446,2024-10-15,3181.41,Other
9820,230,2024-02-27,1820.47,Bank Transfer
9821,408,2025-06-25,109.42,Bank Transfer
9822,240,2026-01-29,939.90,Bank Transfer
9823,392,2024-06-06,4095.06,Bank Transfer
9824,157,2025-09-22,1187.52,Other
9825,360,2025-08-06,2618.99,Credit Card
9826,408,2024-07-22,1024.74,Credit Card
9827,456,2024-03-30,1779.85,Credit Card
9828,266,2024-07-06,3888.54,Credit Card
9829,125,2024-06-04,3920.38,Cash
9830,259,2025-03-01,3576.14,Insurance
9831,88,2025-02-09,3211.99,Bank Transfer
9832,198,2024-02-25,2951.60,Cash
9833,235,2025-06-17,2233.84,Cash
9834,486,2024-03-06,1156.11,Other
9835,497,2024-11-05,2457.09,Cash
9836,158,2024-02-25,951.01,Credit Card
9837,250,2024-09-25,4454.33,Credit Card
9838,5,2025-12-01,4254.50,Cash
9839,428,2026-02-05,3457.15,Other
9840,341,2024-06-16,3981.94,Other
9841,490,2026-01-06,4404.84,Bank Transfer
9842,116,2025-01-25,3271.19,Cash
9843,178,2026-01-11,4000.04,Insurance
9844,329,2024-08-29,2306.92,Cash
9845,486,2024-08-15,2801.45,Other
9846,174,2025-04-06,2235.52,Insurance
9847,2,2026-02-26,1060.58,Credit Card
9848,417,2025-01-20,4304.28,Cash
9849,217,2024-07-17,1756.78,Other
9850,322,2025-08-29,3045.64,Insurance
9851,225,2025-10-16,4303.58,Credit Card
9852,113,2026-02-06,551.54,Insurance
9853,394,2024-12-04,272.39,Other
9854,51,2024-01-17,1636.80,Bank Transfer
9855,70,2024-04-16,2199.73,Credit Card
9856,66,2025-08-13,2069.26,Credit Card
9857,81,2024-04-16,3976.54,Other
9858,271,2026-01-11,2119.09,Bank Transfer
9859,244,2024-03-26,1007.19,Credit Card
9860,143,2024-03-27,2621.52,Credit Card
9861,308,2024-04-11,3517.39,Insurance
9862,389,2025-07-08,4799.09,Cash
9863,194,2024-07-04,1659.70,Credit Card
9864,214,2026-01-16,403.80,Credit Card
9865,340,2025-06-15,524.30,Other
9866,139,2025-06-10,2291.01,Insurance
9867,256,2025-04-26,2350.13,Cash
9868,16,2025-08-18,4305.90,Other
9869,125,2024-07-22,3281.89,Credit Card
9870,6,2025-04-08,3154.81,Credit Card
9871,187,2025-05-08,1103.89,Insurance
9872,310,2025-01-14,2177.87,Credit Card
9873,284,2024-11-25,2835.81,Cash
9874,462,2025-02-19,4972.16,Cash
9875,184,2025-07-10,3291.52,Cash
9876,318,2024-04-04,133.40,Cash
9877,121,2025-03-14,2188.35,Bank Transfer
9878,486,2025-07-03,251.03,Other
9879,93,2025-05-04,1187.09,Insurance
9880,234,2025-09-01,3072.33,Insurance
9881,399,2025-12-02,4674.98,Other
9882,396,2026-01-31,1061.25,Bank Transfer
9883,455,2025-06-17,4362.84,Credit Card
9884,208,2024-11-28,2388.84,Other
9885,173,2025-06-08,2051.66,Bank Transfer
9886,277,2025-04-27,3516.27,Credit Card
9887,188,2025-05-02,1511.33,Bank Transfer
9888,118,2024-08-15,2710.44,Insurance
9889,358,2024-06-07,4800.32,Credit Card
9890,129,2026-02-11,558.95,Bank Transfer
9891,76,2025-08-30,1117.93,Other
9892,315,2025-11-16,4634.56,Cash
9893,41,2025-08-09,3586.15,Other
9894,496,2026-01-01,2120.74,Cash
9895,50,2024-08-31,2471.91,Other
9896,220,2024-10-15,2527.77,Insurance
9897,384,2024-06-28,216.83,Insurance
9898,311,2025-04-21,3315.25,Credit Card
9899,288,2024-10-15,804.32,Cash
9900,263,2024-06-26,2015.64,Other
9901,332,2025-01-08,3380.14,Other
9902,488,2024-01-20,350.30,Cash
9903,460,2024-08-18,4542.61,Cash
9904,52,2024-07-02,521.81,Other
9905,70,2024-09-20,3179.13,Bank Transfer
9906,207,2026-02-05,1084.10,Cash
9907,87,2025-08-08,2257.00,Other
9908,407,2025-08-17,1737.21,Other
9909,322,2025-12-20,811.25,Insurance
9910,384,2024-11-08,281.13,Credit Card
9911,117,2025-09-13,837.34,Cash
9912,120,2024-06-04,2660.09,Other
9913,445,2025-11-21,4453.52,Cash
9914,211,2025-12-16,3731.00,Other
9915,134,2024-02-10,4893.27,Bank Transfer
9916,47,2024-11-30,1956.09,Other
9917,113,2025-01-09,664.80,Credit Card
9918,1,2024-08-26,3061.42,Bank Transfer
9919,424,2025-08-06,736.77,Cash
9920,359,2024-03-09,987.81,Credit Card
9921,335,2024-02-21,1063.00,Bank Transfer
9922,77,2024-06-22,2736.73,Other
9923,172,2025-12-19,4750.11,Other
9924,339,2026-02-03,858.70,Bank Transfer
9925,115,2024-05-08,1880.42,Insurance
9926,174,2024-01-16,3564.71,Bank Transfer
9927,360,2025-07-16,1505.20,Bank Transfer
9928,407,2026-02-24,4648.88,Bank Transfer
9929,185,2025-03-07,2986.20,Cash
9930,110,2024-07-18,2023.79,Bank Transfer
9931,144,2024-11-21,1263.41,Bank Transfer
9932,245,2024-11-10,1266.47,Insurance
9933,303,2025-05-06,1884.18,Bank Transfer
9934,326,2024-09-08,816.07,Credit Card
9935,101,2024-06-06,4076.99,Other
9936,307,2025-01-23,321.11,Credit Card
9937,89,2024-03-02,3256.27,Cash
9938,407,2024-04-02,810.78,Insurance
9939,369,2024-01-10,1389.84,Credit Card
9940,243,2025-08-10,2133.60,Bank Transfer
9941,14,2025-07-25,1445.71,Credit Card
9942,396,2025-04-18,4685.32,Bank Transfer
9943,55,2025-10-27,4040.76,Bank Transfer
9944,302,2024-02-14,3086.61,Insurance
9945,282,2024-06-15,2447.25,Other
9946,279,2024-04-11,4671.40,Cash
9947,337,2025-03-04,1471.33,Cash
9948,336,2026-01-10,3728.93,Insurance
9949,130,2024-08-19,4962.26,Bank Transfer
9950,350,2024-03-15,3371.37,Insurance
9951,252,2025-06-05,4893.84,Credit Card
9952,188,2024-04-30,268.74,Other
9953,46,2025-03-19,1730.51,Other
9954,280,2025-05-09,2817.80,Cash
9955,35,2025-08-07,2000.20,Insurance
9956,134,2025-11-12,2485.07,Insurance
9957,175,2024-08-09,4420.19,Insurance
9958,76,2025-11-10,4680.41,Insurance
9959,315,2025-05-06,261.48,Insurance
9960,439,2025-08-06,3099.07,Bank Transfer
9961,180,2024-03-27,1718.63,Bank Transfer
9962,31,2024-09-10,3969.30,Credit Card
9963,283,2025-09-26,787.25,Insurance
9964,77,2024-10-25,2296.29,Credit Card
9965,406,2025-02-20,4721.17,Insurance
9966,287,2025-11-25,4787.04,Credit Card
9967,286,2025-09-28,1567.88,Cash
9968,355,2024-10-21,4067.84,Bank Transfer
9969,140,2025-01-15,4281.78,Cash
9970,414,2026-01-21,2458.56,Bank Transfer
9971,163,2026-03-09,2930.95,Other
9972,111,2025-08-09,3346.07,Other
9973,78,2024-04-05,4851.55,Insurance
9974,9,2025-08-29,4529.95,Insurance
9975,157,2025-01-26,4506.72,Other
9976,182,2025-02-16,2224.54,Credit Card
9977,2,2025-06-02,1671.82,Bank Transfer
9978,331,2024-10-28,1140.45,Insurance
9979,397,2026-02-12,1533.94,Bank Transfer
9980,299,2024-08-19,2411.89,Insurance
9981,297,2024-01-13,3481.51,Other
9982,457,2025-04-30,3729.23,Insurance
9983,277,2025-07-15,3912.57,Other
9984,388,2025-11-18,4709.79,Bank Transfer
9985,431,2025-08-18,536.34,Other
9986,249,2024-05-03,3726.07,Insurance
9987,360,2025-02-10,3738.11,Credit Card
9988,457,2025-07-28,4972.78,Bank Transfer
9989,286,2024-01-31,2020.36,Credit Card
9990,368,2024-08-09,1716.05,Cash
9991,412,2026-03-06,2649.99,Credit Card
9992,366,2025-02-18,3934.57,Insurance
9993,413,2025-05-16,4079.48,Other
9994,28,2025-08-11,4595.95,Insurance
9995,410,2025-04-11,1941.71,Cash
9996,235,2025-04-12,911.26,Cash
9997,86,2024-08-20,3468.49,Cash
9998,317,2024-08-29,3040.58,Credit Card
9999,26,2024-01-23,4758.65,Bank Transfer
10000,162,2024-02-02,434.58,Insurance
10001,70,2024-10-16,4589.81,Bank Transfer
10002,1,2024-01-28,3105.49,Credit Card
10003,240,2024-05-10,4392.70,Bank Transfer
10004,235,2024-06-14,1547.51,Bank Transfer
10005,115,2024-02-24,1792.89,Other
10006,214,2025-12-03,3308.57,Cash
10007,164,2025-10-23,2714.59,Other
10008,73,2024-07-25,4647.14,Cash
10009,205,2025-04-21,2863.18,Credit Card
10010,350,2025-05-29,1461.83,Credit Card
10011,297,2024-12-04,4648.86,Bank Transfer
10012,196,2024-09-16,4136.89,Credit Card
10013,201,2024-01-02,4720.25,Other
10014,59,2025-04-03,4051.14,Other
10015,237,2025-12-20,68.38,Cash
10016,422,2025-11-03,4035.06,Other
10017,3,2025-06-01,258.61,Bank Transfer
10018,497,2025-04-13,3019.39,Bank Transfer
10019,298,2026-02-24,3227.64,Bank Transfer
10020,45,2025-01-16,2625.46,Other
10021,465,2025-06-19,2560.95,Bank Transfer
10022,260,2025-12-19,391.02,Credit Card
10023,393,2026-02-03,333.59,Credit Card
10024,488,2025-04-23,860.52,Other
10025,464,2024-05-05,3237.61,Bank Transfer
10026,55,2025-03-16,2596.17,Bank Transfer
10027,20,2026-02-24,4984.51,Bank Transfer
10028,459,2025-03-29,4927.10,Cash
10029,118,2024-06-26,2712.39,Cash
10030,169,2025-01-18,734.97,Insurance
10031,136,2025-10-02,701.30,Insurance
10032,211,2025-05-01,2367.46,Other
10033,447,2024-02-15,909.85,Credit Card
10034,434,2025-12-23,1924.82,Credit Card
10035,283,2026-03-11,3511.20,Other
10036,375,2026-03-11,356.62,Other
10037,236,2024-01-26,2514.13,Other
10038,159,2025-05-18,828.34,Cash
10039,176,2024-05-16,2988.03,Insurance
10040,238,2024-12-26,3221.52,Other
10041,198,2024-08-23,4145.87,Credit Card
10042,255,2025-04-13,3589.62,Other
10043,406,2025-10-15,2834.04,Credit Card
10044,64,2024-04-21,870.00,Cash
10045,314,2025-11-03,3600.95,Other
10046,381,2025-01-31,4059.42,Cash
10047,335,2024-09-14,1265.34,Insurance
10048,272,2025-09-03,2839.55,Insurance
10049,10,2024-10-17,626.72,Other
10050,189,2024-08-20,1665.85,Bank Transfer
10051,65,2024-08-21,407.87,Insurance
10052,448,2024-09-20,925.11,Cash
10053,316,2025-03-22,1251.05,Bank Transfer
10054,204,2025-11-29,3751.27,Cash
10055,347,2025-11-14,2747.66,Insurance
10056,164,2025-12-03,2853.45,Insurance
10057,13,2025-04-01,2708.64,Insurance
10058,479,2024-08-30,4999.47,Cash
10059,86,2024-10-17,225.14,Insurance
10060,366,2026-02-23,4239.77,Other
10061,485,2024-06-05,4352.69,Other
10062,72,2025-12-08,4574.82,Bank Transfer
10063,261,2024-08-30,2388.51,Bank Transfer
10064,45,2025-02-11,308.37,Cash
10065,443,2025-10-20,3147.02,Cash
10066,446,2025-11-04,1100.71,Bank Transfer
10067,42,2025-08-24,3431.69,Insurance
10068,114,2024-02-08,54.49,Insurance
10069,150,2025-02-25,3961.58,Bank Transfer
10070,68,2024-10-12,2625.48,Bank Transfer
10071,278,2024-07-15,4503.78,Cash
10072,42,2024-11-12,1884.99,Insurance
10073,159,2024-11-18,1205.11,Bank Transfer
10074,361,2025-08-31,3611.95,Bank Transfer
10075,209,2025-08-25,4965.13,Bank Transfer
10076,7,2024-04-15,1166.00,Bank Transfer
10077,308,2025-07-26,4783.54,Bank Transfer
10078,216,2025-06-24,4490.06,Bank Transfer
10079,267,2026-03-14,113.81,Other
10080,377,2025-12-26,1825.84,Credit Card
10081,477,2024-06-06,2742.44,Credit Card
10082,155,2025-06-10,2430.03,Credit Card
10083,73,2024-08-17,2090.73,Credit Card
10084,483,2025-10-29,3137.91,Credit Card
10085,161,2025-09-02,3138.01,Bank Transfer
10086,44,2024-04-08,4770.42,Bank Transfer
10087,363,2024-02-02,1912.18,Bank Transfer
10088,386,2024-02-23,118.34,Cash
10089,200,2025-04-30,3007.32,Insurance
10090,358,2024-04-07,2886.26,Cash
10091,488,2024-06-03,223.96,Cash
10092,35,2026-02-11,584.05,Insurance
10093,352,2026-01-30,4400.80,Other
10094,96,2025-12-08,282.25,Bank Transfer
10095,191,2026-01-26,1986.61,Cash
10096,448,2025-08-31,3553.13,Cash
10097,334,2025-12-20,3697.86,Other
10098,336,2025-11-23,3401.24,Cash
10099,379,2026-02-01,4761.26,Insurance
10100,382,2026-02-23,237.90,Bank Transfer
10101,314,2024-05-24,909.35,Cash
10102,437,2026-03-16,1676.94,Cash
10103,337,2024-06-13,546.92,Other
10104,297,2025-05-07,3485.71,Credit Card
10105,186,2024-09-13,2447.80,Cash
10106,226,2025-06-30,2726.37,Bank Transfer
10107,319,2025-08-29,4009.82,Bank Transfer
10108,140,2025-04-10,682.06,Bank Transfer
10109,51,2024-05-14,3503.97,Cash
10110,440,2024-05-15,150.59,Insurance
10111,322,2026-03-16,1840.57,Bank Transfer
10112,3,2025-08-19,2868.29,Insurance
10113,20,2024-04-16,3101.79,Credit Card
10114,2,2025-01-11,3160.52,Other
10115,156,2025-03-31,465.81,Credit Card
10116,454,2024-10-11,1328.97,Bank Transfer
10117,55,2024-08-23,4758.32,Cash
10118,415,2025-12-11,815.37,Bank Transfer
10119,420,2024-02-03,1051.56,Cash
10120,64,2024-07-10,2375.15,Other
10121,93,2025-04-14,77.17,Cash
10122,252,2025-03-12,274.00,Bank Transfer
10123,5,2024-05-14,3458.33,Credit Card
10124,494,2025-12-10,1649.85,Insurance
10125,282,2025-07-10,2324.78,Bank Transfer
10126,175,2024-06-11,2892.36,Cash
10127,17,2024-02-28,4104.18,Credit Card
10128,407,2025-09-03,4992.08,Insurance
10129,308,2025-03-16,2429.46,Cash
10130,273,2024-07-17,752.99,Credit Card
10131,278,2025-04-13,2790.36,Credit Card
10132,432,2024-12-28,83.32,Credit Card
10133,348,2024-10-30,212.63,Cash
10134,44,2025-04-25,281.51,Insurance
10135,206,2024-10-20,258.03,Credit Card
10136,441,2025-10-28,2824.67,Insurance
10137,25,2025-01-19,179.44,Credit Card
10138,210,2024-04-03,4304.96,Bank Transfer
10139,134,2024-07-18,1157.66,Insurance
10140,495,2024-11-11,4222.24,Bank Transfer
10141,215,2025-06-02,2599.90,Other
10142,222,2025-06-02,867.23,Credit Card
10143,490,2024-09-17,2439.14,Insurance
10144,72,2024-10-15,2193.69,Bank Transfer
10145,319,2025-09-08,2932.88,Other
10146,265,2025-08-01,2163.13,Insurance
10147,68,2024-03-01,1717.66,Bank Transfer
10148,16,2025-01-22,2444.25,Other
10149,68,2024-08-24,1973.61,Other
10150,121,2024-12-11,4781.75,Credit Card
10151,452,2024-08-04,2987.14,Other
10152,310,2025-06-12,4933.57,Insurance
10153,71,2025-10-29,3432.66,Insurance
10154,363,2025-05-06,3913.65,Cash
10155,71,2025-07-23,2500.97,Other
10156,394,2025-08-22,3832.63,Credit Card
10157,276,2025-12-26,972.29,Cash
10158,405,2024-07-14,442.22,Other
10159,465,2025-04-14,4385.88,Other
10160,357,2024-04-07,731.15,Cash
10161,223,2025-10-07,1783.46,Bank Transfer
10162,442,2024-07-16,1027.85,Cash
10163,230,2024-11-02,2938.87,Bank Transfer
10164,426,2025-02-02,2732.75,Insurance
10165,252,2024-04-17,3721.96,Bank Transfer
10166,234,2024-04-16,1554.07,Credit Card
10167,338,2025-11-07,4900.34,Other
10168,191,2024-04-03,3314.59,Insurance
10169,60,2025-10-26,4646.02,Credit Card
10170,137,2026-02-28,71.97,Credit Card
10171,296,2024-09-14,2313.05,Credit Card
10172,327,2024-07-17,4205.74,Credit Card
10173,117,2026-01-02,3876.17,Insurance
10174,51,2024-10-17,4761.23,Bank Transfer
10175,330,2024-11-21,2176.73,Bank Transfer
10176,273,2026-01-24,4537.55,Insurance
10177,40,2025-10-24,4798.13,Bank Transfer
10178,97,2025-08-28,1894.57,Insurance
10179,490,2024-08-18,3520.69,Credit Card
10180,107,2024-09-19,4483.56,Cash
10181,195,2024-01-12,1551.57,Insurance
10182,86,2025-08-19,300.62,Insurance
10183,18,2025-09-10,1737.67,Cash
10184,40,2026-02-20,1425.49,Insurance
10185,162,2025-01-07,3226.68,Credit Card
10186,208,2024-08-28,1864.56,Cash
10187,398,2024-12-06,2514.94,Cash
10188,43,2026-01-13,3725.03,Credit Card
10189,211,2024-09-11,893.57,Bank Transfer
10190,308,2024-08-19,4560.54,Bank Transfer
10191,360,2024-12-03,2338.89,Bank Transfer
10192,299,2025-03-10,3798.51,Other
10193,309,2024-03-22,4155.56,Other
10194,282,2024-05-15,1740.84,Bank Transfer
10195,209,2024-03-22,4972.51,Cash
10196,245,2024-03-19,1117.33,Insurance
10197,448,2024-04-25,4569.29,Insurance
10198,56,2024-03-28,2744.86,Insurance
10199,124,2026-01-15,124.05,Other
10200,486,2024-02-21,2068.47,Insurance
10201,330,2024-03-27,1013.83,Credit Card
10202,59,2024-05-11,4328.36,Other
10203,406,2025-06-14,2315.97,Bank Transfer
10204,214,2025-10-14,1926.08,Other
10205,122,2024-11-26,555.93,Insurance
10206,41,2024-05-16,3649.46,Credit Card
10207,145,2025-03-13,3580.01,Cash
10208,295,2024-05-19,1994.21,Credit Card
10209,305,2026-02-16,1000.64,Other
10210,20,2025-03-19,4525.60,Bank Transfer
10211,498,2025-06-16,3250.85,Credit Card
10212,288,2024-08-22,4299.23,Cash
10213,4,2025-08-13,4013.83,Insurance
10214,114,2024-11-05,4566.75,Cash
10215,284,2025-03-02,4723.51,Bank Transfer
10216,163,2025-08-18,3261.43,Insurance
10217,477,2024-03-30,4469.52,Other
10218,351,2025-08-27,3183.20,Bank Transfer
10219,374,2026-02-19,2872.45,Other
10220,284,2025-09-04,3134.79,Credit Card
10221,33,2024-06-24,4217.61,Credit Card
10222,381,2025-10-04,112.09,Credit Card
10223,351,2025-04-15,1127.96,Insurance
10224,419,2024-07-24,3297.59,Insurance
10225,174,2025-02-27,2383.25,Bank Transfer
10226,207,2025-08-24,1945.89,Bank Transfer
10227,93,2024-02-02,2982.31,Bank Transfer
10228,284,2024-06-06,856.31,Bank Transfer
10229,4,2025-10-21,1549.93,Insurance
10230,495,2024-11-24,3989.85,Insurance
10231,231,2024-02-04,603.30,Insurance
10232,397,2024-05-27,3369.27,Other
10233,455,2025-07-18,2541.46,Bank Transfer
10234,456,2025-07-11,1556.45,Cash
10235,208,2025-01-01,2640.69,Bank Transfer
10236,303,2024-03-05,4441.30,Bank Transfer
10237,58,2025-01-25,2655.58,Insurance
10238,10,2024-12-20,947.64,Insurance
10239,113,2025-10-20,3384.73,Other
10240,290,2026-01-25,2575.46,Bank Transfer
10241,7,2024-08-08,252.39,Credit Card
10242,259,2025-09-30,749.77,Bank Transfer
10243,418,2025-12-27,2924.65,Cash
10244,5,2025-09-05,4166.40,Bank Transfer
10245,444,2026-01-14,1317.88,Credit Card
10246,42,2025-07-26,4031.16,Credit Card
10247,355,2024-06-12,1093.56,Cash
10248,242,2024-10-08,4426.58,Other
10249,238,2024-10-21,4253.72,Bank Transfer
10250,97,2024-09-30,3974.20,Cash
10251,64,2024-02-26,4155.85,Insurance
10252,333,2024-10-23,2868.21,Cash
10253,76,2026-01-22,3233.91,Insurance
10254,98,2025-12-13,3315.99,Other
10255,235,2025-10-04,857.21,Cash
10256,155,2025-02-07,2075.64,Bank Transfer
10257,214,2024-10-29,3046.60,Credit Card
10258,69,2024-12-31,588.87,Bank Transfer
10259,409,2025-08-30,3085.62,Other
10260,248,2024-09-20,960.59,Cash
10261,457,2024-03-16,3515.32,Other
10262,239,2026-01-27,826.38,Credit Card
10263,446,2025-09-13,4080.65,Other
10264,473,2025-12-01,1692.09,Insurance
10265,289,2025-06-11,294.04,Insurance
10266,223,2025-02-23,1818.06,Credit Card
10267,136,2025-06-12,2833.24,Bank Transfer
10268,115,2024-02-02,1268.17,Insurance
10269,283,2025-03-13,4097.20,Insurance
10270,106,2024-01-26,1303.44,Cash
10271,471,2025-11-06,87.56,Other
10272,190,2024-08-04,1907.06,Insurance
10273,241,2024-07-23,2517.35,Other
10274,407,2024-07-05,2095.58,Insurance
10275,198,2024-03-14,4996.19,Credit Card
10276,394,2025-06-11,4849.00,Other
10277,138,2024-10-05,591.72,Credit Card
10278,189,2024-08-24,3266.20,Insurance
10279,10,2024-06-22,4544.63,Insurance
10280,309,2024-01-24,3605.47,Other
10281,255,2025-05-06,1615.26,Insurance
10282,273,2025-05-14,1035.31,Bank Transfer
10283,304,2024-10-03,3931.75,Bank Transfer
10284,211,2024-09-04,4871.40,Credit Card
10285,257,2025-11-15,1882.15,Credit Card
10286,180,2025-04-27,1578.31,Insurance
10287,80,2024-02-19,4842.55,Insurance
10288,175,2024-06-06,2476.30,Bank Transfer
10289,366,2025-09-03,3264.28,Bank Transfer
10290,183,2024-06-07,2673.58,Other
10291,24,2026-02-22,306.33,Cash
10292,457,2025-05-25,3553.53,Other
10293,412,2025-02-03,4734.80,Insurance
10294,441,2025-03-14,3165.68,Cash
10295,165,2025-02-23,3374.72,Credit Card
10296,456,2024-01-20,3187.45,Insurance
10297,456,2026-01-26,1857.63,Credit Card
10298,175,2025-04-05,4616.47,Insurance
10299,240,2025-10-25,4599.57,Insurance
10300,434,2025-07-28,291.70,Cash
10301,408,2026-02-07,4497.22,Cash
10302,88,2025-04-04,1078.58,Cash
10303,123,2025-04-21,732.75,Insurance
10304,386,2024-12-05,4936.39,Credit Card
10305,497,2024-11-27,1597.47,Bank Transfer
10306,241,2025-09-25,2913.48,Bank Transfer
10307,469,2024-05-13,1269.21,Cash
10308,93,2025-12-07,468.55,Other
10309,314,2024-03-02,2032.05,Credit Card
10310,453,2025-03-13,3142.33,Insurance
10311,235,2026-01-28,2911.17,Bank Transfer
10312,432,2025-04-10,3316.07,Insurance
10313,147,2025-08-31,853.99,Cash
10314,447,2024-12-23,240.95,Cash
10315,287,2026-02-16,913.56,Credit Card
10316,194,2025-08-15,3790.96,Credit Card
10317,55,2025-09-14,3713.05,Insurance
10318,369,2026-02-15,2422.69,Insurance
10319,43,2026-03-17,196.84,Insurance
10320,202,2025-08-12,3807.55,Bank Transfer
10321,230,2025-09-08,1274.85,Other
10322,364,2026-01-27,322.69,Other
10323,101,2025-08-26,744.70,Insurance
10324,492,2025-07-10,558.07,Insurance
10325,269,2025-08-18,4004.29,Credit Card
10326,242,2026-02-12,2594.88,Other
10327,1,2025-10-15,1018.78,Cash
10328,160,2024-12-19,526.98,Other
10329,435,2025-03-28,4040.18,Other
10330,53,2026-01-24,2100.49,Insurance
10331,48,2025-02-01,421.67,Insurance
10332,480,2024-02-09,556.86,Cash
10333,50,2024-01-24,3543.02,Credit Card
10334,434,2024-12-25,1771.43,Credit Card
10335,432,2025-05-20,2595.07,Bank Transfer
10336,364,2024-05-02,759.56,Cash
10337,2,2025-01-14,4462.93,Credit Card
10338,344,2025-05-27,3505.55,Credit Card
10339,158,2026-02-15,3091.86,Other
10340,229,2025-11-19,2348.66,Other
10341,377,2024-10-05,590.93,Insurance
10342,244,2025-08-29,2245.55,Other
10343,12,2025-06-02,2198.71,Bank Transfer
10344,239,2025-02-21,671.54,Other
10345,294,2025-02-15,2277.73,Credit Card
10346,101,2024-11-09,4877.81,Cash
10347,355,2025-04-24,2582.38,Cash
10348,449,2025-05-18,2409.41,Cash
10349,440,2025-11-26,3242.23,Cash
10350,106,2025-05-12,2695.16,Bank Transfer
10351,57,2024-05-07,2735.93,Bank Transfer
10352,232,2024-10-03,2380.52,Insurance
10353,289,2025-08-08,1038.29,Other
10354,207,2025-06-11,1293.86,Insurance
10355,494,2025-07-05,2093.67,Credit Card
10356,286,2024-06-14,1386.44,Other
10357,280,2025-03-31,497.70,Insurance
10358,274,2024-12-25,3838.99,Cash
10359,445,2024-08-17,471.03,Insurance
10360,325,2025-11-27,2371.70,Cash
10361,169,2024-05-10,3990.02,Other
10362,45,2025-01-01,3057.46,Cash
10363,143,2024-07-15,4967.58,Cash
10364,379,2024-05-23,2988.42,Cash
10365,364,2024-11-29,3490.15,Insurance
10366,109,2025-09-10,4923.00,Bank Transfer
10367,175,2024-03-28,3411.51,Other
10368,174,2025-12-14,2612.73,Cash
10369,100,2026-02-17,71.88,Other
10370,265,2024-03-25,3750.20,Other
10371,424,2024-04-13,3935.55,Bank Transfer
10372,311,2025-11-12,2578.06,Credit Card
10373,414,2024-09-26,4812.76,Credit Card
10374,149,2024-08-28,4773.94,Cash
10375,433,2026-01-02,3163.06,Insurance
10376,442,2024-10-30,373.58,Insurance
10377,60,2024-05-09,1216.27,Other
10378,281,2025-09-18,556.64,Credit Card
10379,363,2025-09-09,3149.76,Other
10380,256,2025-09-18,1983.18,Other
10381,247,2025-06-08,3104.47,Insurance
10382,401,2024-06-30,3947.70,Credit Card
10383,424,2025-05-19,669.09,Credit Card
10384,223,2026-01-29,2360.48,Bank Transfer
10385,65,2024-07-26,3672.10,Bank Transfer
10386,408,2025-03-01,1246.92,Insurance
10387,52,2024-01-17,3336.78,Other
10388,349,2025-07-31,4608.61,Insurance
10389,98,2024-07-26,4122.29,Insurance
10390,487,2024-03-17,3919.54,Cash
10391,273,2024-12-07,746.64,Insurance
10392,40,2025-08-12,1902.06,Credit Card
10393,180,2024-08-03,271.48,Insurance
10394,231,2026-02-28,692.93,Cash
10395,264,2025-04-22,575.76,Credit Card
10396,150,2024-11-16,4342.09,Insurance
10397,419,2025-06-09,1364.30,Credit Card
10398,291,2025-08-03,4018.67,Insurance
10399,149,2024-04-30,1116.57,Credit Card
10400,63,2025-12-30,694.49,Bank Transfer
10401,209,2025-10-10,3013.70,Other
10402,252,2025-06-08,4177.22,Credit Card
10403,227,2026-03-09,296.35,Cash
10404,68,2024-10-13,4874.76,Cash
10405,473,2024-03-02,4198.99,Cash
10406,25,2024-08-17,2573.18,Credit Card
10407,113,2024-03-26,450.39,Other
10408,497,2025-04-04,4527.23,Insurance
10409,331,2024-09-16,4178.20,Bank Transfer
10410,89,2025-05-12,4112.01,Insurance
10411,342,2025-09-09,2092.61,Insurance
10412,351,2024-07-06,3291.52,Bank Transfer
10413,77,2025-06-04,921.54,Insurance
10414,224,2025-02-15,1133.87,Other
10415,278,2026-01-26,1283.39,Credit Card
10416,19,2025-03-15,2134.41,Cash
10417,73,2025-10-10,1058.21,Insurance
10418,273,2025-02-23,2793.34,Bank Transfer
10419,450,2024-08-17,1043.66,Credit Card
10420,390,2026-01-04,2170.43,Bank Transfer
10421,428,2025-11-13,1813.14,Bank Transfer
10422,360,2025-07-10,798.67,Credit Card
10423,324,2025-09-03,1840.01,Other
10424,425,2025-11-16,3271.01,Insurance
10425,204,2024-04-06,1424.36,Other
10426,463,2025-05-02,4179.27,Cash
10427,14,2025-06-11,3712.85,Credit Card
10428,373,2025-09-25,2194.35,Credit Card
10429,318,2024-05-10,1590.84,Bank Transfer
10430,306,2024-03-02,2957.55,Insurance
10431,77,2024-04-20,4452.90,Bank Transfer
10432,193,2024-08-30,746.78,Bank Transfer
10433,76,2025-01-17,4339.57,Other
10434,264,2025-01-09,3256.46,Other
10435,67,2024-03-06,4543.31,Bank Transfer
10436,31,2024-05-26,4181.48,Other
10437,59,2024-09-13,159.57,Bank Transfer
10438,317,2026-02-02,283.47,Other
10439,239,2024-08-28,476.78,Credit Card
10440,56,2025-11-10,3918.65,Bank Transfer
10441,492,2025-02-28,3893.60,Other
10442,2,2025-08-24,1953.64,Bank Transfer
10443,258,2025-09-11,1221.73,Bank Transfer
10444,295,2024-10-26,1895.64,Bank Transfer
10445,457,2025-04-26,60.68,Insurance
10446,85,2025-04-28,2572.87,Bank Transfer
10447,109,2025-08-10,3681.40,Other
10448,365,2026-01-15,2353.41,Bank Transfer
10449,356,2025-05-24,1100.90,Insurance
10450,137,2024-05-03,1293.05,Credit Card
10451,274,2025-02-17,1443.51,Cash
10452,60,2025-07-26,4453.06,Cash
10453,9,2024-03-24,3305.46,Other
10454,14,2024-02-19,965.96,Cash
10455,15,2025-03-31,2861.54,Credit Card
10456,476,2025-01-20,1992.85,Cash
10457,69,2024-01-05,1706.74,Cash
10458,495,2025-09-07,3924.50,Credit Card
10459,95,2026-01-21,2666.38,Credit Card
10460,54,2024-06-30,3544.38,Credit Card
10461,287,2024-12-22,1824.95,Cash
10462,470,2026-02-22,691.57,Other
10463,482,2025-05-27,416.01,Credit Card
10464,172,2024-05-16,2786.47,Credit Card
10465,126,2025-06-15,2678.27,Other
10466,377,2024-12-11,1627.80,Insurance
10467,288,2025-03-06,2414.82,Insurance
10468,365,2024-07-24,3660.57,Credit Card
10469,481,2024-08-23,4180.99,Bank Transfer
10470,296,2025-06-15,4587.04,Insurance
10471,1,2024-02-28,321.25,Cash
10472,144,2025-11-11,1998.23,Other
10473,104,2025-01-02,4849.65,Bank Transfer
10474,445,2026-03-17,519.22,Bank Transfer
10475,29,2025-04-12,2123.98,Credit Card
10476,358,2026-01-27,4013.83,Credit Card
10477,380,2024-07-25,1616.62,Cash
10478,369,2024-04-24,2921.06,Insurance
10479,164,2024-02-18,2839.02,Other
10480,267,2025-12-03,317.43,Bank Transfer
10481,479,2024-04-10,1784.89,Insurance
10482,475,2024-02-03,516.23,Credit Card
10483,357,2025-05-10,1416.39,Cash
10484,75,2025-08-31,4636.57,Insurance
10485,328,2026-02-27,2363.59,Insurance
10486,137,2024-05-17,1366.94,Bank Transfer
10487,154,2025-05-18,2093.81,Cash
10488,300,2024-06-03,4060.97,Credit Card
10489,423,2024-11-02,2297.39,Credit Card
10490,85,2024-05-01,3670.41,Credit Card
10491,352,2024-05-22,1764.14,Other
10492,398,2024-01-26,4246.28,Insurance
10493,50,2025-11-28,681.12,Credit Card
10494,447,2025-05-04,53.91,Bank Transfer
10495,398,2024-08-18,3245.28,Insurance
10496,54,2024-05-30,3827.62,Cash
10497,59,2026-03-20,727.62,Insurance
10498,484,2025-09-05,805.33,Cash
10499,136,2025-12-06,4179.71,Cash
10500,80,2024-06-17,3818.81,Other
10501,263,2024-07-20,3620.30,Bank Transfer
10502,383,2025-06-09,2349.04,Insurance
10503,153,2026-02-15,1375.93,Credit Card
10504,431,2024-10-23,128.24,Credit Card
10505,273,2024-09-22,975.13,Other
10506,489,2026-01-26,4223.48,Other
10507,121,2024-09-02,4155.18,Cash
10508,42,2024-12-26,2736.06,Credit Card
10509,244,2026-01-31,93.24,Bank Transfer
10510,323,2025-12-20,3722.65,Bank Transfer
10511,85,2025-06-18,1875.75,Credit Card
10512,113,2024-10-23,1451.36,Credit Card
10513,363,2024-08-06,899.26,Cash
10514,39,2025-09-23,3818.01,Insurance
10515,17,2024-03-10,4366.82,Cash
10516,254,2024-05-31,3302.92,Credit Card
10517,459,2025-08-05,1940.94,Cash
10518,366,2025-08-28,3276.85,Cash
10519,356,2025-12-12,3207.05,Insurance
10520,324,2025-03-20,806.01,Insurance
10521,459,2025-06-01,1901.54,Insurance
10522,237,2024-04-22,896.54,Cash
10523,39,2025-03-22,2514.26,Bank Transfer
10524,479,2024-08-18,4977.10,Credit Card
10525,495,2024-04-16,3785.08,Cash
10526,427,2025-03-22,2048.77,Credit Card
10527,380,2025-03-23,2286.99,Credit Card
10528,301,2025-01-15,4779.87,Other
10529,319,2024-10-21,2591.21,Credit Card
10530,267,2025-12-13,1909.18,Insurance
10531,139,2024-05-07,670.07,Insurance
10532,128,2024-01-29,1721.34,Insurance
10533,259,2025-10-21,1137.80,Credit Card
10534,269,2024-06-04,1208.89,Cash
10535,246,2025-04-28,2504.03,Credit Card
10536,222,2026-01-30,1510.36,Other
10537,329,2024-08-31,1090.57,Bank Transfer
10538,203,2025-07-17,479.78,Bank Transfer
10539,423,2025-11-01,4227.44,Insurance
10540,476,2025-09-29,1631.72,Insurance
10541,333,2025-07-14,283.22,Insurance
10542,260,2025-11-01,1920.62,Cash
10543,305,2025-02-02,3274.74,Other
10544,373,2024-12-28,4432.26,Cash
10545,248,2025-01-14,1974.75,Insurance
10546,108,2025-07-02,1990.70,Credit Card
10547,116,2024-07-18,2694.25,Bank Transfer
10548,39,2026-02-27,4324.60,Cash
10549,340,2024-03-14,4984.20,Other
10550,480,2024-12-22,2702.59,Cash
10551,481,2025-12-12,1404.39,Bank Transfer
10552,213,2025-11-13,2121.26,Credit Card
10553,162,2025-03-12,3522.18,Credit Card
10554,348,2025-07-17,173.59,Bank Transfer
10555,398,2024-11-26,1890.37,Other
10556,45,2025-05-09,2978.47,Insurance
10557,99,2024-06-02,3347.98,Bank Transfer
10558,60,2024-10-12,3317.82,Insurance
10559,159,2025-04-10,4581.71,Credit Card
10560,105,2025-04-22,1850.87,Insurance
10561,450,2025-11-22,4615.52,Other
10562,471,2024-02-11,4980.67,Credit Card
10563,143,2024-09-24,3204.84,Insurance
10564,65,2026-01-27,4926.98,Bank Transfer
10565,383,2024-04-02,2158.10,Insurance
10566,140,2025-08-13,2336.82,Other
10567,408,2025-09-11,3121.28,Other
10568,118,2025-08-01,1955.86,Bank Transfer
10569,451,2025-06-03,1050.39,Cash
10570,263,2024-05-20,4537.34,Cash
10571,431,2024-04-19,2752.89,Cash
10572,153,2025-06-14,4513.44,Cash
10573,500,2025-03-09,568.31,Other
10574,225,2025-08-15,2948.78,Credit Card
10575,130,2025-11-05,4435.17,Bank Transfer
10576,12,2025-02-21,3543.63,Other
10577,288,2024-07-01,1586.08,Other
10578,407,2024-05-15,3283.93,Credit Card
10579,315,2025-05-22,2684.78,Credit Card
10580,396,2024-01-22,3150.13,Other
10581,495,2025-09-24,462.47,Other
10582,90,2025-11-27,948.18,Other
10583,418,2024-07-25,3649.85,Other
10584,277,2025-09-02,4340.08,Cash
10585,382,2025-06-08,1791.92,Bank Transfer
10586,438,2024-08-17,852.43,Insurance
10587,349,2025-04-22,2394.99,Bank Transfer
10588,191,2025-11-08,4048.51,Credit Card
10589,471,2025-04-21,501.22,Other
10590,39,2026-03-04,3396.70,Other
10591,196,2024-05-26,1573.21,Insurance
10592,219,2025-02-21,3424.72,Other
10593,4,2024-12-12,4358.22,Credit Card
10594,137,2026-02-16,2997.21,Insurance
10595,183,2025-03-25,1295.04,Bank Transfer
10596,40,2024-02-26,583.03,Bank Transfer
10597,292,2025-07-25,1294.66,Bank Transfer
10598,179,2024-09-14,1705.01,Insurance
10599,70,2024-08-07,916.71,Cash
10600,234,2025-08-06,535.43,Cash
10601,54,2025-06-15,3253.21,Bank Transfer
10602,98,2026-01-04,1756.99,Insurance
10603,39,2025-02-20,426.26,Cash
10604,481,2024-05-28,3020.67,Insurance
10605,395,2024-07-02,2523.85,Credit Card
10606,29,2024-05-16,2883.29,Bank Transfer
10607,458,2024-12-14,3424.53,Insurance
10608,296,2026-02-06,2374.33,Insurance
10609,45,2024-09-27,755.51,Bank Transfer
10610,267,2024-08-04,4647.29,Bank Transfer
10611,52,2026-01-24,2288.20,Insurance
10612,83,2024-08-09,299.52,Other
10613,202,2024-03-09,3428.67,Insurance
10614,466,2025-08-24,1447.21,Insurance
10615,179,2026-02-27,1842.17,Insurance
10616,382,2024-08-09,2388.13,Credit Card
10617,146,2024-05-17,3389.11,Other
10618,76,2024-07-26,2749.99,Credit Card
10619,171,2025-02-22,1739.31,Bank Transfer
10620,222,2025-01-24,4113.55,Credit Card
10621,247,2025-12-24,2065.24,Other
10622,404,2024-06-06,2660.53,Bank Transfer
10623,458,2025-10-23,809.15,Bank Transfer
10624,468,2025-09-18,1435.95,Insurance
10625,466,2024-09-08,3738.36,Other
10626,327,2024-04-29,4768.84,Other
10627,33,2024-12-24,4956.78,Other
10628,1,2025-05-28,3858.17,Other
10629,352,2025-11-24,4034.06,Other
10630,448,2024-10-08,2480.33,Insurance
10631,322,2024-06-14,2442.49,Other
10632,239,2024-05-13,1347.53,Other
10633,209,2024-07-14,1632.53,Other
10634,76,2024-07-04,604.57,Insurance
10635,440,2025-08-13,4938.35,Credit Card
10636,115,2025-05-20,1829.04,Credit Card
10637,208,2024-03-25,1368.52,Credit Card
10638,422,2025-02-05,4791.26,Other
10639,190,2024-08-11,2372.36,Insurance
10640,263,2025-07-06,4371.82,Credit Card
10641,150,2024-02-25,3072.20,Cash
10642,309,2024-09-29,3153.94,Cash
10643,87,2024-06-15,2931.89,Bank Transfer
10644,233,2024-01-22,1252.35,Other
10645,421,2025-09-11,3059.36,Credit Card
10646,404,2024-03-30,2956.57,Credit Card
10647,205,2025-12-11,1577.79,Other
10648,485,2026-01-04,867.06,Other
10649,421,2025-05-31,846.78,Cash
10650,233,2024-09-14,3915.11,Other
10651,136,2025-01-01,3075.46,Other
10652,496,2025-02-09,2440.07,Other
10653,65,2026-01-27,530.53,Credit Card
10654,57,2025-08-09,1986.70,Other
10655,239,2024-07-10,3732.76,Cash
10656,31,2024-03-15,116.89,Other
10657,95,2025-04-23,592.66,Credit Card
10658,69,2025-12-05,3111.75,Cash
10659,298,2026-03-12,1557.85,Insurance
10660,384,2025-05-18,1753.56,Insurance
10661,188,2024-01-30,4972.74,Bank Transfer
10662,207,2024-03-14,3562.71,Credit Card
10663,130,2025-05-19,588.11,Cash
10664,40,2025-02-14,2500.06,Other
10665,323,2026-02-15,3464.63,Bank Transfer
10666,175,2024-02-14,2008.67,Insurance
10667,42,2024-11-10,4987.32,Cash
10668,51,2025-04-10,3901.63,Insurance
10669,471,2026-01-15,2877.47,Other
10670,108,2025-09-29,449.67,Cash
10671,313,2025-07-22,3876.51,Other
10672,355,2025-07-11,1021.43,Other
10673,438,2025-04-09,4355.83,Credit Card
10674,291,2024-12-11,812.63,Credit Card
10675,380,2025-02-23,2428.40,Cash
10676,98,2024-02-16,3584.44,Bank Transfer
10677,1,2024-09-24,2302.21,Bank Transfer
10678,71,2024-09-28,990.38,Credit Card
10679,446,2025-03-28,3973.87,Credit Card
10680,300,2024-01-03,4025.34,Cash
10681,473,2025-05-16,657.12,Credit Card
10682,214,2025-12-11,1620.78,Other
10683,59,2025-10-05,4532.52,Cash
10684,493,2025-03-18,569.00,Credit Card
10685,171,2026-03-12,1764.06,Other
10686,224,2025-08-16,3543.12,Bank Transfer
10687,240,2024-04-25,65.10,Other
10688,362,2025-11-05,3897.48,Credit Card
10689,453,2026-02-19,1826.45,Bank Transfer
10690,165,2024-05-01,303.75,Credit Card
10691,169,2025-12-28,1311.20,Bank Transfer
10692,233,2024-01-08,876.06,Other
10693,309,2024-07-07,3453.61,Other
10694,75,2024-04-25,1574.03,Insurance
10695,67,2024-06-11,2613.45,Other
10696,292,2025-08-24,977.56,Bank Transfer
10697,90,2025-07-24,127.22,Cash
10698,331,2024-02-14,4993.09,Other
10699,148,2025-03-12,4734.61,Insurance
10700,179,2025-08-08,4627.04,Insurance
10701,496,2024-11-17,2868.07,Credit Card
10702,264,2025-10-08,3151.82,Insurance
10703,328,2025-06-07,2697.15,Other
10704,462,2024-11-23,2822.79,Credit Card
10705,280,2024-05-01,2614.16,Other
10706,202,2025-01-27,2298.34,Credit Card
10707,454,2025-03-25,605.18,Bank Transfer
10708,416,2024-01-26,3343.35,Other
10709,361,2024-03-28,1589.31,Credit Card
10710,473,2024-12-21,3782.27,Other
10711,29,2025-07-14,4231.44,Bank Transfer
10712,327,2025-05-04,2977.02,Insurance
10713,106,2024-08-31,3248.93,Credit Card
10714,329,2025-10-12,4592.80,Credit Card
10715,314,2025-06-21,505.26,Other
10716,199,2024-06-24,1375.60,Credit Card
10717,273,2024-01-23,3504.16,Cash
10718,48,2026-01-01,2552.93,Credit Card
10719,370,2025-06-24,3331.40,Bank Transfer
10720,24,2024-07-27,4325.06,Insurance
10721,326,2026-03-01,4576.61,Insurance
10722,334,2024-12-10,3283.01,Insurance
10723,174,2024-04-10,2793.38,Bank Transfer
10724,362,2024-05-15,1045.67,Cash
10725,158,2025-09-23,163.68,Insurance
10726,208,2025-02-27,1248.13,Credit Card
10727,67,2025-01-10,2738.86,Insurance
10728,3,2026-02-18,4661.94,Credit Card
10729,107,2025-05-03,3568.40,Other
10730,321,2025-08-18,1357.27,Cash
10731,485,2025-01-06,4045.59,Other
10732,181,2024-06-19,3541.21,Credit Card
10733,130,2025-10-07,4589.02,Other
10734,283,2025-11-17,1971.10,Insurance
10735,471,2025-09-24,3268.46,Credit Card
10736,73,2024-01-12,1839.07,Other
10737,177,2025-08-01,4507.47,Insurance
10738,241,2026-03-06,4003.37,Cash
10739,119,2024-01-07,3235.26,Credit Card
10740,346,2025-05-11,4785.34,Credit Card
10741,419,2025-08-01,2388.06,Credit Card
10742,290,2024-03-31,3575.67,Bank Transfer
10743,32,2026-03-07,950.84,Credit Card
10744,224,2025-06-03,205.36,Cash
10745,148,2025-02-11,3761.16,Credit Card
10746,490,2024-11-25,1683.11,Cash
10747,453,2025-02-09,3269.24,Insurance
10748,477,2025-03-11,4900.68,Bank Transfer
10749,146,2024-02-17,4068.52,Insurance
10750,302,2024-04-28,1247.46,Insurance
10751,487,2024-01-28,1707.08,Cash
10752,62,2026-03-09,4978.42,Credit Card
10753,421,2024-06-18,4321.36,Credit Card
10754,448,2024-08-27,1627.21,Insurance
10755,471,2025-02-25,862.64,Bank Transfer
10756,236,2025-07-25,1100.29,Cash
10757,390,2026-01-22,1929.03,Bank Transfer
10758,145,2024-12-23,4016.71,Insurance
10759,167,2024-11-28,821.40,Cash
10760,101,2024-07-22,897.87,Bank Transfer
10761,251,2026-02-27,4023.10,Credit Card
10762,500,2025-04-24,573.35,Other
10763,425,2024-10-13,250.13,Cash
10764,449,2025-05-18,602.78,Insurance
10765,428,2025-04-27,2506.70,Cash
10766,319,2024-03-31,335.37,Insurance
10767,130,2025-10-28,1981.28,Other
10768,73,2026-01-30,3307.30,Credit Card
10769,489,2024-04-24,3391.01,Other
10770,87,2025-03-31,740.99,Insurance
10771,181,2025-11-07,4112.32,Bank Transfer
10772,404,2026-02-11,4217.30,Credit Card
10773,313,2024-09-12,3216.78,Credit Card
10774,251,2025-03-17,2495.88,Credit Card
10775,323,2024-02-10,861.24,Credit Card
10776,291,2024-07-13,4103.28,Other
10777,149,2025-07-07,4025.87,Cash
10778,350,2024-04-01,448.37,Cash
10779,497,2025-06-12,3713.03,Insurance
10780,331,2024-05-12,3866.05,Cash
10781,223,2024-10-24,3067.77,Credit Card
10782,10,2024-05-25,2253.18,Other
10783,37,2025-06-06,3465.31,Credit Card
10784,167,2024-06-28,1595.59,Other
10785,455,2026-03-15,1768.06,Credit Card
10786,497,2024-04-14,2522.59,Credit Card
10787,219,2025-07-20,702.80,Cash
10788,180,2025-10-22,3470.76,Bank Transfer
10789,210,2025-05-14,4944.69,Cash
10790,297,2024-05-16,4649.13,Cash
10791,93,2024-09-23,2526.45,Bank Transfer
10792,437,2024-11-09,613.97,Cash
10793,474,2025-10-29,1793.56,Bank Transfer
10794,467,2026-02-15,4036.87,Other
10795,194,2024-03-08,2697.35,Cash
10796,251,2025-12-19,2749.50,Cash
10797,161,2024-06-07,1229.89,Other
10798,305,2024-07-19,3440.50,Insurance
10799,369,2024-05-22,2090.52,Other
10800,189,2024-04-11,4996.38,Other
10801,337,2024-05-04,4448.26,Credit Card
10802,482,2024-01-15,1698.57,Bank Transfer
10803,110,2026-02-20,4264.08,Bank Transfer
10804,406,2025-06-27,1851.68,Cash
10805,135,2025-06-20,935.99,Insurance
10806,204,2025-10-16,1469.38,Credit Card
10807,337,2024-07-14,2068.56,Credit Card
10808,289,2024-01-05,4183.82,Cash
10809,154,2026-01-10,2352.04,Cash
10810,6,2025-07-27,4229.56,Other
10811,41,2024-05-20,1854.96,Credit Card
10812,255,2025-10-12,2698.36,Cash
10813,24,2024-12-03,2057.24,Credit Card
10814,109,2025-06-09,4963.45,Cash
10815,215,2025-01-28,1692.69,Bank Transfer
10816,211,2026-01-27,2381.00,Bank Transfer
10817,383,2025-01-16,4760.85,Bank Transfer
10818,100,2024-11-17,1257.72,Insurance
10819,174,2024-03-02,739.61,Insurance
10820,248,2024-03-24,1625.55,Bank Transfer
10821,372,2024-11-17,1710.46,Bank Transfer
10822,4,2024-10-28,4499.52,Other
10823,317,2024-06-12,2430.53,Cash
10824,23,2025-11-06,2587.12,Credit Card
10825,247,2025-08-02,358.47,Insurance
10826,295,2025-11-30,4517.71,Other
10827,20,2024-09-26,4927.93,Other
10828,210,2025-01-08,2169.44,Credit Card
10829,281,2025-01-07,4232.45,Bank Transfer
10830,341,2025-06-16,2757.95,Cash
10831,61,2025-11-14,743.15,Credit Card
10832,314,2024-02-05,1743.06,Credit Card
10833,96,2024-04-22,4411.95,Other
10834,410,2025-01-27,1017.63,Insurance
10835,15,2024-10-26,52.05,Credit Card
10836,491,2024-10-19,4761.93,Cash
10837,430,2025-05-08,4515.87,Other
10838,483,2024-10-31,2869.31,Bank Transfer
10839,68,2025-05-29,4408.56,Cash
10840,169,2024-08-22,4427.17,Other
10841,305,2025-02-25,105.02,Cash
10842,192,2024-06-26,2770.57,Credit Card
10843,226,2025-11-12,1648.68,Bank Transfer
10844,411,2025-08-02,3471.37,Bank Transfer
10845,422,2025-06-14,3362.49,Bank Transfer
10846,213,2025-04-22,4341.93,Bank Transfer
10847,327,2024-08-10,2044.26,Credit Card
10848,81,2024-07-03,4041.02,Cash
10849,115,2024-05-27,3468.87,Bank Transfer
10850,490,2025-02-10,2289.92,Other
10851,465,2025-12-29,664.90,Credit Card
10852,362,2024-05-08,672.42,Insurance
10853,189,2025-05-03,451.40,Cash
10854,152,2024-03-21,2602.16,Credit Card
10855,422,2024-10-29,3755.91,Insurance
10856,234,2025-04-22,2601.05,Credit Card
10857,195,2024-11-18,2921.71,Other
10858,266,2026-03-13,1582.21,Insurance
10859,397,2024-06-29,220.08,Insurance
10860,458,2024-04-10,3380.93,Cash
10861,39,2024-09-19,972.22,Cash
10862,381,2026-02-08,2817.15,Other
10863,118,2026-01-09,3827.55,Insurance
10864,75,2026-02-25,3845.56,Cash
10865,382,2025-11-02,4304.03,Bank Transfer
10866,205,2024-07-20,4688.91,Cash
10867,232,2025-06-11,3088.93,Credit Card
10868,127,2025-02-17,4220.09,Credit Card
10869,324,2025-08-28,4152.18,Insurance
10870,411,2024-08-15,2205.83,Other
10871,219,2025-09-14,654.67,Insurance
10872,283,2025-04-05,3723.93,Cash
10873,53,2025-04-13,3669.09,Bank Transfer
10874,104,2025-07-04,3588.73,Credit Card
10875,68,2024-06-04,4588.55,Other
10876,243,2024-11-12,50.83,Other
10877,75,2024-09-06,429.84,Bank Transfer
10878,127,2024-01-29,1142.37,Other
10879,31,2024-03-20,2773.99,Other
10880,38,2024-01-17,837.53,Cash
10881,323,2024-02-21,1779.79,Credit Card
10882,165,2024-09-11,2796.46,Credit Card
10883,350,2025-12-12,94.20,Bank Transfer
10884,147,2025-03-02,3147.01,Insurance
10885,416,2025-09-08,1804.84,Bank Transfer
10886,317,2024-09-09,3478.20,Insurance
10887,173,2024-09-23,4434.20,Bank Transfer
10888,459,2026-03-09,876.91,Cash
10889,429,2025-06-26,3434.33,Cash
10890,281,2025-12-31,4423.99,Other
10891,174,2024-10-29,4114.08,Other
10892,223,2024-08-29,1524.94,Insurance
10893,33,2025-06-08,1150.05,Other
10894,171,2024-02-05,1996.76,Cash
10895,474,2025-06-29,3529.43,Cash
10896,499,2025-09-21,2942.65,Bank Transfer
10897,419,2024-11-29,921.22,Insurance
10898,213,2024-03-30,3041.13,Other
10899,363,2025-07-03,98.27,Bank Transfer
10900,445,2024-06-07,4586.22,Bank Transfer
10901,110,2024-10-07,438.11,Other
10902,441,2024-09-28,675.05,Bank Transfer
10903,112,2024-11-28,3621.38,Bank Transfer
10904,263,2024-04-23,4405.15,Bank Transfer
10905,279,2024-12-24,1199.89,Insurance
10906,452,2025-06-05,1029.39,Other
10907,188,2025-08-28,888.38,Bank Transfer
10908,317,2025-10-13,1240.77,Insurance
10909,115,2025-05-13,699.58,Insurance
10910,228,2024-07-20,137.63,Credit Card
10911,283,2025-01-17,1847.79,Insurance
10912,35,2025-11-18,2958.75,Cash
10913,277,2024-02-28,1964.33,Bank Transfer
10914,83,2025-12-29,1745.86,Insurance
10915,436,2025-09-11,2370.93,Credit Card
10916,193,2024-07-02,1747.30,Insurance
10917,213,2024-06-08,704.20,Insurance
10918,257,2024-06-15,4677.49,Other
10919,311,2024-04-03,2773.30,Bank Transfer
10920,166,2025-01-06,1174.50,Insurance
10921,88,2024-10-14,3876.09,Cash
10922,484,2024-02-26,3065.72,Other
10923,307,2025-02-27,3180.22,Other
10924,177,2024-06-08,2713.94,Insurance
10925,487,2024-02-08,2438.39,Insurance
10926,36,2025-06-17,2642.47,Bank Transfer
10927,272,2024-11-18,2739.43,Credit Card
10928,76,2025-04-15,2958.34,Credit Card
10929,186,2025-02-11,758.53,Bank Transfer
10930,184,2025-08-27,512.07,Bank Transfer
10931,159,2024-07-15,1348.61,Insurance
10932,237,2024-02-29,3082.96,Insurance
10933,118,2025-06-02,3056.94,Other
10934,49,2025-11-15,504.36,Credit Card
10935,413,2025-06-07,505.86,Cash
10936,57,2025-07-27,3952.01,Cash
10937,120,2025-11-20,2585.07,Cash
10938,186,2025-10-19,754.17,Insurance
10939,100,2024-12-14,2502.08,Bank Transfer
10940,127,2024-10-27,1380.90,Bank Transfer
10941,439,2025-12-21,4920.35,Other
10942,16,2024-07-01,4472.82,Insurance
10943,428,2026-03-11,2254.04,Cash
10944,235,2024-10-16,4301.66,Insurance
10945,67,2025-11-02,3704.86,Credit Card
10946,243,2025-03-21,3293.93,Credit Card
10947,294,2024-03-08,601.51,Credit Card
10948,86,2025-07-28,1196.89,Insurance
10949,167,2024-05-02,2916.08,Other
10950,358,2025-12-22,3522.89,Other
10951,391,2025-04-06,89.02,Bank Transfer
10952,271,2024-12-01,3008.61,Other
10953,102,2025-06-23,2842.33,Other
10954,245,2024-06-03,4592.62,Insurance
10955,54,2025-09-14,4256.45,Insurance
10956,465,2025-08-17,4631.70,Cash
10957,369,2025-02-13,2666.41,Insurance
10958,360,2025-05-23,4390.73,Bank Transfer
10959,487,2026-03-11,4194.49,Cash
10960,44,2025-06-12,1507.70,Insurance
10961,203,2024-06-20,2983.01,Bank Transfer
10962,294,2024-09-14,3143.00,Other
10963,48,2025-02-19,3616.73,Insurance
10964,410,2024-03-22,3868.90,Cash
10965,92,2025-12-17,4623.79,Insurance
10966,496,2025-10-23,1266.04,Cash
10967,303,2024-02-21,601.08,Bank Transfer
10968,250,2024-08-19,3665.68,Bank Transfer
10969,184,2024-05-31,979.45,Cash
10970,302,2024-04-12,1044.73,Credit Card
10971,373,2025-05-13,1602.13,Insurance
10972,149,2025-02-23,4241.97,Insurance
10973,195,2024-11-22,4666.08,Bank Transfer
10974,75,2024-03-03,4439.09,Other
10975,205,2025-01-21,1988.94,Bank Transfer
10976,177,2024-03-02,2225.23,Insurance
10977,101,2024-04-26,4897.97,Cash
10978,157,2024-10-01,3618.83,Credit Card
10979,37,2024-01-27,836.74,Cash
10980,302,2026-01-22,235.58,Cash
10981,203,2025-04-29,1473.73,Bank Transfer
10982,108,2025-01-24,3510.62,Other
10983,116,2024-11-28,1033.01,Bank Transfer
10984,263,2026-02-11,680.26,Cash
10985,221,2025-06-16,1738.82,Other
10986,297,2025-10-29,1081.59,Other
10987,375,2024-04-01,3425.26,Bank Transfer
10988,473,2026-03-04,742.12,Bank Transfer
10989,206,2024-07-07,3466.59,Insurance
10990,461,2024-02-11,968.49,Insurance
10991,420,2026-03-15,2270.61,Credit Card
10992,170,2024-07-26,2748.30,Credit Card
10993,348,2025-03-13,4116.61,Other
10994,255,2026-03-03,2283.73,Cash
10995,435,2024-01-18,3009.51,Credit Card
10996,339,2024-05-15,4262.11,Cash
10997,288,2025-09-08,2002.38,Bank Transfer
10998,260,2026-01-14,850.86,Bank Transfer
10999,33,2025-04-28,3534.48,Other
11000,54,2024-09-29,1880.20,Other
11001,404,2024-06-22,1817.66,Bank Transfer
11002,214,2024-01-10,1701.20,Cash
11003,49,2025-08-28,1605.66,Credit Card
11004,371,2025-02-25,586.10,Insurance
11005,387,2025-03-25,1615.31,Bank Transfer
11006,94,2024-09-20,1791.11,Other
11007,394,2024-03-25,784.54,Bank Transfer
11008,407,2024-09-12,3579.92,Other
11009,177,2025-07-14,4935.48,Insurance
11010,351,2024-10-01,4054.30,Credit Card
11011,99,2024-04-27,638.84,Bank Transfer
11012,406,2026-02-15,3040.36,Credit Card
11013,296,2025-12-11,753.20,Cash
11014,393,2025-10-06,4339.20,Insurance
11015,32,2025-06-24,3993.31,Other
11016,187,2025-11-02,1416.41,Insurance
11017,127,2024-11-26,532.39,Cash
11018,319,2025-06-04,4583.78,Cash
11019,326,2024-09-14,4963.37,Bank Transfer
11020,484,2025-07-25,987.33,Credit Card
11021,277,2025-03-22,355.57,Insurance
11022,167,2025-12-20,1901.94,Credit Card
11023,275,2024-04-30,700.28,Other
11024,140,2024-02-29,2458.50,Insurance
11025,254,2024-09-12,3530.27,Other
11026,17,2024-10-26,2880.76,Cash
11027,230,2025-07-14,4466.12,Credit Card
11028,157,2024-08-12,1010.47,Cash
11029,468,2025-02-16,59.13,Insurance
11030,437,2026-01-31,4595.05,Cash
11031,486,2024-06-27,1838.74,Credit Card
11032,470,2025-02-01,4329.74,Insurance
11033,405,2025-07-16,4661.65,Credit Card
11034,345,2024-10-18,329.37,Credit Card
11035,379,2025-06-14,3170.77,Bank Transfer
11036,372,2025-03-20,4825.35,Cash
11037,56,2025-05-16,1468.83,Other
11038,429,2025-01-04,1175.31,Insurance
11039,207,2025-04-17,2868.18,Other
11040,231,2025-10-07,2081.49,Bank Transfer
11041,107,2024-08-24,486.77,Credit Card
11042,161,2024-10-09,2469.61,Bank Transfer
11043,195,2024-01-19,2781.07,Cash
11044,233,2025-09-24,1161.08,Insurance
11045,203,2024-06-22,945.54,Cash
11046,158,2025-10-02,408.50,Other
11047,368,2024-04-17,3670.74,Credit Card
11048,161,2024-01-18,2492.05,Other
11049,403,2024-11-24,981.03,Credit Card
11050,365,2026-03-06,3184.01,Bank Transfer
11051,3,2024-07-05,3851.82,Insurance
11052,245,2026-01-10,3688.49,Credit Card
11053,427,2024-07-25,3367.06,Credit Card
11054,470,2025-04-09,2668.04,Bank Transfer
11055,213,2025-09-03,1969.10,Insurance
11056,194,2025-04-25,445.64,Other
11057,270,2024-09-07,2780.17,Bank Transfer
11058,283,2025-07-13,4248.26,Insurance
11059,267,2025-12-06,4125.17,Other
11060,349,2025-10-21,2434.39,Credit Card
11061,260,2024-03-07,4228.80,Other
11062,137,2025-01-19,1870.33,Insurance
11063,440,2025-03-02,4641.82,Cash
11064,331,2024-05-18,1402.48,Cash
11065,491,2024-05-10,4483.37,Insurance
11066,290,2024-01-23,859.76,Other
11067,339,2025-01-25,3847.55,Cash
11068,223,2025-03-11,1547.08,Cash
11069,42,2025-05-13,1371.98,Other
11070,30,2025-08-30,3513.79,Cash
11071,364,2024-08-12,167.99,Credit Card
11072,480,2025-07-26,2446.65,Other
11073,461,2024-08-19,4609.78,Credit Card
11074,331,2024-03-03,4006.83,Insurance
11075,361,2024-03-29,1572.11,Insurance
11076,321,2024-03-04,4807.86,Cash
11077,68,2025-06-07,2082.62,Other
11078,411,2024-03-27,3449.48,Credit Card
11079,63,2024-10-13,4644.21,Bank Transfer
11080,437,2024-06-18,4983.72,Credit Card
11081,356,2025-06-08,1547.42,Credit Card
11082,367,2025-07-04,2163.50,Credit Card
11083,440,2024-05-26,4545.34,Cash
11084,496,2025-05-08,4891.13,Bank Transfer
11085,492,2024-02-19,2238.47,Bank Transfer
11086,236,2026-01-18,2786.26,Bank Transfer
11087,248,2025-07-31,3234.35,Other
11088,139,2024-03-07,835.84,Insurance
11089,137,2024-05-10,2806.59,Other
11090,225,2025-08-03,2287.64,Bank Transfer
11091,379,2024-08-29,759.65,Other
11092,395,2025-01-29,2101.96,Other
11093,32,2024-04-22,2101.29,Insurance
11094,354,2024-04-18,2741.38,Bank Transfer
11095,240,2025-01-23,4220.67,Credit Card
11096,87,2024-03-29,1337.68,Insurance
11097,345,2024-03-21,559.92,Other
11098,184,2024-05-12,2074.73,Insurance
11099,179,2024-07-11,1044.88,Insurance
11100,419,2025-03-26,4328.28,Credit Card
11101,318,2026-01-18,1648.62,Bank Transfer
11102,132,2025-05-02,3735.80,Bank Transfer
11103,491,2025-03-09,2606.37,Credit Card
11104,452,2024-12-01,4265.24,Bank Transfer
11105,81,2025-04-24,3370.18,Insurance
11106,445,2024-05-07,4407.82,Other
11107,390,2024-12-08,3272.35,Cash
11108,221,2025-06-29,3371.21,Insurance
11109,21,2024-01-17,364.96,Other
11110,140,2025-07-12,1439.27,Insurance
11111,151,2025-10-02,4963.24,Cash
11112,115,2025-01-13,2048.33,Insurance
11113,60,2024-03-16,1761.57,Bank Transfer
11114,450,2024-02-26,1618.53,Insurance
11115,109,2024-11-14,935.64,Credit Card
11116,184,2024-07-12,4964.49,Insurance
11117,474,2024-04-27,4887.15,Other
11118,64,2025-03-31,3854.92,Cash
11119,129,2024-08-20,305.38,Cash
11120,373,2024-06-26,298.36,Insurance
11121,262,2024-03-19,2789.78,Insurance
11122,309,2024-05-02,691.40,Other
11123,320,2025-11-22,2328.59,Cash
11124,343,2024-09-07,3827.98,Credit Card
11125,288,2025-07-10,3739.82,Credit Card
11126,129,2025-10-03,277.08,Cash
11127,404,2024-05-21,1527.01,Credit Card
11128,80,2024-09-20,79.71,Bank Transfer
11129,19,2025-12-06,3911.48,Other
11130,45,2024-04-11,1284.52,Other
11131,25,2026-02-06,4451.46,Cash
11132,329,2025-07-23,442.52,Insurance
11133,490,2025-08-08,4882.80,Credit Card
11134,482,2024-10-14,4815.59,Cash
11135,461,2025-04-04,1310.32,Credit Card
11136,341,2025-02-27,4776.63,Bank Transfer
11137,130,2025-07-27,2697.39,Cash
11138,436,2024-02-24,578.50,Credit Card
11139,33,2026-02-08,3269.70,Cash
11140,407,2024-08-13,3358.57,Bank Transfer
11141,490,2024-02-11,2279.36,Cash
11142,136,2024-07-02,2176.79,Insurance
11143,127,2024-06-25,4621.88,Bank Transfer
11144,291,2024-07-11,4457.89,Bank Transfer
11145,263,2025-04-30,1635.77,Credit Card
11146,489,2024-11-29,3336.88,Other
11147,458,2025-05-22,2720.30,Insurance
11148,324,2025-12-10,3663.07,Other
11149,224,2024-09-05,837.30,Credit Card
11150,268,2025-03-23,2161.68,Bank Transfer
11151,89,2025-08-07,4844.12,Bank Transfer
11152,323,2024-06-08,4727.10,Bank Transfer
11153,160,2024-04-01,4328.57,Insurance
11154,499,2024-12-24,1075.10,Other
11155,357,2025-03-10,4274.88,Insurance
11156,186,2024-08-12,2093.11,Credit Card
11157,439,2024-05-02,3770.59,Credit Card
11158,468,2025-05-11,1178.17,Bank Transfer
11159,283,2026-01-23,362.39,Insurance
11160,413,2025-12-10,2981.44,Credit Card
11161,151,2025-05-11,4313.11,Insurance
11162,245,2025-10-04,3931.55,Insurance
11163,448,2025-11-10,2444.25,Credit Card
11164,399,2024-03-10,1350.35,Bank Transfer
11165,387,2025-01-04,4258.99,Cash
11166,464,2024-03-23,3264.45,Other
11167,325,2026-03-10,744.10,Bank Transfer
11168,337,2025-04-02,3833.81,Other
11169,115,2024-05-05,2691.25,Bank Transfer
11170,341,2025-12-12,2232.42,Bank Transfer
11171,97,2024-03-30,2268.56,Insurance
11172,254,2025-07-23,1025.76,Insurance
11173,249,2025-03-11,4411.91,Insurance
11174,293,2025-03-15,2623.77,Insurance
11175,295,2025-09-23,3614.17,Credit Card
11176,400,2025-06-13,1940.55,Cash
11177,274,2024-06-24,1643.39,Credit Card
11178,332,2025-09-27,3974.39,Cash
11179,10,2024-12-25,1365.78,Cash
11180,194,2025-10-27,2252.25,Cash
11181,138,2024-02-21,1359.46,Other
11182,74,2024-06-19,4343.08,Bank Transfer
11183,25,2025-11-04,3989.08,Insurance
11184,433,2025-03-21,3583.11,Cash
11185,399,2025-02-18,1300.96,Insurance
11186,136,2025-01-27,843.72,Other
11187,284,2026-02-11,3566.61,Insurance
11188,104,2025-06-12,104.24,Credit Card
11189,101,2024-04-16,1005.25,Insurance
11190,189,2025-06-27,3458.69,Other
11191,25,2025-04-17,2290.12,Insurance
11192,226,2025-11-11,1792.24,Credit Card
11193,57,2024-07-28,3383.21,Cash
11194,74,2025-08-25,2469.59,Bank Transfer
11195,489,2024-12-09,804.13,Insurance
11196,136,2025-06-21,3352.35,Credit Card
11197,302,2025-07-16,2550.00,Insurance
11198,64,2025-12-24,613.84,Credit Card
11199,302,2025-01-01,1647.13,Credit Card
11200,147,2024-02-28,1657.70,Cash
11201,206,2025-11-06,964.05,Bank Transfer
11202,364,2025-07-20,327.66,Other
11203,442,2024-03-14,4935.40,Insurance
11204,432,2025-12-17,2549.85,Other
11205,249,2025-05-03,4546.94,Credit Card
11206,387,2025-07-14,2690.57,Insurance
11207,393,2024-08-18,2188.33,Bank Transfer
11208,54,2026-03-01,430.03,Credit Card
11209,182,2024-08-04,1815.44,Credit Card
11210,485,2025-09-20,4980.15,Bank Transfer
11211,69,2024-11-27,2533.42,Cash
11212,14,2025-08-03,2193.13,Cash
11213,270,2024-02-12,3916.85,Cash
11214,294,2025-06-28,3631.24,Insurance
11215,125,2024-07-21,3659.02,Insurance
11216,200,2024-12-21,3116.69,Insurance
11217,112,2024-11-21,299.58,Cash
11218,461,2024-08-02,2620.71,Cash
11219,205,2024-04-07,3469.95,Bank Transfer
11220,257,2026-02-18,3422.12,Credit Card
11221,4,2024-05-07,3031.96,Bank Transfer
11222,338,2024-10-11,4365.43,Other
11223,317,2024-06-09,1231.07,Other
11224,89,2024-06-04,905.70,Bank Transfer
11225,237,2024-03-26,1775.16,Bank Transfer
11226,359,2024-05-02,1627.73,Bank Transfer
11227,454,2025-10-10,836.61,Other
11228,445,2025-01-04,1456.07,Other
11229,182,2025-09-23,2637.07,Cash
11230,46,2025-09-29,4859.07,Insurance
11231,325,2025-09-15,4056.16,Cash
11232,65,2024-04-30,4905.23,Other
11233,217,2025-07-09,2011.69,Cash
11234,325,2025-10-23,560.53,Other
11235,120,2025-08-01,1565.62,Other
11236,256,2026-03-09,1636.70,Insurance
11237,493,2025-11-23,545.35,Other
11238,346,2024-01-09,1439.26,Bank Transfer
11239,9,2025-06-19,4163.99,Insurance
11240,146,2025-01-26,571.06,Other
11241,63,2025-03-10,4118.70,Bank Transfer
11242,120,2024-07-30,3211.46,Credit Card
11243,13,2025-09-13,297.96,Other
11244,17,2025-02-13,911.30,Other
11245,488,2026-01-12,4010.23,Credit Card
11246,312,2024-02-18,1333.72,Cash
11247,331,2024-10-14,4521.24,Cash
11248,200,2024-08-25,1123.36,Bank Transfer
11249,239,2025-02-07,2509.89,Cash
11250,26,2026-01-08,3082.65,Insurance
11251,149,2025-01-26,419.13,Other
11252,369,2026-02-20,419.59,Other
11253,356,2024-12-30,1098.19,Cash
11254,266,2025-09-29,2122.53,Insurance
11255,129,2025-02-04,1254.18,Other
11256,150,2024-12-17,3867.42,Credit Card
11257,372,2025-03-14,684.93,Cash
11258,312,2024-01-10,992.81,Insurance
11259,39,2026-01-03,1973.14,Bank Transfer
11260,138,2024-08-17,2565.91,Bank Transfer
11261,62,2025-10-24,688.69,Credit Card
11262,84,2025-10-22,3890.60,Insurance
11263,94,2024-08-24,2418.07,Insurance
11264,105,2024-10-02,1667.42,Other
11265,200,2024-06-16,4202.17,Insurance
11266,105,2025-01-14,4265.29,Credit Card
11267,171,2024-05-08,3528.88,Credit Card
11268,235,2025-12-20,2317.31,Other
11269,440,2024-02-08,2449.11,Insurance
11270,212,2026-02-23,3921.32,Cash
11271,475,2026-02-26,4417.31,Insurance
11272,164,2024-11-09,1807.03,Other
11273,85,2025-10-14,4395.50,Bank Transfer
11274,137,2024-10-17,2902.02,Cash
11275,232,2025-03-17,1520.14,Bank Transfer
11276,385,2025-08-25,1240.66,Insurance
11277,123,2025-07-20,1321.82,Other
11278,413,2025-04-30,2125.01,Cash
11279,443,2024-02-27,3305.62,Bank Transfer
11280,319,2024-09-13,4191.68,Credit Card
11281,487,2025-04-29,4656.06,Insurance
11282,306,2024-02-09,4398.60,Insurance
11283,335,2024-04-24,4796.22,Cash
11284,381,2025-09-21,2334.44,Other
11285,177,2025-06-08,4636.60,Credit Card
11286,421,2024-01-01,2621.94,Cash
11287,470,2026-02-28,3478.21,Insurance
11288,150,2025-01-31,4637.99,Credit Card
11289,270,2025-06-15,3417.92,Credit Card
11290,210,2025-06-13,1835.33,Other
11291,211,2024-02-08,3637.61,Bank Transfer
11292,420,2026-02-11,2638.96,Bank Transfer
11293,126,2025-09-27,1115.19,Other
11294,399,2025-06-29,4598.63,Cash
11295,335,2025-06-07,2179.33,Other
11296,214,2025-04-26,1702.98,Cash
11297,153,2024-11-02,2136.25,Bank Transfer
11298,324,2025-12-05,1086.42,Cash
11299,253,2025-05-24,951.06,Cash
11300,484,2025-04-23,3328.51,Cash
11301,469,2026-02-19,977.41,Credit Card
11302,357,2025-04-15,3702.36,Other
11303,273,2024-02-16,2913.59,Other
11304,463,2026-02-21,2698.75,Other
11305,392,2025-11-16,4715.13,Bank Transfer
11306,116,2025-05-05,2317.07,Insurance
11307,365,2025-02-03,3139.13,Cash
11308,148,2026-03-10,3554.22,Cash
11309,19,2025-12-29,1844.22,Credit Card
11310,250,2025-07-17,4284.59,Other
11311,486,2025-06-09,2174.33,Cash
11312,486,2025-01-18,4379.47,Bank Transfer
11313,72,2025-01-03,402.83,Other
11314,223,2025-10-26,2617.72,Cash
11315,413,2025-11-29,1782.92,Cash
11316,252,2025-04-27,2574.00,Bank Transfer
11317,117,2025-08-17,2882.60,Bank Transfer
11318,336,2026-02-19,3318.30,Other
11319,452,2024-04-13,2686.93,Bank Transfer
11320,314,2026-01-19,3584.36,Other
11321,458,2025-11-05,1109.63,Cash
11322,430,2026-02-27,887.79,Bank Transfer
11323,80,2025-06-26,4362.16,Other
11324,466,2024-02-06,4388.84,Other
11325,230,2024-08-15,73.71,Insurance
11326,384,2025-03-28,2464.07,Other
11327,57,2024-02-19,2683.92,Other
11328,55,2024-09-07,249.28,Insurance
11329,175,2024-10-03,547.64,Cash
11330,104,2024-04-10,2093.65,Other
11331,311,2025-02-03,4978.62,Cash
11332,474,2026-01-16,4018.84,Credit Card
11333,294,2024-06-29,1024.18,Cash
11334,206,2025-01-05,468.60,Credit Card
11335,324,2024-09-14,1100.29,Other
11336,141,2024-06-12,3204.54,Credit Card
11337,268,2025-12-08,3889.62,Cash
11338,218,2024-10-27,1687.16,Credit Card
11339,280,2024-11-09,4950.46,Credit Card
11340,493,2024-11-02,2273.80,Other
11341,390,2025-09-18,4582.61,Bank Transfer
11342,55,2025-09-09,2347.90,Bank Transfer
11343,478,2025-04-01,583.52,Other
11344,433,2024-07-03,4552.58,Bank Transfer
11345,106,2024-08-28,4103.93,Credit Card
11346,392,2026-03-18,4504.97,Cash
11347,488,2025-09-16,1771.53,Credit Card
11348,51,2025-12-12,1681.79,Other
11349,471,2025-03-27,2730.10,Other
11350,249,2024-02-13,2646.39,Bank Transfer
11351,399,2025-01-29,2465.51,Bank Transfer
11352,31,2025-09-26,96.46,Insurance
11353,56,2024-10-01,1121.47,Insurance
11354,347,2025-10-08,1275.76,Cash
11355,483,2024-01-26,2709.99,Credit Card
11356,94,2025-10-16,4377.00,Cash
11357,63,2024-12-07,125.98,Credit Card
11358,394,2024-10-29,3419.64,Other
11359,215,2025-10-23,494.67,Cash
11360,153,2024-03-21,2077.44,Bank Transfer
11361,172,2026-02-27,3966.93,Bank Transfer
11362,248,2025-05-30,2646.71,Cash
11363,145,2024-12-21,4077.54,Insurance
11364,147,2025-05-05,1247.48,Bank Transfer
11365,288,2025-04-12,2668.03,Bank Transfer
11366,256,2025-01-30,2422.40,Cash
11367,198,2024-08-18,1551.52,Bank Transfer
11368,256,2025-04-15,2836.17,Insurance
11369,121,2024-07-23,458.23,Cash
11370,294,2025-03-26,4418.79,Insurance
11371,450,2025-01-12,1283.82,Bank Transfer
11372,426,2024-11-29,1040.59,Cash
11373,429,2025-05-25,1389.74,Insurance
11374,448,2024-04-10,1101.90,Bank Transfer
11375,428,2024-08-10,4662.56,Insurance
11376,291,2024-06-03,4223.28,Cash
11377,291,2025-11-07,682.37,Credit Card
11378,464,2025-11-27,3320.07,Insurance
11379,325,2025-09-09,4416.51,Credit Card
11380,20,2025-03-28,3352.56,Cash
11381,134,2025-03-27,1701.03,Cash
11382,400,2025-08-01,3213.74,Bank Transfer
11383,351,2024-05-05,1350.32,Cash
11384,254,2024-11-11,4474.74,Cash
11385,50,2025-11-20,4136.97,Cash
11386,352,2024-12-07,3020.05,Other
11387,437,2024-09-10,405.80,Other
11388,191,2025-05-09,4518.45,Cash
11389,306,2026-01-12,2246.19,Cash
11390,206,2024-09-30,1298.94,Insurance
11391,273,2024-11-30,4366.87,Other
11392,294,2024-11-06,3650.32,Credit Card
11393,314,2025-04-18,3796.11,Insurance
11394,81,2024-03-26,3729.64,Cash
11395,264,2025-08-03,4225.58,Insurance
11396,457,2024-09-24,2788.38,Bank Transfer
11397,378,2025-12-28,1584.83,Credit Card
11398,23,2025-05-27,3635.06,Bank Transfer
11399,375,2026-01-16,4325.97,Cash
11400,120,2025-08-09,3518.15,Bank Transfer
11401,56,2025-09-12,112.75,Insurance
11402,228,2024-05-05,2579.89,Insurance
11403,117,2024-01-05,2632.51,Insurance
11404,90,2025-01-22,936.47,Other
11405,328,2024-07-03,1373.95,Bank Transfer
11406,46,2024-09-04,4054.30,Cash
11407,43,2025-04-18,1406.95,Insurance
11408,53,2024-07-28,3207.11,Insurance
11409,133,2024-03-20,684.79,Bank Transfer
11410,61,2025-06-16,2969.42,Bank Transfer
11411,10,2025-06-19,4386.63,Insurance
11412,139,2025-07-19,2426.23,Insurance
11413,104,2025-09-03,2405.96,Other
11414,402,2025-01-24,1605.92,Insurance
11415,295,2024-08-01,4696.77,Bank Transfer
11416,476,2026-03-05,3500.85,Credit Card
11417,186,2024-05-27,3417.80,Bank Transfer
11418,352,2025-04-08,102.98,Bank Transfer
11419,390,2025-01-23,1678.26,Cash
11420,326,2025-04-13,1163.29,Insurance
11421,487,2025-04-13,3191.05,Cash
11422,185,2025-04-09,3816.64,Insurance
11423,92,2025-08-06,3393.82,Cash
11424,201,2024-01-05,4098.51,Other
11425,408,2025-08-07,3575.55,Cash
11426,315,2024-06-30,136.50,Credit Card
11427,259,2024-06-22,2915.69,Credit Card
11428,419,2025-01-18,1597.82,Credit Card
11429,88,2026-03-12,4946.46,Bank Transfer
11430,258,2025-05-11,4536.10,Other
11431,474,2025-05-23,123.56,Credit Card
11432,69,2024-03-09,746.61,Bank Transfer
11433,409,2024-09-18,4021.35,Bank Transfer
11434,53,2026-01-22,2151.49,Cash
11435,337,2025-01-24,1938.76,Bank Transfer
11436,174,2025-08-05,1594.53,Credit Card
11437,388,2026-01-13,195.40,Bank Transfer
11438,46,2024-08-08,2939.71,Cash
11439,354,2024-10-29,3451.41,Bank Transfer
11440,357,2026-02-18,691.14,Other
11441,299,2025-04-27,1364.18,Bank Transfer
11442,248,2025-02-14,4593.24,Other
11443,218,2024-04-09,405.44,Insurance
11444,62,2026-01-18,1225.12,Insurance
11445,23,2025-07-21,1011.15,Other
11446,303,2024-05-10,388.51,Insurance
11447,374,2024-06-07,3555.72,Credit Card
11448,367,2026-02-12,4597.48,Bank Transfer
11449,38,2025-01-25,1887.20,Insurance
11450,102,2025-06-04,4690.23,Insurance
11451,284,2026-01-01,109.20,Insurance
11452,35,2024-01-09,4773.04,Credit Card
11453,64,2025-04-16,3441.94,Bank Transfer
11454,215,2024-07-09,2162.76,Credit Card
11455,106,2024-08-16,3894.89,Credit Card
11456,375,2026-02-21,1269.67,Credit Card
11457,157,2025-03-04,3656.35,Insurance
11458,429,2025-05-25,4740.99,Credit Card
11459,417,2025-03-24,2899.37,Other
11460,284,2025-08-28,148.69,Cash
11461,341,2025-05-30,1557.64,Credit Card
11462,263,2024-10-12,2829.18,Cash
11463,189,2025-12-06,3064.02,Other
11464,420,2026-03-20,2778.81,Cash
11465,108,2024-05-14,875.59,Cash
11466,87,2024-10-18,2867.27,Bank Transfer
11467,100,2025-11-19,870.30,Other
11468,13,2024-07-11,805.75,Credit Card
11469,216,2024-04-20,1593.01,Credit Card
11470,431,2025-06-19,3362.75,Bank Transfer
11471,37,2024-11-25,4769.42,Other
11472,170,2026-02-27,3359.07,Credit Card
11473,230,2025-05-08,2606.63,Credit Card
11474,390,2024-10-26,354.62,Bank Transfer
11475,438,2025-12-17,2075.52,Insurance
11476,181,2024-02-27,1467.38,Insurance
11477,423,2025-11-02,3700.94,Credit Card
11478,264,2024-06-27,3526.12,Credit Card
11479,118,2024-06-21,2093.91,Other
11480,20,2025-07-15,1925.51,Credit Card
11481,355,2024-03-25,1819.02,Insurance
11482,51,2025-03-30,2237.59,Insurance
11483,148,2025-03-19,4841.26,Credit Card
11484,415,2025-12-10,3788.42,Cash
11485,449,2024-07-15,1715.14,Insurance
11486,32,2025-08-01,1356.57,Insurance
11487,314,2025-05-18,2741.63,Bank Transfer
11488,410,2024-12-22,292.20,Bank Transfer
11489,480,2025-05-02,3131.25,Credit Card
11490,210,2024-05-16,1857.57,Other
11491,486,2025-09-23,2458.32,Cash
11492,328,2025-01-19,3244.86,Credit Card
11493,292,2025-02-19,2826.04,Other
11494,408,2024-03-19,4778.41,Credit Card
11495,279,2024-03-09,65.79,Insurance
11496,442,2024-04-19,2465.63,Insurance
11497,337,2025-07-10,811.62,Cash
11498,493,2024-12-23,2008.85,Bank Transfer
11499,262,2025-07-14,1924.08,Cash
11500,81,2024-06-24,4585.76,Credit Card
11501,144,2025-04-29,4371.22,Bank Transfer
11502,338,2024-04-26,3622.54,Credit Card
11503,203,2024-09-05,444.36,Insurance
11504,228,2025-03-18,943.86,Insurance
11505,3,2024-04-08,4612.12,Credit Card
11506,185,2025-05-02,4823.07,Other
11507,142,2024-05-07,3873.12,Insurance
11508,9,2026-01-13,4372.57,Insurance
11509,32,2024-03-11,1335.51,Cash
11510,443,2025-02-23,4345.50,Bank Transfer
11511,286,2024-01-06,1456.24,Other
11512,164,2025-04-29,4744.69,Bank Transfer
11513,163,2024-07-02,1927.78,Insurance
11514,224,2025-02-09,1310.10,Cash
11515,168,2025-01-02,2315.32,Other
11516,319,2024-03-12,3105.97,Insurance
11517,423,2025-09-13,2825.97,Bank Transfer
11518,178,2025-10-13,433.06,Bank Transfer
11519,476,2025-11-15,4885.21,Other
11520,283,2025-12-22,427.00,Other
11521,356,2024-02-01,1300.75,Cash
11522,403,2024-01-13,2983.20,Insurance
11523,400,2024-07-29,3380.14,Other
11524,153,2024-09-25,3570.13,Credit Card
11525,77,2025-10-30,828.46,Cash
11526,496,2025-05-20,4194.40,Other
11527,133,2024-04-01,1736.95,Insurance
11528,211,2024-04-06,3784.64,Insurance
11529,429,2025-01-06,2869.00,Credit Card
11530,485,2024-03-28,3317.79,Insurance
11531,378,2024-10-08,1043.78,Other
11532,459,2025-02-09,3613.48,Cash
11533,327,2025-09-12,4642.77,Insurance
11534,135,2024-02-23,1012.47,Credit Card
11535,75,2025-04-23,3477.20,Insurance
11536,357,2025-10-12,1902.09,Cash
11537,146,2026-01-07,3618.79,Cash
11538,434,2024-09-17,1678.37,Insurance
11539,267,2024-03-06,2157.54,Other
11540,304,2026-01-22,2037.77,Bank Transfer
11541,180,2024-05-30,244.54,Insurance
11542,92,2024-02-07,2271.38,Insurance
11543,295,2026-03-20,1383.51,Cash
11544,229,2024-01-31,106.68,Cash
11545,49,2026-03-20,2743.29,Other
11546,440,2025-08-02,4546.80,Insurance
11547,361,2026-02-26,4064.70,Insurance
11548,472,2025-07-28,2013.36,Cash
11549,260,2025-11-02,168.76,Cash
11550,423,2025-10-17,2074.04,Insurance
11551,20,2024-06-24,83.18,Insurance
11552,65,2025-07-16,2141.41,Insurance
11553,26,2024-09-19,4129.03,Cash
11554,370,2026-03-05,4300.96,Other
11555,341,2025-09-06,4714.65,Insurance
11556,180,2026-02-21,2281.83,Cash
11557,222,2024-04-29,4943.43,Other
11558,192,2024-04-08,1923.24,Other
11559,321,2025-03-04,918.83,Bank Transfer
11560,109,2025-10-16,2288.71,Other
11561,405,2024-04-02,4005.45,Bank Transfer
11562,272,2024-04-06,1511.58,Cash
11563,276,2025-12-12,2764.33,Insurance
11564,386,2024-11-24,753.06,Bank Transfer
11565,229,2025-01-02,3304.38,Insurance
11566,306,2024-02-06,2247.39,Credit Card
11567,102,2025-08-06,3747.42,Bank Transfer
11568,368,2025-06-26,3450.23,Bank Transfer
11569,272,2025-05-05,1098.25,Cash
11570,162,2025-04-11,4893.06,Insurance
11571,316,2025-12-26,2641.79,Bank Transfer
11572,233,2024-12-16,3673.98,Other
11573,449,2024-09-23,2041.60,Bank Transfer
11574,101,2024-03-06,1876.18,Cash
11575,422,2025-07-15,3236.31,Bank Transfer
11576,443,2025-06-05,296.60,Credit Card
11577,498,2025-08-27,2793.91,Bank Transfer
11578,45,2026-03-04,2125.02,Credit Card
11579,274,2024-03-25,4319.84,Insurance
11580,375,2025-10-28,4200.80,Insurance
11581,318,2025-01-20,3945.54,Bank Transfer
11582,37,2024-01-06,4186.84,Cash
11583,37,2024-05-17,2558.41,Bank Transfer
11584,140,2025-09-25,4701.37,Cash
11585,339,2025-05-13,3162.82,Cash
11586,486,2024-01-24,2569.80,Insurance
11587,438,2024-01-21,4748.32,Other
11588,314,2024-01-07,1726.19,Credit Card
11589,254,2025-05-20,3136.01,Other
11590,361,2025-06-30,1633.45,Cash
11591,313,2025-02-08,4946.81,Credit Card
11592,277,2024-10-28,1584.98,Bank Transfer
11593,472,2024-03-03,1942.53,Other
11594,251,2025-04-24,2208.09,Other
11595,241,2025-08-26,4328.97,Other
11596,451,2024-02-29,1101.74,Credit Card
11597,478,2025-12-19,2652.75,Other
11598,59,2025-08-15,1658.85,Cash
11599,10,2024-01-10,539.99,Bank Transfer
11600,358,2025-10-22,2864.92,Insurance
11601,306,2024-07-31,3399.98,Bank Transfer
11602,43,2025-08-23,2557.48,Credit Card
11603,90,2024-02-12,4441.66,Other
11604,466,2025-08-14,2994.06,Insurance
11605,390,2024-11-27,2976.94,Bank Transfer
11606,87,2024-08-27,1910.39,Credit Card
11607,209,2025-12-30,1334.07,Credit Card
11608,230,2025-12-17,2292.51,Cash
11609,163,2025-04-11,3491.28,Other
11610,302,2025-08-06,1191.12,Cash
11611,100,2025-06-25,2412.24,Insurance
11612,69,2026-02-01,662.98,Other
11613,267,2024-06-20,3043.42,Credit Card
11614,345,2026-01-30,420.09,Bank Transfer
11615,158,2025-07-26,4637.03,Other
11616,160,2025-04-24,4819.96,Other
11617,338,2024-09-02,4227.97,Bank Transfer
11618,379,2025-04-26,952.12,Cash
11619,145,2024-10-18,3898.67,Cash
11620,320,2024-05-18,1790.44,Credit Card
11621,400,2025-10-26,677.02,Cash
11622,118,2025-08-22,3721.50,Cash
11623,291,2025-07-28,2791.42,Cash
11624,80,2024-12-16,3244.96,Bank Transfer
11625,74,2024-09-12,4926.38,Other
11626,420,2024-10-18,2240.62,Cash
11627,76,2024-09-23,1543.85,Insurance
11628,248,2025-07-06,2510.58,Credit Card
11629,222,2025-06-09,1822.75,Bank Transfer
11630,496,2025-01-08,4123.74,Cash
11631,485,2025-01-02,3458.02,Other
11632,144,2024-08-30,4482.29,Bank Transfer
11633,458,2024-10-29,1257.82,Bank Transfer
11634,77,2024-10-08,2122.18,Bank Transfer
11635,82,2024-06-10,245.48,Other
11636,148,2025-07-28,257.67,Bank Transfer
11637,465,2024-09-11,3928.05,Credit Card
11638,53,2025-10-28,4463.99,Other
11639,192,2024-10-28,4914.14,Insurance
11640,275,2024-07-08,4181.77,Insurance
11641,328,2024-06-24,1635.60,Other
11642,154,2026-03-14,1745.66,Credit Card
11643,276,2026-03-06,4187.16,Bank Transfer
11644,445,2024-07-09,489.51,Other
11645,180,2025-04-12,3495.57,Other
11646,171,2025-05-03,4282.54,Insurance
11647,205,2024-01-25,4741.92,Bank Transfer
11648,145,2024-02-21,4263.98,Cash
11649,55,2026-02-18,1478.88,Credit Card
11650,389,2024-02-19,1622.00,Bank Transfer
11651,270,2025-06-10,73.21,Credit Card
11652,458,2025-05-03,862.46,Cash
11653,252,2025-07-22,2629.91,Insurance
11654,287,2024-11-14,1520.82,Bank Transfer
11655,420,2026-01-08,286.38,Insurance
11656,286,2026-01-26,3808.01,Other
11657,493,2025-02-04,4709.01,Cash
11658,244,2024-09-14,2693.33,Credit Card
11659,291,2025-06-06,1909.34,Bank Transfer
11660,171,2024-10-19,748.02,Other
11661,124,2025-08-03,894.40,Insurance
11662,384,2024-07-08,4713.87,Cash
11663,353,2025-06-29,501.92,Credit Card
11664,254,2025-01-10,3356.15,Credit Card
11665,192,2025-06-02,2837.04,Other
11666,497,2024-11-13,904.02,Other
11667,198,2024-07-06,3857.47,Insurance
11668,151,2024-04-15,4501.39,Cash
11669,346,2024-04-17,4163.48,Credit Card
11670,487,2024-04-21,1274.28,Bank Transfer
11671,438,2024-04-29,589.13,Insurance
11672,104,2025-03-28,1344.40,Other
11673,254,2025-03-17,4373.54,Credit Card
11674,435,2025-10-06,3260.96,Cash
11675,90,2024-04-07,1693.69,Bank Transfer
11676,67,2024-09-05,2679.97,Other
11677,120,2025-10-19,1371.73,Insurance
11678,170,2025-07-06,1392.01,Credit Card
11679,239,2024-10-13,66.53,Insurance
11680,336,2026-03-08,2744.51,Cash
11681,195,2025-10-13,676.89,Cash
11682,308,2024-05-24,862.90,Bank Transfer
11683,52,2025-01-05,2804.66,Bank Transfer
11684,374,2025-10-25,4422.72,Credit Card
11685,442,2024-08-11,315.85,Bank Transfer
11686,346,2025-11-02,4887.86,Cash
11687,357,2024-09-14,848.69,Insurance
11688,293,2025-03-22,1084.39,Cash
11689,20,2025-08-16,4080.76,Other
11690,206,2024-10-05,4008.68,Credit Card
11691,132,2025-08-23,4713.04,Insurance
11692,405,2025-07-05,2706.44,Cash
11693,306,2024-03-06,658.75,Credit Card
11694,298,2024-03-20,2975.55,Bank Transfer
11695,447,2024-05-28,2169.73,Bank Transfer
11696,59,2024-03-13,3881.40,Cash
11697,232,2025-12-04,724.66,Bank Transfer
11698,336,2025-03-09,1985.52,Credit Card
11699,267,2024-01-07,2861.88,Cash
11700,121,2024-04-12,2499.17,Other
11701,500,2025-05-04,494.96,Cash
11702,119,2025-03-01,4055.55,Cash
11703,116,2025-12-28,1360.43,Other
11704,79,2024-04-18,3860.93,Other
11705,23,2024-08-14,3541.71,Other
11706,348,2025-05-19,3909.23,Cash
11707,247,2024-03-23,2584.59,Insurance
11708,18,2025-01-24,4685.67,Insurance
11709,59,2024-10-08,2685.15,Other
11710,371,2025-06-20,380.61,Credit Card
11711,95,2024-02-02,3518.34,Cash
11712,359,2025-04-25,3411.80,Bank Transfer
11713,449,2024-12-31,2595.11,Cash
11714,460,2024-01-25,2210.30,Cash
11715,83,2025-06-09,4092.28,Other
11716,341,2024-04-25,2093.10,Other
11717,154,2024-02-07,1296.54,Insurance
11718,124,2026-01-31,2097.14,Cash
11719,277,2025-12-20,4225.58,Other
11720,422,2024-06-10,3121.74,Credit Card
11721,51,2024-04-28,2777.34,Cash
11722,456,2025-09-10,356.52,Cash
11723,207,2025-02-03,4604.71,Insurance
11724,175,2026-01-12,3224.57,Other
11725,188,2025-02-18,4407.71,Bank Transfer
11726,168,2024-12-10,1716.36,Other
11727,456,2024-03-30,3425.56,Other
11728,19,2024-09-30,809.20,Other
11729,186,2025-02-10,1611.93,Bank Transfer
11730,49,2024-09-07,4427.78,Other
11731,249,2024-06-13,2473.65,Bank Transfer
11732,411,2024-12-29,2646.28,Cash
11733,145,2024-08-23,81.19,Credit Card
11734,99,2026-02-24,4931.04,Bank Transfer
11735,179,2025-09-15,4196.65,Other
11736,456,2024-06-08,2451.76,Insurance
11737,341,2026-01-23,2141.95,Cash
11738,210,2025-12-13,2404.78,Bank Transfer
11739,182,2024-12-03,3803.61,Insurance
11740,3,2024-12-03,2547.24,Other
11741,460,2025-09-21,620.93,Insurance
11742,110,2025-09-12,91.36,Other
11743,200,2024-10-08,216.54,Other
11744,65,2024-04-06,2572.17,Other
11745,190,2025-10-30,3968.81,Cash
11746,207,2024-10-03,4209.20,Bank Transfer
11747,306,2025-08-21,2167.59,Cash
11748,489,2025-06-30,4863.89,Insurance
11749,328,2024-04-27,3148.77,Insurance
11750,306,2025-06-25,2581.67,Credit Card
11751,98,2024-12-21,608.97,Insurance
11752,495,2026-01-07,147.42,Other
11753,190,2025-06-02,1972.54,Cash
11754,171,2025-11-21,132.40,Bank Transfer
11755,259,2024-04-07,1531.36,Insurance
11756,297,2025-10-25,3418.47,Credit Card
11757,95,2025-01-13,618.08,Insurance
11758,175,2024-08-10,2583.02,Other
11759,60,2025-01-03,2721.12,Other
11760,139,2025-08-05,356.49,Credit Card
11761,271,2025-08-27,4541.71,Cash
11762,132,2024-04-12,3642.46,Cash
11763,495,2026-02-24,4273.28,Other
11764,239,2025-09-15,3356.90,Credit Card
11765,301,2024-07-21,3409.07,Credit Card
11766,164,2025-07-27,1531.72,Cash
11767,367,2024-10-26,137.00,Other
11768,104,2024-09-11,4272.63,Credit Card
11769,499,2024-06-27,1946.38,Other
11770,421,2026-01-11,101.05,Credit Card
11771,275,2025-03-28,4672.76,Credit Card
11772,275,2025-07-23,1875.36,Bank Transfer
11773,207,2025-03-05,1871.73,Other
11774,218,2026-02-06,734.00,Credit Card
11775,356,2025-11-03,1929.78,Insurance
11776,386,2025-09-12,1713.99,Cash
11777,7,2024-01-13,3227.30,Bank Transfer
11778,282,2025-11-08,3013.52,Cash
11779,209,2025-07-25,4251.33,Other
11780,344,2025-12-18,1580.61,Insurance
11781,178,2025-10-29,4537.99,Cash
11782,222,2025-11-08,1020.97,Other
11783,104,2024-04-14,2839.89,Credit Card
11784,478,2026-02-01,1170.73,Other
11785,206,2025-06-05,3107.21,Other
11786,248,2025-05-19,2238.17,Cash
11787,154,2024-07-10,1781.94,Cash
11788,291,2025-08-25,1743.98,Other
11789,28,2024-08-31,184.31,Other
11790,464,2025-01-08,2134.33,Bank Transfer
11791,358,2025-01-12,3020.24,Bank Transfer
11792,420,2025-10-18,4680.31,Bank Transfer
11793,166,2024-04-18,2670.16,Credit Card
11794,203,2025-01-07,580.90,Bank Transfer
11795,443,2025-06-09,1768.67,Bank Transfer
11796,466,2024-09-01,1494.29,Other
11797,91,2024-01-14,812.00,Cash
11798,126,2024-10-27,4390.90,Credit Card
11799,29,2024-06-26,1437.45,Credit Card
11800,102,2025-05-27,4425.91,Credit Card
11801,263,2024-02-29,957.77,Insurance
11802,350,2024-08-05,1651.17,Other
11803,132,2024-05-05,572.86,Credit Card
11804,391,2025-03-26,4184.73,Insurance
11805,279,2024-11-08,1837.76,Insurance
11806,439,2024-12-17,2774.52,Credit Card
11807,434,2025-07-23,1672.06,Bank Transfer
11808,100,2024-08-03,521.66,Cash
11809,213,2024-10-13,2269.86,Other
11810,205,2024-03-10,330.89,Credit Card
11811,370,2025-03-12,4355.33,Insurance
11812,146,2025-12-25,990.77,Credit Card
11813,296,2025-07-09,2941.40,Other
11814,447,2025-06-30,3718.04,Other
11815,3,2025-04-23,1758.75,Bank Transfer
11816,397,2024-08-31,3652.67,Cash
11817,188,2026-01-31,2860.09,Other
11818,320,2025-07-17,4565.09,Other
11819,404,2025-05-01,79.93,Insurance
11820,66,2025-06-30,380.44,Other
11821,128,2024-08-06,3844.75,Insurance
11822,259,2025-05-30,3742.36,Credit Card
11823,24,2024-04-27,3368.12,Cash
11824,371,2026-01-19,4727.60,Cash
11825,482,2025-02-27,1434.60,Insurance
11826,447,2025-01-31,2575.28,Cash
11827,340,2026-01-07,1268.50,Insurance
11828,346,2025-03-14,4679.63,Cash
11829,492,2024-04-26,2861.41,Insurance
11830,403,2025-08-26,892.25,Cash
11831,258,2024-09-10,4855.97,Cash
11832,357,2025-02-20,235.82,Other
11833,239,2024-11-03,1829.63,Credit Card
11834,177,2024-03-26,2638.35,Insurance
11835,284,2025-03-12,1110.52,Bank Transfer
11836,482,2025-07-02,1464.94,Insurance
11837,237,2025-12-27,737.24,Insurance
11838,232,2025-08-17,1756.68,Cash
11839,112,2024-11-24,4661.99,Other
11840,287,2025-09-27,4827.80,Bank Transfer
11841,112,2024-07-18,854.12,Bank Transfer
11842,254,2024-12-21,3065.43,Insurance
11843,341,2024-11-15,3814.61,Other
11844,249,2025-02-05,3024.45,Cash
11845,157,2024-07-06,935.35,Cash
11846,83,2024-11-06,1438.79,Bank Transfer
11847,340,2025-06-19,3081.03,Credit Card
11848,367,2024-08-13,3588.36,Insurance
11849,397,2024-02-04,3551.31,Credit Card
11850,487,2024-10-02,200.11,Bank Transfer
11851,332,2024-04-25,4297.99,Insurance
11852,294,2025-07-05,2445.18,Bank Transfer
11853,302,2024-06-04,4523.21,Other
11854,358,2026-01-16,4551.89,Insurance
11855,286,2025-03-20,2492.52,Cash
11856,131,2025-08-11,437.20,Insurance
11857,300,2025-02-07,2806.73,Cash
11858,46,2025-01-07,3292.54,Other
11859,285,2025-07-25,1665.03,Cash
11860,496,2024-03-13,3194.28,Other
11861,385,2024-10-04,4952.58,Credit Card
11862,185,2025-10-06,964.11,Bank Transfer
11863,10,2024-11-18,4225.39,Insurance
11864,315,2024-12-06,2614.63,Credit Card
11865,36,2025-09-16,550.93,Insurance
11866,188,2025-08-15,1822.99,Cash
11867,145,2025-02-05,797.83,Cash
11868,312,2025-05-24,4192.71,Other
11869,53,2026-03-18,4753.83,Insurance
11870,210,2025-03-06,1588.84,Cash
11871,27,2025-03-30,694.16,Credit Card
11872,492,2024-06-20,3536.82,Credit Card
11873,176,2026-03-14,3899.87,Other
11874,438,2025-12-28,1882.75,Insurance
11875,459,2024-06-06,3580.68,Credit Card
11876,264,2024-11-23,3285.15,Insurance
11877,53,2024-05-24,619.96,Insurance
11878,272,2024-12-27,1889.69,Bank Transfer
11879,271,2025-02-07,2767.07,Bank Transfer
11880,390,2025-09-23,2749.72,Bank Transfer
11881,13,2025-09-14,3964.06,Credit Card
11882,357,2024-04-20,1957.68,Other
11883,465,2024-06-26,403.55,Insurance
11884,478,2025-01-29,2288.54,Other
11885,226,2025-05-17,463.11,Insurance
11886,169,2025-09-08,4694.07,Credit Card
11887,17,2025-11-23,187.73,Cash
11888,326,2025-04-11,2512.97,Other
11889,429,2024-10-14,1563.45,Bank Transfer
11890,449,2024-03-30,3332.17,Insurance
11891,397,2024-02-07,1137.00,Credit Card
11892,200,2026-01-14,3603.20,Insurance
11893,115,2024-09-07,4079.53,Cash
11894,55,2024-12-06,2797.20,Bank Transfer
11895,105,2025-12-27,265.75,Credit Card
11896,465,2024-03-05,1257.87,Other
11897,245,2024-10-19,943.31,Credit Card
11898,496,2025-05-19,1398.65,Other
11899,464,2025-09-14,4131.49,Bank Transfer
11900,75,2024-11-04,3531.79,Bank Transfer
11901,117,2025-08-26,2641.25,Bank Transfer
11902,10,2024-04-29,171.38,Other
11903,267,2024-01-11,2288.16,Bank Transfer
11904,272,2025-05-27,322.86,Other
11905,92,2025-04-16,2142.52,Insurance
11906,497,2025-12-25,3167.71,Insurance
11907,89,2025-07-20,3795.58,Credit Card
11908,389,2024-11-20,194.19,Other
11909,322,2025-09-20,4410.87,Bank Transfer
11910,71,2024-10-04,3653.09,Cash
11911,157,2024-12-29,950.05,Other
11912,453,2025-08-06,2960.83,Other
11913,43,2024-09-17,979.86,Cash
11914,399,2024-03-02,1383.62,Cash
11915,209,2024-07-11,4298.72,Other
11916,214,2026-01-20,3285.43,Other
11917,499,2024-11-11,2234.59,Other
11918,176,2024-03-30,2584.98,Bank Transfer
11919,411,2025-01-22,593.63,Cash
11920,427,2026-02-14,984.96,Bank Transfer
11921,140,2025-10-27,1352.73,Insurance
11922,444,2024-01-29,151.90,Credit Card
11923,95,2024-12-31,2809.71,Other
11924,451,2025-04-26,4197.40,Other
11925,408,2025-02-13,4868.05,Insurance
11926,36,2024-06-14,410.77,Insurance
11927,320,2026-01-19,2668.16,Credit Card
11928,189,2025-04-21,2291.30,Other
11929,446,2025-03-24,4492.29,Credit Card
11930,322,2024-09-22,469.49,Insurance
11931,27,2025-06-16,3166.89,Bank Transfer
11932,182,2025-05-03,4254.89,Cash
11933,230,2024-04-15,567.22,Credit Card
11934,168,2026-01-21,3514.80,Credit Card
11935,345,2025-09-04,1982.39,Insurance
11936,344,2024-08-12,2829.01,Credit Card
11937,346,2024-07-19,4742.28,Cash
11938,408,2025-04-04,3741.10,Credit Card
11939,381,2025-12-30,94.93,Cash
11940,131,2026-01-10,4712.05,Insurance
11941,187,2025-03-29,2754.39,Insurance
11942,201,2026-02-03,4634.33,Credit Card
11943,399,2025-03-27,559.84,Cash
11944,70,2025-12-19,1443.54,Cash
11945,118,2026-01-17,954.86,Bank Transfer
11946,126,2025-04-01,1216.29,Credit Card
11947,458,2025-08-01,4295.58,Other
11948,189,2024-02-22,1277.98,Insurance
11949,457,2025-01-05,943.97,Credit Card
11950,179,2025-01-15,4024.18,Bank Transfer
11951,320,2025-09-16,3312.94,Cash
11952,263,2025-01-24,2345.36,Bank Transfer
11953,18,2024-04-30,3053.64,Credit Card
11954,327,2026-02-27,4450.04,Bank Transfer
11955,111,2025-11-19,2179.64,Other
11956,496,2024-04-24,3786.92,Credit Card
11957,81,2025-05-23,2135.84,Credit Card
11958,324,2025-09-22,1637.68,Other
11959,180,2024-03-20,1398.72,Credit Card
11960,474,2024-08-06,2439.12,Cash
11961,142,2026-01-31,2539.81,Bank Transfer
11962,52,2024-07-14,562.06,Credit Card
11963,450,2025-06-25,4810.77,Credit Card
11964,490,2025-12-26,4617.86,Insurance
11965,38,2024-03-18,1012.25,Other
11966,445,2025-12-30,3799.14,Other
11967,283,2024-10-07,1822.83,Insurance
11968,338,2025-11-19,1634.91,Credit Card
11969,323,2025-08-31,2295.65,Bank Transfer
11970,343,2026-03-04,4036.94,Other
11971,280,2026-02-12,4217.51,Cash
11972,399,2024-03-04,431.08,Cash
11973,275,2024-04-15,2879.36,Cash
11974,186,2024-06-24,2729.43,Other
11975,477,2025-08-24,1182.80,Cash
11976,274,2024-06-08,550.84,Insurance
11977,295,2024-03-12,3438.27,Other
11978,475,2025-05-04,4917.98,Insurance
11979,301,2025-07-20,4647.02,Other
11980,256,2024-10-31,1715.78,Credit Card
11981,141,2025-04-25,3176.96,Credit Card
11982,228,2024-06-20,3705.61,Other
11983,123,2024-03-03,231.62,Credit Card
11984,387,2024-02-08,2124.29,Credit Card
11985,286,2025-01-19,4548.45,Cash
11986,220,2024-02-22,814.69,Credit Card
11987,231,2026-03-10,1397.01,Credit Card
11988,359,2024-03-31,2391.52,Credit Card
11989,357,2025-04-24,2235.78,Cash
11990,431,2024-02-28,3812.80,Cash
11991,430,2025-11-04,443.02,Other
11992,398,2024-08-24,886.38,Bank Transfer
11993,47,2024-06-04,452.72,Other
11994,111,2024-02-18,2563.24,Credit Card
11995,319,2024-07-17,1112.69,Bank Transfer
11996,222,2024-05-27,905.39,Bank Transfer
11997,73,2024-09-16,102.91,Cash
11998,388,2025-12-14,571.87,Insurance
11999,143,2024-06-22,1843.40,Cash
12000,145,2025-12-08,1346.65,Insurance
12001,123,2025-07-16,1042.58,Credit Card
12002,454,2024-08-05,2029.20,Cash
12003,229,2025-03-12,852.60,Other
12004,10,2025-11-29,4375.68,Other
12005,349,2025-08-16,1765.28,Insurance
12006,10,2024-12-15,726.87,Bank Transfer
12007,494,2025-10-11,1596.11,Other
12008,324,2024-10-29,2515.07,Insurance
12009,486,2026-03-03,3501.88,Cash
12010,19,2024-05-26,2251.07,Insurance
12011,286,2025-09-11,2703.72,Insurance
12012,473,2025-07-07,2433.78,Insurance
12013,280,2024-05-02,4975.51,Cash
12014,223,2024-10-14,3115.24,Credit Card
12015,490,2024-11-08,3993.35,Other
12016,99,2026-01-30,2573.25,Other
12017,224,2025-01-23,1694.99,Insurance
12018,462,2025-10-31,2387.89,Insurance
12019,111,2024-02-20,2259.74,Other
12020,232,2024-05-12,2354.34,Bank Transfer
12021,430,2025-04-10,3192.65,Cash
12022,407,2025-07-24,4334.96,Other
12023,55,2026-02-21,1031.93,Credit Card
12024,128,2025-07-25,1927.53,Cash
12025,230,2025-08-05,828.78,Insurance
12026,146,2025-02-17,4945.43,Credit Card
12027,82,2024-06-17,719.93,Bank Transfer
12028,155,2025-01-19,4515.79,Credit Card
12029,317,2025-02-16,4368.53,Credit Card
12030,388,2025-11-17,4603.25,Credit Card
12031,195,2025-02-25,2847.80,Other
12032,247,2025-01-31,4354.15,Insurance
12033,101,2024-07-19,66.55,Bank Transfer
12034,48,2024-11-17,3819.65,Other
12035,288,2024-09-21,4090.62,Other
12036,222,2025-04-14,3464.04,Bank Transfer
12037,274,2025-11-08,4085.63,Bank Transfer
12038,232,2024-04-19,4461.52,Insurance
12039,255,2025-01-15,3750.71,Other
12040,341,2024-10-20,3831.14,Bank Transfer
12041,327,2025-03-12,1565.50,Other
12042,128,2026-01-15,146.22,Other
12043,258,2025-09-06,3772.90,Other
12044,42,2024-11-30,1630.06,Insurance
12045,382,2024-10-27,342.03,Credit Card
12046,111,2025-11-07,3621.72,Bank Transfer
12047,334,2025-01-27,3424.77,Insurance
12048,490,2026-02-28,1444.65,Cash
12049,273,2024-12-27,3528.46,Other
12050,175,2024-11-22,498.12,Other
12051,188,2025-04-10,734.06,Credit Card
12052,288,2024-04-12,1923.99,Cash
12053,377,2024-11-28,3122.82,Insurance
12054,24,2024-11-28,740.06,Insurance
12055,41,2025-03-02,2977.12,Insurance
12056,283,2026-01-22,4004.49,Cash
12057,306,2025-05-23,1980.68,Credit Card
12058,63,2024-11-07,2766.20,Credit Card
12059,136,2026-03-19,2471.52,Other
12060,191,2025-03-12,249.86,Cash
12061,354,2024-06-07,4222.10,Insurance
12062,475,2024-12-10,362.48,Insurance
12063,460,2024-05-22,4035.97,Credit Card
12064,129,2025-10-24,3393.83,Other
12065,395,2024-01-28,1785.59,Insurance
12066,78,2025-03-18,1054.88,Insurance
12067,128,2025-07-25,1661.56,Insurance
12068,308,2024-02-14,1844.21,Credit Card
12069,194,2024-06-06,1760.85,Insurance
12070,190,2024-10-15,2633.05,Cash
12071,301,2024-02-25,589.71,Cash
12072,246,2024-02-20,3939.44,Insurance
12073,273,2024-05-08,3382.63,Cash
12074,497,2025-05-03,2131.02,Credit Card
12075,340,2026-02-06,4149.90,Other
12076,304,2025-03-20,211.32,Insurance
12077,183,2024-05-22,1357.24,Bank Transfer
12078,11,2025-05-07,3956.52,Cash
12079,90,2025-09-23,2257.41,Credit Card
12080,182,2025-07-10,3700.42,Insurance
12081,55,2024-09-05,725.81,Credit Card
12082,404,2025-06-10,2395.75,Bank Transfer
12083,78,2025-10-29,2605.06,Other
12084,14,2024-01-24,1885.32,Insurance
12085,156,2024-03-11,4245.20,Credit Card
12086,332,2025-07-30,1531.15,Credit Card
12087,21,2024-12-01,234.58,Bank Transfer
12088,277,2024-07-27,2851.43,Insurance
12089,453,2024-07-13,4356.55,Cash
12090,12,2025-07-27,1997.14,Bank Transfer
12091,347,2025-05-09,2753.59,Other
12092,252,2026-03-13,311.21,Cash
12093,389,2024-11-19,2394.47,Credit Card
12094,320,2025-08-12,1360.84,Credit Card
12095,76,2024-03-18,1820.04,Other
12096,216,2025-03-05,4521.46,Other
12097,75,2025-08-03,954.35,Insurance
12098,109,2024-02-22,3172.20,Insurance
12099,128,2026-01-23,4214.03,Credit Card
12100,456,2025-04-04,4691.93,Insurance
12101,108,2024-10-15,2819.45,Insurance
12102,248,2024-12-05,2701.23,Other
12103,305,2024-01-04,3211.98,Other
12104,245,2024-09-19,2975.54,Credit Card
12105,226,2024-12-19,2264.05,Other
12106,80,2025-05-18,4420.17,Other
12107,192,2025-01-12,994.50,Cash
12108,195,2025-02-07,3974.29,Bank Transfer
12109,29,2024-10-25,4517.46,Bank Transfer
12110,431,2024-10-03,2720.00,Insurance
12111,224,2026-01-14,4469.70,Cash
12112,325,2024-04-19,4899.72,Insurance
12113,46,2025-02-21,799.29,Cash
12114,94,2026-03-11,1441.14,Credit Card
12115,464,2025-08-09,4233.41,Cash
12116,109,2025-12-06,4345.88,Cash
12117,66,2026-01-03,2494.02,Bank Transfer
12118,246,2024-12-10,869.11,Insurance
12119,480,2024-06-30,1597.98,Bank Transfer
12120,272,2024-08-16,635.56,Credit Card
12121,367,2024-05-23,2867.62,Cash
12122,447,2024-04-22,524.42,Other
12123,197,2025-07-02,3861.48,Cash
12124,438,2024-11-02,1778.80,Cash
12125,377,2025-07-14,1819.03,Other
12126,334,2024-03-20,743.07,Bank Transfer
12127,380,2025-07-14,2181.69,Other
12128,459,2024-02-24,3454.99,Cash
12129,174,2025-02-13,1220.83,Bank Transfer
12130,109,2025-04-17,2335.46,Cash
12131,158,2024-08-09,2588.10,Other
12132,82,2026-01-11,121.41,Bank Transfer
12133,416,2024-10-29,2047.46,Bank Transfer
12134,275,2024-12-07,682.78,Cash
12135,464,2024-02-23,656.79,Other
12136,363,2025-08-23,4297.32,Cash
12137,236,2025-05-05,240.62,Insurance
12138,245,2026-01-14,4812.80,Other
12139,241,2025-01-18,997.68,Credit Card
12140,410,2025-10-18,1689.78,Bank Transfer
12141,232,2024-07-18,4203.22,Other
12142,157,2025-02-03,192.12,Credit Card
12143,375,2025-06-09,4150.18,Other
12144,353,2024-09-23,1742.50,Other
12145,200,2025-12-18,2930.62,Credit Card
12146,116,2025-05-27,3087.21,Insurance
12147,374,2024-07-03,4788.09,Other
12148,435,2026-02-02,2420.72,Insurance
12149,423,2025-12-29,949.36,Insurance
12150,320,2024-01-11,2752.23,Credit Card
12151,106,2025-11-02,4737.70,Credit Card
12152,274,2025-10-10,464.27,Insurance
12153,311,2025-05-03,3406.86,Cash
12154,230,2025-07-28,1183.00,Other
12155,270,2025-03-04,4281.05,Bank Transfer
12156,468,2024-12-22,2822.43,Other
12157,388,2024-04-27,3163.38,Bank Transfer
12158,154,2025-02-11,3547.23,Bank Transfer
12159,468,2024-05-31,737.96,Other
12160,236,2024-12-16,4543.17,Credit Card
12161,314,2025-11-11,3912.45,Other
12162,285,2025-03-10,355.08,Cash
12163,498,2024-06-16,4497.54,Bank Transfer
12164,204,2025-11-21,3270.34,Other
12165,270,2024-06-19,3123.61,Insurance
12166,355,2025-03-09,3758.50,Other
12167,312,2025-03-30,3883.74,Bank Transfer
12168,223,2025-06-13,4451.37,Other
12169,313,2025-02-08,4298.45,Credit Card
12170,500,2024-05-13,4916.96,Insurance
12171,173,2024-10-04,4690.91,Bank Transfer
12172,189,2025-01-02,4472.47,Other
12173,325,2024-07-17,3780.16,Other
12174,142,2024-01-03,1079.05,Credit Card
12175,284,2025-09-04,3114.84,Bank Transfer
12176,145,2024-11-14,4442.47,Insurance
12177,290,2024-05-08,2681.04,Other
12178,247,2024-01-07,2908.48,Insurance
12179,268,2025-08-03,4645.04,Cash
12180,74,2025-11-08,497.13,Other
12181,163,2025-07-27,4333.13,Bank Transfer
12182,113,2024-07-29,3029.91,Credit Card
12183,432,2025-08-31,1880.76,Other
12184,485,2026-01-30,1963.78,Bank Transfer
12185,424,2024-01-19,4114.04,Other
12186,177,2025-11-07,3248.28,Bank Transfer
12187,461,2025-02-06,4483.11,Cash
12188,437,2025-06-25,76.63,Cash
12189,19,2024-08-31,3468.27,Cash
12190,13,2026-02-28,4460.99,Bank Transfer
12191,463,2024-04-22,910.60,Cash
12192,5,2025-09-25,493.10,Credit Card
12193,38,2024-05-22,2655.76,Insurance
12194,342,2025-10-03,753.72,Other
12195,351,2026-02-19,1552.59,Bank Transfer
12196,386,2025-04-07,1311.50,Credit Card
12197,91,2025-02-19,4991.95,Other
12198,199,2024-10-18,224.29,Insurance
12199,125,2025-07-12,1978.39,Cash
12200,262,2025-02-13,4343.69,Bank Transfer
12201,172,2026-01-05,1852.74,Bank Transfer
12202,401,2025-04-27,110.05,Cash
12203,324,2025-05-21,2526.03,Bank Transfer
12204,160,2024-01-05,2238.05,Credit Card
12205,303,2025-06-19,3112.01,Insurance
12206,291,2024-01-09,591.21,Insurance
12207,365,2025-03-12,761.33,Bank Transfer
12208,490,2025-05-28,2593.87,Credit Card
12209,43,2024-10-09,1635.69,Cash
12210,338,2024-08-25,3720.81,Cash
12211,190,2024-05-17,1093.38,Bank Transfer
12212,87,2025-11-27,3577.58,Credit Card
12213,389,2024-07-04,782.48,Other
12214,323,2025-11-21,502.58,Insurance
12215,465,2026-01-23,1593.93,Other
12216,124,2025-08-31,438.54,Other
12217,27,2024-01-08,3701.68,Cash
12218,484,2024-04-05,696.63,Bank Transfer
12219,386,2024-02-25,3906.58,Insurance
12220,72,2024-08-15,1338.34,Bank Transfer
12221,202,2026-01-11,2518.59,Other
12222,333,2025-01-09,860.71,Insurance
12223,282,2026-02-14,4709.79,Cash
12224,273,2024-06-09,4965.41,Insurance
12225,424,2025-06-07,472.58,Bank Transfer
12226,135,2024-06-04,1225.13,Credit Card
12227,299,2024-03-22,2979.03,Other
12228,470,2025-06-04,2762.95,Bank Transfer
12229,296,2025-12-09,4796.45,Other
12230,281,2025-10-27,4818.72,Insurance
12231,423,2024-01-04,3266.35,Cash
12232,490,2025-01-18,3045.21,Other
12233,370,2025-04-21,2266.50,Insurance
12234,153,2026-02-05,1391.93,Bank Transfer
12235,243,2025-10-04,3686.14,Credit Card
12236,45,2025-04-22,3391.55,Credit Card
12237,285,2025-08-02,620.64,Bank Transfer
12238,188,2024-01-10,1797.61,Bank Transfer
12239,329,2025-12-01,3360.61,Credit Card
12240,9,2024-05-16,1434.67,Insurance
12241,156,2026-02-21,814.48,Bank Transfer
12242,298,2025-01-13,763.91,Bank Transfer
12243,85,2025-11-25,2906.18,Bank Transfer
12244,500,2024-05-19,3487.91,Other
12245,6,2024-10-23,808.44,Bank Transfer
12246,273,2025-12-29,4160.61,Credit Card
12247,91,2025-10-14,3018.86,Cash
12248,97,2026-01-08,4538.04,Insurance
12249,443,2025-07-22,235.99,Insurance
12250,69,2024-06-08,1412.72,Cash
12251,471,2024-10-13,3812.61,Credit Card
12252,97,2024-07-06,4944.27,Other
12253,284,2025-12-22,4720.09,Bank Transfer
12254,165,2025-10-01,1134.59,Bank Transfer
12255,5,2025-03-23,3076.72,Other
12256,284,2025-05-14,1902.97,Bank Transfer
12257,78,2024-12-22,2467.26,Credit Card
12258,140,2026-03-14,2995.60,Bank Transfer
12259,290,2025-05-31,2374.56,Bank Transfer
12260,11,2026-02-17,4186.49,Insurance
12261,294,2025-03-11,1318.52,Other
12262,13,2024-04-26,4145.21,Insurance
12263,151,2024-10-09,3342.92,Credit Card
12264,435,2026-01-08,2291.13,Cash
12265,395,2025-10-25,1488.73,Bank Transfer
12266,445,2025-01-09,376.06,Cash
12267,390,2024-12-22,3916.45,Cash
12268,226,2025-05-14,4724.11,Insurance
12269,481,2025-06-11,4195.29,Cash
12270,333,2024-06-05,1226.06,Bank Transfer
12271,426,2025-10-21,3435.35,Insurance
12272,194,2025-01-26,837.59,Other
12273,26,2025-08-21,472.00,Other
12274,461,2025-03-17,1240.33,Credit Card
12275,120,2025-02-01,3870.63,Credit Card
12276,192,2024-07-11,2221.36,Insurance
12277,109,2024-02-07,4387.97,Cash
12278,62,2025-10-06,3148.43,Cash
12279,346,2026-02-11,3890.88,Insurance
12280,384,2025-07-24,2790.19,Other
12281,229,2025-06-23,301.26,Credit Card
12282,128,2025-11-09,3604.46,Credit Card
12283,119,2024-04-11,2149.05,Other
12284,477,2024-12-10,2693.30,Bank Transfer
12285,461,2026-03-09,2892.00,Insurance
12286,19,2024-11-25,2766.91,Cash
12287,111,2024-02-26,2440.57,Cash
12288,371,2024-10-24,4385.30,Insurance
12289,21,2024-04-25,229.95,Other
12290,178,2025-06-10,2394.00,Bank Transfer
12291,152,2024-03-05,3858.96,Cash
12292,391,2024-09-05,4738.36,Insurance
12293,369,2024-08-25,105.22,Credit Card
12294,418,2024-03-20,4047.12,Bank Transfer
12295,438,2024-04-09,3940.03,Insurance
12296,389,2025-06-30,464.65,Bank Transfer
12297,377,2025-03-15,3798.03,Cash
12298,5,2025-03-31,4601.41,Insurance
12299,135,2024-08-30,4056.88,Credit Card
12300,206,2024-07-30,571.46,Credit Card
12301,134,2024-08-13,4495.51,Credit Card
12302,325,2024-06-01,1325.86,Bank Transfer
12303,443,2024-07-10,2891.43,Bank Transfer
12304,54,2025-01-18,1239.63,Bank Transfer
12305,49,2024-02-12,3910.42,Credit Card
12306,160,2024-01-31,3025.48,Bank Transfer
12307,95,2026-01-09,2005.25,Insurance
12308,211,2025-01-12,3471.75,Credit Card
12309,64,2024-04-11,1153.66,Cash
12310,319,2025-02-23,4615.44,Insurance
12311,246,2024-10-28,359.24,Cash
12312,312,2026-02-18,1357.50,Credit Card
12313,261,2025-01-01,697.10,Cash
12314,160,2026-03-15,1043.60,Cash
12315,327,2024-01-06,1970.35,Credit Card
12316,119,2024-03-02,4716.73,Cash
12317,468,2024-10-02,4530.58,Other
12318,72,2025-04-25,2472.63,Bank Transfer
12319,380,2024-12-19,2342.86,Credit Card
12320,376,2025-10-11,1452.68,Bank Transfer
12321,75,2026-01-12,2192.03,Bank Transfer
12322,317,2025-09-04,2784.23,Credit Card
12323,469,2024-12-12,3632.78,Cash
12324,319,2025-09-07,667.84,Insurance
12325,475,2024-09-09,2360.30,Insurance
12326,208,2024-01-15,2171.20,Bank Transfer
12327,306,2024-07-28,3913.89,Insurance
12328,82,2024-10-20,1627.13,Bank Transfer
12329,136,2024-04-30,4178.19,Bank Transfer
12330,108,2025-09-20,1909.05,Insurance
12331,463,2024-02-03,2658.30,Insurance
12332,23,2026-03-14,1565.12,Other
12333,295,2024-09-17,75.61,Cash
12334,287,2025-01-10,485.57,Bank Transfer
12335,400,2025-08-15,2156.98,Other
12336,236,2024-07-18,4771.47,Other
12337,426,2026-01-24,3528.87,Bank Transfer
12338,163,2025-01-26,479.94,Other
12339,343,2024-03-06,3738.64,Credit Card
12340,147,2025-09-26,3656.41,Cash
12341,371,2025-01-26,4376.76,Bank Transfer
12342,166,2025-12-15,200.08,Credit Card
12343,457,2026-02-25,3310.25,Cash
12344,475,2024-01-01,3079.60,Other
12345,397,2025-07-11,2594.27,Other
12346,187,2025-01-22,998.59,Other
12347,479,2025-04-29,1177.98,Insurance
12348,387,2025-05-11,2673.73,Other
12349,286,2026-02-24,150.30,Cash
12350,300,2025-02-24,4562.65,Credit Card
12351,105,2024-04-07,1354.19,Cash
12352,51,2025-11-09,4215.56,Credit Card
12353,466,2024-12-04,1246.45,Bank Transfer
12354,453,2024-01-11,1405.20,Bank Transfer
12355,139,2025-10-09,1503.16,Insurance
12356,454,2024-05-12,3799.36,Cash
12357,436,2026-01-22,660.86,Credit Card
12358,164,2025-08-23,1922.57,Insurance
12359,471,2025-04-08,4308.84,Bank Transfer
12360,211,2024-04-10,663.27,Other
12361,98,2026-01-01,1788.72,Cash
12362,37,2025-08-19,1122.57,Insurance
12363,470,2024-08-09,1109.92,Bank Transfer
12364,303,2025-05-13,4697.41,Bank Transfer
12365,244,2025-04-30,2543.67,Insurance
12366,401,2025-11-30,2489.60,Insurance
12367,53,2024-06-21,2216.53,Insurance
12368,185,2024-04-25,4687.44,Bank Transfer
12369,355,2025-09-01,841.89,Cash
12370,4,2024-03-02,4019.70,Insurance
12371,310,2024-02-06,146.64,Bank Transfer
12372,44,2025-06-08,4868.22,Credit Card
12373,212,2025-02-20,4358.79,Cash
12374,210,2025-01-30,4149.77,Cash
12375,4,2024-06-22,3796.35,Cash
12376,48,2025-12-18,2282.47,Bank Transfer
12377,59,2025-11-20,3959.68,Other
12378,331,2025-06-27,4957.34,Other
12379,126,2024-09-27,2261.04,Credit Card
12380,37,2024-02-29,573.93,Cash
12381,208,2024-02-22,64.07,Cash
12382,384,2025-06-27,1700.79,Insurance
12383,115,2025-05-09,267.09,Cash
12384,90,2024-10-12,1671.67,Bank Transfer
12385,60,2025-08-16,1866.29,Cash
12386,114,2026-03-16,4606.82,Credit Card
12387,84,2025-10-23,709.52,Insurance
12388,433,2024-12-07,261.67,Other
12389,14,2024-05-04,2418.34,Cash
12390,418,2025-10-03,3461.42,Insurance
12391,292,2026-02-05,1511.07,Cash
12392,144,2024-11-29,2239.47,Other
12393,396,2025-07-18,1409.14,Cash
12394,133,2025-10-07,1089.72,Cash
12395,90,2024-01-14,281.19,Bank Transfer
12396,365,2024-05-06,1613.37,Credit Card
12397,381,2025-07-14,1580.65,Insurance
12398,169,2025-03-20,4834.73,Bank Transfer
12399,370,2025-07-15,3821.32,Insurance
12400,318,2025-05-09,4112.73,Bank Transfer
12401,136,2026-03-05,1181.36,Credit Card
12402,232,2025-06-08,3098.54,Cash
12403,40,2025-04-15,3643.54,Bank Transfer
12404,171,2025-03-23,584.75,Other
12405,171,2024-03-06,864.57,Bank Transfer
12406,135,2024-02-08,1377.42,Credit Card
12407,398,2024-11-15,1782.69,Insurance
12408,218,2026-02-13,2714.66,Bank Transfer
12409,157,2024-03-10,1156.83,Credit Card
12410,38,2024-10-17,3427.07,Cash
12411,485,2025-05-04,2403.54,Cash
12412,451,2025-07-28,4212.73,Bank Transfer
12413,105,2025-09-09,3469.52,Other
12414,437,2025-01-12,4155.33,Insurance
12415,376,2025-07-14,4318.55,Bank Transfer
12416,227,2025-02-23,4341.59,Cash
12417,175,2024-10-31,2524.61,Insurance
12418,136,2024-09-30,3277.90,Credit Card
12419,42,2024-09-08,4572.60,Other
12420,401,2025-03-03,2425.38,Credit Card
12421,103,2025-03-13,931.17,Insurance
12422,384,2025-10-22,2831.80,Credit Card
12423,325,2024-07-26,4114.68,Bank Transfer
12424,21,2024-11-16,3169.13,Insurance
12425,362,2024-03-14,3944.51,Bank Transfer
12426,247,2025-10-30,4269.97,Credit Card
12427,75,2025-07-21,1005.35,Cash
12428,102,2025-06-17,592.36,Credit Card
12429,9,2025-11-26,3911.36,Credit Card
12430,280,2025-05-09,3302.06,Credit Card
12431,352,2024-10-18,3623.28,Credit Card
12432,210,2024-07-03,2443.55,Bank Transfer
12433,200,2024-06-07,2915.55,Credit Card
12434,66,2026-01-17,4187.00,Bank Transfer
12435,65,2025-09-03,1147.86,Insurance
12436,236,2024-09-21,3535.89,Credit Card
12437,435,2025-12-05,302.80,Credit Card
12438,217,2025-11-24,4058.68,Insurance
12439,179,2025-08-31,4234.59,Other
12440,383,2024-04-18,2257.36,Credit Card
12441,39,2026-02-23,537.91,Cash
12442,454,2024-03-22,3569.56,Credit Card
12443,148,2026-01-09,120.81,Credit Card
12444,219,2024-02-25,1022.22,Cash
12445,277,2024-05-24,2378.05,Cash
12446,180,2025-12-28,2248.54,Bank Transfer
12447,358,2025-06-20,1421.09,Other
12448,244,2024-12-31,3602.45,Credit Card
12449,268,2024-03-11,4012.01,Other
12450,108,2024-04-21,3093.87,Credit Card
12451,263,2025-08-13,2038.73,Bank Transfer
12452,191,2024-07-09,1190.89,Credit Card
12453,124,2024-12-05,2608.90,Insurance
12454,91,2025-02-15,2559.94,Bank Transfer
12455,10,2024-08-27,4203.10,Bank Transfer
12456,324,2026-02-23,93.94,Bank Transfer
12457,138,2025-07-22,1936.45,Cash
12458,55,2024-02-18,438.19,Credit Card
12459,76,2025-09-29,339.60,Cash
12460,160,2025-11-27,3840.67,Cash
12461,315,2025-08-23,3289.48,Other
12462,112,2025-08-31,1966.75,Cash
12463,252,2024-07-17,991.62,Credit Card
12464,189,2025-03-05,3493.50,Insurance
12465,37,2024-09-27,4429.35,Cash
12466,197,2024-05-09,607.06,Cash
12467,80,2024-10-01,2903.48,Other
12468,421,2025-07-12,2860.60,Bank Transfer
12469,352,2024-05-08,573.56,Insurance
12470,424,2024-04-26,3303.75,Bank Transfer
12471,65,2024-06-03,1026.41,Credit Card
12472,276,2025-10-28,4140.85,Bank Transfer
12473,47,2025-01-09,3187.57,Credit Card
12474,236,2025-05-05,4957.42,Bank Transfer
12475,371,2025-11-24,1827.87,Other
12476,417,2024-07-04,4744.68,Bank Transfer
12477,128,2026-02-13,816.22,Bank Transfer
12478,85,2024-11-20,4314.91,Bank Transfer
12479,356,2026-03-20,2250.17,Other
12480,166,2025-04-28,1974.95,Bank Transfer
12481,422,2025-08-15,928.73,Other
12482,319,2025-03-07,3309.88,Other
12483,472,2025-04-13,1673.17,Other
12484,288,2025-11-19,4407.24,Credit Card
12485,265,2024-05-06,2253.80,Credit Card
12486,466,2025-03-13,704.60,Bank Transfer
12487,279,2025-01-01,685.09,Bank Transfer
12488,422,2025-11-16,1170.81,Insurance
12489,448,2025-04-03,697.80,Other
12490,118,2026-01-10,2795.46,Other
12491,154,2025-12-06,3302.93,Insurance
12492,46,2025-11-12,150.54,Insurance
12493,88,2024-07-06,2062.85,Bank Transfer
12494,312,2024-03-22,3017.05,Cash
12495,401,2026-02-02,2107.52,Insurance
12496,320,2024-09-20,721.96,Cash
12497,436,2025-01-11,1706.34,Credit Card
12498,297,2025-04-04,4828.37,Bank Transfer
12499,302,2024-08-21,4821.91,Other
12500,131,2024-04-28,2917.42,Insurance
12501,85,2024-04-26,4591.48,Other
12502,178,2026-01-24,3447.93,Cash
12503,174,2025-01-16,3168.29,Credit Card
12504,285,2025-06-09,1476.17,Insurance
12505,294,2025-11-01,2284.44,Credit Card
12506,268,2024-10-27,2347.90,Credit Card
12507,198,2024-12-15,2868.30,Credit Card
12508,253,2026-01-23,2180.34,Cash
12509,63,2025-12-08,1047.98,Insurance
12510,198,2026-02-17,4400.30,Bank Transfer
12511,380,2025-10-02,3483.84,Insurance
12512,188,2026-01-23,3500.74,Bank Transfer
12513,363,2025-05-31,4603.68,Cash
12514,465,2025-07-23,2261.70,Credit Card
12515,465,2025-06-19,3213.92,Cash
12516,63,2024-01-13,4973.73,Insurance
12517,374,2025-12-21,1990.39,Bank Transfer
12518,338,2024-10-08,214.76,Insurance
12519,23,2024-06-17,4302.35,Cash
12520,269,2025-03-28,1071.44,Other
12521,420,2024-12-07,3742.94,Bank Transfer
12522,453,2025-07-24,3144.00,Other
12523,29,2024-12-24,3887.45,Credit Card
12524,263,2024-01-16,1772.55,Credit Card
12525,138,2025-03-05,1691.35,Credit Card
12526,78,2024-10-26,3566.73,Credit Card
12527,14,2025-05-01,4962.61,Credit Card
12528,23,2025-07-21,2527.83,Bank Transfer
12529,330,2024-10-07,3743.28,Credit Card
12530,120,2025-10-12,1584.01,Other
12531,308,2025-06-22,1114.32,Insurance
12532,480,2025-10-18,3880.93,Credit Card
12533,257,2025-08-25,1675.95,Insurance
12534,26,2025-06-12,3077.70,Insurance
12535,322,2026-01-02,981.01,Insurance
12536,175,2024-10-26,4669.77,Insurance
12537,129,2025-02-27,3746.34,Cash
12538,341,2024-03-27,3224.62,Other
12539,137,2024-07-12,3143.53,Other
12540,28,2024-03-27,2141.83,Credit Card
12541,182,2025-06-14,2512.10,Cash
12542,132,2025-02-08,149.44,Cash
12543,72,2024-11-18,1052.28,Cash
12544,319,2026-02-12,4748.03,Other
12545,330,2024-10-17,246.32,Bank Transfer
12546,157,2025-09-26,2908.08,Cash
12547,372,2025-08-06,1854.98,Bank Transfer
12548,2,2024-04-28,4555.14,Insurance
12549,151,2025-09-20,1824.41,Credit Card
12550,486,2024-11-19,1402.37,Other
12551,355,2024-05-08,1604.06,Credit Card
12552,370,2024-02-24,1618.33,Other
12553,377,2025-12-22,512.91,Bank Transfer
12554,189,2024-04-23,4574.06,Insurance
12555,403,2025-11-09,1415.10,Cash
12556,288,2025-09-03,3611.67,Other
12557,337,2025-04-01,1787.67,Other
12558,407,2025-07-14,3159.80,Insurance
12559,480,2025-07-09,4223.18,Insurance
12560,349,2025-02-19,2151.73,Bank Transfer
12561,101,2024-01-31,2146.27,Credit Card
12562,265,2025-05-12,1603.11,Credit Card
12563,245,2025-07-13,2225.26,Credit Card
12564,442,2025-02-02,859.48,Cash
12565,282,2024-10-29,2573.89,Insurance
12566,235,2024-09-20,1697.47,Other
12567,149,2025-07-26,3699.17,Other
12568,61,2024-03-25,2125.86,Cash
12569,248,2024-09-03,3266.70,Insurance
12570,150,2024-07-01,968.55,Cash
12571,297,2025-09-08,397.95,Credit Card
12572,51,2025-01-02,4376.00,Cash
12573,346,2025-08-07,2226.74,Insurance
12574,56,2025-10-13,3735.07,Credit Card
12575,327,2024-02-10,3833.04,Credit Card
12576,146,2025-09-13,933.43,Cash
12577,314,2025-12-11,2043.40,Other
12578,496,2024-08-21,4159.26,Credit Card
12579,435,2025-06-06,4702.90,Credit Card
12580,281,2025-08-18,2822.51,Other
12581,315,2026-01-10,3068.79,Credit Card
12582,82,2025-07-11,4579.05,Cash
12583,421,2024-02-26,4100.40,Other
12584,433,2024-05-22,2101.75,Other
12585,107,2024-03-17,3413.71,Credit Card
12586,408,2024-09-21,3932.42,Other
12587,407,2024-04-09,344.21,Cash
12588,349,2024-06-30,684.56,Bank Transfer
12589,301,2025-12-09,531.44,Credit Card
12590,109,2025-12-17,4762.02,Bank Transfer
12591,109,2026-02-05,4769.36,Credit Card
12592,328,2024-04-22,144.02,Bank Transfer
12593,278,2025-12-14,4428.51,Other
12594,445,2024-04-21,400.55,Other
12595,120,2024-05-05,265.44,Credit Card
12596,28,2026-02-04,3441.45,Credit Card
12597,400,2025-04-08,151.34,Bank Transfer
12598,131,2026-01-17,396.12,Bank Transfer
12599,157,2026-02-25,330.38,Bank Transfer
12600,108,2025-06-06,3533.59,Insurance
12601,460,2024-12-29,1827.44,Bank Transfer
12602,492,2026-01-27,3901.80,Bank Transfer
12603,391,2025-10-07,3906.98,Bank Transfer
12604,343,2025-10-04,1625.31,Insurance
12605,427,2024-11-07,1363.28,Credit Card
12606,206,2024-10-19,1988.01,Cash
12607,244,2024-06-17,3799.87,Credit Card
12608,47,2025-11-15,1285.83,Bank Transfer
12609,56,2025-09-19,536.29,Insurance
12610,78,2025-07-29,2598.11,Bank Transfer
12611,276,2024-08-13,1887.78,Insurance
12612,387,2024-12-10,1139.12,Cash
12613,154,2025-07-20,3849.77,Cash
12614,270,2024-04-10,300.80,Credit Card
12615,405,2025-02-14,690.98,Credit Card
12616,107,2024-05-25,3111.12,Insurance
12617,43,2025-08-30,3716.75,Cash
12618,5,2024-05-14,260.93,Other
12619,5,2025-02-01,4246.89,Insurance
12620,107,2025-09-10,3684.74,Other
12621,19,2024-01-24,3700.54,Cash
12622,380,2025-05-01,1358.18,Cash
12623,376,2024-04-02,2358.41,Insurance
12624,81,2026-01-07,1243.64,Cash
12625,481,2026-01-04,4912.86,Other
12626,152,2025-02-16,2057.73,Credit Card
12627,318,2025-06-09,409.87,Other
12628,237,2025-06-07,2618.55,Bank Transfer
12629,262,2025-10-17,3857.36,Credit Card
12630,142,2025-10-11,509.95,Insurance
12631,222,2026-02-18,1749.85,Credit Card
12632,221,2024-01-17,871.71,Cash
12633,309,2024-08-08,155.47,Cash
12634,80,2025-04-21,369.88,Other
12635,40,2024-03-02,4652.77,Other
12636,390,2026-03-15,4528.82,Bank Transfer
12637,409,2025-02-20,1620.49,Credit Card
12638,156,2025-10-10,4150.25,Other
12639,68,2025-03-12,1803.56,Credit Card
12640,144,2024-08-06,337.13,Cash
12641,198,2024-08-12,680.35,Credit Card
12642,289,2025-01-14,1953.55,Cash
12643,8,2024-07-19,1875.38,Bank Transfer
12644,370,2025-11-13,4220.44,Bank Transfer
12645,146,2024-10-28,2295.33,Other
12646,171,2025-06-17,401.16,Other
12647,163,2025-12-12,4494.81,Cash
12648,84,2024-01-21,2647.70,Other
12649,296,2024-06-24,534.94,Cash
12650,211,2024-07-18,1374.17,Cash
12651,451,2024-05-01,4240.66,Bank Transfer
12652,129,2024-05-03,2643.69,Other
12653,140,2024-05-15,3082.85,Credit Card
12654,322,2025-03-04,4043.23,Cash
12655,243,2025-11-09,2063.33,Cash
12656,291,2025-05-02,1126.43,Cash
12657,157,2025-10-18,397.75,Cash
12658,466,2024-02-16,4086.84,Bank Transfer
12659,344,2025-09-01,2536.89,Other
12660,4,2025-11-13,1684.26,Insurance
12661,309,2026-02-02,4578.05,Bank Transfer
12662,259,2025-02-24,1334.53,Other
12663,31,2025-05-25,3114.69,Cash
12664,276,2024-11-12,3840.78,Cash
12665,139,2024-07-09,3252.60,Cash
12666,214,2026-01-03,1088.88,Bank Transfer
12667,339,2024-03-01,656.69,Insurance
12668,128,2024-08-09,4436.16,Credit Card
12669,307,2024-08-01,1140.34,Insurance
12670,100,2025-02-15,426.02,Other
12671,280,2024-10-26,1346.73,Other
12672,298,2025-09-10,4648.05,Credit Card
12673,191,2025-07-09,4527.87,Bank Transfer
12674,333,2024-10-02,2656.56,Credit Card
12675,62,2024-05-22,1376.84,Cash
12676,255,2026-01-18,1902.37,Cash
12677,410,2025-11-29,2118.60,Other
12678,439,2025-10-17,3414.08,Insurance
12679,328,2024-01-25,1453.39,Bank Transfer
12680,374,2024-01-19,4798.54,Cash
12681,59,2026-02-25,3700.64,Other
12682,41,2024-07-23,1284.88,Cash
12683,291,2025-10-13,1377.17,Credit Card
12684,203,2024-05-22,594.80,Insurance
12685,423,2024-08-29,384.50,Insurance
12686,237,2026-03-06,2134.74,Bank Transfer
12687,237,2024-10-22,4984.78,Credit Card
12688,180,2024-12-01,3227.77,Credit Card
12689,196,2024-09-20,3945.68,Credit Card
12690,322,2024-01-17,4752.75,Insurance
12691,411,2025-09-28,3425.00,Bank Transfer
12692,454,2024-05-23,2852.96,Insurance
12693,226,2025-10-25,856.00,Credit Card
12694,149,2025-11-02,2477.28,Cash
12695,42,2024-11-12,3079.52,Insurance
12696,294,2024-04-11,4786.88,Credit Card
12697,381,2025-01-20,3103.15,Insurance
12698,407,2024-11-14,4406.15,Credit Card
12699,260,2025-09-24,4165.72,Insurance
12700,204,2025-08-04,211.77,Insurance
12701,123,2025-10-08,2197.13,Credit Card
12702,32,2024-09-20,1400.98,Other
12703,482,2025-04-23,3830.46,Other
12704,221,2025-10-29,3135.60,Insurance
12705,331,2024-04-06,4416.67,Bank Transfer
12706,226,2025-01-30,275.16,Insurance
12707,405,2025-11-06,80.47,Cash
12708,90,2025-11-24,2771.42,Cash
12709,74,2024-11-02,1020.49,Other
12710,418,2024-03-26,4703.79,Cash
12711,314,2025-06-02,4842.73,Bank Transfer
12712,358,2024-08-09,1107.74,Credit Card
12713,205,2024-12-12,4580.81,Other
12714,377,2024-10-20,2264.86,Credit Card
12715,288,2024-05-06,3232.16,Credit Card
12716,341,2024-08-27,1949.03,Other
12717,372,2024-12-07,2155.20,Other
12718,294,2025-05-04,363.18,Insurance
12719,263,2026-02-09,4802.84,Bank Transfer
12720,231,2024-10-01,3978.03,Bank Transfer
12721,173,2024-06-16,2615.80,Credit Card
12722,164,2026-02-08,4718.10,Other
12723,400,2024-08-14,4321.35,Insurance
12724,239,2025-06-14,256.95,Other
12725,481,2024-06-07,868.23,Insurance
12726,451,2024-07-15,1846.14,Other
12727,233,2025-08-18,2380.27,Credit Card
12728,480,2025-09-26,2600.39,Other
12729,258,2025-03-30,795.61,Insurance
12730,299,2024-07-12,4046.10,Insurance
12731,156,2025-02-27,2720.53,Insurance
12732,126,2025-08-16,4252.93,Other
12733,142,2025-10-10,229.14,Bank Transfer
12734,108,2025-05-13,943.25,Bank Transfer
12735,270,2024-08-09,2862.95,Cash
12736,468,2024-08-07,1560.20,Cash
12737,126,2025-12-15,4912.18,Insurance
12738,24,2025-04-30,3346.79,Insurance
12739,237,2024-03-22,1743.25,Cash
12740,200,2024-03-16,1248.85,Other
12741,26,2026-03-07,1947.09,Bank Transfer
12742,306,2024-02-15,302.28,Credit Card
12743,488,2025-06-08,2644.46,Cash
12744,253,2024-07-21,994.85,Credit Card
12745,461,2025-12-26,308.69,Cash
12746,149,2025-05-19,3054.84,Cash
12747,217,2024-04-23,812.64,Insurance
12748,191,2024-06-16,2721.20,Credit Card
12749,390,2025-09-19,1011.12,Bank Transfer
12750,253,2024-11-22,3731.61,Bank Transfer
12751,460,2024-10-27,1881.33,Other
12752,83,2024-12-26,3278.23,Insurance
12753,453,2024-10-01,898.91,Insurance
12754,406,2025-04-07,951.75,Bank Transfer
12755,477,2024-08-28,2871.50,Bank Transfer
12756,498,2024-12-03,1082.94,Credit Card
12757,315,2025-10-10,1880.42,Other
12758,143,2025-02-03,4630.06,Insurance
12759,269,2025-04-19,3457.62,Credit Card
12760,316,2024-12-24,4672.98,Credit Card
12761,348,2025-11-25,2633.83,Bank Transfer
12762,138,2024-08-04,1019.92,Insurance
12763,182,2025-06-13,4864.11,Cash
12764,313,2025-12-31,1268.42,Cash
12765,310,2025-02-03,2190.96,Credit Card
12766,485,2024-04-11,2153.18,Bank Transfer
12767,348,2025-03-16,4766.83,Bank Transfer
12768,229,2025-07-04,2699.02,Credit Card
12769,153,2025-04-13,1676.71,Bank Transfer
12770,4,2025-07-15,4525.44,Other
12771,336,2025-03-15,366.55,Bank Transfer
12772,344,2025-04-22,799.77,Bank Transfer
12773,422,2024-05-29,2544.30,Bank Transfer
12774,203,2025-12-26,444.35,Other
12775,203,2024-11-24,1538.29,Other
12776,62,2026-01-27,153.27,Cash
12777,2,2025-03-15,1857.89,Other
12778,277,2025-01-22,4614.19,Insurance
12779,126,2025-06-18,4384.41,Credit Card
12780,86,2025-01-30,1699.46,Other
12781,305,2025-11-10,3587.51,Other
12782,464,2024-08-03,1090.67,Cash
12783,430,2024-05-16,3082.73,Other
12784,436,2024-09-09,647.55,Bank Transfer
12785,92,2024-09-07,4625.46,Cash
12786,338,2024-01-23,1717.02,Cash
12787,218,2026-03-19,2081.20,Bank Transfer
12788,74,2024-08-01,4650.05,Credit Card
12789,35,2025-08-06,1412.96,Bank Transfer
12790,381,2025-04-11,1495.91,Other
12791,315,2025-12-30,2609.27,Insurance
12792,420,2024-10-25,3442.78,Bank Transfer
12793,424,2025-02-08,4648.88,Bank Transfer
12794,382,2024-08-12,3525.75,Cash
12795,151,2024-07-23,1691.42,Cash
12796,123,2024-09-15,420.81,Bank Transfer
12797,220,2024-07-05,1795.02,Other
12798,412,2024-12-06,3769.83,Cash
12799,77,2026-03-17,2530.60,Other
12800,142,2025-09-18,1023.56,Bank Transfer
12801,347,2026-02-10,1631.80,Bank Transfer
12802,500,2024-03-03,3266.50,Other
12803,157,2025-02-25,2296.83,Other
12804,9,2024-10-08,576.52,Bank Transfer
12805,164,2025-04-12,4937.77,Credit Card
12806,114,2025-08-29,1683.74,Cash
12807,183,2025-10-18,2302.36,Insurance
12808,9,2025-03-01,4134.51,Insurance
12809,455,2025-05-29,177.80,Other
12810,98,2024-04-05,966.08,Insurance
12811,476,2025-11-01,1819.59,Cash
12812,250,2026-01-08,3954.55,Credit Card
12813,301,2026-02-10,2875.00,Bank Transfer
12814,172,2024-05-29,390.19,Insurance
12815,488,2024-06-24,4586.30,Credit Card
12816,51,2024-09-21,2812.00,Other
12817,496,2025-03-29,3169.15,Bank Transfer
12818,485,2025-01-09,2868.39,Other
12819,134,2024-04-30,984.84,Other
12820,368,2024-05-12,4750.45,Other
12821,281,2025-07-23,2354.12,Insurance
12822,462,2025-08-29,3541.80,Other
12823,8,2025-07-21,3701.30,Bank Transfer
12824,396,2025-12-26,1992.29,Credit Card
12825,26,2024-06-06,2685.33,Credit Card
12826,176,2024-05-16,3838.66,Insurance
12827,194,2025-11-13,2429.77,Bank Transfer
12828,196,2025-03-18,2386.61,Cash
12829,190,2025-10-08,4040.80,Bank Transfer
12830,64,2025-04-22,543.43,Bank Transfer
12831,409,2025-04-20,3090.22,Insurance
12832,492,2025-07-24,1637.57,Other
12833,454,2026-01-19,3571.66,Cash
12834,239,2025-02-11,3571.64,Cash
12835,192,2024-05-25,176.73,Credit Card
12836,169,2024-02-03,4977.95,Credit Card
12837,388,2025-02-07,2653.34,Cash
12838,223,2025-04-29,4708.59,Other
12839,140,2024-11-13,2959.63,Insurance
12840,134,2024-03-28,657.18,Credit Card
12841,188,2025-11-06,4389.14,Other
12842,323,2025-10-12,4011.76,Credit Card
12843,450,2025-11-03,2442.09,Cash
12844,12,2025-10-22,1931.76,Other
12845,401,2024-06-02,478.30,Credit Card
12846,311,2024-02-29,802.42,Bank Transfer
12847,163,2024-02-01,2226.25,Credit Card
12848,150,2025-06-28,2048.65,Bank Transfer
12849,295,2026-02-23,3424.26,Other
12850,55,2024-12-21,2954.50,Bank Transfer
12851,51,2025-10-14,4257.73,Insurance
12852,139,2024-09-08,1462.81,Credit Card
12853,41,2025-09-19,2487.39,Cash
12854,451,2024-06-22,138.46,Credit Card
12855,459,2024-10-01,2609.32,Credit Card
12856,87,2024-08-16,1563.58,Other
12857,217,2024-07-18,1361.82,Cash
12858,188,2026-03-05,4638.48,Credit Card
12859,52,2024-08-02,2811.41,Insurance
12860,246,2025-10-14,1594.99,Insurance
12861,440,2024-04-26,1306.22,Other
12862,181,2026-02-01,3110.47,Insurance
12863,35,2024-09-07,4986.65,Bank Transfer
12864,171,2025-02-06,2629.67,Bank Transfer
12865,284,2025-01-22,488.95,Credit Card
12866,474,2024-10-12,4250.80,Bank Transfer
12867,399,2024-08-12,3976.65,Other
12868,262,2025-09-28,3873.98,Credit Card
12869,356,2024-02-12,3275.24,Bank Transfer
12870,147,2025-08-01,3730.56,Cash
12871,421,2026-01-10,2635.62,Other
12872,413,2024-11-22,4185.74,Cash
12873,433,2024-05-25,1106.71,Other
12874,348,2025-10-02,4092.53,Insurance
12875,233,2024-08-12,4716.00,Insurance
12876,307,2025-01-29,183.65,Other
12877,214,2026-01-09,51.52,Insurance
12878,269,2024-02-03,1487.04,Other
12879,484,2024-02-06,1132.38,Credit Card
12880,378,2026-01-20,3427.21,Insurance
12881,101,2024-04-15,932.94,Bank Transfer
12882,488,2025-10-23,4998.78,Insurance
12883,225,2025-03-11,3005.21,Credit Card
12884,344,2025-02-20,4320.42,Cash
12885,475,2024-09-02,2903.90,Other
12886,285,2025-01-04,4285.91,Cash
12887,267,2024-11-29,1325.78,Bank Transfer
12888,22,2024-05-02,4332.58,Other
12889,89,2025-05-08,1001.53,Bank Transfer
12890,150,2024-06-01,482.97,Credit Card
12891,183,2025-06-11,2681.41,Cash
12892,208,2024-11-27,4466.71,Cash
12893,93,2025-11-19,4661.11,Bank Transfer
12894,137,2026-01-10,1863.52,Cash
12895,495,2025-08-19,2661.80,Bank Transfer
12896,265,2024-04-29,2783.97,Bank Transfer
12897,152,2025-07-03,293.99,Bank Transfer
12898,352,2024-01-12,282.75,Other
12899,266,2024-12-10,508.03,Insurance
12900,258,2025-01-17,125.61,Credit Card
12901,395,2025-08-08,1260.04,Bank Transfer
12902,64,2024-01-23,2293.22,Credit Card
12903,229,2026-03-16,791.33,Other
12904,426,2025-06-05,679.89,Bank Transfer
12905,229,2024-09-28,1977.67,Bank Transfer
12906,329,2024-10-11,3211.80,Other
12907,21,2025-03-17,1030.81,Bank Transfer
12908,430,2024-10-29,3727.22,Other
12909,21,2024-06-15,1229.43,Cash
12910,251,2024-01-24,943.53,Insurance
12911,494,2026-01-08,4771.15,Insurance
12912,22,2024-04-20,2539.69,Other
12913,390,2024-01-10,4158.32,Other
12914,437,2024-04-29,1490.03,Other
12915,7,2025-09-09,4541.78,Cash
12916,236,2025-10-06,2653.75,Bank Transfer
12917,383,2025-07-18,3474.14,Bank Transfer
12918,293,2024-10-26,1447.35,Cash
12919,61,2025-02-11,3770.02,Bank Transfer
12920,290,2026-02-25,2096.18,Other
12921,445,2024-10-14,3285.81,Other
12922,344,2025-04-25,4753.70,Cash
12923,307,2025-03-02,3606.27,Other
12924,195,2024-11-26,1334.91,Other
12925,28,2024-02-26,4229.23,Other
12926,13,2025-05-15,1249.08,Cash
12927,454,2024-04-04,1685.18,Credit Card
12928,142,2025-06-24,1456.00,Other
12929,401,2025-11-29,4868.60,Other
12930,34,2024-11-08,2829.61,Insurance
12931,269,2024-08-19,4133.52,Cash
12932,315,2024-01-04,2929.36,Insurance
12933,59,2025-04-06,216.22,Other
12934,13,2024-06-30,3655.66,Other
12935,20,2025-11-25,617.75,Credit Card
12936,433,2024-05-16,2411.31,Cash
12937,312,2024-04-27,481.83,Other
12938,411,2024-04-21,4271.28,Other
12939,284,2024-07-12,2343.32,Credit Card
12940,415,2024-12-23,4239.61,Insurance
12941,469,2025-12-16,2510.60,Other
12942,451,2024-10-28,3044.19,Bank Transfer
12943,479,2024-12-11,2064.59,Credit Card
12944,41,2026-01-15,3741.30,Insurance
12945,312,2024-02-23,2702.40,Bank Transfer
12946,454,2024-01-27,1032.81,Insurance
12947,164,2024-08-01,3403.19,Other
12948,194,2025-01-21,804.14,Bank Transfer
12949,157,2025-01-31,2256.19,Other
12950,183,2024-08-12,3862.65,Credit Card
12951,226,2025-05-24,2989.48,Other
12952,171,2025-04-29,1473.46,Bank Transfer
12953,230,2025-08-19,994.41,Insurance
12954,198,2024-01-06,4003.83,Other
12955,278,2025-01-17,1869.62,Credit Card
12956,302,2026-02-19,3495.10,Other
12957,11,2024-02-11,678.46,Bank Transfer
12958,413,2025-02-07,371.17,Cash
12959,75,2024-05-10,4146.95,Other
12960,4,2024-09-17,4281.77,Other
12961,459,2024-09-26,4193.15,Bank Transfer
12962,379,2024-04-26,616.70,Bank Transfer
12963,187,2025-08-19,2001.98,Insurance
12964,494,2026-02-01,4011.57,Other
12965,245,2025-07-01,1329.81,Other
12966,478,2025-01-05,1974.67,Other
12967,264,2025-02-19,3630.89,Credit Card
12968,371,2024-04-19,1967.00,Credit Card
12969,300,2024-05-19,2131.56,Insurance
12970,399,2024-07-08,3819.49,Bank Transfer
12971,492,2024-09-19,1325.84,Credit Card
12972,261,2024-02-24,2237.42,Bank Transfer
12973,134,2024-07-04,463.56,Other
12974,171,2024-02-15,4892.54,Insurance
12975,310,2024-09-22,4113.54,Insurance
12976,344,2025-02-22,1444.09,Cash
12977,177,2024-02-25,3502.73,Insurance
12978,317,2025-11-21,1680.62,Other
12979,166,2024-07-19,765.32,Insurance
12980,67,2024-12-23,3910.60,Other
12981,241,2026-01-04,509.21,Other
12982,353,2024-10-23,1328.73,Bank Transfer
12983,85,2025-10-27,3184.67,Other
12984,285,2025-05-09,2892.32,Insurance
12985,122,2024-12-05,2448.29,Bank Transfer
12986,197,2024-03-06,552.74,Credit Card
12987,272,2024-09-23,1599.18,Cash
12988,364,2024-07-12,4445.36,Cash
12989,494,2026-02-05,709.12,Other
12990,400,2025-08-12,189.52,Cash
12991,105,2026-02-01,3765.51,Insurance
12992,69,2024-01-27,4758.58,Bank Transfer
12993,213,2024-06-09,1769.98,Cash
12994,439,2024-12-25,2514.43,Bank Transfer
12995,325,2024-05-25,620.03,Other
12996,246,2024-09-21,4164.01,Cash
12997,25,2025-03-08,3329.87,Insurance
12998,143,2025-02-03,2364.02,Credit Card
12999,225,2025-02-09,223.38,Insurance
13000,200,2026-02-27,3851.15,Insurance
13001,360,2025-09-21,1499.73,Cash
13002,355,2024-05-16,803.63,Credit Card
13003,334,2024-12-19,3937.03,Other
13004,189,2024-05-08,3146.04,Other
13005,141,2024-05-06,1912.79,Bank Transfer
13006,289,2025-04-04,2898.46,Bank Transfer
13007,246,2025-10-11,1319.54,Cash
13008,286,2024-03-03,2444.42,Other
13009,482,2024-04-27,4707.91,Cash
13010,355,2026-02-06,390.64,Cash
13011,120,2024-11-30,1974.04,Cash
13012,135,2025-09-05,4351.37,Bank Transfer
13013,374,2025-09-08,877.25,Insurance
13014,61,2024-05-04,4486.47,Insurance
13015,236,2025-05-12,3935.18,Insurance
13016,473,2025-04-23,1082.10,Credit Card
13017,328,2024-08-07,1375.45,Cash
13018,53,2025-05-08,3978.46,Cash
13019,75,2025-04-23,714.97,Credit Card
13020,171,2026-01-19,1783.73,Insurance
13021,125,2024-06-07,3893.75,Other
13022,387,2025-02-10,2767.47,Insurance
13023,34,2025-04-28,3286.00,Bank Transfer
13024,390,2024-02-28,960.66,Bank Transfer
13025,259,2024-07-17,3019.71,Cash
13026,73,2024-02-08,4154.66,Cash
13027,347,2024-12-11,1729.98,Other
13028,265,2025-08-21,3733.34,Other
13029,108,2025-04-09,3679.31,Insurance
13030,441,2024-12-29,4938.09,Credit Card
13031,479,2024-07-16,4326.72,Bank Transfer
13032,194,2024-12-31,4524.74,Bank Transfer
13033,42,2026-01-21,1614.28,Cash
13034,290,2024-05-25,2502.96,Bank Transfer
13035,400,2025-12-11,1440.65,Cash
13036,216,2025-05-11,1812.95,Bank Transfer
13037,266,2026-02-08,2677.63,Credit Card
13038,141,2025-01-24,784.72,Bank Transfer
13039,355,2025-06-29,303.60,Cash
13040,299,2026-02-23,4360.68,Cash
13041,58,2026-02-22,2037.62,Other
13042,1,2024-07-05,3869.80,Cash
13043,91,2024-12-02,2945.67,Bank Transfer
13044,88,2025-01-03,296.95,Credit Card
13045,154,2024-10-28,715.81,Credit Card
13046,12,2024-10-06,2495.77,Bank Transfer
13047,440,2025-07-04,2845.28,Cash
13048,261,2024-02-15,1319.01,Other
13049,156,2026-02-02,2306.48,Bank Transfer
13050,103,2024-10-31,1209.81,Credit Card
13051,28,2025-01-20,1997.49,Insurance
13052,21,2024-10-10,1728.05,Credit Card
13053,386,2024-08-24,2125.13,Other
13054,69,2024-08-11,4543.40,Credit Card
13055,392,2024-06-17,231.40,Bank Transfer
13056,6,2024-07-06,1795.36,Other
13057,32,2024-06-03,4918.30,Other
13058,135,2025-03-14,3754.97,Other
13059,496,2024-07-18,4493.25,Bank Transfer
13060,119,2025-05-01,4135.83,Other
13061,318,2024-11-13,4184.48,Other
13062,270,2025-03-08,2138.49,Cash
13063,310,2025-07-01,4826.62,Bank Transfer
13064,356,2025-06-19,4014.92,Insurance
13065,401,2024-10-12,3334.96,Insurance
13066,161,2025-08-05,3870.87,Bank Transfer
13067,83,2024-09-11,2636.02,Insurance
13068,366,2024-04-12,4378.57,Cash
13069,332,2024-06-08,4980.69,Insurance
13070,451,2024-01-06,632.32,Cash
13071,293,2024-05-21,3249.11,Credit Card
13072,386,2024-12-13,2252.89,Insurance
13073,337,2026-01-02,3682.31,Credit Card
13074,306,2024-08-25,4522.31,Bank Transfer
13075,391,2025-11-27,242.94,Other
13076,89,2024-06-10,2402.01,Cash
13077,474,2025-08-11,2172.96,Insurance
13078,430,2025-10-23,3629.20,Cash
13079,116,2024-05-02,111.41,Credit Card
13080,370,2025-05-21,633.24,Other
13081,18,2025-08-29,2667.13,Cash
13082,448,2024-11-17,4730.40,Credit Card
13083,337,2024-07-17,4704.48,Insurance
13084,172,2024-08-12,429.80,Other
13085,142,2025-04-02,3691.67,Bank Transfer
13086,126,2024-08-14,458.62,Credit Card
13087,42,2025-02-18,2198.78,Bank Transfer
13088,376,2024-10-19,4210.29,Cash
13089,327,2025-04-22,3384.11,Credit Card
13090,446,2024-03-18,2411.71,Insurance
13091,266,2026-01-13,1173.26,Cash
13092,177,2025-04-27,1810.10,Bank Transfer
13093,255,2025-01-11,4641.70,Other
13094,98,2025-01-24,4679.24,Other
13095,349,2024-05-17,2798.73,Other
13096,492,2025-02-10,4104.48,Other
13097,40,2024-01-09,4269.09,Credit Card
13098,5,2024-01-18,4612.42,Credit Card
13099,50,2025-07-26,4272.26,Insurance
13100,354,2024-12-18,1272.67,Bank Transfer
13101,437,2026-02-21,1176.67,Credit Card
13102,60,2025-06-13,585.17,Other
13103,485,2025-07-29,2071.42,Bank Transfer
13104,70,2025-09-24,4486.21,Credit Card
13105,90,2024-03-21,4130.70,Insurance
13106,150,2025-08-15,1178.53,Bank Transfer
13107,131,2025-08-10,1565.34,Cash
13108,314,2025-05-22,3725.98,Other
13109,241,2026-01-16,4685.81,Insurance
13110,341,2026-01-29,3467.99,Other
13111,270,2025-05-07,2887.69,Cash
13112,287,2025-04-02,4473.28,Other
13113,302,2025-09-26,3725.86,Bank Transfer
13114,138,2025-12-18,849.53,Insurance
13115,459,2024-05-09,3029.82,Cash
13116,238,2025-10-10,2371.20,Insurance
13117,229,2024-05-13,3952.99,Credit Card
13118,339,2024-02-05,3359.74,Other
13119,369,2025-03-15,2180.41,Bank Transfer
13120,55,2025-03-11,4805.84,Cash
13121,128,2024-04-24,1799.98,Other
13122,64,2024-12-03,4240.08,Credit Card
13123,54,2024-11-15,4717.92,Credit Card
13124,16,2024-12-30,3053.05,Cash
13125,198,2024-01-20,4447.49,Cash
13126,186,2025-11-29,183.38,Bank Transfer
13127,48,2026-02-20,2607.70,Credit Card
13128,262,2025-12-24,2033.16,Bank Transfer
13129,343,2026-02-19,138.47,Other
13130,56,2025-08-06,3783.47,Credit Card
13131,85,2025-11-02,753.34,Credit Card
13132,75,2025-07-22,3185.25,Cash
13133,6,2025-02-18,1608.98,Insurance
13134,154,2024-06-20,1404.39,Other
13135,36,2025-09-03,2292.53,Credit Card
13136,289,2025-02-12,554.82,Credit Card
13137,149,2024-06-19,3334.00,Credit Card
13138,331,2026-01-06,916.05,Cash
13139,205,2025-03-24,1224.10,Insurance
13140,393,2025-02-24,266.31,Credit Card
13141,267,2026-02-24,4197.37,Bank Transfer
13142,131,2024-11-20,873.05,Bank Transfer
13143,315,2025-10-31,133.60,Bank Transfer
13144,441,2024-10-26,3612.25,Cash
13145,113,2024-06-13,1058.86,Cash
13146,183,2024-09-04,1870.88,Insurance
13147,305,2024-12-13,1189.35,Bank Transfer
13148,375,2024-12-11,3282.93,Bank Transfer
13149,310,2024-05-09,2757.24,Cash
13150,369,2024-11-25,3494.34,Cash
13151,400,2024-11-22,4861.74,Insurance
13152,416,2024-09-03,1938.62,Bank Transfer
13153,98,2024-03-31,2882.13,Credit Card
13154,206,2025-01-22,1730.48,Cash
13155,123,2024-11-22,4267.38,Insurance
13156,45,2024-05-25,2598.41,Bank Transfer
13157,323,2024-11-08,4188.73,Other
13158,362,2024-04-12,4703.23,Credit Card
13159,449,2024-05-17,826.19,Bank Transfer
13160,217,2026-02-17,3503.73,Cash
13161,26,2024-04-14,342.12,Bank Transfer
13162,350,2024-12-15,1566.58,Other
13163,488,2024-08-31,2168.58,Bank Transfer
13164,442,2024-08-15,2335.23,Other
13165,391,2024-05-24,3380.43,Credit Card
13166,111,2024-05-29,4000.86,Other
13167,210,2025-12-17,4750.66,Other
13168,379,2025-05-30,3093.27,Cash
13169,259,2026-01-20,4742.67,Insurance
13170,102,2024-12-26,3845.84,Cash
13171,73,2024-09-26,2220.29,Bank Transfer
13172,375,2024-07-15,532.16,Credit Card
13173,132,2024-02-02,695.66,Cash
13174,147,2024-02-26,3120.59,Cash
13175,368,2024-10-15,3984.84,Credit Card
13176,48,2024-09-27,506.41,Insurance
13177,53,2024-01-24,3557.70,Other
13178,47,2026-03-19,4829.76,Bank Transfer
13179,146,2024-02-25,864.23,Credit Card
13180,396,2024-10-05,3956.40,Cash
13181,213,2024-09-14,909.54,Bank Transfer
13182,438,2025-12-05,4761.86,Other
13183,369,2025-03-12,1014.22,Credit Card
13184,11,2025-11-24,357.86,Credit Card
13185,223,2025-06-09,1128.20,Insurance
13186,447,2024-02-27,197.49,Credit Card
13187,493,2024-10-02,2849.00,Credit Card
13188,275,2025-11-03,614.05,Cash
13189,483,2024-09-06,4463.09,Insurance
13190,45,2024-03-28,4148.77,Bank Transfer
13191,458,2024-02-10,4315.63,Insurance
13192,159,2025-03-30,4125.62,Insurance
13193,381,2025-11-22,2008.26,Credit Card
13194,313,2025-03-02,406.97,Cash
13195,246,2025-02-09,3823.47,Bank Transfer
13196,233,2024-08-19,1490.66,Credit Card
13197,220,2024-04-13,4010.50,Other
13198,134,2024-02-06,2036.35,Bank Transfer
13199,375,2026-03-08,4947.29,Other
13200,330,2026-02-03,1618.19,Bank Transfer
13201,223,2026-02-26,4264.59,Cash
13202,263,2024-04-12,4853.18,Cash
13203,259,2024-10-23,2036.57,Bank Transfer
13204,4,2024-07-28,4640.99,Cash
13205,385,2025-04-07,2463.02,Credit Card
13206,208,2026-01-26,499.53,Insurance
13207,427,2025-07-13,1376.84,Credit Card
13208,348,2024-09-06,598.93,Bank Transfer
13209,469,2025-03-29,2051.53,Bank Transfer
13210,390,2025-02-17,1172.39,Other
13211,279,2024-08-23,1491.22,Insurance
13212,336,2024-08-01,3437.16,Cash
13213,269,2025-07-19,1516.41,Bank Transfer
13214,433,2025-12-07,4873.79,Cash
13215,356,2024-06-14,1860.85,Credit Card
13216,288,2024-10-01,1146.40,Credit Card
13217,398,2025-08-01,1887.67,Credit Card
13218,62,2024-08-20,4087.71,Cash
13219,482,2024-09-02,1898.36,Other
13220,484,2024-11-14,2279.90,Credit Card
13221,295,2024-01-20,98.36,Insurance
13222,229,2024-07-08,2587.75,Credit Card
13223,167,2024-06-22,4210.44,Bank Transfer
13224,94,2024-07-30,1235.79,Cash
13225,333,2024-03-29,1078.05,Insurance
13226,459,2025-05-09,1089.75,Credit Card
13227,62,2025-03-25,2201.42,Other
13228,234,2025-08-01,4393.57,Cash
13229,444,2026-02-16,4808.28,Other
13230,316,2025-11-17,2800.85,Bank Transfer
13231,187,2024-06-18,4148.54,Credit Card
13232,16,2024-12-02,2887.08,Insurance
13233,394,2025-09-05,2662.37,Other
13234,492,2024-10-11,3366.88,Bank Transfer
13235,161,2024-11-07,851.36,Insurance
13236,371,2024-08-12,68.92,Other
13237,57,2025-02-24,4467.58,Cash
13238,260,2024-03-18,3205.71,Credit Card
13239,92,2025-06-19,632.69,Other
13240,167,2025-04-14,930.11,Insurance
13241,410,2025-03-15,3345.00,Other
13242,246,2026-03-07,4089.80,Other
13243,415,2025-04-20,2042.11,Cash
13244,175,2025-09-10,499.67,Credit Card
13245,331,2025-04-07,2853.34,Insurance
13246,442,2024-05-21,2527.56,Credit Card
13247,130,2025-03-15,1036.91,Other
13248,496,2025-11-11,1758.71,Other
13249,112,2024-05-28,404.68,Other
13250,285,2024-12-05,4779.88,Insurance
13251,166,2025-05-07,1972.74,Cash
13252,60,2025-05-24,2686.73,Other
13253,328,2024-06-24,2141.05,Other
13254,367,2026-03-08,3099.81,Bank Transfer
13255,43,2024-12-28,1761.08,Cash
13256,301,2025-02-05,1693.80,Insurance
13257,340,2026-02-16,2814.71,Insurance
13258,331,2025-09-16,601.62,Insurance
13259,459,2024-06-03,4342.92,Credit Card
13260,60,2024-09-13,3516.57,Bank Transfer
13261,63,2024-12-04,1269.86,Bank Transfer
13262,452,2025-06-15,543.87,Insurance
13263,23,2024-07-04,2171.37,Other
13264,499,2025-08-18,3720.04,Credit Card
13265,29,2024-01-18,4902.49,Bank Transfer
13266,282,2024-06-19,299.38,Credit Card
13267,444,2024-12-19,2280.31,Bank Transfer
13268,462,2024-03-07,2664.69,Bank Transfer
13269,477,2025-02-27,4390.00,Bank Transfer
13270,349,2025-10-14,274.98,Insurance
13271,379,2024-03-07,3569.04,Cash
13272,404,2025-01-17,3792.78,Cash
13273,422,2026-01-03,1314.88,Bank Transfer
13274,234,2024-05-14,433.39,Other
13275,229,2024-05-31,2542.97,Other
13276,134,2024-07-28,4128.27,Other
13277,240,2025-09-26,3856.15,Cash
13278,100,2025-01-18,1941.13,Cash
13279,36,2025-03-05,4249.28,Other
13280,257,2025-03-08,68.53,Insurance
13281,331,2025-06-17,4125.04,Bank Transfer
13282,385,2024-01-30,1172.19,Cash
13283,192,2026-01-01,3041.12,Bank Transfer
13284,459,2026-01-25,1255.51,Bank Transfer
13285,359,2024-01-13,2559.86,Bank Transfer
13286,268,2024-01-28,1352.37,Credit Card
13287,194,2025-04-07,748.25,Other
13288,213,2025-02-01,2824.85,Bank Transfer
13289,386,2025-08-29,4082.16,Insurance
13290,138,2025-01-20,3142.74,Bank Transfer
13291,316,2025-03-24,2111.04,Credit Card
13292,129,2025-02-26,3266.31,Other
13293,469,2024-10-07,341.04,Bank Transfer
13294,73,2025-02-22,744.88,Credit Card
13295,30,2024-10-22,109.90,Other
13296,157,2024-09-30,1240.65,Cash
13297,25,2024-01-29,4232.64,Cash
13298,403,2024-11-23,1180.72,Cash
13299,78,2024-02-28,4207.00,Bank Transfer
13300,18,2026-01-21,2763.15,Insurance
13301,103,2026-03-13,2271.60,Credit Card
13302,37,2024-12-10,2544.85,Other
13303,460,2024-01-23,4993.44,Bank Transfer
13304,43,2024-09-01,843.90,Credit Card
13305,61,2024-03-30,1260.58,Insurance
13306,54,2025-07-25,3429.68,Bank Transfer
13307,283,2025-11-07,1219.98,Other
13308,488,2025-01-24,3725.53,Insurance
13309,32,2024-04-18,809.38,Insurance
13310,255,2026-01-14,3148.46,Cash
13311,226,2025-09-08,1376.20,Bank Transfer
13312,396,2024-05-11,4464.91,Credit Card
13313,133,2025-07-01,2697.68,Cash
13314,158,2024-10-07,3423.39,Other
13315,95,2025-12-04,4543.18,Cash
13316,138,2024-01-20,453.20,Other
13317,7,2025-11-05,2481.98,Bank Transfer
13318,481,2025-09-02,2573.04,Cash
13319,327,2025-02-27,1784.94,Bank Transfer
13320,115,2024-09-15,3843.77,Other
13321,433,2024-12-23,3470.45,Insurance
13322,446,2024-11-30,404.47,Credit Card
13323,312,2025-03-23,303.13,Credit Card
13324,49,2024-08-18,685.58,Cash
13325,249,2025-10-06,112.67,Credit Card
13326,496,2024-06-23,1447.31,Credit Card
13327,453,2025-04-10,3475.81,Credit Card
13328,328,2024-05-11,4674.34,Bank Transfer
13329,206,2026-03-19,4758.85,Other
13330,392,2024-11-13,2661.40,Cash
13331,287,2024-10-27,2848.60,Insurance
13332,477,2025-09-29,4267.89,Bank Transfer
13333,3,2024-05-29,2690.80,Bank Transfer
13334,3,2024-04-14,1344.97,Other
13335,313,2025-04-12,2218.05,Credit Card
13336,180,2024-07-27,3442.21,Other
13337,218,2025-12-03,1931.71,Other
13338,213,2024-03-06,2245.75,Cash
13339,94,2025-04-29,4898.74,Insurance
13340,395,2024-12-23,3726.16,Cash
13341,488,2024-03-30,149.88,Credit Card
13342,398,2026-03-18,1320.71,Other
13343,110,2024-11-19,576.67,Insurance
13344,245,2026-02-10,75.65,Cash
13345,122,2025-11-26,2492.59,Bank Transfer
13346,475,2025-03-04,1873.62,Insurance
13347,342,2025-10-01,3572.19,Other
13348,473,2026-01-13,1405.98,Insurance
13349,357,2024-08-02,4627.99,Bank Transfer
13350,96,2026-02-02,908.94,Other
13351,232,2025-03-10,2032.45,Bank Transfer
13352,385,2025-01-03,4107.02,Cash
13353,240,2024-03-29,3020.92,Cash
13354,210,2024-10-13,1704.84,Cash
13355,21,2024-06-08,1425.95,Credit Card
13356,482,2025-08-20,1864.86,Insurance
13357,195,2025-06-02,4400.93,Bank Transfer
13358,38,2024-03-11,4991.14,Other
13359,156,2025-04-11,791.46,Other
13360,380,2024-10-23,4747.55,Insurance
13361,413,2025-05-09,3636.56,Cash
13362,469,2024-06-20,2195.15,Other
13363,175,2024-08-17,409.05,Cash
13364,453,2025-12-10,3856.60,Cash
13365,93,2024-08-26,4031.08,Insurance
13366,245,2024-08-06,2198.39,Bank Transfer
13367,44,2025-03-31,387.00,Insurance
13368,146,2024-10-10,1719.12,Credit Card
13369,125,2025-03-10,1325.19,Other
13370,309,2025-05-14,3646.29,Other
13371,185,2024-03-23,670.94,Insurance
13372,36,2025-12-31,4682.61,Bank Transfer
13373,178,2025-09-08,1616.76,Insurance
13374,306,2024-07-09,4562.21,Credit Card
13375,35,2025-06-17,4022.87,Cash
13376,454,2026-01-01,3755.55,Bank Transfer
13377,414,2024-06-28,4266.14,Insurance
13378,20,2024-07-15,1830.92,Other
13379,111,2025-04-28,3950.56,Credit Card
13380,125,2025-09-26,562.64,Bank Transfer
13381,334,2025-11-19,2659.28,Cash
13382,457,2025-03-17,387.24,Bank Transfer
13383,330,2024-01-18,1413.22,Bank Transfer
13384,158,2025-06-09,2422.80,Credit Card
13385,302,2024-02-10,4854.02,Cash
13386,378,2024-06-14,3703.26,Cash
13387,259,2025-12-08,3043.11,Bank Transfer
13388,30,2026-01-21,2980.85,Bank Transfer
13389,207,2025-01-20,1419.37,Bank Transfer
13390,289,2024-10-17,4980.09,Other
13391,87,2025-05-02,1649.38,Bank Transfer
13392,353,2024-08-10,4626.60,Insurance
13393,483,2026-01-02,600.00,Cash
13394,230,2024-11-08,2522.66,Cash
13395,389,2025-01-09,2331.93,Other
13396,304,2026-03-06,3970.71,Insurance
13397,380,2024-09-28,2326.30,Credit Card
13398,441,2025-03-20,4619.15,Cash
13399,370,2024-03-18,2326.49,Cash
13400,140,2025-05-20,124.05,Credit Card
13401,433,2025-04-01,3066.93,Bank Transfer
13402,329,2026-02-28,357.88,Other
13403,269,2025-11-10,3975.01,Cash
13404,51,2024-04-16,2264.90,Bank Transfer
13405,407,2025-04-05,3416.12,Other
13406,485,2025-09-22,649.94,Insurance
13407,180,2024-09-02,3698.62,Insurance
13408,42,2025-10-01,4168.96,Credit Card
13409,129,2024-02-05,4776.69,Cash
13410,371,2024-05-23,294.28,Other
13411,258,2025-08-22,3198.60,Bank Transfer
13412,366,2024-11-11,4064.97,Cash
13413,408,2025-04-16,919.47,Insurance
13414,487,2025-12-07,1172.47,Credit Card
13415,449,2025-08-08,1072.17,Cash
13416,130,2025-04-11,866.86,Cash
13417,241,2024-09-15,1886.17,Insurance
13418,412,2024-03-02,767.27,Insurance
13419,408,2025-04-28,4239.29,Bank Transfer
13420,18,2025-02-14,790.38,Other
13421,198,2025-10-05,1053.56,Insurance
13422,346,2025-07-21,1934.82,Other
13423,308,2025-04-06,528.50,Bank Transfer
13424,128,2025-09-06,2205.30,Cash
13425,380,2026-03-08,61.81,Other
13426,431,2025-06-10,1981.59,Other
13427,1,2025-11-20,148.29,Cash
13428,401,2024-09-05,1046.98,Credit Card
13429,149,2026-03-04,3088.85,Credit Card
13430,184,2025-05-07,1714.28,Cash
13431,31,2025-12-29,2818.42,Cash
13432,300,2025-11-01,1094.76,Other
13433,471,2024-02-22,4703.24,Bank Transfer
13434,157,2026-02-23,164.43,Insurance
13435,87,2025-02-22,2844.18,Bank Transfer
13436,303,2025-01-17,552.13,Insurance
13437,168,2024-07-29,3035.53,Other
13438,490,2025-08-03,1777.01,Bank Transfer
13439,468,2025-04-05,2120.45,Cash
13440,296,2024-09-30,508.44,Other
13441,197,2024-08-16,568.20,Bank Transfer
13442,428,2025-08-08,293.83,Bank Transfer
13443,255,2026-02-28,3457.76,Cash
13444,209,2024-07-03,3331.08,Bank Transfer
13445,281,2026-02-17,435.63,Other
13446,450,2025-12-04,709.27,Bank Transfer
13447,457,2024-07-09,3906.10,Other
13448,247,2024-05-10,4432.60,Insurance
13449,165,2024-03-11,4930.26,Cash
13450,379,2024-11-03,222.13,Cash
13451,409,2024-01-19,3685.88,Credit Card
13452,61,2025-10-08,168.40,Bank Transfer
13453,85,2025-01-21,2429.20,Insurance
13454,235,2025-03-14,4893.51,Other
13455,464,2024-04-28,2343.58,Cash
13456,15,2024-10-23,3409.37,Bank Transfer
13457,365,2024-03-07,216.45,Insurance
13458,68,2025-06-01,2023.16,Bank Transfer
13459,256,2025-10-05,3041.30,Credit Card
13460,44,2025-05-05,4966.35,Insurance
13461,42,2026-02-01,4416.45,Cash
13462,136,2025-03-27,3669.66,Other
13463,264,2024-05-12,1560.37,Bank Transfer
13464,278,2024-04-13,4187.25,Insurance
13465,143,2024-05-15,2024.65,Credit Card
13466,316,2025-11-16,2161.73,Bank Transfer
13467,477,2024-12-28,3017.17,Bank Transfer
13468,59,2025-11-15,414.42,Cash
13469,126,2024-04-14,4219.33,Other
13470,396,2025-09-26,2227.36,Cash
13471,471,2026-01-31,2879.80,Bank Transfer
13472,467,2024-04-24,1359.20,Credit Card
13473,127,2024-01-19,3671.79,Cash
13474,397,2026-01-15,4041.23,Credit Card
13475,253,2024-04-26,4195.96,Other
13476,411,2024-07-15,782.85,Insurance
13477,204,2025-03-11,1879.89,Credit Card
13478,369,2025-02-25,2541.54,Credit Card
13479,8,2025-03-31,4965.02,Bank Transfer
13480,372,2026-01-24,1575.49,Cash
13481,354,2024-10-07,3562.34,Insurance
13482,217,2025-11-12,1306.31,Bank Transfer
13483,375,2025-03-15,2869.76,Credit Card
13484,141,2025-10-07,2172.10,Insurance
13485,482,2026-02-09,3689.66,Bank Transfer
13486,24,2024-05-08,2894.15,Insurance
13487,39,2026-01-25,2556.16,Credit Card
13488,128,2024-05-07,3025.47,Insurance
13489,448,2025-10-30,3867.07,Credit Card
13490,418,2024-12-06,866.78,Bank Transfer
13491,269,2025-06-25,3597.71,Insurance
13492,330,2024-04-07,3078.92,Insurance
13493,117,2024-04-05,1553.62,Other
13494,33,2025-06-26,1703.47,Insurance
13495,263,2025-01-29,816.68,Credit Card
13496,155,2024-08-22,2866.48,Other
13497,60,2024-12-28,3051.52,Insurance
13498,331,2024-07-11,798.73,Other
13499,342,2025-12-12,4964.04,Credit Card
13500,351,2024-04-24,3067.31,Bank Transfer
13501,303,2024-09-22,4656.10,Other
13502,467,2025-02-05,2753.01,Bank Transfer
13503,183,2025-05-22,4703.34,Other
13504,318,2025-06-08,3824.12,Credit Card
13505,383,2026-02-24,2054.87,Insurance
13506,56,2025-06-14,2488.43,Cash
13507,414,2025-09-02,4038.13,Bank Transfer
13508,70,2026-03-06,2782.20,Bank Transfer
13509,34,2025-12-10,3768.61,Credit Card
13510,313,2024-01-18,2837.00,Insurance
13511,59,2024-09-01,2234.45,Credit Card
13512,283,2025-07-11,1436.09,Bank Transfer
13513,473,2025-06-12,990.54,Bank Transfer
13514,123,2024-11-24,4800.64,Other
13515,152,2025-09-12,2490.79,Credit Card
13516,376,2026-01-10,4607.38,Insurance
13517,296,2024-04-03,1099.72,Bank Transfer
13518,433,2024-02-21,2910.91,Other
13519,126,2024-05-27,1963.71,Insurance
13520,245,2025-01-23,1361.83,Insurance
13521,274,2025-05-05,3776.42,Other
13522,441,2024-11-08,4993.56,Insurance
13523,282,2025-01-18,2236.33,Insurance
13524,420,2025-12-17,2577.69,Insurance
13525,381,2026-01-12,1263.81,Cash
13526,181,2025-06-28,761.86,Other
13527,472,2024-02-06,3070.40,Insurance
13528,26,2026-01-26,4252.31,Insurance
13529,408,2025-06-16,1081.28,Credit Card
13530,237,2024-08-04,3420.30,Bank Transfer
13531,299,2026-02-09,1459.33,Cash
13532,158,2025-11-09,1823.38,Bank Transfer
13533,449,2024-09-02,3199.66,Bank Transfer
13534,340,2024-02-02,592.73,Other
13535,295,2025-07-24,3446.16,Insurance
13536,335,2026-01-07,3743.65,Bank Transfer
13537,228,2025-08-08,3055.40,Cash
13538,495,2025-04-10,3571.11,Insurance
13539,10,2025-12-11,3845.36,Bank Transfer
13540,424,2024-07-23,1402.63,Insurance
13541,178,2025-12-04,4518.74,Cash
13542,384,2024-07-02,4394.60,Other
13543,27,2025-09-07,2088.07,Bank Transfer
13544,292,2024-02-04,1466.78,Cash
13545,350,2025-01-27,4144.46,Other
13546,168,2024-03-26,4430.95,Insurance
13547,101,2024-12-23,2485.00,Credit Card
13548,4,2025-06-19,2921.68,Other
13549,54,2025-10-25,4479.93,Other
13550,125,2025-02-23,445.93,Bank Transfer
13551,192,2025-11-17,1991.68,Credit Card
13552,456,2025-09-11,2755.86,Credit Card
13553,37,2025-02-08,470.16,Other
13554,296,2024-12-13,2622.27,Other
13555,390,2024-06-14,1421.35,Insurance
13556,333,2026-03-18,2685.72,Cash
13557,433,2026-02-03,218.96,Credit Card
13558,29,2024-02-26,3776.64,Insurance
13559,427,2025-01-03,1243.43,Insurance
13560,442,2024-03-30,4798.83,Bank Transfer
13561,86,2024-06-15,2387.05,Other
13562,426,2024-02-17,3667.61,Insurance
13563,86,2025-02-04,4439.53,Bank Transfer
13564,141,2024-08-15,1186.49,Credit Card
13565,418,2025-04-11,2741.27,Other
13566,176,2024-12-31,2446.31,Other
13567,66,2025-01-25,4976.81,Credit Card
13568,249,2025-04-14,3684.15,Credit Card
13569,10,2025-11-24,713.71,Insurance
13570,24,2024-09-02,558.07,Bank Transfer
13571,20,2025-06-10,3879.90,Bank Transfer
13572,177,2024-03-19,2510.29,Other
13573,310,2025-12-27,707.64,Cash
13574,386,2024-11-17,4208.05,Cash
13575,345,2025-05-11,4754.31,Insurance
13576,44,2025-06-06,2777.76,Insurance
13577,129,2025-08-31,1316.05,Credit Card
13578,111,2024-05-03,4670.67,Cash
13579,35,2024-10-13,329.06,Insurance
13580,499,2024-09-05,530.28,Other
13581,52,2025-12-21,3460.40,Other
13582,374,2025-03-28,1783.26,Insurance
13583,381,2025-06-22,1140.30,Insurance
13584,420,2025-05-06,130.75,Bank Transfer
13585,382,2025-03-21,2969.73,Other
13586,497,2025-04-04,4365.67,Credit Card
13587,444,2024-10-29,2611.74,Insurance
13588,171,2024-09-14,2341.22,Credit Card
13589,68,2024-08-01,4496.74,Credit Card
13590,15,2026-02-11,2629.79,Other
13591,115,2025-07-15,4465.06,Other
13592,256,2024-02-07,1828.62,Insurance
13593,249,2025-03-17,2596.02,Credit Card
13594,416,2024-01-20,1050.94,Insurance
13595,465,2025-11-21,4829.72,Credit Card
13596,411,2024-09-06,1258.76,Credit Card
13597,84,2025-03-25,4416.12,Cash
13598,263,2024-03-24,101.39,Other
13599,259,2026-03-17,2332.21,Cash
13600,103,2024-11-10,1415.11,Other
13601,324,2024-02-10,4467.32,Insurance
13602,463,2025-04-30,1013.89,Other
13603,484,2025-12-19,1169.91,Bank Transfer
13604,179,2024-07-12,1988.93,Credit Card
13605,162,2025-08-29,2054.22,Bank Transfer
13606,362,2025-02-11,3345.14,Credit Card
13607,279,2025-08-11,122.07,Cash
13608,164,2024-06-09,4407.91,Other
13609,211,2025-02-24,3966.70,Insurance
13610,189,2025-02-23,1383.52,Insurance
13611,4,2024-01-12,4842.67,Other
13612,108,2024-01-29,1266.18,Bank Transfer
13613,452,2026-02-27,3774.21,Cash
13614,323,2026-01-18,3777.90,Insurance
13615,329,2024-08-16,3087.30,Bank Transfer
13616,308,2024-10-07,4477.09,Other
13617,358,2024-09-30,323.93,Cash
13618,118,2025-10-20,1269.11,Credit Card
13619,243,2025-11-08,4026.75,Insurance
13620,140,2024-06-19,2779.74,Bank Transfer
13621,88,2026-03-18,2664.88,Bank Transfer
13622,45,2025-03-25,3154.29,Bank Transfer
13623,220,2024-12-02,2022.10,Bank Transfer
13624,276,2025-06-13,3516.01,Insurance
13625,301,2025-12-09,668.70,Cash
13626,199,2024-12-03,4658.07,Insurance
13627,121,2025-01-21,2588.07,Cash
13628,183,2024-06-17,1318.46,Insurance
13629,391,2025-09-15,4405.48,Cash
13630,225,2024-02-16,1909.58,Bank Transfer
13631,296,2025-01-06,797.34,Insurance
13632,194,2024-03-28,1956.25,Bank Transfer
13633,126,2024-05-22,3694.99,Credit Card
13634,325,2025-11-05,2050.05,Bank Transfer
13635,90,2025-03-11,3463.55,Bank Transfer
13636,37,2025-08-17,3418.67,Insurance
13637,221,2024-05-22,517.49,Credit Card
13638,481,2025-02-06,2105.03,Credit Card
13639,476,2024-11-17,57.59,Insurance
13640,2,2024-12-05,2911.69,Cash
13641,384,2026-02-06,3892.78,Other
13642,325,2025-05-14,2072.52,Credit Card
13643,154,2024-07-04,2760.60,Credit Card
13644,104,2024-05-23,1078.52,Other
13645,123,2024-12-31,2211.93,Insurance
13646,379,2025-12-27,1095.48,Cash
13647,45,2025-08-05,459.64,Other
13648,349,2024-06-06,4308.48,Cash
13649,497,2026-02-01,2036.63,Bank Transfer
13650,181,2024-11-01,4085.09,Other
13651,222,2026-03-07,3161.84,Other
13652,91,2024-07-28,3276.65,Cash
13653,34,2026-03-02,440.76,Bank Transfer
13654,279,2024-06-24,2136.57,Bank Transfer
13655,44,2024-05-19,2703.77,Insurance
13656,284,2026-02-27,4560.83,Bank Transfer
13657,261,2026-02-01,399.35,Other
13658,465,2024-12-12,2411.86,Bank Transfer
13659,411,2026-01-05,2027.27,Other
13660,244,2024-01-29,3060.39,Credit Card
13661,170,2026-03-10,3386.75,Credit Card
13662,321,2025-08-05,2294.46,Cash
13663,306,2025-02-16,1686.29,Cash
13664,238,2025-04-27,794.78,Credit Card
13665,109,2025-06-24,3553.95,Credit Card
13666,299,2025-12-25,2403.82,Insurance
13667,440,2025-09-28,3816.99,Cash
13668,491,2024-09-06,514.57,Other
13669,127,2024-08-21,1938.69,Other
13670,310,2024-10-10,4595.83,Credit Card
13671,440,2025-04-05,2570.76,Credit Card
13672,286,2024-03-21,2136.82,Bank Transfer
13673,183,2024-08-20,2374.51,Insurance
13674,57,2024-09-19,587.22,Cash
13675,46,2024-09-01,2472.83,Credit Card
13676,185,2025-07-02,2522.45,Cash
13677,212,2025-05-23,519.82,Credit Card
13678,87,2026-01-11,2267.47,Bank Transfer
13679,50,2024-02-21,2949.07,Other
13680,232,2024-11-16,2077.46,Bank Transfer
13681,488,2026-01-01,1521.73,Cash
13682,210,2025-01-20,2238.67,Cash
13683,93,2024-10-01,3091.50,Bank Transfer
13684,120,2024-11-07,2568.27,Bank Transfer
13685,441,2024-09-27,778.36,Other
13686,282,2025-10-06,3331.07,Cash
13687,416,2025-08-08,2469.42,Bank Transfer
13688,358,2025-11-25,2565.94,Other
13689,289,2024-07-19,2893.69,Bank Transfer
13690,81,2025-11-07,3292.82,Other
13691,499,2024-03-10,480.96,Credit Card
13692,322,2025-03-02,833.18,Credit Card
13693,280,2024-06-04,2556.23,Insurance
13694,229,2025-05-14,2724.28,Insurance
13695,104,2024-05-06,4857.86,Bank Transfer
13696,451,2024-01-14,1191.11,Insurance
13697,133,2024-09-10,1257.40,Other
13698,359,2024-12-16,4422.24,Cash
13699,421,2025-10-27,4706.67,Credit Card
13700,448,2025-08-23,2234.73,Other
13701,492,2025-02-19,1171.15,Bank Transfer
13702,449,2024-01-28,2339.34,Cash
13703,305,2025-05-30,2528.17,Other
13704,454,2025-02-09,2051.43,Cash
13705,439,2026-01-09,2665.04,Insurance
13706,244,2024-10-26,2080.28,Credit Card
13707,125,2025-11-17,3996.57,Cash
13708,127,2024-10-26,4375.04,Bank Transfer
13709,199,2025-04-18,3863.88,Cash
13710,68,2025-11-05,2467.11,Other
13711,5,2025-10-16,2106.04,Cash
13712,135,2025-07-26,288.19,Other
13713,107,2024-10-25,4135.16,Credit Card
13714,395,2026-02-03,117.26,Other
13715,458,2024-02-01,3926.92,Bank Transfer
13716,379,2024-12-29,1920.82,Cash
13717,198,2025-04-05,4544.43,Cash
13718,319,2024-01-09,2197.38,Cash
13719,76,2024-06-22,4715.27,Other
13720,315,2025-06-21,145.37,Credit Card
13721,224,2024-08-10,365.17,Cash
13722,435,2024-09-12,4935.58,Other
13723,286,2024-02-20,2824.30,Insurance
13724,83,2025-09-08,3224.80,Insurance
13725,326,2025-02-22,898.94,Credit Card
13726,100,2024-04-30,2877.79,Credit Card
13727,92,2025-02-15,2130.47,Bank Transfer
13728,192,2024-12-18,1147.85,Other
13729,100,2025-04-28,3290.33,Bank Transfer
13730,245,2025-09-03,3803.11,Other
13731,260,2025-05-20,3376.61,Credit Card
13732,154,2025-02-11,2690.03,Other
13733,450,2026-03-12,4129.39,Credit Card
13734,315,2024-04-10,2782.27,Bank Transfer
13735,458,2026-03-07,732.35,Bank Transfer
13736,447,2025-04-10,2852.03,Bank Transfer
13737,311,2025-08-14,1027.28,Insurance
13738,302,2024-08-05,2794.16,Cash
13739,395,2024-09-07,4468.85,Other
13740,189,2026-01-26,4093.21,Insurance
13741,373,2024-06-07,2610.62,Bank Transfer
13742,315,2025-11-12,4932.85,Credit Card
13743,61,2024-05-07,4043.12,Bank Transfer
13744,385,2025-06-10,1762.70,Cash
13745,289,2025-05-11,4397.06,Other
13746,14,2024-10-27,4412.39,Other
13747,382,2024-04-11,3941.50,Other
13748,329,2026-01-29,4143.00,Cash
13749,80,2025-08-27,243.51,Other
13750,386,2024-03-23,2688.32,Bank Transfer
13751,19,2025-04-14,3253.62,Credit Card
13752,291,2024-10-01,2787.79,Other
13753,453,2024-07-28,377.24,Cash
13754,3,2024-02-06,4433.36,Insurance
13755,344,2024-01-26,4403.97,Bank Transfer
13756,351,2025-05-16,1275.46,Insurance
13757,128,2024-07-25,2883.22,Other
13758,424,2025-04-01,542.04,Cash
13759,304,2025-10-21,2003.28,Other
13760,270,2024-10-21,1258.60,Credit Card
13761,90,2024-01-30,1031.80,Bank Transfer
13762,481,2024-10-31,1450.47,Other
13763,419,2024-05-03,1286.92,Credit Card
13764,364,2025-05-11,3552.57,Insurance
13765,379,2024-09-09,541.36,Cash
13766,350,2024-11-20,360.22,Credit Card
13767,209,2025-02-07,1855.27,Credit Card
13768,12,2025-03-19,2390.49,Cash
13769,416,2024-08-01,1175.95,Bank Transfer
13770,487,2024-08-21,3555.16,Insurance
13771,116,2025-11-08,400.68,Bank Transfer
13772,227,2025-02-02,598.01,Credit Card
13773,159,2024-02-03,1981.29,Credit Card
13774,307,2025-11-18,1057.44,Other
13775,484,2025-08-23,1679.78,Bank Transfer
13776,27,2024-10-03,2455.18,Insurance
13777,474,2025-05-07,2952.93,Credit Card
13778,453,2026-02-22,327.72,Credit Card
13779,279,2025-12-08,1557.81,Other
13780,325,2025-07-25,4648.19,Bank Transfer
13781,450,2025-02-27,2917.62,Other
13782,456,2025-11-12,1376.92,Cash
13783,106,2025-02-17,3287.45,Insurance
13784,132,2025-10-15,992.74,Other
13785,59,2024-05-30,2602.84,Cash
13786,248,2024-08-10,3371.17,Cash
13787,163,2024-06-16,3424.00,Cash
13788,169,2025-02-27,953.48,Other
13789,379,2024-07-31,400.28,Credit Card
13790,117,2024-10-09,775.09,Other
13791,85,2025-01-28,1310.49,Insurance
13792,197,2025-10-26,3054.86,Bank Transfer
13793,420,2024-02-22,4805.94,Cash
13794,34,2025-06-22,1719.05,Insurance
13795,327,2025-05-12,983.07,Other
13796,192,2024-12-15,3356.09,Insurance
13797,230,2025-10-04,617.18,Credit Card
13798,322,2025-10-22,4527.67,Insurance
13799,290,2026-01-29,524.19,Insurance
13800,35,2024-11-24,3062.07,Cash
13801,409,2024-05-13,330.79,Insurance
13802,157,2024-10-28,1507.06,Credit Card
13803,241,2024-09-26,385.89,Other
13804,249,2024-11-07,2119.88,Insurance
13805,315,2025-08-04,3939.93,Bank Transfer
13806,366,2025-03-19,3897.79,Other
13807,31,2024-12-30,3453.40,Bank Transfer
13808,84,2024-01-03,2295.71,Credit Card
13809,389,2024-11-13,2797.47,Insurance
13810,103,2024-04-19,3327.89,Cash
13811,123,2024-10-06,1049.98,Other
13812,48,2024-07-12,805.97,Cash
13813,221,2024-01-24,2406.94,Credit Card
13814,198,2024-12-13,198.53,Bank Transfer
13815,439,2026-02-10,3672.38,Credit Card
13816,457,2025-02-20,2726.93,Cash
13817,374,2025-02-18,3995.67,Insurance
13818,83,2024-06-10,1813.08,Insurance
13819,96,2024-09-08,3221.25,Credit Card
13820,56,2024-02-07,2280.25,Insurance
13821,394,2024-11-09,796.17,Insurance
13822,96,2024-11-26,364.94,Cash
13823,395,2025-11-27,2995.00,Insurance
13824,134,2025-04-17,2467.69,Cash
13825,207,2024-12-01,1085.51,Bank Transfer
13826,123,2024-09-14,2214.49,Other
13827,345,2024-11-10,3591.21,Cash
13828,167,2025-05-12,360.35,Other
13829,45,2025-07-25,2518.73,Cash
13830,429,2025-05-10,2320.43,Cash
13831,310,2025-05-09,1994.24,Credit Card
13832,314,2026-01-09,786.47,Insurance
13833,99,2024-05-16,4006.23,Credit Card
13834,179,2024-04-28,4401.79,Credit Card
13835,378,2024-08-22,3748.15,Bank Transfer
13836,405,2026-03-07,4587.26,Bank Transfer
13837,355,2024-09-07,958.19,Cash
13838,268,2025-12-06,2022.26,Credit Card
13839,265,2024-07-24,541.61,Other
13840,385,2024-06-08,4794.87,Insurance
13841,281,2025-06-27,4771.85,Credit Card
13842,243,2026-03-01,59.86,Other
13843,210,2025-11-12,4094.58,Bank Transfer
13844,474,2024-02-12,3663.17,Cash
13845,375,2026-01-09,1135.49,Cash
13846,257,2024-02-12,4729.15,Cash
13847,288,2024-08-16,4084.45,Cash
13848,376,2025-12-22,2402.96,Credit Card
13849,411,2025-05-11,1332.48,Other
13850,444,2025-08-30,2993.18,Other
13851,61,2025-01-25,3730.75,Other
13852,355,2025-07-18,1216.53,Bank Transfer
13853,257,2025-12-30,1499.75,Insurance
13854,94,2026-01-22,1893.85,Cash
13855,150,2024-03-19,666.60,Bank Transfer
13856,414,2025-01-06,2032.85,Insurance
13857,220,2024-04-13,4725.56,Other
13858,458,2024-06-15,2626.88,Other
13859,121,2024-09-22,2171.27,Cash
13860,310,2024-01-01,1913.47,Other
13861,177,2024-11-30,1292.52,Insurance
13862,383,2026-03-01,1039.72,Credit Card
13863,164,2024-06-05,1663.11,Credit Card
13864,216,2024-03-18,1619.63,Other
13865,381,2024-07-09,1935.92,Cash
13866,354,2024-02-23,4672.09,Insurance
13867,69,2024-12-14,271.98,Insurance
13868,281,2024-02-12,1010.63,Insurance
13869,467,2024-02-22,883.17,Bank Transfer
13870,64,2026-02-01,4532.37,Credit Card
13871,163,2025-10-21,1073.35,Credit Card
13872,340,2024-05-15,1091.76,Bank Transfer
13873,94,2025-09-14,323.75,Cash
13874,2,2025-12-08,1310.58,Insurance
13875,385,2025-02-13,4814.03,Bank Transfer
13876,490,2024-11-19,3030.39,Credit Card
13877,458,2025-03-19,2542.81,Other
13878,387,2025-04-20,4210.14,Credit Card
13879,22,2026-01-06,2874.73,Other
13880,322,2024-11-30,864.72,Credit Card
13881,196,2024-07-12,3973.97,Bank Transfer
13882,172,2024-10-04,3180.35,Cash
13883,186,2024-07-03,950.33,Bank Transfer
13884,192,2024-11-26,555.47,Other
13885,335,2025-02-05,2510.68,Insurance
13886,253,2025-03-15,452.95,Bank Transfer
13887,371,2026-02-20,3780.74,Other
13888,31,2026-03-04,1410.95,Cash
13889,400,2024-01-11,142.01,Cash
13890,464,2025-03-14,4314.93,Cash
13891,357,2025-07-15,902.53,Bank Transfer
13892,270,2025-03-11,1059.89,Credit Card
13893,376,2025-07-11,2250.49,Other
13894,105,2024-03-29,3236.27,Other
13895,415,2025-09-07,349.14,Bank Transfer
13896,291,2026-02-27,1731.87,Credit Card
13897,211,2025-01-22,4799.13,Bank Transfer
13898,188,2025-04-23,335.11,Credit Card
13899,456,2025-12-12,3970.93,Other
13900,62,2024-11-14,4482.68,Other
13901,349,2024-01-11,1323.71,Bank Transfer
13902,135,2024-04-14,802.62,Credit Card
13903,107,2024-10-20,4821.98,Cash
13904,366,2026-02-28,3479.26,Insurance
13905,360,2024-07-11,1835.21,Other
13906,152,2025-05-03,4392.28,Insurance
13907,89,2024-08-06,1988.31,Credit Card
13908,267,2025-06-09,799.78,Other
13909,193,2025-10-30,333.39,Cash
13910,119,2024-11-21,4142.50,Other
13911,337,2025-01-26,2073.79,Other
13912,152,2024-09-08,1659.60,Other
13913,401,2025-01-01,4472.98,Cash
13914,408,2024-08-22,2946.12,Insurance
13915,473,2024-11-25,2992.32,Credit Card
13916,140,2025-09-18,1964.12,Insurance
13917,236,2026-03-13,2829.75,Credit Card
13918,234,2024-03-09,3344.86,Credit Card
13919,363,2025-05-26,1025.32,Cash
13920,334,2026-01-28,304.80,Insurance
13921,71,2025-05-04,4716.70,Credit Card
13922,495,2025-10-11,2331.04,Cash
13923,323,2024-09-08,1661.06,Insurance
13924,304,2024-10-10,4164.52,Insurance
13925,359,2026-01-16,383.05,Insurance
13926,249,2024-08-17,2135.77,Cash
13927,241,2026-01-29,1078.79,Credit Card
13928,61,2025-11-24,1301.37,Cash
13929,244,2024-09-20,3046.62,Cash
13930,4,2025-03-12,2550.26,Credit Card
13931,224,2024-05-28,265.94,Credit Card
13932,340,2024-04-20,3629.52,Credit Card
13933,114,2024-01-24,2932.94,Other
13934,219,2024-04-23,833.58,Other
13935,280,2024-12-17,2828.10,Cash
13936,197,2026-02-13,4322.90,Insurance
13937,344,2024-08-30,1189.71,Bank Transfer
13938,103,2025-01-25,2663.64,Bank Transfer
13939,360,2024-07-22,258.59,Credit Card
13940,341,2024-09-22,429.76,Other
13941,222,2026-03-18,1611.34,Credit Card
13942,113,2025-03-17,1501.15,Cash
13943,102,2024-01-25,3636.46,Insurance
13944,252,2024-11-24,346.65,Other
13945,384,2024-04-08,4952.07,Other
13946,358,2025-04-08,1693.23,Bank Transfer
13947,163,2025-10-31,1582.96,Other
13948,419,2024-01-16,1499.40,Insurance
13949,396,2025-10-12,2188.05,Other
13950,23,2025-01-02,3465.18,Bank Transfer
13951,72,2025-08-17,1698.26,Credit Card
13952,202,2024-07-18,1884.75,Cash
13953,143,2024-07-24,4589.14,Credit Card
13954,15,2025-04-20,1777.79,Insurance
13955,450,2025-02-07,1977.13,Credit Card
13956,1,2024-08-18,134.88,Insurance
13957,334,2024-01-06,575.25,Bank Transfer
13958,198,2025-03-26,2485.49,Cash
13959,407,2025-06-29,2775.94,Credit Card
13960,400,2024-05-26,1367.98,Other
13961,307,2024-07-21,357.44,Other
13962,346,2024-05-28,4791.85,Other
13963,12,2026-01-05,1747.74,Bank Transfer
13964,151,2025-11-11,1050.84,Cash
13965,81,2025-07-28,3665.85,Other
13966,95,2025-08-29,1384.34,Other
13967,20,2024-01-15,958.90,Bank Transfer
13968,50,2025-12-27,889.57,Cash
13969,107,2024-12-07,4477.98,Bank Transfer
13970,93,2024-11-25,3213.15,Other
13971,184,2025-12-02,4361.17,Bank Transfer
13972,262,2024-02-09,4134.36,Cash
13973,97,2024-05-08,1979.79,Bank Transfer
13974,249,2024-08-08,4824.25,Other
13975,486,2025-07-16,1319.52,Cash
13976,320,2025-04-26,3291.34,Other
13977,390,2025-12-18,4545.73,Bank Transfer
13978,109,2024-04-08,912.85,Other
13979,332,2025-01-12,1900.27,Credit Card
13980,231,2025-09-06,4672.60,Other
13981,391,2024-07-22,1942.46,Credit Card
13982,177,2024-11-05,2544.17,Cash
13983,60,2025-10-07,3457.26,Credit Card
13984,381,2024-03-27,4975.26,Bank Transfer
13985,493,2025-11-01,2538.75,Insurance
13986,15,2024-10-18,513.65,Other
13987,346,2025-04-20,4575.72,Insurance
13988,280,2025-01-25,4861.68,Cash
13989,234,2025-05-27,371.34,Cash
13990,196,2024-12-17,4757.87,Other
13991,234,2024-08-23,1129.88,Other
13992,393,2024-04-03,1541.25,Credit Card
13993,163,2025-11-04,4999.72,Other
13994,231,2024-07-24,4919.44,Credit Card
13995,178,2026-01-21,454.77,Bank Transfer
13996,492,2025-01-09,4014.95,Bank Transfer
13997,46,2024-12-22,3660.55,Insurance
13998,306,2024-06-21,3211.91,Other
13999,322,2025-12-24,1616.64,Cash
14000,468,2025-08-10,4122.51,Credit Card
14001,84,2025-03-22,4704.43,Insurance
14002,187,2025-10-18,2614.84,Credit Card
14003,460,2025-11-04,4548.69,Other
14004,58,2026-02-13,1378.10,Other
14005,98,2024-07-07,2786.67,Bank Transfer
14006,174,2025-04-06,3031.38,Other
14007,346,2024-02-27,1682.76,Credit Card
14008,242,2026-01-17,3994.30,Other
14009,389,2024-11-18,3257.78,Credit Card
14010,79,2024-06-25,3657.04,Bank Transfer
14011,326,2025-09-25,1123.82,Bank Transfer
14012,333,2025-03-17,1395.05,Cash
14013,7,2025-01-03,2193.42,Cash
14014,150,2024-03-31,3984.68,Cash
14015,413,2024-09-30,4195.90,Other
14016,195,2025-06-02,2919.13,Bank Transfer
14017,225,2024-03-06,3439.10,Insurance
14018,460,2025-05-30,1411.78,Insurance
14019,93,2025-05-30,2980.20,Credit Card
14020,1,2025-07-11,666.27,Cash
14021,302,2025-03-19,2278.84,Credit Card
14022,323,2025-09-13,2440.11,Credit Card
14023,414,2025-10-05,1930.47,Insurance
14024,459,2025-11-22,2221.01,Insurance
14025,104,2024-01-12,4070.34,Cash
14026,150,2024-02-01,2627.32,Cash
14027,332,2025-05-23,249.10,Bank Transfer
14028,406,2024-03-25,2306.74,Insurance
14029,175,2025-12-17,443.27,Insurance
14030,40,2024-02-01,4714.60,Credit Card
14031,249,2025-10-15,4437.09,Other
14032,459,2025-07-27,4231.78,Bank Transfer
14033,124,2024-08-13,3143.76,Insurance
14034,47,2025-09-17,1041.79,Other
14035,44,2026-03-06,265.65,Other
14036,375,2024-05-26,3905.16,Credit Card
14037,212,2025-04-10,3043.71,Cash
14038,442,2024-05-22,3666.98,Insurance
14039,294,2025-01-05,2867.28,Cash
14040,320,2024-07-17,836.34,Bank Transfer
14041,58,2025-07-17,3925.67,Other
14042,152,2024-08-22,3921.77,Other
14043,241,2025-12-07,3128.82,Cash
14044,253,2026-01-02,1455.04,Cash
14045,126,2025-09-30,4333.39,Credit Card
14046,491,2026-01-25,970.80,Bank Transfer
14047,89,2025-11-11,3290.84,Bank Transfer
14048,155,2024-08-10,2737.16,Cash
14049,419,2025-04-12,689.28,Other
14050,72,2024-08-02,2135.66,Insurance
14051,396,2025-09-08,2654.60,Cash
14052,146,2025-03-19,2821.51,Insurance
14053,372,2024-09-19,3024.45,Credit Card
14054,79,2025-03-13,4189.02,Bank Transfer
14055,90,2024-04-21,2436.63,Bank Transfer
14056,374,2024-10-10,3696.15,Cash
14057,49,2024-09-17,4967.08,Insurance
14058,51,2024-05-31,2225.84,Credit Card
14059,378,2026-01-04,3932.72,Cash
14060,170,2024-07-17,2094.36,Insurance
14061,37,2025-03-24,4731.45,Cash
14062,346,2024-08-25,4706.61,Credit Card
14063,496,2025-06-15,3298.30,Other
14064,29,2025-08-04,1975.15,Other
14065,181,2025-08-10,1491.88,Insurance
14066,307,2025-02-03,797.51,Credit Card
14067,447,2024-11-04,89.32,Other
14068,340,2024-02-22,4640.41,Insurance
14069,124,2025-03-08,4592.83,Bank Transfer
14070,202,2024-03-22,459.79,Insurance
14071,379,2026-02-13,1329.66,Insurance
14072,355,2024-09-22,3078.17,Cash
14073,390,2024-05-01,4253.62,Bank Transfer
14074,102,2025-09-29,192.57,Cash
14075,182,2025-08-13,3139.72,Insurance
14076,99,2025-02-13,4304.43,Credit Card
14077,405,2024-11-30,3758.43,Cash
14078,331,2025-04-25,281.30,Cash
14079,322,2025-09-27,832.14,Other
14080,192,2024-01-03,3217.16,Cash
14081,418,2025-06-15,2135.28,Insurance
14082,41,2024-01-08,4450.85,Cash
14083,376,2025-12-07,2189.71,Cash
14084,146,2025-10-08,3208.10,Other
14085,101,2025-08-10,3405.46,Other
14086,27,2026-03-16,1769.44,Bank Transfer
14087,406,2024-11-10,875.66,Other
14088,164,2024-04-29,4794.65,Cash
14089,128,2025-10-18,1964.14,Credit Card
14090,218,2024-12-09,3770.14,Credit Card
14091,106,2025-01-20,1695.31,Bank Transfer
14092,125,2025-03-17,2853.88,Credit Card
14093,2,2025-04-02,1882.07,Bank Transfer
14094,74,2024-11-25,1766.92,Credit Card
14095,153,2026-01-14,3485.33,Credit Card
14096,364,2026-01-26,706.99,Bank Transfer
14097,43,2024-11-28,3389.48,Other
14098,283,2024-02-10,3801.07,Insurance
14099,74,2025-07-19,1700.84,Cash
14100,15,2025-05-14,1134.57,Other
14101,317,2024-11-27,134.77,Cash
14102,454,2025-07-14,4454.31,Bank Transfer
14103,41,2024-01-10,3805.19,Bank Transfer
14104,60,2025-12-13,4103.17,Cash
14105,293,2024-07-27,469.34,Bank Transfer
14106,163,2024-01-16,1591.62,Cash
14107,323,2025-01-09,2549.55,Credit Card
14108,71,2025-06-23,777.82,Other
14109,184,2025-04-22,3548.22,Cash
14110,86,2025-07-30,2807.58,Cash
14111,499,2025-04-07,3551.69,Cash
14112,312,2026-02-24,3218.40,Insurance
14113,15,2024-12-18,4647.52,Credit Card
14114,262,2025-01-04,4663.88,Insurance
14115,76,2024-12-14,1663.09,Other
14116,40,2025-12-15,3767.55,Credit Card
14117,383,2025-03-02,4637.87,Insurance
14118,473,2024-03-27,3882.76,Other
14119,17,2024-02-22,3101.80,Insurance
14120,80,2024-10-08,4606.27,Other
14121,191,2024-11-28,769.51,Credit Card
14122,435,2024-05-18,567.54,Bank Transfer
14123,190,2025-02-18,3425.43,Cash
14124,344,2024-10-11,3312.83,Cash
14125,138,2024-11-27,3425.92,Other
14126,412,2024-09-25,4546.63,Insurance
14127,452,2025-04-11,1659.99,Insurance
14128,83,2025-01-24,3124.43,Bank Transfer
14129,90,2026-01-11,851.70,Other
14130,75,2025-04-12,575.15,Insurance
14131,411,2025-08-30,4797.09,Insurance
14132,411,2025-04-02,1615.69,Bank Transfer
14133,322,2025-06-14,1276.30,Cash
14134,41,2024-02-27,2685.72,Cash
14135,85,2024-07-15,1376.23,Other
14136,309,2024-09-10,4113.46,Credit Card
14137,200,2024-10-25,3208.54,Cash
14138,345,2024-04-29,2749.27,Insurance
14139,167,2025-09-19,2640.05,Cash
14140,240,2026-01-28,4484.85,Insurance
14141,473,2024-01-06,2788.99,Cash
14142,243,2025-09-07,1453.25,Insurance
14143,211,2025-12-30,592.38,Cash
14144,104,2024-01-25,3654.45,Bank Transfer
14145,197,2024-05-29,4882.86,Credit Card
14146,44,2024-07-13,4518.31,Cash
14147,493,2025-02-13,1354.14,Credit Card
14148,346,2024-01-26,3314.69,Other
14149,192,2025-06-29,2371.47,Cash
14150,347,2024-03-11,3509.99,Credit Card
14151,381,2026-01-27,499.51,Credit Card
14152,26,2026-02-05,1727.70,Cash
14153,414,2025-01-03,577.25,Bank Transfer
14154,313,2024-08-15,1042.10,Credit Card
14155,189,2024-03-23,1080.13,Credit Card
14156,274,2025-03-19,4882.52,Credit Card
14157,295,2025-09-18,2281.84,Bank Transfer
14158,223,2025-07-13,806.87,Credit Card
14159,260,2024-12-13,2396.09,Cash
14160,67,2025-01-12,2265.25,Credit Card
14161,449,2024-10-05,235.42,Bank Transfer
14162,99,2024-09-12,2839.12,Other
14163,468,2025-10-22,90.90,Credit Card
14164,216,2024-12-13,3052.94,Insurance
14165,206,2024-12-05,156.18,Other
14166,483,2024-08-29,4160.16,Credit Card
14167,488,2024-02-15,330.28,Insurance
14168,101,2025-07-19,2742.31,Cash
14169,243,2025-05-15,697.78,Credit Card
14170,8,2024-03-30,102.29,Credit Card
14171,444,2024-06-26,2601.77,Credit Card
14172,44,2024-03-25,378.34,Cash
14173,447,2024-07-11,3075.18,Insurance
14174,150,2025-04-30,809.54,Other
14175,466,2025-01-16,2204.61,Bank Transfer
14176,479,2025-03-09,3292.33,Bank Transfer
14177,251,2025-12-18,4457.39,Credit Card
14178,358,2024-02-13,4037.34,Credit Card
14179,470,2024-01-20,2133.59,Cash
14180,93,2025-05-31,3983.45,Bank Transfer
14181,294,2025-03-15,3211.09,Insurance
14182,321,2025-11-03,583.14,Bank Transfer
14183,496,2025-12-17,2790.86,Cash
14184,96,2024-07-25,205.50,Other
14185,39,2024-06-26,4734.55,Other
14186,457,2025-04-30,2660.07,Cash
14187,330,2025-10-07,4489.50,Cash
14188,408,2024-05-13,1750.05,Insurance
14189,22,2025-03-12,4138.32,Cash
14190,72,2024-05-23,1983.20,Cash
14191,348,2025-03-04,3477.92,Bank Transfer
14192,375,2024-06-26,1289.14,Other
14193,222,2024-10-05,455.89,Bank Transfer
14194,381,2025-06-07,956.90,Cash
14195,103,2025-12-14,2709.09,Bank Transfer
14196,85,2025-07-27,4712.81,Credit Card
14197,118,2024-07-24,156.47,Insurance
14198,490,2024-07-27,2358.52,Bank Transfer
14199,110,2024-11-13,2522.28,Insurance
14200,143,2025-01-23,1521.29,Credit Card
14201,99,2024-01-16,1802.88,Bank Transfer
14202,332,2024-11-10,3486.26,Credit Card
14203,59,2024-06-09,1577.22,Credit Card
14204,267,2024-08-05,1699.08,Other
14205,322,2024-09-17,1998.57,Cash
14206,31,2025-11-05,2090.65,Cash
14207,458,2024-10-14,295.19,Credit Card
14208,198,2025-05-22,2163.91,Cash
14209,70,2024-08-15,1785.92,Insurance
14210,294,2024-04-17,4021.36,Cash
14211,326,2024-07-11,1021.06,Insurance
14212,461,2025-04-08,3569.36,Bank Transfer
14213,459,2025-12-27,3814.21,Other
14214,5,2025-02-08,930.62,Insurance
14215,499,2024-01-09,4830.83,Other
14216,200,2025-04-05,4026.50,Other
14217,171,2024-03-28,1518.81,Cash
14218,206,2025-01-17,3504.90,Bank Transfer
14219,163,2026-01-24,4607.05,Insurance
14220,421,2025-12-01,2242.67,Bank Transfer
14221,467,2024-10-08,4706.09,Cash
14222,484,2025-10-09,3724.20,Cash
14223,344,2025-03-24,480.92,Insurance
14224,85,2026-02-03,445.25,Insurance
14225,210,2024-07-16,2962.90,Insurance
14226,92,2025-04-11,2994.55,Bank Transfer
14227,139,2025-11-02,3140.11,Credit Card
14228,30,2024-10-27,316.51,Insurance
14229,380,2024-10-19,2818.39,Insurance
14230,40,2024-01-12,757.72,Cash
14231,138,2025-09-19,1075.05,Other
14232,196,2025-11-20,4540.85,Cash
14233,52,2025-04-27,2407.13,Bank Transfer
14234,149,2025-09-19,1438.34,Cash
14235,418,2024-09-03,1933.09,Insurance
14236,430,2024-02-11,2329.03,Other
14237,317,2024-04-29,545.94,Cash
14238,422,2024-02-27,3592.16,Cash
14239,34,2024-05-27,3732.46,Other
14240,110,2025-10-26,2226.95,Credit Card
14241,179,2026-01-14,2069.46,Credit Card
14242,17,2024-05-26,4617.64,Other
14243,417,2024-08-25,4068.90,Insurance
14244,66,2025-10-10,318.97,Credit Card
14245,364,2025-06-01,2930.59,Bank Transfer
14246,28,2024-02-28,1703.28,Cash
14247,113,2024-03-10,1974.68,Other
14248,493,2026-01-02,2347.29,Cash
14249,78,2024-02-17,1801.18,Cash
14250,67,2024-05-30,3332.33,Credit Card
14251,248,2024-03-23,3654.17,Credit Card
14252,12,2025-09-05,352.56,Bank Transfer
14253,419,2025-01-27,1956.50,Cash
14254,72,2025-09-25,2034.16,Credit Card
14255,39,2024-03-14,4651.13,Insurance
14256,295,2025-05-01,549.97,Insurance
14257,357,2024-03-13,4833.99,Credit Card
14258,214,2025-05-26,4493.08,Credit Card
14259,465,2024-03-21,1391.46,Insurance
14260,239,2026-01-22,1442.34,Insurance
14261,446,2024-12-01,225.82,Insurance
14262,63,2025-11-06,1823.42,Insurance
14263,56,2025-07-19,3150.73,Cash
14264,378,2024-09-01,1561.72,Insurance
14265,36,2025-05-24,2038.48,Cash
14266,338,2024-07-18,4295.63,Other
14267,281,2025-07-09,3915.18,Insurance
14268,446,2025-04-20,4175.72,Bank Transfer
14269,408,2025-08-22,3876.78,Other
14270,246,2024-08-10,2236.39,Insurance
14271,338,2024-06-21,2056.94,Other
14272,62,2024-05-05,2419.10,Other
14273,200,2024-07-18,2862.44,Cash
14274,249,2025-09-03,903.20,Credit Card
14275,363,2025-07-07,2529.74,Credit Card
14276,141,2024-01-19,3368.65,Bank Transfer
14277,259,2025-01-30,860.97,Credit Card
14278,273,2024-01-30,2604.77,Insurance
14279,312,2024-06-17,2309.71,Credit Card
14280,59,2024-01-15,3402.48,Other
14281,234,2024-08-31,2398.65,Bank Transfer
14282,89,2025-10-19,1504.19,Credit Card
14283,416,2024-11-22,4401.46,Insurance
14284,154,2025-06-11,61.16,Other
14285,293,2024-09-17,331.04,Credit Card
14286,225,2025-08-11,1135.28,Bank Transfer
14287,239,2025-09-03,4051.06,Insurance
14288,159,2024-08-26,2768.60,Insurance
14289,393,2024-07-15,1078.22,Insurance
14290,83,2024-06-16,1459.91,Insurance
14291,144,2024-10-04,671.42,Insurance
14292,394,2026-03-05,862.79,Credit Card
14293,52,2026-01-17,4090.32,Credit Card
14294,459,2024-01-08,4263.49,Cash
14295,4,2025-10-15,1705.65,Cash
14296,84,2026-01-22,3092.10,Other
14297,213,2025-09-22,987.41,Cash
14298,153,2025-09-14,1826.12,Insurance
14299,333,2024-10-19,296.47,Bank Transfer
14300,82,2025-03-25,235.33,Credit Card
14301,4,2024-07-23,2128.24,Cash
14302,116,2025-01-25,4183.76,Insurance
14303,114,2025-08-12,2729.99,Other
14304,141,2025-12-09,970.94,Other
14305,43,2024-06-02,347.83,Other
14306,310,2024-12-24,1386.67,Cash
14307,115,2025-01-15,4369.43,Insurance
14308,65,2024-06-14,2569.41,Other
14309,48,2024-01-18,2764.22,Cash
14310,437,2024-02-05,207.73,Other
14311,51,2026-01-15,3021.58,Insurance
14312,201,2024-12-09,2368.26,Bank Transfer
14313,61,2024-02-22,3940.98,Cash
14314,97,2024-04-13,2956.85,Cash
14315,395,2024-03-24,627.22,Insurance
14316,336,2024-01-07,2701.60,Insurance
14317,477,2025-07-28,3747.81,Credit Card
14318,435,2024-08-27,2593.29,Bank Transfer
14319,152,2025-05-22,2085.71,Other
14320,134,2025-04-20,4895.38,Insurance
14321,161,2024-02-03,3468.08,Insurance
14322,472,2024-07-22,1435.94,Insurance
14323,5,2025-08-21,1395.50,Bank Transfer
14324,153,2024-07-01,2498.24,Cash
14325,246,2025-02-19,2137.13,Bank Transfer
14326,148,2024-04-29,292.12,Insurance
14327,63,2025-08-10,872.08,Other
14328,401,2025-10-11,4980.04,Cash
14329,361,2024-05-21,751.84,Cash
14330,454,2025-12-29,1224.25,Other
14331,253,2025-12-02,4911.24,Insurance
14332,107,2025-11-28,2696.21,Bank Transfer
14333,71,2025-08-21,3662.55,Other
14334,158,2025-01-24,3827.25,Credit Card
14335,71,2024-09-05,2914.00,Other
14336,70,2024-11-02,3724.40,Cash
14337,380,2024-10-19,3696.48,Insurance
14338,484,2026-02-25,1873.96,Bank Transfer
14339,22,2024-06-18,3115.74,Credit Card
14340,202,2025-01-30,2506.05,Credit Card
14341,55,2025-03-09,2289.95,Bank Transfer
14342,15,2024-11-10,983.44,Bank Transfer
14343,147,2024-09-01,389.60,Other
14344,229,2025-12-09,1851.65,Credit Card
14345,115,2025-08-17,2295.76,Credit Card
14346,263,2024-01-09,4824.19,Other
14347,253,2024-01-24,4106.88,Credit Card
14348,262,2024-09-17,1801.10,Cash
14349,60,2024-12-30,3846.62,Insurance
14350,22,2025-04-11,3018.77,Bank Transfer
14351,283,2025-12-18,572.14,Credit Card
14352,491,2025-09-09,2614.62,Credit Card
14353,298,2025-06-10,4272.93,Cash
14354,322,2024-01-07,3668.31,Other
14355,202,2024-02-11,1550.81,Cash
14356,178,2025-08-26,1157.11,Other
14357,169,2024-02-24,4279.77,Other
14358,37,2025-06-19,384.52,Other
14359,194,2025-12-13,2856.58,Bank Transfer
14360,330,2025-01-07,1098.18,Insurance
14361,49,2026-01-17,1622.16,Other
14362,241,2026-01-18,1348.42,Credit Card
14363,118,2024-07-13,1525.69,Bank Transfer
14364,37,2024-05-07,3866.93,Other
14365,92,2025-10-14,3716.08,Bank Transfer
14366,425,2025-10-21,557.58,Bank Transfer
14367,478,2025-06-30,2027.25,Bank Transfer
14368,15,2024-05-26,877.12,Other
14369,135,2025-10-20,2533.89,Cash
14370,355,2026-02-09,792.15,Credit Card
14371,5,2026-01-24,1547.74,Insurance
14372,87,2025-06-22,2266.96,Credit Card
14373,335,2025-09-22,4624.22,Credit Card
14374,354,2024-12-24,2811.28,Insurance
14375,435,2024-05-18,633.52,Cash
14376,467,2025-06-30,3218.09,Cash
14377,457,2026-01-05,2824.07,Cash
14378,372,2025-05-04,629.32,Insurance
14379,288,2024-02-21,2841.80,Other
14380,202,2025-01-18,2904.83,Bank Transfer
14381,486,2024-11-04,398.24,Insurance
14382,398,2024-07-30,929.94,Credit Card
14383,152,2025-10-24,832.00,Cash
14384,458,2024-07-21,2547.92,Insurance
14385,61,2025-03-25,1630.00,Bank Transfer
14386,215,2024-11-30,370.39,Credit Card
14387,331,2025-11-26,3134.28,Bank Transfer
14388,476,2024-06-21,2035.35,Cash
14389,331,2025-10-07,3173.44,Cash
14390,293,2024-10-27,4054.88,Credit Card
14391,135,2025-06-14,4942.73,Credit Card
14392,14,2026-02-28,1815.51,Bank Transfer
14393,234,2026-01-16,3477.34,Cash
14394,277,2024-12-17,1471.58,Cash
14395,352,2024-05-12,1469.34,Bank Transfer
14396,250,2025-06-18,2799.02,Bank Transfer
14397,109,2024-02-25,139.43,Bank Transfer
14398,356,2024-01-17,2348.99,Credit Card
14399,167,2024-07-15,1673.32,Credit Card
14400,131,2024-11-12,4841.38,Other
14401,78,2025-08-20,3417.00,Bank Transfer
14402,339,2025-04-25,4582.33,Other
14403,236,2025-07-14,1959.30,Cash
14404,69,2025-07-26,3812.57,Cash
14405,29,2024-08-07,1311.42,Credit Card
14406,441,2025-10-31,875.87,Insurance
14407,67,2024-10-08,4647.28,Insurance
14408,366,2026-01-12,2500.41,Bank Transfer
14409,40,2025-02-09,1995.44,Insurance
14410,117,2024-01-02,1253.51,Cash
14411,254,2025-11-07,790.56,Cash
14412,218,2024-06-16,3453.66,Bank Transfer
14413,88,2024-03-09,2104.52,Other
14414,196,2024-03-09,3402.90,Insurance
14415,222,2024-02-11,62.59,Cash
14416,323,2024-11-02,331.99,Other
14417,371,2024-07-11,3864.63,Other
14418,99,2025-03-19,3407.96,Insurance
14419,198,2025-02-09,3826.45,Insurance
14420,458,2024-02-02,2562.72,Other
14421,495,2024-12-11,3483.27,Other
14422,486,2025-06-01,4234.05,Credit Card
14423,322,2025-04-29,4375.72,Cash
14424,107,2024-12-04,3163.12,Other
14425,140,2025-01-01,1081.25,Insurance
14426,255,2025-10-06,2865.80,Credit Card
14427,147,2024-05-01,2355.42,Cash
14428,130,2025-05-23,462.48,Bank Transfer
14429,492,2025-09-01,734.30,Cash
14430,72,2025-12-13,645.00,Bank Transfer
14431,412,2025-05-30,2698.04,Insurance
14432,497,2024-01-29,3999.71,Credit Card
14433,73,2024-02-06,4479.36,Cash
14434,363,2024-09-28,4860.69,Insurance
14435,265,2026-01-10,2863.44,Cash
14436,27,2025-08-16,4340.51,Other
14437,451,2025-06-30,4764.79,Insurance
14438,167,2025-03-17,2420.93,Credit Card
14439,101,2026-02-02,1393.05,Bank Transfer
14440,301,2025-05-28,3419.04,Cash
14441,382,2025-12-18,2438.81,Insurance
14442,168,2025-12-18,900.08,Insurance
14443,369,2025-03-12,3007.45,Other
14444,312,2024-12-03,130.56,Cash
14445,5,2024-11-27,965.81,Bank Transfer
14446,204,2024-10-10,826.19,Credit Card
14447,152,2026-03-18,3385.55,Other
14448,223,2024-04-29,979.94,Insurance
14449,195,2024-03-17,4020.73,Bank Transfer
14450,4,2024-01-02,583.59,Credit Card
14451,257,2026-03-08,2590.17,Cash
14452,149,2024-09-02,1553.30,Other
14453,348,2024-06-26,1448.21,Credit Card
14454,441,2025-07-20,2616.82,Insurance
14455,237,2025-05-06,4325.90,Credit Card
14456,153,2024-07-25,1203.46,Cash
14457,203,2025-08-02,1612.86,Bank Transfer
14458,324,2024-06-11,870.54,Cash
14459,11,2024-03-29,911.41,Bank Transfer
14460,33,2024-05-08,2775.73,Credit Card
14461,244,2024-01-18,3532.87,Other
14462,414,2024-03-01,219.97,Cash
14463,81,2024-07-02,1426.34,Credit Card
14464,450,2025-04-18,2851.92,Credit Card
14465,50,2025-02-08,2001.48,Credit Card
14466,452,2024-10-11,470.75,Other
14467,10,2025-06-10,489.49,Bank Transfer
14468,481,2025-05-09,3893.90,Other
14469,435,2026-01-13,1582.02,Cash
14470,183,2024-05-21,1212.19,Other
14471,281,2024-06-07,3637.41,Cash
14472,367,2025-12-15,4177.46,Credit Card
14473,38,2024-05-12,3707.72,Credit Card
14474,271,2025-04-27,3944.77,Cash
14475,229,2025-02-10,3052.98,Cash
14476,147,2024-02-01,788.46,Other
14477,129,2025-09-15,3964.48,Cash
14478,311,2024-05-30,2982.44,Credit Card
14479,248,2024-06-21,3879.89,Other
14480,229,2024-11-03,1809.40,Other
14481,118,2024-12-23,1763.47,Insurance
14482,76,2026-02-09,4090.88,Bank Transfer
14483,68,2026-01-28,225.33,Insurance
14484,211,2024-07-31,1207.64,Cash
14485,404,2024-03-16,885.78,Cash
14486,163,2024-05-06,4682.43,Bank Transfer
14487,469,2025-12-23,3371.95,Other
14488,267,2024-10-12,701.21,Insurance
14489,282,2025-07-29,1901.30,Cash
14490,16,2024-04-30,681.06,Credit Card
14491,293,2025-05-06,2692.68,Insurance
14492,135,2024-12-03,4189.12,Insurance
14493,249,2025-07-17,2629.90,Cash
14494,190,2025-11-19,620.52,Cash
14495,451,2025-09-20,4392.86,Cash
14496,44,2024-08-12,3198.62,Bank Transfer
14497,483,2024-01-30,3351.97,Cash
14498,218,2024-06-14,3728.19,Insurance
14499,88,2025-08-10,2396.26,Cash
14500,83,2025-05-07,3860.80,Other
14501,78,2024-07-09,882.38,Bank Transfer
14502,479,2024-07-04,4844.63,Credit Card
14503,74,2025-12-11,1066.59,Other
14504,481,2025-10-13,2330.05,Cash
14505,359,2024-04-03,3554.72,Insurance
14506,282,2026-02-09,4027.68,Cash
14507,121,2024-07-24,1374.63,Credit Card
14508,232,2024-09-15,4722.93,Credit Card
14509,398,2025-03-01,3611.51,Credit Card
14510,424,2026-02-13,722.62,Other
14511,269,2024-07-10,2442.23,Cash
14512,198,2025-03-11,760.50,Bank Transfer
14513,97,2026-03-04,2882.25,Credit Card
14514,451,2024-09-28,722.21,Insurance
14515,293,2024-07-12,4543.91,Insurance
14516,81,2025-11-05,3132.61,Insurance
14517,176,2024-06-05,880.26,Insurance
14518,176,2025-06-25,2567.42,Other
14519,232,2024-05-04,1450.45,Insurance
14520,173,2024-09-12,3389.36,Credit Card
14521,135,2025-04-19,3029.39,Cash
14522,103,2024-05-08,2632.25,Bank Transfer
14523,376,2024-02-19,1378.62,Bank Transfer
14524,221,2025-01-03,2192.74,Other
14525,359,2024-11-15,2728.72,Credit Card
14526,493,2025-02-03,3724.42,Insurance
14527,300,2024-05-14,4536.05,Cash
14528,279,2025-09-29,3627.85,Bank Transfer
14529,207,2024-04-19,3467.44,Cash
14530,465,2024-01-23,2398.57,Bank Transfer
14531,246,2025-08-07,367.21,Other
14532,277,2024-06-07,2149.15,Cash
14533,244,2024-03-04,490.00,Credit Card
14534,400,2025-03-06,1211.64,Bank Transfer
14535,115,2024-01-31,59.00,Bank Transfer
14536,330,2025-03-18,1812.13,Credit Card
14537,81,2026-03-02,3055.51,Other
14538,89,2025-07-25,162.12,Bank Transfer
14539,119,2024-12-29,4204.76,Other
14540,139,2025-06-06,883.73,Insurance
14541,38,2026-02-17,3894.71,Insurance
14542,285,2024-05-09,363.31,Credit Card
14543,281,2024-12-29,521.82,Insurance
14544,222,2024-07-21,3951.60,Other
14545,136,2025-08-14,2796.66,Bank Transfer
14546,63,2024-07-17,1524.02,Insurance
14547,430,2024-02-21,2833.24,Cash
14548,445,2025-05-21,2392.55,Credit Card
14549,150,2024-08-02,1139.23,Bank Transfer
14550,454,2025-05-01,4543.71,Other
14551,341,2025-11-02,3637.53,Bank Transfer
14552,385,2024-11-22,1845.63,Credit Card
14553,14,2025-08-20,1880.38,Insurance
14554,214,2024-04-14,3440.01,Other
14555,2,2024-03-04,3558.56,Insurance
14556,122,2024-09-21,2289.90,Credit Card
14557,275,2024-06-06,2809.59,Other
14558,71,2024-12-07,2866.94,Insurance
14559,276,2025-01-09,1553.74,Bank Transfer
14560,163,2024-01-19,4688.32,Cash
14561,396,2024-11-18,2761.63,Insurance
14562,331,2025-09-07,3957.27,Cash
14563,402,2024-10-13,2550.29,Cash
14564,462,2025-01-24,246.25,Insurance
14565,240,2025-11-03,4747.40,Credit Card
14566,454,2024-10-13,3557.45,Other
14567,497,2025-12-10,1171.94,Other
14568,66,2024-07-16,480.30,Credit Card
14569,4,2024-12-03,4414.82,Other
14570,27,2024-11-02,4693.70,Other
14571,451,2026-01-21,1516.34,Cash
14572,402,2025-06-02,4829.47,Other
14573,151,2024-01-03,3114.45,Credit Card
14574,444,2024-09-28,2495.76,Bank Transfer
14575,464,2025-05-15,3132.07,Insurance
14576,290,2025-05-11,2602.51,Insurance
14577,262,2025-03-11,820.52,Bank Transfer
14578,472,2025-06-15,1011.36,Bank Transfer
14579,18,2025-08-14,628.98,Insurance
14580,57,2024-10-03,2440.79,Insurance
14581,18,2024-08-29,3867.61,Other
14582,102,2025-08-26,1831.28,Other
14583,374,2025-07-23,3276.47,Credit Card
14584,165,2024-07-25,1186.31,Credit Card
14585,77,2025-09-28,2178.65,Insurance
14586,167,2024-02-25,2210.81,Insurance
14587,336,2025-12-08,3074.82,Credit Card
14588,364,2025-10-24,1748.58,Bank Transfer
14589,295,2024-02-17,1321.09,Cash
14590,367,2026-02-01,2745.47,Bank Transfer
14591,260,2026-02-03,4917.08,Insurance
14592,82,2024-07-23,2857.15,Credit Card
14593,318,2025-02-02,2493.41,Bank Transfer
14594,125,2024-09-19,3383.61,Cash
14595,420,2025-10-27,1375.20,Insurance
14596,37,2025-05-24,3293.60,Cash
14597,476,2025-03-23,1526.88,Credit Card
14598,499,2026-01-31,2439.38,Bank Transfer
14599,73,2025-10-09,4565.97,Other
14600,424,2024-01-16,382.62,Credit Card
14601,151,2025-12-28,3749.68,Insurance
14602,301,2024-11-01,4443.94,Bank Transfer
14603,177,2025-08-04,1465.45,Bank Transfer
14604,27,2024-01-05,1540.88,Cash
14605,230,2025-04-07,4120.54,Insurance
14606,448,2025-04-14,4072.65,Credit Card
14607,452,2024-02-02,76.30,Bank Transfer
14608,296,2025-09-09,3679.63,Cash
14609,399,2024-04-24,1606.82,Other
14610,293,2024-06-13,2044.10,Bank Transfer
14611,26,2025-07-24,3182.36,Cash
14612,10,2026-01-06,2720.67,Insurance
14613,80,2024-10-20,194.66,Credit Card
14614,10,2024-12-07,3471.43,Bank Transfer
14615,219,2025-01-04,4408.92,Insurance
14616,450,2025-06-22,2235.71,Bank Transfer
14617,330,2026-01-19,4221.43,Insurance
14618,257,2024-11-16,4535.77,Other
14619,124,2026-01-09,778.75,Other
14620,446,2025-03-21,990.90,Insurance
14621,112,2024-03-20,4369.33,Credit Card
14622,309,2025-07-25,839.43,Other
14623,388,2025-07-17,2621.35,Other
14624,3,2026-02-22,3497.35,Cash
14625,209,2025-09-10,3141.30,Insurance
14626,487,2025-02-27,3756.85,Insurance
14627,3,2025-06-01,2185.98,Credit Card
14628,296,2024-12-30,1994.75,Insurance
14629,169,2025-07-22,1366.20,Credit Card
14630,64,2025-08-21,2485.13,Bank Transfer
14631,127,2025-01-27,809.50,Cash
14632,430,2024-09-20,4577.13,Cash
14633,323,2025-10-03,2479.53,Credit Card
14634,465,2024-06-02,4949.88,Credit Card
14635,10,2024-11-04,2595.77,Insurance
14636,441,2025-04-15,3869.84,Credit Card
14637,451,2025-06-20,2535.96,Credit Card
14638,248,2025-10-04,2795.37,Credit Card
14639,271,2025-10-11,3769.16,Bank Transfer
14640,298,2025-12-11,2032.57,Credit Card
14641,321,2024-10-29,4959.56,Cash
14642,336,2026-02-04,3785.38,Cash
14643,195,2024-09-19,3557.19,Insurance
14644,494,2025-10-24,2281.61,Other
14645,128,2024-10-09,4301.30,Credit Card
14646,310,2025-06-28,2110.67,Bank Transfer
14647,273,2024-05-15,3134.13,Credit Card
14648,95,2025-08-04,4173.20,Bank Transfer
14649,116,2024-05-15,853.28,Insurance
14650,391,2024-04-21,4525.66,Cash
14651,164,2024-05-11,1077.13,Bank Transfer
14652,372,2025-05-17,2618.54,Bank Transfer
14653,488,2025-07-19,610.70,Other
14654,32,2024-07-03,3974.91,Bank Transfer
14655,357,2024-10-15,3852.16,Bank Transfer
14656,264,2024-05-13,2500.47,Other
14657,316,2024-03-09,1439.55,Bank Transfer
14658,486,2024-04-26,3678.08,Insurance
14659,356,2025-08-23,335.85,Insurance
14660,415,2024-09-01,2533.17,Bank Transfer
14661,16,2024-01-19,1561.48,Bank Transfer
14662,93,2025-01-18,4597.07,Insurance
14663,161,2024-10-11,1982.28,Cash
14664,207,2025-05-16,3041.07,Insurance
14665,258,2025-07-14,2565.98,Credit Card
14666,128,2024-10-29,3528.01,Other
14667,474,2024-01-10,2886.03,Other
14668,211,2024-09-03,50.49,Bank Transfer
14669,384,2025-02-14,4226.46,Bank Transfer
14670,165,2024-02-23,3296.96,Insurance
14671,500,2025-02-14,3315.52,Bank Transfer
14672,379,2025-05-11,2592.35,Cash
14673,117,2024-08-26,3084.17,Cash
14674,246,2024-11-03,2205.67,Other
14675,207,2025-08-07,570.37,Cash
14676,452,2024-12-05,4327.89,Insurance
14677,477,2025-10-21,3680.28,Credit Card
14678,480,2025-01-09,2528.81,Insurance
14679,254,2025-01-28,2009.15,Cash
14680,454,2025-03-22,415.69,Other
14681,283,2025-12-05,2215.33,Bank Transfer
14682,332,2024-02-22,1893.43,Credit Card
14683,251,2025-03-07,2238.31,Cash
14684,355,2024-09-17,459.51,Cash
14685,6,2025-02-12,492.24,Credit Card
14686,442,2026-03-02,4094.80,Bank Transfer
14687,74,2024-03-04,2049.87,Cash
14688,161,2025-04-04,3000.36,Credit Card
14689,139,2025-12-24,666.72,Credit Card
14690,33,2025-12-17,4125.09,Bank Transfer
14691,258,2026-01-24,2727.79,Cash
14692,139,2024-12-13,4114.34,Other
14693,452,2024-11-28,2039.66,Bank Transfer
14694,216,2026-02-23,211.81,Credit Card
14695,239,2025-03-25,4853.60,Cash
14696,391,2024-05-02,2558.79,Credit Card
14697,331,2024-09-15,4395.04,Cash
14698,435,2024-11-22,4041.39,Cash
14699,93,2025-01-18,3552.89,Credit Card
14700,71,2024-01-09,2033.88,Cash
14701,464,2025-08-14,1298.83,Cash
14702,229,2024-08-25,2406.65,Cash
14703,465,2024-10-20,3275.26,Credit Card
14704,449,2024-04-26,1479.03,Cash
14705,81,2024-02-12,2991.57,Cash
14706,358,2024-02-29,3663.39,Other
14707,127,2026-01-01,1336.09,Other
14708,216,2024-07-11,3452.16,Bank Transfer
14709,163,2025-03-28,4148.56,Insurance
14710,382,2024-11-17,1336.72,Insurance
14711,445,2024-07-02,4638.93,Bank Transfer
14712,466,2024-10-23,367.15,Credit Card
14713,483,2026-03-20,1650.29,Credit Card
14714,50,2026-02-01,447.87,Cash
14715,410,2026-01-28,4542.65,Insurance
14716,299,2025-03-26,3591.09,Credit Card
14717,441,2025-02-09,2033.15,Bank Transfer
14718,2,2026-01-31,3747.08,Other
14719,18,2024-02-13,4890.65,Bank Transfer
14720,101,2025-06-08,2003.74,Bank Transfer
14721,94,2025-02-21,4275.65,Bank Transfer
14722,44,2025-07-18,3738.08,Insurance
14723,495,2026-01-09,4993.13,Bank Transfer
14724,104,2025-09-23,247.19,Cash
14725,319,2024-01-02,4700.68,Bank Transfer
14726,288,2026-02-12,1420.19,Other
14727,393,2024-04-04,1259.03,Other
14728,440,2024-12-19,2119.73,Bank Transfer
14729,462,2025-02-27,1750.32,Insurance
14730,203,2025-02-09,1234.81,Cash
14731,354,2025-07-19,96.60,Bank Transfer
14732,131,2024-08-07,2368.93,Cash
14733,441,2025-02-04,2270.79,Other
14734,257,2025-04-17,1602.85,Cash
14735,379,2025-11-24,3571.84,Bank Transfer
14736,373,2025-02-11,1348.87,Insurance
14737,12,2025-12-16,4263.40,Credit Card
14738,468,2024-11-18,3580.89,Cash
14739,17,2024-10-02,2756.37,Credit Card
14740,389,2025-05-31,312.91,Insurance
14741,384,2024-10-20,1770.94,Insurance
14742,309,2025-02-14,2045.83,Insurance
14743,151,2025-07-03,2879.05,Insurance
14744,103,2025-10-22,76.93,Credit Card
14745,107,2026-02-17,365.05,Other
14746,347,2026-03-20,2857.69,Insurance
14747,199,2024-06-14,2018.34,Insurance
14748,305,2024-12-16,4237.95,Credit Card
14749,357,2025-02-03,3846.79,Insurance
14750,144,2025-08-09,1996.01,Credit Card
14751,460,2024-05-02,3895.31,Insurance
14752,221,2024-12-22,3652.57,Other
14753,270,2025-02-12,3304.47,Other
14754,58,2026-01-08,4248.15,Credit Card
14755,180,2024-05-03,3220.19,Cash
14756,476,2024-08-11,1178.30,Other
14757,301,2025-05-26,2408.35,Insurance
14758,26,2025-08-10,4431.90,Bank Transfer
14759,35,2025-01-24,4815.07,Other
14760,158,2024-03-04,4440.97,Cash
14761,439,2025-01-08,2442.14,Credit Card
14762,419,2025-03-10,1227.07,Insurance
14763,41,2025-09-09,3777.27,Cash
14764,221,2024-05-26,4898.10,Other
14765,97,2026-03-06,1963.16,Cash
14766,202,2024-11-21,605.93,Insurance
14767,259,2026-03-02,103.42,Credit Card
14768,49,2024-09-22,4742.29,Credit Card
14769,331,2025-04-22,1871.02,Other
14770,76,2025-03-14,658.28,Credit Card
14771,219,2024-09-26,4985.36,Bank Transfer
14772,22,2025-03-25,2932.41,Credit Card
14773,337,2024-01-26,3178.43,Credit Card
14774,492,2024-09-09,521.63,Cash
14775,211,2025-10-14,4300.67,Other
14776,88,2025-03-03,1395.22,Credit Card
14777,6,2025-11-28,2266.99,Credit Card
14778,39,2024-04-11,4958.38,Other
14779,237,2024-05-01,3888.85,Insurance
14780,14,2025-06-18,1206.05,Insurance
14781,490,2026-01-07,598.18,Bank Transfer
14782,439,2024-07-20,3835.69,Bank Transfer
14783,257,2025-04-07,523.53,Credit Card
14784,158,2025-10-08,227.49,Other
14785,398,2024-07-18,2859.13,Bank Transfer
14786,336,2025-04-12,3175.15,Credit Card
14787,368,2024-10-21,3143.56,Bank Transfer
14788,178,2024-05-24,806.11,Bank Transfer
14789,410,2025-05-24,2199.27,Bank Transfer
14790,3,2026-02-22,252.91,Insurance
14791,143,2024-10-11,3064.86,Bank Transfer
14792,81,2024-07-08,1175.10,Bank Transfer
14793,237,2024-03-27,4390.38,Other
14794,492,2025-12-15,4320.86,Bank Transfer
14795,237,2024-09-16,645.00,Insurance
14796,318,2024-07-31,3321.99,Cash
14797,332,2024-12-20,1467.60,Bank Transfer
14798,22,2025-08-28,2799.64,Bank Transfer
14799,400,2024-04-25,2598.61,Insurance
14800,59,2025-09-13,3065.34,Other
14801,3,2024-12-10,767.79,Insurance
14802,294,2025-07-29,3687.47,Bank Transfer
14803,281,2025-06-12,2329.61,Cash
14804,490,2025-02-25,2959.88,Insurance
14805,96,2024-11-28,4200.08,Cash
14806,153,2025-02-08,1770.90,Other
14807,299,2025-12-22,967.38,Insurance
14808,446,2025-09-27,3975.00,Credit Card
14809,39,2025-03-24,2414.73,Cash
14810,268,2024-03-29,1201.78,Insurance
14811,64,2024-06-13,494.94,Insurance
14812,259,2024-09-01,4410.70,Credit Card
14813,111,2025-12-14,4903.32,Cash
14814,456,2025-08-12,3826.39,Insurance
14815,443,2025-11-26,262.28,Bank Transfer
14816,471,2025-11-17,2572.96,Bank Transfer
14817,378,2025-08-22,3163.15,Bank Transfer
14818,443,2024-12-30,4553.32,Cash
14819,55,2024-01-30,4783.17,Other
14820,3,2024-07-30,2040.22,Other
14821,460,2024-10-09,79.48,Insurance
14822,159,2024-05-05,3105.56,Other
14823,123,2025-06-06,4554.61,Insurance
14824,445,2025-04-07,4985.61,Credit Card
14825,64,2025-06-27,2436.21,Other
14826,225,2025-07-04,4189.66,Cash
14827,54,2024-08-09,966.84,Insurance
14828,427,2025-07-20,4214.11,Bank Transfer
14829,322,2025-07-18,3384.52,Cash
14830,17,2025-03-10,839.92,Cash
14831,413,2024-05-11,1953.64,Bank Transfer
14832,11,2025-05-27,3372.56,Credit Card
14833,349,2025-01-23,4958.69,Cash
14834,76,2026-03-15,4161.78,Insurance
14835,345,2026-02-04,853.89,Other
14836,441,2025-10-20,2743.65,Insurance
14837,420,2024-05-23,1563.35,Bank Transfer
14838,422,2025-05-30,324.90,Other
14839,391,2025-01-05,1102.98,Credit Card
14840,25,2025-10-17,1118.90,Cash
14841,347,2024-12-12,1547.27,Credit Card
14842,290,2024-07-24,2588.39,Cash
14843,442,2024-08-07,2322.53,Insurance
14844,388,2024-01-11,993.64,Bank Transfer
14845,435,2025-08-21,4589.83,Bank Transfer
14846,451,2026-01-03,2507.08,Cash
14847,134,2025-12-31,4759.18,Bank Transfer
14848,131,2024-11-06,3871.15,Credit Card
14849,252,2025-02-08,350.37,Cash
14850,458,2025-02-24,2395.01,Credit Card
14851,110,2024-01-07,1969.92,Bank Transfer
14852,177,2025-03-06,4590.90,Credit Card
14853,48,2024-05-24,1933.27,Credit Card
14854,239,2024-03-26,2007.10,Cash
14855,127,2024-06-08,4435.78,Bank Transfer
14856,288,2025-04-10,3145.86,Credit Card
14857,178,2025-04-17,176.56,Cash
14858,403,2025-04-20,395.24,Insurance
14859,378,2025-08-14,4323.31,Insurance
14860,460,2024-10-12,545.45,Insurance
14861,418,2025-06-05,2147.01,Cash
14862,489,2025-10-19,3533.17,Bank Transfer
14863,283,2025-03-24,3668.40,Cash
14864,146,2025-11-05,4126.67,Insurance
14865,416,2024-01-06,633.31,Bank Transfer
14866,228,2025-01-08,2462.39,Bank Transfer
14867,100,2024-03-17,4000.89,Credit Card
14868,497,2024-01-12,3318.73,Cash
14869,442,2025-04-25,3808.88,Cash
14870,21,2025-02-05,1695.22,Credit Card
14871,271,2024-12-25,4402.05,Insurance
14872,494,2025-04-13,3353.99,Other
14873,95,2025-06-11,2859.50,Bank Transfer
14874,257,2025-10-02,4436.71,Bank Transfer
14875,49,2026-01-15,712.90,Credit Card
14876,369,2024-09-29,1448.92,Bank Transfer
14877,479,2025-06-19,3456.15,Insurance
14878,30,2026-01-11,4773.68,Other
14879,110,2024-10-14,2050.74,Insurance
14880,151,2025-10-17,3679.32,Other
14881,145,2025-12-14,3606.62,Other
14882,4,2025-09-01,1033.42,Insurance
14883,341,2024-09-06,1964.39,Insurance
14884,89,2024-03-04,1850.99,Cash
14885,418,2024-09-30,876.22,Other
14886,232,2025-03-30,3819.35,Cash
14887,96,2025-04-18,4444.81,Cash
14888,195,2024-04-29,1031.09,Cash
14889,198,2025-05-29,2713.02,Other
14890,54,2024-08-07,2999.78,Other
14891,24,2024-04-27,3444.62,Other
14892,192,2024-11-28,2146.02,Bank Transfer
14893,234,2024-06-09,230.76,Insurance
14894,362,2024-03-30,3176.03,Credit Card
14895,388,2024-02-17,2542.24,Cash
14896,118,2024-09-09,3449.45,Bank Transfer
14897,59,2024-06-03,1635.02,Other
14898,218,2024-01-05,4850.16,Credit Card
14899,123,2024-11-11,2703.46,Bank Transfer
14900,396,2025-11-22,989.43,Other
14901,52,2025-08-03,3826.16,Cash
14902,299,2025-07-03,2478.29,Insurance
14903,421,2025-03-12,2391.95,Other
14904,212,2025-04-07,460.65,Other
14905,368,2025-12-20,1337.50,Insurance
14906,428,2024-04-03,766.97,Cash
14907,355,2025-08-09,1253.35,Insurance
14908,31,2024-02-09,3038.61,Cash
14909,59,2025-02-21,3663.14,Credit Card
14910,408,2025-05-02,2416.96,Bank Transfer
14911,146,2025-03-05,4432.10,Other
14912,155,2024-02-10,2006.72,Insurance
14913,339,2024-07-29,3666.71,Other
14914,453,2024-07-30,2896.08,Insurance
14915,252,2025-03-31,4646.76,Insurance
14916,96,2025-09-14,2717.25,Bank Transfer
14917,454,2024-09-17,128.52,Cash
14918,153,2025-08-10,3535.48,Cash
14919,285,2025-09-13,3400.33,Insurance
14920,82,2024-04-05,1852.02,Credit Card
14921,473,2025-09-07,3931.56,Other
14922,346,2024-06-01,1164.32,Cash
14923,160,2024-03-06,3671.09,Cash
14924,148,2025-10-23,1976.55,Insurance
14925,56,2024-12-24,3844.52,Insurance
14926,47,2024-05-26,973.09,Insurance
14927,220,2026-01-04,4948.64,Cash
14928,471,2024-11-24,1868.87,Bank Transfer
14929,204,2024-12-14,120.75,Insurance
14930,227,2025-01-27,1854.62,Bank Transfer
14931,19,2024-12-19,4223.17,Cash
14932,176,2025-12-19,2339.91,Credit Card
14933,194,2025-10-16,1452.52,Insurance
14934,157,2025-07-22,1249.39,Other
14935,65,2025-07-31,103.34,Insurance
14936,247,2024-03-23,3515.19,Insurance
14937,81,2024-07-23,1653.22,Cash
14938,329,2026-03-10,3549.62,Other
14939,81,2025-11-02,3501.30,Credit Card
14940,139,2025-07-13,2776.28,Bank Transfer
14941,274,2024-05-01,2993.28,Bank Transfer
14942,345,2024-07-03,4391.25,Insurance
14943,58,2024-03-18,4321.99,Cash
14944,178,2024-05-04,3623.27,Insurance
14945,247,2025-05-27,4745.81,Credit Card
14946,122,2026-03-04,1818.23,Cash
14947,113,2024-12-30,1033.87,Insurance
14948,181,2025-08-27,739.28,Bank Transfer
14949,41,2025-11-12,3105.39,Bank Transfer
14950,23,2024-08-16,2544.02,Other
14951,394,2026-01-03,3608.35,Other
14952,499,2025-04-19,2576.69,Cash
14953,337,2024-11-02,3325.86,Credit Card
14954,344,2025-05-28,4019.70,Other
14955,161,2024-07-02,2594.91,Other
14956,195,2025-01-23,1291.76,Insurance
14957,11,2025-10-14,2945.89,Insurance
14958,124,2025-03-07,4690.40,Insurance
14959,296,2024-09-17,1129.99,Other
14960,165,2025-10-31,2854.43,Insurance
14961,141,2024-06-01,746.75,Cash
14962,155,2024-10-26,2924.18,Cash
14963,273,2024-03-07,2343.07,Credit Card
14964,416,2025-01-05,2602.53,Credit Card
14965,376,2025-08-16,3580.84,Credit Card
14966,246,2025-05-28,595.89,Insurance
14967,457,2024-07-05,1107.10,Insurance
14968,419,2024-10-29,2876.21,Insurance
14969,308,2026-01-13,497.00,Bank Transfer
14970,248,2025-05-31,1329.95,Cash
14971,43,2024-07-28,3676.33,Insurance
14972,69,2024-06-02,327.19,Insurance
14973,419,2026-01-01,3619.52,Credit Card
14974,206,2024-01-30,2042.28,Insurance
14975,19,2024-07-06,4567.78,Bank Transfer
14976,308,2024-10-14,4556.63,Bank Transfer
14977,136,2024-05-24,1787.84,Credit Card
14978,328,2026-01-12,2520.43,Other
14979,14,2026-02-11,1631.58,Credit Card
14980,19,2025-10-09,2762.02,Cash
14981,223,2025-09-05,1599.82,Other
14982,230,2024-06-02,1091.45,Insurance
14983,464,2024-10-21,1590.71,Other
14984,257,2024-07-23,284.60,Bank Transfer
14985,50,2025-11-27,722.82,Cash
14986,206,2024-07-12,4596.61,Insurance
14987,31,2025-04-08,3321.45,Cash
14988,178,2025-09-06,975.01,Other
14989,61,2025-01-20,3005.23,Insurance
14990,410,2025-05-08,1702.50,Bank Transfer
14991,324,2025-04-01,1442.35,Bank Transfer
14992,44,2025-01-02,4933.43,Bank Transfer
14993,482,2025-07-06,4916.03,Other
14994,197,2025-01-27,1009.26,Insurance
14995,368,2024-10-20,2669.85,Other
14996,342,2025-01-08,3073.60,Credit Card
14997,175,2024-08-24,2068.35,Cash
14998,127,2025-06-28,2238.69,Other
14999,231,2024-04-11,1982.46,Bank Transfer
15000,178,2025-02-13,3403.39,Cash
15001,426,2024-05-24,4311.06,Cash
15002,21,2024-12-03,1078.52,Cash
15003,488,2025-03-08,1452.18,Cash
15004,422,2025-04-23,4109.61,Insurance
15005,190,2025-06-10,2839.17,Bank Transfer
15006,289,2025-04-03,4798.93,Bank Transfer
15007,352,2024-03-22,2843.24,Cash
15008,245,2024-10-07,2894.20,Credit Card
15009,441,2025-06-12,979.67,Other
15010,230,2025-05-30,1755.04,Cash
15011,498,2025-05-27,1332.91,Cash
15012,461,2025-03-24,2863.84,Insurance
15013,368,2024-02-28,175.29,Credit Card
15014,413,2024-12-26,3375.76,Insurance
15015,377,2025-01-26,3110.65,Other
15016,357,2026-02-28,1650.32,Bank Transfer
15017,335,2025-12-21,660.85,Insurance
15018,396,2024-10-15,1560.93,Cash
15019,100,2025-10-16,903.67,Cash
15020,283,2024-04-26,3648.58,Cash
15021,448,2024-03-27,2603.32,Cash
15022,285,2025-02-15,3550.22,Bank Transfer
15023,96,2024-05-26,1036.67,Bank Transfer
15024,301,2025-03-13,183.47,Credit Card
15025,356,2025-11-17,4361.19,Other
15026,215,2026-03-02,3463.86,Credit Card
15027,154,2025-06-08,3136.64,Bank Transfer
15028,147,2025-06-11,869.23,Other
15029,149,2025-06-14,4148.20,Cash
15030,79,2025-03-01,3890.39,Bank Transfer
15031,81,2026-02-22,2119.83,Insurance
15032,76,2024-09-30,1108.37,Cash
15033,340,2024-10-25,202.96,Credit Card
15034,434,2025-07-23,3552.70,Insurance
15035,125,2025-11-28,508.11,Other
15036,436,2025-08-29,4661.78,Other
15037,3,2024-04-17,1650.27,Bank Transfer
15038,152,2024-01-31,394.25,Bank Transfer
15039,7,2024-04-15,1689.32,Bank Transfer
15040,498,2025-12-10,340.27,Cash
15041,490,2025-11-20,4783.74,Insurance
15042,323,2024-09-28,4336.50,Bank Transfer
15043,358,2024-04-12,2513.74,Credit Card
15044,407,2024-04-07,3374.71,Bank Transfer
15045,277,2024-02-02,3010.33,Bank Transfer
15046,493,2025-12-24,3467.27,Insurance
15047,242,2025-10-13,862.01,Insurance
15048,271,2024-03-25,378.33,Cash
15049,463,2024-01-27,1483.06,Bank Transfer
15050,175,2025-12-17,434.70,Bank Transfer
15051,301,2024-03-01,2091.15,Insurance
15052,103,2024-12-27,4743.46,Cash
15053,43,2024-10-19,3637.52,Cash
15054,49,2025-09-06,303.74,Bank Transfer
15055,449,2025-07-29,4563.29,Credit Card
15056,319,2024-09-06,368.97,Other
15057,297,2024-11-19,1896.29,Insurance
15058,41,2025-11-27,2360.84,Other
15059,357,2024-11-07,1222.40,Bank Transfer
15060,168,2024-08-14,727.98,Credit Card
15061,228,2024-08-22,1014.43,Other
15062,62,2025-06-27,104.50,Credit Card
15063,176,2024-02-15,3165.11,Credit Card
15064,375,2025-11-13,4809.75,Insurance
15065,203,2025-01-08,749.11,Credit Card
15066,412,2025-02-16,1463.54,Other
15067,53,2024-09-12,3310.40,Credit Card
15068,427,2024-05-31,1315.43,Cash
15069,386,2025-10-07,1351.20,Insurance
15070,260,2024-11-16,2190.02,Bank Transfer
15071,323,2024-10-15,3367.62,Cash
15072,362,2024-07-11,697.65,Credit Card
15073,372,2024-02-28,4436.64,Insurance
15074,37,2024-02-10,2733.77,Bank Transfer
15075,76,2024-12-26,1930.65,Other
15076,299,2024-06-07,4877.37,Bank Transfer
15077,399,2025-05-29,4312.24,Cash
15078,433,2024-12-27,3050.02,Insurance
15079,369,2024-03-05,2914.71,Other
15080,370,2024-06-07,3785.96,Cash
15081,498,2024-09-21,865.63,Bank Transfer
15082,266,2024-10-09,3475.26,Insurance
15083,134,2024-03-09,2354.68,Credit Card
15084,41,2024-10-04,533.31,Cash
15085,260,2025-10-02,2656.68,Insurance
15086,276,2024-08-15,4669.97,Insurance
15087,465,2024-04-10,2790.02,Bank Transfer
15088,180,2024-07-06,1294.30,Bank Transfer
15089,350,2025-11-23,1610.97,Credit Card
15090,153,2024-08-21,4940.42,Insurance
15091,262,2024-01-06,447.16,Cash
15092,283,2024-07-29,2721.70,Other
15093,241,2026-02-10,93.07,Bank Transfer
15094,353,2024-01-10,2739.85,Bank Transfer
15095,100,2024-07-03,615.96,Insurance
15096,182,2025-04-18,1819.82,Bank Transfer
15097,421,2025-12-02,2050.77,Bank Transfer
15098,142,2025-01-25,117.47,Insurance
15099,334,2026-02-02,2684.56,Credit Card
15100,54,2025-10-14,4432.24,Bank Transfer
15101,229,2025-03-21,634.37,Cash
15102,28,2024-06-04,4886.45,Credit Card
15103,182,2024-03-27,1509.89,Insurance
15104,143,2025-07-08,1520.07,Cash
15105,116,2026-02-02,4964.80,Insurance
15106,310,2025-04-08,3234.83,Insurance
15107,426,2025-11-04,3356.21,Credit Card
15108,89,2025-07-05,3851.43,Other
15109,208,2024-10-06,4884.50,Insurance
15110,442,2024-03-09,3260.81,Insurance
15111,433,2024-02-07,597.29,Credit Card
15112,310,2024-10-28,1138.25,Insurance
15113,208,2024-11-21,554.98,Credit Card
15114,341,2024-05-08,2384.50,Insurance
15115,106,2024-03-11,3038.42,Insurance
15116,148,2024-01-25,2028.79,Cash
15117,179,2024-05-16,3427.06,Credit Card
15118,385,2026-01-04,4437.43,Cash
15119,278,2025-01-05,1715.14,Other
15120,172,2026-02-16,1582.70,Insurance
15121,370,2024-04-11,3860.00,Bank Transfer
15122,87,2025-02-12,511.36,Bank Transfer
15123,443,2024-06-09,4842.88,Cash
15124,226,2025-09-05,2535.06,Credit Card
15125,450,2025-05-17,4123.58,Cash
15126,237,2024-06-04,776.37,Cash
15127,234,2024-01-20,1816.56,Bank Transfer
15128,407,2024-06-27,78.23,Credit Card
15129,498,2025-03-15,3993.31,Bank Transfer
15130,324,2025-09-22,4287.04,Cash
15131,251,2024-01-24,4165.98,Other
15132,407,2025-10-23,1678.97,Other
15133,487,2024-10-31,3212.22,Credit Card
15134,45,2026-02-19,240.39,Credit Card
15135,63,2024-11-18,1642.36,Other
15136,98,2024-04-23,1918.05,Bank Transfer
15137,124,2026-02-25,4965.75,Cash
15138,266,2024-07-25,283.29,Credit Card
15139,414,2024-06-13,1076.19,Insurance
15140,310,2025-02-23,1559.08,Credit Card
15141,319,2025-11-27,3170.58,Cash
15142,90,2024-01-07,3626.94,Credit Card
15143,117,2025-11-19,2276.05,Cash
15144,249,2024-02-18,1133.53,Bank Transfer
15145,264,2024-01-07,2438.59,Other
15146,320,2025-08-30,1210.47,Other
15147,204,2024-09-19,343.72,Insurance
15148,15,2024-03-17,1630.08,Cash
15149,12,2024-11-09,3802.06,Credit Card
15150,269,2025-01-06,3561.27,Other
15151,215,2025-08-22,482.26,Cash
15152,107,2024-05-18,3459.19,Insurance
15153,13,2024-11-07,1264.08,Other
15154,54,2025-03-24,2942.79,Credit Card
15155,20,2024-07-11,692.20,Cash
15156,63,2024-02-19,3142.12,Other
15157,429,2025-04-27,2690.54,Cash
15158,471,2026-03-13,945.38,Other
15159,479,2025-01-06,1978.19,Bank Transfer
15160,353,2025-02-03,1054.28,Other
15161,250,2024-06-04,2920.17,Cash
15162,424,2024-07-06,4580.04,Credit Card
15163,461,2025-03-08,4435.04,Other
15164,439,2024-07-06,3131.48,Bank Transfer
15165,221,2025-08-21,4129.62,Other
15166,280,2025-02-12,1457.61,Cash
15167,326,2024-10-15,3249.58,Bank Transfer
15168,310,2025-03-24,1436.81,Insurance
15169,449,2025-08-05,3732.67,Credit Card
15170,423,2025-04-13,3876.06,Insurance
15171,485,2026-02-28,4700.58,Cash
15172,47,2025-05-24,3089.85,Bank Transfer
15173,125,2024-09-26,4764.84,Credit Card
15174,396,2024-08-03,2497.45,Cash
15175,138,2025-07-01,2932.51,Insurance
15176,352,2024-05-27,2996.02,Credit Card
15177,56,2026-01-17,778.47,Credit Card
15178,257,2026-02-22,1949.39,Credit Card
15179,162,2024-04-02,3985.10,Cash
15180,331,2024-09-17,4375.54,Credit Card
15181,190,2025-03-07,1255.21,Bank Transfer
15182,99,2026-03-09,367.79,Cash
15183,361,2025-03-09,4585.97,Other
15184,14,2025-08-23,347.74,Other
15185,101,2025-08-17,3352.42,Insurance
15186,289,2025-10-25,196.16,Insurance
15187,355,2025-10-10,2746.10,Credit Card
15188,281,2025-04-15,4172.73,Cash
15189,446,2025-12-11,2431.21,Credit Card
15190,171,2025-08-13,3075.80,Insurance
15191,92,2024-04-20,1435.06,Credit Card
15192,198,2024-03-22,4309.88,Bank Transfer
15193,84,2024-12-31,368.68,Bank Transfer
15194,333,2025-06-07,2089.22,Insurance
15195,174,2025-01-26,4981.28,Other
15196,110,2025-02-10,1065.80,Credit Card
15197,128,2024-03-28,2998.37,Credit Card
15198,104,2024-09-02,3983.85,Credit Card
15199,402,2025-11-14,4785.42,Insurance
15200,198,2024-01-29,4433.29,Credit Card
15201,249,2024-09-06,3915.72,Credit Card
15202,441,2025-07-19,4815.78,Cash
15203,339,2024-04-27,1623.10,Bank Transfer
15204,354,2024-02-20,2212.90,Bank Transfer
15205,333,2024-06-20,145.58,Cash
15206,368,2026-03-17,2659.80,Cash
15207,123,2025-11-02,761.58,Bank Transfer
15208,158,2026-01-24,2036.94,Bank Transfer
15209,145,2025-09-12,3023.40,Other
15210,364,2025-02-06,2987.85,Insurance
15211,175,2024-06-19,880.12,Credit Card
15212,30,2024-11-06,1269.18,Other
15213,341,2024-03-19,4791.43,Cash
15214,78,2024-03-08,1423.79,Bank Transfer
15215,172,2025-03-06,2113.33,Bank Transfer
15216,430,2026-01-12,1847.07,Insurance
15217,77,2024-02-19,67.35,Cash
15218,431,2025-01-17,138.13,Other
15219,23,2024-09-23,1810.93,Other
15220,184,2024-10-10,807.09,Bank Transfer
15221,94,2024-08-06,509.18,Other
15222,303,2025-09-14,2627.46,Credit Card
15223,74,2024-11-03,4336.39,Other
15224,133,2025-08-30,2231.31,Other
15225,200,2025-03-05,2016.62,Insurance
15226,394,2024-02-01,425.59,Cash
15227,240,2025-09-27,1587.49,Bank Transfer
15228,491,2024-01-10,3095.99,Other
15229,428,2024-12-27,1331.86,Other
15230,301,2024-04-01,1829.82,Insurance
15231,315,2026-01-20,1822.23,Cash
15232,292,2024-11-27,4448.62,Insurance
15233,95,2024-04-19,3828.24,Insurance
15234,434,2025-06-15,4945.86,Other
15235,137,2024-01-06,3883.39,Insurance
15236,355,2025-02-13,3331.44,Insurance
15237,351,2025-02-18,1598.88,Credit Card
15238,269,2025-06-01,1671.26,Other
15239,20,2024-11-26,1044.63,Credit Card
15240,135,2024-08-06,811.11,Bank Transfer
15241,332,2025-05-31,2793.69,Insurance
15242,210,2025-06-02,2693.68,Bank Transfer
15243,7,2026-03-05,3181.80,Other
15244,182,2024-02-21,4282.90,Credit Card
15245,416,2025-09-06,3120.54,Other
15246,28,2025-05-11,2261.58,Bank Transfer
15247,471,2025-07-07,738.60,Other
15248,27,2025-10-18,2326.38,Credit Card
15249,256,2024-09-04,1892.50,Insurance
15250,227,2024-11-01,750.35,Cash
15251,369,2024-12-13,4209.18,Other
15252,223,2025-08-03,574.85,Cash
15253,433,2024-07-16,68.67,Cash
15254,321,2024-08-29,2375.52,Credit Card
15255,274,2024-09-01,2489.70,Cash
15256,23,2024-01-21,793.94,Credit Card
15257,371,2025-03-15,4157.52,Insurance
15258,326,2025-08-30,4662.31,Bank Transfer
15259,353,2025-07-13,4996.77,Other
15260,146,2024-09-13,3410.98,Bank Transfer
15261,123,2025-04-18,812.73,Other
15262,260,2024-09-14,2928.78,Cash
15263,488,2025-08-30,742.66,Other
15264,290,2024-05-25,3843.12,Bank Transfer
15265,378,2024-02-02,4735.69,Credit Card
15266,488,2025-05-06,4619.06,Other
15267,416,2024-09-25,305.17,Cash
15268,201,2025-04-04,4214.41,Other
15269,122,2025-04-19,4080.99,Cash
15270,117,2025-09-25,1030.48,Other
15271,198,2026-01-01,2801.70,Insurance
15272,480,2025-04-14,4857.87,Credit Card
15273,75,2024-07-17,2313.02,Other
15274,72,2024-06-10,229.82,Cash
15275,239,2025-01-16,165.35,Bank Transfer
15276,411,2026-01-09,2408.20,Credit Card
15277,457,2025-03-09,4221.10,Cash
15278,242,2025-08-01,233.48,Credit Card
15279,316,2025-06-19,252.12,Other
15280,456,2024-03-28,846.30,Cash
15281,205,2024-01-26,4832.33,Bank Transfer
15282,405,2026-01-01,2938.09,Cash
15283,406,2025-07-29,3259.97,Other
15284,452,2024-06-16,4757.18,Insurance
15285,433,2024-12-10,309.76,Credit Card
15286,496,2025-10-01,2838.27,Cash
15287,186,2025-01-23,2755.22,Credit Card
15288,441,2024-11-12,1068.46,Insurance
15289,52,2025-11-10,635.66,Bank Transfer
15290,335,2024-04-21,1008.91,Bank Transfer
15291,444,2025-12-21,4978.64,Other
15292,76,2025-05-19,4999.26,Bank Transfer
15293,197,2025-07-15,532.26,Credit Card
15294,3,2024-06-07,2200.97,Other
15295,451,2025-12-24,1118.02,Cash
15296,180,2025-05-08,3948.52,Bank Transfer
15297,11,2025-02-18,3045.07,Bank Transfer
15298,429,2025-05-22,645.12,Credit Card
15299,127,2024-12-12,529.55,Credit Card
15300,174,2025-08-10,1680.45,Credit Card
15301,159,2026-02-15,4822.18,Bank Transfer
15302,388,2025-09-09,4762.16,Insurance
15303,199,2025-10-23,4464.70,Cash
15304,370,2024-07-26,436.33,Other
15305,190,2025-10-15,1783.41,Cash
15306,160,2025-08-19,2945.13,Insurance
15307,203,2024-12-20,1517.66,Other
15308,155,2024-03-11,2274.81,Insurance
15309,190,2025-07-04,739.63,Cash
15310,219,2024-12-06,4742.66,Insurance
15311,139,2025-04-15,4660.61,Credit Card
15312,220,2024-01-29,468.14,Insurance
15313,281,2024-02-15,4808.85,Insurance
15314,409,2024-09-29,1035.03,Other
15315,329,2024-10-21,4248.34,Insurance
15316,481,2025-07-27,348.69,Bank Transfer
15317,385,2025-10-25,3384.21,Credit Card
15318,173,2025-12-23,4781.90,Cash
15319,167,2024-09-07,274.69,Credit Card
15320,337,2025-06-24,2180.25,Insurance
15321,238,2024-06-18,1904.24,Other
15322,330,2024-06-14,3590.26,Other
15323,34,2025-11-17,1557.93,Other
15324,218,2025-06-22,1769.46,Credit Card
15325,432,2025-02-16,3879.59,Credit Card
15326,302,2024-01-17,3665.59,Insurance
15327,302,2025-10-29,4513.92,Bank Transfer
15328,342,2024-08-23,3268.20,Credit Card
15329,250,2024-09-14,255.46,Credit Card
15330,187,2025-12-05,1672.38,Other
15331,434,2024-10-04,3539.92,Cash
15332,417,2024-08-14,4906.74,Bank Transfer
15333,112,2024-05-25,1368.08,Bank Transfer
15334,164,2025-03-25,2077.39,Other
15335,475,2026-02-01,4137.24,Credit Card
15336,108,2024-11-24,512.48,Insurance
15337,20,2025-05-26,2422.85,Other
15338,220,2025-02-06,4504.70,Insurance
15339,99,2025-04-20,2586.14,Insurance
15340,367,2025-12-22,2745.13,Insurance
15341,232,2024-04-18,3035.55,Insurance
15342,488,2024-04-17,3625.04,Credit Card
15343,7,2025-09-13,3281.68,Credit Card
15344,396,2026-03-01,3938.75,Insurance
15345,251,2025-04-29,4591.05,Credit Card
15346,83,2025-05-06,3408.08,Insurance
15347,76,2024-08-16,840.41,Credit Card
15348,435,2025-08-09,4251.90,Cash
15349,237,2024-12-11,3385.47,Insurance
15350,271,2024-04-29,2800.21,Other
15351,392,2024-03-14,2867.43,Bank Transfer
15352,447,2025-04-27,2255.84,Bank Transfer
15353,227,2025-01-29,3501.98,Insurance
15354,52,2026-01-30,3136.12,Cash
15355,214,2025-09-14,910.71,Cash
15356,13,2025-09-17,3247.48,Credit Card
15357,371,2024-03-02,3004.88,Credit Card
15358,149,2024-12-31,281.27,Cash
15359,158,2025-09-29,2040.79,Insurance
15360,441,2025-10-20,3693.04,Other
15361,294,2024-08-22,2203.21,Cash
15362,202,2026-02-19,670.27,Credit Card
15363,230,2025-10-17,315.62,Credit Card
15364,207,2024-04-04,2192.17,Other
15365,180,2024-08-07,3822.71,Credit Card
15366,93,2025-09-29,1732.17,Insurance
15367,337,2024-09-22,1991.62,Cash
15368,416,2024-04-03,4366.03,Bank Transfer
15369,61,2025-02-11,2207.91,Insurance
15370,92,2025-07-05,4572.68,Other
15371,448,2025-10-23,1968.49,Other
15372,421,2024-08-21,284.05,Other
15373,264,2024-08-17,4642.32,Insurance
15374,336,2024-11-07,4420.86,Cash
15375,433,2025-03-01,1903.16,Insurance
15376,368,2025-02-03,1859.77,Insurance
15377,447,2024-09-01,2710.90,Bank Transfer
15378,235,2025-01-11,372.99,Insurance
15379,46,2024-10-18,1822.38,Credit Card
15380,159,2024-03-12,4088.21,Other
15381,60,2025-10-22,3621.33,Other
15382,403,2024-01-23,3162.34,Credit Card
15383,294,2024-01-23,1453.53,Cash
15384,461,2024-10-01,3665.75,Bank Transfer
15385,54,2025-07-21,612.23,Insurance
15386,217,2025-07-31,1189.54,Cash
15387,284,2026-02-26,1130.98,Insurance
15388,476,2025-10-11,206.40,Insurance
15389,161,2025-06-09,2146.32,Other
15390,349,2025-10-22,4158.69,Credit Card
15391,108,2026-01-21,4123.09,Credit Card
15392,474,2025-05-12,3037.34,Cash
15393,208,2024-07-24,2712.35,Insurance
15394,415,2025-02-07,2945.83,Other
15395,476,2025-05-24,820.36,Cash
15396,453,2024-02-28,1906.56,Credit Card
15397,346,2025-10-16,3889.99,Bank Transfer
15398,80,2025-06-15,790.58,Other
15399,411,2025-03-12,1199.17,Cash
15400,207,2026-01-05,4420.21,Other
15401,261,2026-02-05,2546.88,Other
15402,227,2024-01-20,1625.92,Insurance
15403,204,2025-05-29,1035.78,Credit Card
15404,455,2024-12-04,1360.41,Other
15405,497,2025-10-25,4036.29,Insurance
15406,436,2025-08-08,518.29,Credit Card
15407,161,2024-12-02,1575.77,Bank Transfer
15408,336,2026-03-17,1638.33,Other
15409,300,2024-06-06,3970.26,Other
15410,485,2024-12-16,4883.60,Credit Card
15411,103,2025-11-22,2812.28,Insurance
15412,206,2024-11-26,3192.93,Insurance
15413,192,2025-07-23,755.06,Cash
15414,284,2024-08-21,1355.31,Bank Transfer
15415,262,2025-12-10,1745.46,Credit Card
15416,300,2024-07-14,1983.38,Cash
15417,170,2025-01-12,3337.05,Credit Card
15418,226,2026-01-14,2584.21,Other
15419,53,2024-11-30,2870.55,Cash
15420,440,2025-04-21,3726.46,Insurance
15421,65,2025-04-11,2543.44,Bank Transfer
15422,149,2025-05-13,1386.12,Other
15423,22,2025-01-15,2409.95,Other
15424,298,2024-12-31,3266.31,Bank Transfer
15425,79,2026-02-15,3105.40,Bank Transfer
15426,465,2024-07-01,1455.59,Insurance
15427,415,2025-04-13,849.14,Other
15428,197,2024-04-01,3015.21,Cash
15429,425,2024-06-29,1008.44,Other
15430,7,2024-12-06,276.27,Credit Card
15431,115,2024-11-17,134.00,Credit Card
15432,179,2025-06-20,3835.73,Bank Transfer
15433,358,2026-02-11,1078.30,Other
15434,374,2025-02-09,2546.15,Bank Transfer
15435,63,2024-03-10,3111.96,Credit Card
15436,434,2025-11-02,1801.51,Other
15437,101,2025-04-01,4013.35,Bank Transfer
15438,206,2024-08-30,2589.53,Bank Transfer
15439,486,2025-02-02,2721.44,Bank Transfer
15440,124,2025-11-26,484.37,Other
15441,354,2024-08-30,4039.90,Bank Transfer
15442,334,2025-03-12,3292.25,Credit Card
15443,318,2024-05-17,2390.25,Insurance
15444,274,2024-07-02,1032.65,Insurance
15445,284,2024-03-12,4494.02,Credit Card
15446,412,2024-03-21,1393.85,Bank Transfer
15447,68,2024-01-03,1288.15,Bank Transfer
15448,316,2026-02-14,4519.40,Credit Card
15449,375,2025-09-14,2298.71,Insurance
15450,270,2024-09-23,4546.81,Other
15451,129,2025-09-17,180.70,Cash
15452,193,2025-11-19,4435.37,Credit Card
15453,76,2026-01-19,966.00,Insurance
15454,298,2025-07-26,3093.10,Cash
15455,355,2026-02-26,4257.83,Bank Transfer
15456,166,2025-01-24,3501.24,Credit Card
15457,165,2024-07-08,4171.25,Credit Card
15458,325,2025-01-02,556.72,Insurance
15459,155,2026-02-03,1938.84,Bank Transfer
15460,115,2025-10-25,52.83,Other
15461,469,2024-07-12,2717.41,Bank Transfer
15462,346,2024-09-19,182.79,Bank Transfer
15463,229,2025-12-26,4881.86,Insurance
15464,364,2024-12-30,491.96,Credit Card
15465,366,2024-11-16,4942.53,Insurance
15466,93,2025-07-14,2607.32,Credit Card
15467,184,2024-08-12,3857.85,Credit Card
15468,451,2024-04-01,2068.49,Credit Card
15469,273,2024-01-04,1556.32,Insurance
15470,211,2025-04-08,4212.13,Insurance
15471,409,2025-07-08,3263.41,Other
15472,29,2024-03-28,2540.79,Other
15473,145,2026-01-31,1436.74,Credit Card
15474,354,2026-03-14,3136.18,Cash
15475,27,2024-07-23,3145.04,Other
15476,27,2024-07-10,938.32,Bank Transfer
15477,171,2025-09-05,323.12,Insurance
15478,35,2025-06-22,2805.06,Insurance
15479,439,2024-05-22,673.61,Bank Transfer
15480,335,2024-08-27,3718.75,Credit Card
15481,114,2025-02-24,2428.32,Other
15482,126,2024-06-24,2572.13,Other
15483,482,2024-04-11,1969.52,Cash
15484,67,2025-01-28,4095.31,Other
15485,415,2024-04-20,592.00,Other
15486,94,2025-10-31,1569.88,Credit Card
15487,371,2024-06-04,2771.85,Credit Card
15488,82,2024-12-03,1641.69,Insurance
15489,334,2024-10-25,1507.28,Bank Transfer
15490,323,2025-03-04,2922.00,Bank Transfer
15491,275,2024-08-19,1899.77,Cash
15492,31,2025-12-28,1028.74,Insurance
15493,237,2025-07-20,2768.23,Insurance
15494,437,2025-09-06,2144.55,Insurance
15495,61,2024-05-07,1222.99,Cash
15496,414,2024-09-14,1454.95,Bank Transfer
15497,59,2024-02-19,1567.98,Other
15498,451,2026-01-30,2113.80,Other
15499,477,2024-01-22,2160.07,Insurance
15500,433,2025-02-10,2008.44,Bank Transfer
15501,131,2025-12-16,4314.12,Other
15502,28,2025-02-03,1614.88,Credit Card
15503,233,2025-09-29,1168.69,Cash
15504,33,2024-08-05,4434.38,Cash
15505,31,2024-12-07,3602.01,Insurance
15506,56,2025-03-17,3831.32,Other
15507,373,2025-09-12,1549.75,Other
15508,454,2024-03-29,3560.05,Bank Transfer
15509,454,2026-02-24,3781.97,Other
15510,223,2026-02-14,2389.23,Other
15511,335,2024-10-16,2271.27,Bank Transfer
15512,266,2025-02-04,3667.41,Cash
15513,269,2025-05-18,1686.23,Cash
15514,328,2025-03-16,3776.88,Insurance
15515,4,2025-12-28,797.38,Credit Card
15516,151,2024-12-09,2798.87,Credit Card
15517,234,2025-05-22,3901.86,Credit Card
15518,7,2025-10-26,1786.00,Other
15519,385,2025-04-26,2164.36,Other
15520,336,2026-02-04,235.57,Bank Transfer
15521,340,2025-01-17,664.56,Credit Card
15522,98,2024-10-27,4523.01,Cash
15523,87,2024-07-20,4938.25,Cash
15524,184,2024-02-21,3398.40,Credit Card
15525,127,2025-04-30,4203.96,Insurance
15526,248,2025-11-11,3437.38,Bank Transfer
15527,456,2026-01-19,3979.95,Bank Transfer
15528,490,2025-03-21,2393.10,Credit Card
15529,380,2025-06-14,3053.22,Cash
15530,5,2024-02-19,1013.59,Credit Card
15531,17,2025-01-19,2010.11,Credit Card
15532,39,2025-10-06,4206.07,Insurance
15533,411,2025-12-01,2359.58,Cash
15534,352,2024-05-15,3946.33,Other
15535,26,2024-10-31,3565.57,Credit Card
15536,144,2024-05-01,1937.41,Cash
15537,385,2025-05-13,898.19,Other
15538,428,2025-06-11,3920.71,Bank Transfer
15539,174,2024-07-16,3823.14,Bank Transfer
15540,251,2024-12-21,2017.74,Credit Card
15541,152,2025-06-24,941.09,Credit Card
15542,229,2025-05-03,4351.32,Other
15543,103,2024-09-21,4405.24,Bank Transfer
15544,327,2024-08-22,1039.94,Credit Card
15545,100,2025-02-16,769.64,Bank Transfer
15546,481,2026-02-28,2566.52,Other
15547,27,2024-01-05,148.69,Cash
15548,487,2025-09-01,192.81,Credit Card
15549,286,2025-04-30,4052.01,Insurance
15550,346,2025-11-06,3269.40,Bank Transfer
15551,238,2024-07-14,4741.68,Credit Card
15552,444,2025-12-18,671.39,Insurance
15553,381,2025-11-17,1039.84,Credit Card
15554,474,2025-08-09,3069.93,Credit Card
15555,144,2024-04-17,84.70,Bank Transfer
15556,369,2024-12-30,4983.97,Bank Transfer
15557,29,2024-04-19,1353.19,Bank Transfer
15558,105,2024-02-27,3401.41,Insurance
15559,340,2026-02-07,3275.43,Credit Card
15560,386,2024-02-22,197.35,Credit Card
15561,429,2025-08-29,67.12,Insurance
15562,226,2024-09-05,2423.59,Insurance
15563,168,2025-01-17,1876.51,Bank Transfer
15564,455,2024-11-09,3669.57,Insurance
15565,392,2024-07-08,905.39,Cash
15566,390,2025-11-25,1006.25,Other
15567,308,2025-08-28,1707.67,Bank Transfer
15568,126,2025-06-12,267.72,Credit Card
15569,312,2025-08-21,4325.63,Other
15570,54,2026-01-08,3950.74,Credit Card
15571,325,2024-01-23,694.85,Cash
15572,83,2024-03-13,1185.08,Insurance
15573,141,2025-12-21,84.26,Cash
15574,202,2025-03-03,740.86,Other
15575,397,2024-06-03,2239.78,Credit Card
15576,364,2024-03-04,4806.08,Other
15577,48,2025-11-24,1819.41,Bank Transfer
15578,182,2024-02-02,2368.49,Insurance
15579,50,2026-03-17,3599.62,Cash
15580,272,2024-11-30,2592.36,Bank Transfer
15581,11,2025-11-19,315.99,Insurance
15582,219,2026-01-09,2898.28,Cash
15583,356,2025-08-20,3117.56,Cash
15584,238,2024-06-10,4497.75,Insurance
15585,467,2025-07-12,4612.95,Other
15586,376,2024-01-14,4094.84,Other
15587,413,2025-01-06,4380.52,Bank Transfer
15588,446,2026-03-04,2845.43,Insurance
15589,102,2024-02-07,3665.07,Other
15590,220,2024-11-08,2207.87,Insurance
15591,95,2024-10-22,4247.21,Bank Transfer
15592,57,2024-08-31,1359.43,Other
15593,311,2026-02-04,769.49,Bank Transfer
15594,184,2024-10-26,2950.43,Other
15595,190,2024-06-29,2831.79,Other
15596,408,2024-06-08,503.35,Insurance
15597,70,2024-05-13,4405.55,Credit Card
15598,156,2024-02-01,931.37,Other
15599,235,2025-08-26,3309.68,Bank Transfer
15600,235,2024-07-13,2153.25,Credit Card
15601,409,2025-10-16,4179.44,Bank Transfer
15602,310,2025-08-06,1657.07,Credit Card
15603,139,2026-02-09,3718.89,Insurance
15604,283,2025-08-26,3993.78,Insurance
15605,196,2025-12-12,3810.84,Credit Card
15606,209,2024-03-26,2313.75,Insurance
15607,393,2025-08-02,3568.11,Bank Transfer
15608,131,2024-02-26,3168.39,Credit Card
15609,165,2025-03-16,3825.70,Other
15610,235,2026-02-07,1530.26,Credit Card
15611,316,2024-03-20,740.00,Credit Card
15612,9,2024-10-25,1029.92,Cash
15613,348,2025-12-07,1195.62,Cash
15614,75,2026-03-01,405.74,Bank Transfer
15615,187,2024-02-15,225.31,Insurance
15616,324,2026-03-09,2874.05,Credit Card
15617,71,2024-11-29,4139.13,Insurance
15618,212,2025-10-29,4966.18,Cash
15619,270,2025-05-04,4891.66,Bank Transfer
15620,78,2025-09-09,1406.84,Other
15621,404,2025-07-15,4203.16,Insurance
15622,144,2025-10-14,3830.03,Cash
15623,202,2025-06-15,3832.89,Other
15624,5,2025-11-09,3171.79,Insurance
15625,420,2025-12-10,3000.57,Other
15626,389,2024-09-30,1220.08,Bank Transfer
15627,327,2025-08-24,4354.01,Bank Transfer
15628,309,2025-05-10,2999.66,Other
15629,394,2024-06-19,3388.43,Credit Card
15630,77,2024-11-01,2377.14,Cash
15631,48,2024-10-05,2211.27,Insurance
15632,243,2024-05-27,4162.60,Cash
15633,280,2025-11-20,301.04,Other
15634,414,2024-10-31,2756.87,Credit Card
15635,164,2025-01-13,1007.08,Other
15636,41,2024-01-16,2005.32,Insurance
15637,45,2024-06-30,2792.30,Cash
15638,443,2025-01-23,1416.05,Credit Card
15639,95,2025-12-12,4509.77,Other
15640,357,2025-11-28,4063.72,Credit Card
15641,444,2025-10-10,3903.14,Other
15642,492,2025-12-05,3826.76,Other
15643,79,2024-03-16,755.99,Bank Transfer
15644,315,2024-03-30,4768.96,Cash
15645,429,2024-08-27,4186.18,Other
15646,305,2025-07-15,4078.95,Other
15647,305,2024-01-28,1847.18,Credit Card
15648,52,2024-12-12,4967.49,Bank Transfer
15649,371,2025-05-01,4393.81,Bank Transfer
15650,58,2025-09-18,954.43,Other
15651,42,2024-11-17,1021.23,Bank Transfer
15652,321,2025-03-20,470.33,Cash
15653,305,2025-07-03,4207.55,Other
15654,235,2024-12-02,2814.50,Insurance
15655,100,2024-12-08,3451.73,Credit Card
15656,105,2024-06-26,1971.81,Cash
15657,6,2024-07-05,2370.52,Cash
15658,103,2024-05-04,3469.82,Bank Transfer
15659,387,2024-11-03,3760.42,Bank Transfer
15660,391,2025-12-24,594.14,Cash
15661,346,2024-03-30,269.48,Other
15662,387,2024-01-10,3870.82,Bank Transfer
15663,106,2025-10-02,4524.26,Cash
15664,412,2025-11-06,3751.59,Other
15665,343,2025-01-25,3393.56,Cash
15666,393,2025-05-05,685.13,Other
15667,92,2026-03-03,2746.58,Credit Card
15668,71,2024-05-14,3283.20,Other
15669,128,2026-02-15,2468.24,Insurance
15670,40,2024-06-25,889.89,Insurance
15671,28,2025-04-08,1063.74,Other
15672,251,2024-03-07,2416.63,Insurance
15673,204,2024-07-06,2597.99,Insurance
15674,310,2025-01-22,2500.72,Insurance
15675,205,2024-08-13,3521.40,Insurance
15676,121,2026-01-22,4294.42,Insurance
15677,103,2026-03-10,1014.33,Bank Transfer
15678,494,2024-09-16,4546.28,Credit Card
15679,391,2026-01-23,1428.59,Cash
15680,270,2025-09-05,379.54,Other
15681,364,2025-09-25,542.51,Other
15682,352,2024-12-11,2107.99,Other
15683,398,2025-06-12,1938.53,Cash
15684,169,2025-01-14,1878.48,Credit Card
15685,162,2024-03-18,3753.27,Credit Card
15686,166,2025-11-23,3663.99,Credit Card
15687,448,2024-03-02,2327.57,Insurance
15688,250,2025-08-31,2625.45,Other
15689,320,2025-08-28,4408.39,Other
15690,132,2024-05-16,4060.55,Insurance
15691,169,2026-02-05,4597.19,Bank Transfer
15692,346,2025-10-08,1971.31,Insurance
15693,325,2024-05-10,1025.73,Bank Transfer
15694,307,2025-02-08,4030.35,Credit Card
15695,69,2025-04-16,2745.41,Insurance
15696,440,2024-03-25,3874.03,Insurance
15697,4,2024-12-25,2411.91,Other
15698,458,2024-05-02,351.65,Cash
15699,107,2024-11-06,3957.14,Bank Transfer
15700,74,2025-08-21,2122.08,Bank Transfer
15701,109,2024-04-06,809.31,Other
15702,328,2025-07-10,1653.10,Other
15703,78,2024-03-30,3717.69,Insurance
15704,136,2026-02-23,777.38,Cash
15705,27,2025-09-11,4770.79,Other
15706,276,2025-04-01,3376.17,Other
15707,195,2025-09-05,2233.35,Other
15708,410,2024-01-05,3070.78,Other
15709,189,2025-04-07,4683.20,Cash
15710,399,2026-01-23,4012.69,Cash
15711,51,2024-01-02,1225.56,Bank Transfer
15712,128,2024-03-04,1347.15,Bank Transfer
15713,246,2025-02-23,2983.98,Credit Card
15714,308,2025-05-08,666.02,Insurance
15715,150,2025-05-11,3120.98,Other
15716,5,2025-09-29,2489.08,Credit Card
15717,360,2025-12-28,747.03,Bank Transfer
15718,19,2024-06-18,2866.72,Credit Card
15719,322,2025-10-01,1163.24,Cash
15720,96,2026-03-02,1124.64,Credit Card
15721,363,2025-08-05,389.91,Other
15722,220,2025-04-19,1214.13,Credit Card
15723,489,2024-03-30,255.01,Cash
15724,7,2025-08-19,3979.66,Insurance
15725,80,2024-03-31,1842.46,Bank Transfer
15726,388,2025-07-07,216.50,Other
15727,223,2025-12-30,3444.00,Other
15728,55,2025-10-30,4826.62,Bank Transfer
15729,194,2024-09-03,2886.92,Credit Card
15730,416,2025-10-13,4113.48,Insurance
15731,175,2024-04-19,1984.41,Bank Transfer
15732,426,2025-06-29,3170.92,Other
15733,387,2024-04-26,848.75,Cash
15734,220,2024-12-03,4976.39,Other
15735,92,2025-07-08,942.96,Cash
15736,479,2024-08-15,1795.49,Other
15737,63,2025-10-06,2021.91,Credit Card
15738,208,2026-02-27,1762.52,Cash
15739,475,2024-11-26,3823.91,Bank Transfer
15740,357,2025-07-15,894.62,Other
15741,86,2025-09-18,2640.68,Insurance
15742,282,2024-07-17,1744.17,Cash
15743,209,2025-08-23,1171.10,Credit Card
15744,104,2025-10-25,2183.61,Bank Transfer
15745,290,2024-02-17,4763.07,Insurance
15746,93,2025-03-23,4930.41,Insurance
15747,36,2025-02-25,725.91,Bank Transfer
15748,198,2024-06-05,1920.48,Insurance
15749,383,2024-12-30,2425.62,Other
15750,444,2024-04-15,1961.55,Insurance
15751,402,2024-10-15,3996.98,Bank Transfer
15752,410,2025-06-08,158.58,Other
15753,329,2024-05-13,4158.33,Cash
15754,374,2025-10-11,728.34,Cash
15755,17,2024-03-25,4555.38,Credit Card
15756,98,2026-01-12,2354.18,Credit Card
15757,460,2025-03-06,4771.37,Other
15758,346,2024-04-17,4343.92,Cash
15759,188,2025-05-13,888.47,Bank Transfer
15760,82,2025-11-10,3215.72,Cash
15761,354,2024-07-31,2205.66,Credit Card
15762,377,2024-09-26,1083.38,Bank Transfer
15763,105,2026-03-15,4607.97,Insurance
15764,495,2025-10-22,2732.79,Bank Transfer
15765,362,2024-01-21,4909.69,Insurance
15766,392,2025-12-23,3979.27,Bank Transfer
15767,362,2025-07-05,1932.51,Bank Transfer
15768,425,2025-06-02,1289.33,Credit Card
15769,175,2025-07-27,4100.44,Cash
15770,158,2025-09-25,4241.47,Other
15771,408,2025-06-26,3193.91,Bank Transfer
15772,106,2025-03-22,3993.23,Insurance
15773,182,2025-12-07,4750.11,Other
15774,18,2024-02-14,4306.67,Insurance
15775,81,2024-06-19,2465.81,Cash
15776,354,2024-06-07,578.13,Credit Card
15777,465,2024-02-19,3259.67,Bank Transfer
15778,126,2025-12-21,676.26,Cash
15779,29,2024-12-16,2194.30,Cash
15780,442,2024-05-01,3903.29,Cash
15781,205,2024-09-30,1880.36,Bank Transfer
15782,61,2024-04-06,3566.52,Bank Transfer
15783,37,2025-04-03,1113.02,Other
15784,331,2024-10-11,469.50,Insurance
15785,192,2024-01-31,3306.63,Credit Card
15786,248,2025-07-11,1158.08,Cash
15787,63,2025-02-02,2894.09,Credit Card
15788,128,2025-01-08,3675.63,Other
15789,376,2025-12-28,1010.96,Credit Card
15790,336,2024-06-23,322.44,Cash
15791,116,2024-06-14,4247.11,Cash
15792,378,2024-01-29,2288.19,Cash
15793,69,2024-04-14,2616.44,Insurance
15794,282,2026-02-05,4842.98,Bank Transfer
15795,150,2025-10-23,910.69,Cash
15796,90,2024-01-23,2965.90,Bank Transfer
15797,167,2024-12-16,2295.05,Insurance
15798,101,2025-09-25,2857.85,Cash
15799,391,2024-10-25,3825.86,Credit Card
15800,58,2025-11-19,2156.85,Credit Card
15801,15,2025-04-13,2230.58,Bank Transfer
15802,85,2025-04-06,1694.55,Credit Card
15803,381,2024-02-08,1988.48,Cash
15804,423,2024-07-18,1530.35,Cash
15805,467,2026-02-14,3049.24,Insurance
15806,56,2024-07-14,1140.07,Insurance
15807,339,2024-09-22,4054.17,Cash
15808,84,2024-04-30,4504.31,Bank Transfer
15809,122,2024-04-19,497.42,Other
15810,243,2024-10-31,3086.06,Other
15811,327,2025-03-21,3977.79,Insurance
15812,489,2024-10-16,1035.39,Cash
15813,110,2024-07-08,4063.44,Cash
15814,148,2025-01-10,1718.00,Other
15815,88,2024-11-16,1418.69,Cash
15816,270,2024-08-25,1541.07,Bank Transfer
15817,39,2024-05-31,2836.33,Other
15818,165,2025-07-07,3214.01,Cash
15819,311,2024-12-14,901.04,Credit Card
15820,194,2026-03-07,3237.43,Insurance
15821,140,2024-06-30,736.08,Other
15822,162,2024-08-08,2903.01,Credit Card
15823,460,2024-12-15,176.41,Other
15824,296,2025-06-26,4628.13,Bank Transfer
15825,169,2025-05-06,4230.73,Other
15826,455,2025-11-17,2257.20,Bank Transfer
15827,232,2025-02-25,4524.71,Credit Card
15828,269,2025-02-12,2795.93,Other
15829,450,2024-09-22,1049.56,Bank Transfer
15830,246,2025-10-18,3980.16,Cash
15831,471,2024-03-09,1587.33,Bank Transfer
15832,114,2025-06-07,1136.95,Bank Transfer
15833,14,2025-02-21,2646.36,Insurance
15834,346,2025-11-02,1441.06,Bank Transfer
15835,218,2025-07-27,3362.71,Insurance
15836,64,2025-04-04,1417.37,Cash
15837,315,2025-11-18,4901.58,Bank Transfer
15838,82,2025-09-19,4797.19,Other
15839,4,2025-04-05,502.97,Other
15840,217,2025-12-22,1843.04,Credit Card
15841,33,2025-03-24,3217.44,Other
15842,59,2024-04-20,2495.84,Insurance
15843,332,2025-07-13,2064.45,Bank Transfer
15844,309,2025-12-09,3603.88,Bank Transfer
15845,375,2025-01-23,3706.49,Other
15846,340,2025-06-09,3088.92,Bank Transfer
15847,310,2024-05-25,419.89,Bank Transfer
15848,254,2025-01-16,2716.81,Insurance
15849,31,2026-01-14,1294.67,Other
15850,394,2025-09-01,3349.59,Credit Card
15851,203,2024-10-09,3213.86,Insurance
15852,316,2025-10-30,230.50,Bank Transfer
15853,410,2025-06-12,1597.96,Bank Transfer
15854,449,2026-02-15,944.41,Cash
15855,211,2024-04-30,762.62,Other
15856,430,2024-11-24,4434.03,Cash
15857,46,2025-04-07,3056.21,Bank Transfer
15858,186,2025-08-03,2630.02,Other
15859,288,2024-09-02,1312.03,Credit Card
15860,246,2024-02-15,895.11,Cash
15861,23,2024-12-25,885.24,Credit Card
15862,187,2025-09-19,2097.66,Credit Card
15863,104,2024-03-01,287.01,Credit Card
15864,492,2025-03-27,4738.26,Cash
15865,256,2024-06-28,4957.88,Insurance
15866,452,2024-03-19,1290.76,Insurance
15867,236,2025-07-17,192.95,Insurance
15868,7,2024-07-09,3504.90,Cash
15869,39,2024-12-30,2822.83,Credit Card
15870,324,2025-06-12,4060.36,Cash
15871,151,2025-04-01,4790.26,Other
15872,361,2025-11-24,995.81,Cash
15873,356,2024-01-17,4264.41,Bank Transfer
15874,80,2025-03-13,3195.67,Credit Card
15875,472,2025-02-08,1264.49,Credit Card
15876,204,2024-03-14,4578.55,Other
15877,143,2025-04-16,2210.02,Cash
15878,196,2025-09-01,4008.75,Credit Card
15879,255,2024-04-14,3470.62,Credit Card
15880,53,2025-07-14,1142.12,Bank Transfer
15881,403,2026-01-14,3860.28,Credit Card
15882,277,2024-10-12,615.61,Insurance
15883,113,2024-05-04,180.89,Credit Card
15884,288,2024-04-06,3840.50,Cash
15885,266,2026-03-07,83.98,Bank Transfer
15886,302,2025-11-23,4105.02,Credit Card
15887,243,2025-05-07,254.78,Credit Card
15888,255,2024-02-18,194.77,Credit Card
15889,61,2026-03-04,4115.96,Cash
15890,339,2026-02-07,1736.70,Cash
15891,299,2025-09-14,4072.42,Credit Card
15892,200,2026-01-30,858.87,Insurance
15893,386,2024-11-16,2107.48,Other
15894,19,2024-10-18,4501.57,Other
15895,184,2024-01-13,1046.46,Other
15896,376,2025-01-12,4325.98,Credit Card
15897,223,2025-04-28,4481.32,Cash
15898,234,2025-02-02,1626.26,Bank Transfer
15899,244,2024-08-21,2610.67,Bank Transfer
15900,91,2025-11-02,574.09,Bank Transfer
15901,326,2024-03-09,4231.31,Other
15902,329,2024-02-02,3979.08,Bank Transfer
15903,355,2025-04-18,576.79,Other
15904,118,2024-01-25,4778.69,Credit Card
15905,363,2025-12-06,561.75,Cash
15906,41,2026-03-10,3859.13,Credit Card
15907,238,2024-09-24,2496.09,Bank Transfer
15908,149,2024-02-28,3369.52,Other
15909,168,2025-10-09,3650.38,Insurance
15910,21,2025-01-24,3691.88,Cash
15911,191,2024-09-16,1294.95,Bank Transfer
15912,440,2026-02-24,4742.31,Insurance
15913,311,2026-02-19,4871.57,Insurance
15914,55,2025-07-12,1619.45,Bank Transfer
15915,124,2025-05-31,4472.32,Insurance
15916,481,2024-05-11,1822.67,Credit Card
15917,391,2026-03-01,2530.97,Bank Transfer
15918,45,2025-07-13,3223.57,Cash
15919,259,2024-12-15,4089.01,Other
15920,35,2025-10-31,933.35,Credit Card
15921,288,2025-12-04,4668.49,Cash
15922,420,2024-04-16,1388.40,Cash
15923,22,2025-09-07,3466.16,Insurance
15924,272,2024-06-12,3612.12,Bank Transfer
15925,383,2025-11-23,490.39,Other
15926,310,2025-04-25,2057.99,Credit Card
15927,438,2024-02-23,3302.95,Bank Transfer
15928,269,2024-06-16,2300.05,Credit Card
15929,46,2024-12-10,1776.72,Credit Card
15930,303,2025-10-15,2195.28,Other
15931,365,2024-01-28,662.03,Insurance
15932,285,2024-05-30,425.56,Insurance
15933,131,2024-02-07,4371.66,Bank Transfer
15934,292,2024-06-07,3637.24,Cash
15935,232,2024-09-11,3946.54,Bank Transfer
15936,202,2024-05-10,236.92,Credit Card
15937,300,2024-09-14,2903.07,Bank Transfer
15938,495,2024-04-08,1008.09,Cash
15939,485,2025-09-05,4687.23,Other
15940,141,2025-11-11,3206.13,Other
15941,385,2024-11-12,3787.66,Insurance
15942,452,2025-10-04,3510.13,Cash
15943,362,2025-04-26,374.15,Insurance
15944,124,2024-01-19,3348.37,Cash
15945,183,2025-02-17,3617.95,Cash
15946,105,2026-01-30,2956.71,Bank Transfer
15947,456,2026-02-01,2388.55,Bank Transfer
15948,313,2025-06-05,1428.73,Insurance
15949,206,2024-06-13,385.15,Cash
15950,335,2024-11-18,835.44,Cash
15951,222,2025-07-03,645.41,Cash
15952,477,2026-03-13,3571.62,Other
15953,420,2025-03-07,562.15,Other
15954,418,2025-03-28,3868.59,Bank Transfer
15955,116,2024-11-27,3930.83,Cash
15956,357,2024-04-05,3974.86,Cash
15957,368,2024-05-08,3757.64,Credit Card
15958,160,2025-03-24,2316.38,Cash
15959,144,2025-04-26,3622.34,Other
15960,26,2024-06-16,1006.04,Other
15961,278,2024-04-09,3260.06,Other
15962,491,2026-01-04,1119.42,Credit Card
15963,290,2025-09-06,2744.30,Other
15964,252,2025-02-06,1285.25,Credit Card
15965,464,2025-10-30,550.17,Cash
15966,269,2026-01-30,484.77,Bank Transfer
15967,482,2024-09-25,272.05,Other
15968,422,2024-08-07,4444.56,Insurance
15969,467,2026-03-17,4833.43,Bank Transfer
15970,280,2024-06-26,3945.54,Credit Card
15971,341,2024-03-24,1312.27,Other
15972,147,2025-02-01,1241.04,Insurance
15973,90,2025-04-06,3930.61,Cash
15974,131,2026-03-04,4949.75,Bank Transfer
15975,155,2026-03-02,1963.05,Credit Card
15976,119,2024-02-22,2498.03,Insurance
15977,336,2024-08-05,4555.98,Credit Card
15978,380,2026-03-17,1743.43,Other
15979,442,2026-03-08,1979.10,Cash
15980,365,2024-10-19,4754.53,Other
15981,458,2024-12-30,1984.39,Bank Transfer
15982,491,2024-06-17,4907.63,Insurance
15983,415,2025-02-28,3241.30,Cash
15984,462,2024-11-17,1185.66,Other
15985,88,2026-01-09,92.19,Credit Card
15986,369,2024-01-05,128.42,Other
15987,499,2025-08-31,3940.41,Other
15988,315,2024-07-29,2966.69,Cash
15989,468,2024-12-04,2454.62,Bank Transfer
15990,115,2026-01-28,1354.70,Other
15991,271,2024-04-06,4528.10,Cash
15992,262,2024-11-11,4388.50,Credit Card
15993,300,2025-05-31,3523.87,Credit Card
15994,8,2024-04-23,301.26,Insurance
15995,65,2024-07-01,3316.14,Insurance
15996,60,2026-02-06,3879.08,Insurance
15997,147,2025-06-27,2603.69,Insurance
15998,282,2025-11-26,3055.38,Credit Card
15999,116,2025-10-23,2461.07,Credit Card
16000,16,2024-07-04,1823.49,Bank Transfer
16001,119,2025-09-21,4721.95,Insurance
16002,162,2026-02-07,3338.39,Bank Transfer
16003,4,2024-06-26,3509.11,Other
16004,211,2024-12-03,3421.10,Insurance
16005,22,2025-05-20,1416.70,Insurance
16006,275,2025-06-16,469.82,Cash
16007,118,2024-10-20,4863.14,Other
16008,266,2024-10-07,490.52,Other
16009,415,2024-12-11,1870.56,Credit Card
16010,271,2025-08-09,1183.02,Cash
16011,499,2025-11-21,4035.78,Insurance
16012,176,2025-10-14,329.34,Cash
16013,433,2026-01-24,2923.78,Insurance
16014,324,2024-03-21,4336.30,Other
16015,415,2025-06-29,157.91,Cash
16016,302,2024-08-05,3139.45,Credit Card
16017,149,2025-08-31,1232.54,Insurance
16018,472,2024-03-22,1205.67,Bank Transfer
16019,154,2024-09-04,2845.70,Bank Transfer
16020,339,2026-03-06,2995.78,Insurance
16021,256,2024-12-27,1206.09,Other
16022,135,2025-03-23,1560.65,Insurance
16023,183,2024-07-05,3532.40,Credit Card
16024,456,2026-03-05,644.82,Credit Card
16025,470,2024-08-04,3829.26,Other
16026,343,2025-05-08,3762.92,Insurance
16027,4,2024-05-27,105.41,Cash
16028,166,2024-12-10,3229.02,Credit Card
16029,388,2024-02-23,604.81,Other
16030,439,2024-04-08,3500.57,Insurance
16031,152,2026-02-08,2214.47,Cash
16032,95,2024-03-06,3723.54,Other
16033,128,2025-11-01,4213.44,Cash
16034,496,2024-01-02,3544.28,Cash
16035,332,2025-02-08,4001.44,Other
16036,76,2025-08-23,1605.59,Cash
16037,72,2025-10-15,1385.20,Other
16038,7,2025-08-30,930.86,Cash
16039,268,2025-09-11,4693.61,Cash
16040,32,2025-11-13,191.99,Cash
16041,126,2026-03-01,690.68,Credit Card
16042,38,2024-04-15,788.81,Other
16043,370,2024-02-20,3481.20,Insurance
16044,459,2025-12-06,888.59,Insurance
16045,372,2024-01-14,115.52,Cash
16046,403,2026-02-14,2560.09,Cash
16047,99,2024-06-24,1849.78,Cash
16048,422,2025-01-06,1246.63,Cash
16049,113,2024-09-21,2046.65,Other
16050,165,2025-01-08,1843.14,Cash
16051,390,2024-07-02,4130.17,Credit Card
16052,376,2025-03-21,214.37,Cash
16053,53,2024-02-04,1263.23,Bank Transfer
16054,22,2025-07-29,2168.73,Cash
16055,410,2026-02-24,4312.83,Bank Transfer
16056,326,2024-11-29,659.70,Insurance
16057,465,2025-12-25,2140.18,Other
16058,246,2025-07-22,3552.99,Bank Transfer
16059,457,2025-11-23,4983.82,Insurance
16060,372,2025-01-28,4243.77,Cash
16061,298,2026-03-04,786.74,Other
16062,143,2024-10-19,1893.14,Other
16063,414,2025-03-29,4183.42,Cash
16064,138,2025-06-19,2611.47,Credit Card
16065,153,2026-03-14,4701.09,Cash
16066,192,2025-05-13,3645.61,Cash
16067,314,2024-05-23,2973.18,Credit Card
16068,217,2025-07-23,1377.59,Cash
16069,199,2025-10-08,2481.99,Cash
16070,20,2024-02-11,2284.22,Other
16071,182,2024-03-19,4476.03,Credit Card
16072,393,2025-10-19,563.26,Cash
16073,138,2024-09-01,2922.22,Other
16074,224,2025-08-19,827.94,Insurance
16075,415,2024-05-01,2257.02,Other
16076,101,2024-09-20,1124.52,Insurance
16077,189,2024-05-25,1161.90,Cash
16078,103,2026-01-14,4619.20,Credit Card
16079,214,2025-12-13,89.86,Bank Transfer
16080,258,2025-03-17,3048.42,Insurance
16081,468,2024-09-01,3320.41,Insurance
16082,101,2026-02-12,1591.93,Insurance
16083,74,2024-08-27,959.43,Cash
16084,203,2025-06-25,4736.26,Credit Card
16085,148,2026-02-28,533.68,Insurance
16086,169,2024-09-12,1102.70,Credit Card
16087,286,2026-03-12,4115.18,Bank Transfer
16088,17,2025-08-22,4731.32,Other
16089,372,2024-09-20,760.58,Credit Card
16090,187,2024-01-31,1089.64,Credit Card
16091,217,2024-11-29,4452.89,Insurance
16092,141,2024-04-01,2725.86,Cash
16093,197,2024-06-06,1074.98,Other
16094,85,2025-04-07,252.34,Other
16095,460,2025-10-12,4156.42,Insurance
16096,273,2025-09-02,452.32,Cash
16097,287,2026-03-18,2349.59,Other
16098,389,2024-07-03,1323.40,Credit Card
16099,297,2025-08-11,2933.61,Cash
16100,452,2025-01-23,1045.42,Other
16101,425,2025-03-05,2471.48,Credit Card
16102,307,2024-06-30,3942.93,Credit Card
16103,335,2024-07-06,3218.71,Cash
16104,64,2024-06-20,2103.77,Other
16105,347,2024-08-06,1240.92,Cash
16106,448,2025-03-30,4014.01,Bank Transfer
16107,118,2024-02-15,478.87,Cash
16108,414,2025-08-05,3001.49,Cash
16109,430,2024-02-15,2064.97,Cash
16110,380,2025-12-15,2375.20,Bank Transfer
16111,175,2025-07-20,249.32,Other
16112,241,2024-11-03,4353.15,Cash
16113,456,2025-03-09,1453.55,Other
16114,90,2025-04-04,1172.78,Bank Transfer
16115,480,2024-12-18,2942.09,Cash
16116,315,2024-10-20,4923.89,Insurance
16117,29,2025-10-10,774.13,Other
16118,49,2026-01-13,935.60,Other
16119,187,2025-10-31,2352.61,Other
16120,182,2025-07-17,3087.34,Cash
16121,19,2025-11-30,420.66,Insurance
16122,288,2024-01-17,4792.84,Insurance
16123,105,2025-09-14,1727.39,Insurance
16124,325,2026-02-13,774.71,Other
16125,50,2026-03-09,875.08,Insurance
16126,387,2025-11-29,3979.61,Other
16127,137,2026-03-19,299.49,Insurance
16128,393,2026-01-29,2819.39,Other
16129,357,2025-09-22,4246.83,Credit Card
16130,352,2026-03-10,2261.65,Other
16131,183,2025-01-24,447.36,Insurance
16132,197,2024-06-13,2087.85,Other
16133,227,2024-07-13,1509.94,Bank Transfer
16134,277,2025-04-22,1993.16,Credit Card
16135,45,2025-08-01,4539.62,Other
16136,68,2026-03-02,421.16,Credit Card
16137,52,2025-05-20,4213.11,Bank Transfer
16138,302,2026-01-03,101.21,Cash
16139,69,2025-02-18,3336.48,Credit Card
16140,164,2024-08-11,831.34,Bank Transfer
16141,283,2024-10-23,129.46,Other
16142,387,2025-08-26,4299.64,Bank Transfer
16143,256,2024-01-29,2986.87,Credit Card
16144,381,2025-02-10,4653.72,Cash
16145,194,2024-10-10,3859.75,Credit Card
16146,479,2024-07-23,3386.82,Other
16147,193,2024-04-06,4798.94,Credit Card
16148,191,2025-05-18,2609.63,Insurance
16149,378,2024-03-28,3478.87,Other
16150,100,2024-06-13,2910.47,Cash
16151,39,2024-04-03,3587.85,Insurance
16152,271,2025-03-08,1945.62,Other
16153,500,2025-06-21,3645.46,Cash
16154,290,2024-11-12,4316.84,Bank Transfer
16155,407,2025-12-21,428.15,Other
16156,375,2024-02-22,4091.71,Bank Transfer
16157,12,2024-12-18,243.58,Other
16158,86,2025-12-26,841.77,Insurance
16159,491,2025-04-07,884.37,Insurance
16160,497,2025-03-22,1285.64,Bank Transfer
16161,181,2025-10-16,1188.81,Cash
16162,5,2024-10-08,2490.46,Credit Card
16163,405,2024-05-05,3585.52,Bank Transfer
16164,355,2024-04-18,1933.22,Bank Transfer
16165,134,2024-07-18,1176.04,Bank Transfer
16166,282,2026-03-02,1527.26,Bank Transfer
16167,221,2025-03-26,3713.94,Other
16168,462,2024-10-08,4920.87,Bank Transfer
16169,7,2024-10-08,1221.50,Credit Card
16170,469,2025-05-09,392.37,Credit Card
16171,168,2025-02-10,4290.56,Other
16172,371,2025-07-12,466.39,Cash
16173,363,2024-09-14,2374.95,Bank Transfer
16174,416,2025-07-05,4085.08,Credit Card
16175,394,2024-04-19,2576.75,Credit Card
16176,155,2025-12-13,2106.11,Insurance
16177,31,2024-04-14,2312.33,Other
16178,51,2024-08-25,4539.53,Bank Transfer
16179,322,2024-09-27,1126.67,Cash
16180,274,2026-02-27,413.96,Credit Card
16181,216,2024-10-24,605.31,Cash
16182,459,2025-04-11,3082.19,Insurance
16183,251,2026-02-21,4803.48,Bank Transfer
16184,325,2025-10-12,2345.25,Other
16185,397,2024-03-12,4172.08,Credit Card
16186,24,2024-04-17,1163.11,Bank Transfer
16187,261,2024-08-08,1484.14,Credit Card
16188,449,2025-08-08,2565.69,Insurance
16189,401,2025-11-27,3008.28,Cash
16190,304,2025-10-31,1644.80,Credit Card
16191,171,2024-09-18,1903.85,Other
16192,226,2024-05-23,2563.42,Credit Card
16193,221,2024-05-10,4773.27,Insurance
16194,486,2025-03-10,2360.25,Credit Card
16195,229,2025-12-31,2895.79,Bank Transfer
16196,481,2024-09-20,409.29,Credit Card
16197,452,2024-07-11,625.72,Other
16198,380,2024-10-16,3744.62,Credit Card
16199,125,2025-06-25,1245.25,Insurance
16200,324,2024-07-28,2076.09,Cash
16201,176,2024-01-02,2454.03,Cash
16202,159,2024-10-05,3707.79,Credit Card
16203,13,2024-10-25,2223.23,Insurance
16204,128,2025-09-01,1681.66,Bank Transfer
16205,435,2025-02-17,4036.67,Insurance
16206,98,2026-01-11,763.51,Insurance
16207,11,2024-08-01,4609.56,Cash
16208,266,2024-01-01,2257.77,Insurance
16209,329,2025-11-10,4385.69,Cash
16210,44,2024-08-03,1017.73,Insurance
16211,467,2024-09-29,1360.72,Insurance
16212,328,2025-01-15,244.57,Bank Transfer
16213,490,2025-06-20,972.26,Cash
16214,384,2025-05-27,2692.35,Other
16215,226,2025-09-18,223.35,Cash
16216,139,2024-09-06,4343.07,Insurance
16217,128,2026-01-20,3867.54,Insurance
16218,138,2024-01-14,104.30,Cash
16219,471,2024-05-16,822.53,Credit Card
16220,120,2025-11-15,4455.07,Cash
16221,386,2024-03-19,3032.10,Credit Card
16222,303,2026-01-28,4520.64,Other
16223,456,2025-06-24,261.32,Credit Card
16224,283,2025-06-09,3469.20,Credit Card
16225,19,2024-02-10,4711.59,Bank Transfer
16226,13,2025-07-10,1796.68,Insurance
16227,315,2024-04-03,2529.03,Bank Transfer
16228,390,2025-09-18,3196.97,Bank Transfer
16229,194,2024-07-09,2110.67,Credit Card
16230,86,2024-06-01,567.30,Other
16231,93,2025-06-28,119.24,Other
16232,42,2025-01-23,929.90,Insurance
16233,123,2026-01-07,134.28,Credit Card
16234,233,2024-03-12,4088.02,Bank Transfer
16235,494,2026-02-09,4313.74,Insurance
16236,66,2026-01-20,1707.02,Other
16237,142,2024-10-21,1140.18,Insurance
16238,170,2024-05-30,3754.97,Bank Transfer
16239,55,2024-01-06,3769.04,Insurance
16240,451,2025-06-15,140.27,Credit Card
16241,424,2024-02-03,3192.52,Insurance
16242,388,2025-01-26,3611.92,Bank Transfer
16243,23,2024-01-19,4403.49,Insurance
16244,88,2026-01-03,1234.85,Other
16245,462,2025-01-16,566.32,Other
16246,361,2025-10-25,2821.76,Cash
16247,134,2024-07-27,431.10,Credit Card
16248,405,2025-12-05,798.54,Other
16249,257,2024-04-23,3030.82,Credit Card
16250,399,2025-02-10,4793.00,Credit Card
16251,180,2025-06-20,788.09,Credit Card
16252,144,2024-10-10,3312.93,Other
16253,201,2024-07-14,3019.89,Other
16254,364,2025-12-31,2221.17,Cash
16255,162,2025-01-20,1679.95,Cash
16256,391,2024-02-16,4404.03,Cash
16257,268,2024-01-04,3853.57,Credit Card
16258,161,2025-03-15,2379.17,Credit Card
16259,45,2024-12-05,958.36,Cash
16260,295,2024-08-19,3547.15,Credit Card
16261,435,2024-12-31,709.33,Bank Transfer
16262,208,2024-03-24,2282.76,Credit Card
16263,294,2025-04-15,4556.45,Other
16264,355,2025-01-21,2471.49,Insurance
16265,229,2024-01-15,4682.87,Cash
16266,460,2024-07-06,4390.22,Insurance
16267,80,2026-02-22,1358.36,Other
16268,393,2025-04-06,3930.60,Cash
16269,464,2025-08-31,3048.57,Credit Card
16270,183,2026-03-09,2399.24,Credit Card
16271,412,2024-12-28,2092.19,Credit Card
16272,252,2024-01-10,267.14,Credit Card
16273,164,2024-05-01,4580.95,Credit Card
16274,273,2024-03-05,3752.91,Other
16275,201,2024-07-10,3978.13,Credit Card
16276,335,2024-08-20,2166.66,Credit Card
16277,347,2025-06-16,3909.61,Insurance
16278,237,2025-04-01,1211.57,Insurance
16279,83,2024-07-31,1453.12,Bank Transfer
16280,450,2025-11-03,3867.07,Other
16281,306,2025-03-14,2150.65,Cash
16282,207,2024-09-21,2274.48,Bank Transfer
16283,475,2024-08-11,820.27,Bank Transfer
16284,429,2026-03-02,2329.57,Other
16285,68,2024-10-21,150.56,Insurance
16286,303,2025-12-14,997.57,Insurance
16287,171,2024-07-09,3833.46,Other
16288,306,2025-08-16,2549.30,Other
16289,465,2025-12-19,1844.45,Bank Transfer
16290,21,2025-01-03,3831.47,Credit Card
16291,349,2024-02-12,2009.37,Credit Card
16292,127,2025-05-13,347.44,Insurance
16293,317,2024-04-28,192.70,Credit Card
16294,287,2026-03-19,1664.23,Bank Transfer
16295,415,2025-05-12,3103.76,Other
16296,246,2024-07-24,3606.20,Credit Card
16297,405,2024-05-02,3581.00,Insurance
16298,77,2026-02-22,2831.98,Credit Card
16299,16,2026-03-11,2699.17,Cash
16300,461,2025-12-27,4418.33,Bank Transfer
16301,189,2025-09-23,2794.54,Insurance
16302,45,2024-09-27,3893.35,Credit Card
16303,64,2025-09-20,881.88,Insurance
16304,134,2025-01-31,2019.42,Cash
16305,145,2025-12-10,1873.48,Other
16306,129,2024-12-08,1274.59,Credit Card
16307,280,2024-10-01,3623.58,Credit Card
16308,188,2025-04-02,4011.05,Other
16309,414,2026-03-15,3519.85,Bank Transfer
16310,233,2026-03-01,3740.24,Bank Transfer
16311,355,2026-02-19,1428.08,Bank Transfer
16312,312,2025-05-23,58.24,Bank Transfer
16313,443,2024-09-18,3897.38,Credit Card
16314,157,2024-12-25,1179.09,Bank Transfer
16315,369,2024-12-31,3252.32,Credit Card
16316,445,2025-12-14,4784.69,Bank Transfer
16317,462,2025-03-22,2131.74,Bank Transfer
16318,418,2025-04-12,3883.92,Credit Card
16319,219,2025-11-30,972.56,Bank Transfer
16320,391,2025-02-26,894.27,Bank Transfer
16321,276,2024-12-06,2879.01,Insurance
16322,414,2024-05-31,3317.88,Bank Transfer
16323,202,2025-11-05,270.60,Cash
16324,3,2025-07-29,1645.14,Other
16325,419,2025-05-30,294.47,Bank Transfer
16326,181,2025-08-25,2535.79,Other
16327,300,2024-07-22,1411.04,Other
16328,307,2025-02-08,4219.19,Insurance
16329,343,2025-02-24,1476.80,Bank Transfer
16330,122,2024-05-12,3048.74,Insurance
16331,209,2024-11-27,2823.61,Bank Transfer
16332,450,2025-12-28,1466.84,Other
16333,304,2025-06-05,2454.71,Insurance
16334,404,2026-01-21,1381.90,Other
16335,401,2024-12-15,1316.78,Other
16336,181,2024-02-28,2022.99,Insurance
16337,343,2025-06-09,3982.75,Bank Transfer
16338,151,2025-03-21,4190.91,Bank Transfer
16339,430,2025-11-25,2940.24,Bank Transfer
16340,330,2024-12-26,4021.11,Other
16341,78,2024-09-25,2759.83,Bank Transfer
16342,305,2026-02-07,4775.13,Cash
16343,459,2024-02-13,2204.00,Bank Transfer
16344,340,2024-08-21,4046.17,Credit Card
16345,119,2025-02-17,1960.23,Cash
16346,344,2024-06-28,2777.69,Other
16347,413,2024-03-21,4845.52,Cash
16348,351,2025-03-25,4303.58,Cash
16349,10,2025-06-18,4822.93,Other
16350,449,2024-05-18,1546.52,Insurance
16351,290,2024-10-15,1908.40,Bank Transfer
16352,95,2024-07-04,1789.47,Insurance
16353,85,2025-09-16,1857.50,Credit Card
16354,387,2024-01-04,3471.29,Credit Card
16355,463,2024-01-07,1758.43,Credit Card
16356,91,2025-05-21,104.33,Insurance
16357,424,2024-07-07,1656.02,Bank Transfer
16358,480,2025-02-14,2015.04,Credit Card
16359,120,2024-02-11,2732.07,Insurance
16360,402,2024-04-28,4694.61,Other
16361,487,2026-03-12,2870.46,Bank Transfer
16362,25,2025-05-02,501.69,Credit Card
16363,103,2025-08-31,3770.26,Bank Transfer
16364,308,2025-12-01,2336.86,Credit Card
16365,446,2024-08-09,4235.50,Bank Transfer
16366,389,2025-04-09,2919.12,Bank Transfer
16367,298,2024-08-01,451.29,Other
16368,45,2026-02-04,4874.51,Cash
16369,237,2025-04-30,1823.00,Insurance
16370,373,2024-10-14,236.13,Credit Card
16371,199,2025-12-28,67.49,Bank Transfer
16372,73,2024-02-03,418.79,Other
16373,225,2025-11-22,205.52,Bank Transfer
16374,495,2026-02-09,1980.71,Credit Card
16375,195,2024-11-09,275.63,Credit Card
16376,263,2025-02-25,4728.84,Insurance
16377,6,2025-01-16,2438.90,Insurance
16378,432,2024-02-11,3846.20,Insurance
16379,212,2025-04-29,296.83,Cash
16380,21,2024-02-14,3527.39,Cash
16381,58,2024-03-26,4414.99,Credit Card
16382,251,2026-01-06,2309.78,Cash
16383,104,2025-06-05,2059.06,Insurance
16384,74,2025-08-19,4887.87,Other
16385,335,2026-01-28,4870.52,Credit Card
16386,349,2025-11-13,1821.90,Insurance
16387,176,2025-01-04,2714.92,Cash
16388,405,2024-05-13,4474.22,Bank Transfer
16389,275,2025-11-18,1671.09,Bank Transfer
16390,17,2024-11-29,2189.40,Bank Transfer
16391,438,2025-12-24,1162.26,Cash
16392,353,2025-02-25,2236.58,Insurance
16393,114,2025-07-27,1506.07,Cash
16394,13,2025-10-10,2224.73,Bank Transfer
16395,76,2025-08-30,1405.92,Insurance
16396,393,2024-10-22,3770.36,Cash
16397,418,2025-05-15,4108.10,Cash
16398,434,2024-08-24,2861.43,Other
16399,201,2024-08-08,4424.34,Other
16400,487,2025-11-19,1838.95,Credit Card
16401,383,2024-12-24,2908.88,Other
16402,268,2024-05-25,3964.20,Cash
16403,84,2024-05-24,2627.54,Insurance
16404,377,2024-04-29,3402.93,Credit Card
16405,466,2025-11-09,1100.80,Credit Card
16406,291,2024-09-20,3302.47,Other
16407,464,2024-10-11,4879.40,Cash
16408,359,2024-01-05,4223.14,Other
16409,334,2024-12-04,588.22,Cash
16410,168,2026-01-05,2301.21,Insurance
16411,185,2024-02-05,4728.01,Cash
16412,56,2025-09-25,119.53,Cash
16413,255,2025-06-16,1132.34,Credit Card
16414,203,2025-09-08,885.54,Credit Card
16415,296,2025-03-10,2077.46,Insurance
16416,344,2024-05-13,2929.47,Insurance
16417,127,2026-02-10,663.97,Insurance
16418,263,2025-03-23,4718.11,Cash
16419,282,2025-11-03,2558.90,Other
16420,287,2024-05-10,3267.47,Other
16421,436,2024-02-26,3638.48,Bank Transfer
16422,75,2024-06-09,1212.84,Other
16423,82,2024-10-28,410.93,Credit Card
16424,327,2025-01-16,4050.99,Insurance
16425,100,2025-04-15,1303.69,Insurance
16426,429,2024-05-24,2194.02,Cash
16427,262,2024-11-02,3629.13,Insurance
16428,425,2025-12-16,285.06,Other
16429,374,2025-05-19,3359.93,Credit Card
16430,236,2024-03-10,527.15,Cash
16431,251,2024-09-19,639.72,Bank Transfer
16432,355,2025-10-25,817.18,Cash
16433,427,2024-01-19,4889.48,Insurance
16434,261,2024-01-09,4291.10,Credit Card
16435,94,2024-10-16,84.30,Other
16436,248,2024-04-21,2123.81,Other
16437,123,2024-10-07,4766.96,Insurance
16438,174,2024-11-14,2694.15,Cash
16439,436,2024-05-31,3067.18,Bank Transfer
16440,415,2025-03-18,4448.41,Credit Card
16441,209,2024-01-16,2719.14,Insurance
16442,29,2024-03-20,4183.82,Cash
16443,246,2024-05-16,943.06,Other
16444,395,2026-02-27,2998.84,Cash
16445,279,2025-09-24,3656.27,Bank Transfer
16446,74,2026-01-12,4166.54,Other
16447,491,2025-12-24,2584.03,Cash
16448,384,2024-04-28,4512.39,Bank Transfer
16449,318,2024-02-21,4371.92,Cash
16450,467,2024-04-04,3629.25,Other
16451,230,2026-03-04,489.88,Other
16452,59,2024-07-05,3182.78,Insurance
16453,204,2024-03-15,4429.59,Other
16454,60,2025-07-23,4975.23,Other
16455,356,2025-12-06,995.29,Cash
16456,8,2025-12-12,1069.44,Other
16457,106,2025-09-03,3708.99,Cash
16458,8,2025-12-01,4809.80,Bank Transfer
16459,247,2024-11-15,618.69,Credit Card
16460,33,2024-12-02,4991.00,Insurance
16461,229,2024-01-01,2461.45,Credit Card
16462,477,2024-01-04,421.65,Other
16463,94,2025-07-18,4453.61,Credit Card
16464,315,2024-03-13,1275.03,Cash
16465,374,2024-02-11,1137.22,Cash
16466,197,2024-07-17,4493.23,Other
16467,279,2024-10-17,3711.40,Other
16468,217,2024-07-29,250.86,Other
16469,322,2024-09-08,2038.41,Bank Transfer
16470,341,2024-11-18,2833.21,Other
16471,175,2025-03-14,2977.14,Bank Transfer
16472,134,2024-02-08,2221.47,Other
16473,167,2025-07-02,2125.31,Cash
16474,357,2025-12-27,2692.21,Credit Card
16475,407,2024-05-02,4745.76,Credit Card
16476,300,2024-07-24,438.39,Other
16477,68,2025-03-13,3272.81,Cash
16478,97,2024-12-13,3016.65,Other
16479,460,2024-09-22,3433.13,Cash
16480,80,2024-08-21,2200.61,Insurance
16481,202,2024-02-08,1064.14,Credit Card
16482,494,2025-08-01,2282.18,Other
16483,352,2024-01-15,3855.87,Bank Transfer
16484,345,2025-06-24,2529.51,Cash
16485,416,2024-12-12,2121.67,Bank Transfer
16486,103,2025-10-27,549.40,Credit Card
16487,152,2024-03-19,1688.61,Insurance
16488,174,2026-01-31,4347.03,Cash
16489,132,2025-11-26,4264.57,Bank Transfer
16490,64,2025-02-25,2843.47,Other
16491,114,2024-02-09,4180.74,Insurance
16492,391,2025-05-20,3505.73,Credit Card
16493,102,2024-06-26,634.80,Insurance
16494,185,2025-10-07,4155.66,Other
16495,389,2025-12-27,3966.08,Credit Card
16496,456,2024-10-06,4226.32,Other
16497,256,2025-10-18,3430.87,Credit Card
16498,486,2025-05-10,965.68,Credit Card
16499,235,2025-04-29,3239.80,Cash
16500,487,2024-11-28,1848.36,Cash
16501,447,2024-02-24,3422.35,Credit Card
16502,389,2025-05-18,2146.46,Cash
16503,117,2024-02-02,3688.09,Other
16504,54,2025-03-22,2220.87,Credit Card
16505,497,2025-12-30,3512.36,Cash
16506,363,2025-05-30,70.99,Insurance
16507,139,2025-08-14,859.39,Insurance
16508,462,2024-04-09,1934.51,Credit Card
16509,361,2025-09-12,2121.94,Cash
16510,115,2026-02-17,1962.39,Other
16511,164,2025-10-09,1085.50,Credit Card
16512,138,2025-09-10,960.36,Cash
16513,497,2025-02-07,2387.97,Bank Transfer
16514,214,2025-04-08,1104.38,Cash
16515,200,2025-05-08,4330.69,Other
16516,494,2025-07-05,3813.12,Other
16517,463,2024-11-09,2002.36,Insurance
16518,59,2024-08-24,1245.59,Other
16519,70,2026-03-12,2119.68,Other
16520,307,2024-05-04,3591.69,Other
16521,101,2026-01-21,2414.46,Other
16522,373,2025-09-27,3582.59,Credit Card
16523,195,2024-10-13,3090.32,Bank Transfer
16524,343,2024-09-15,1876.80,Credit Card
16525,360,2024-12-30,709.23,Cash
16526,196,2024-03-19,1965.67,Insurance
16527,389,2024-09-05,2535.39,Credit Card
16528,402,2024-08-28,2868.31,Cash
16529,248,2025-12-06,1383.24,Cash
16530,405,2025-06-28,1365.58,Cash
16531,121,2024-05-30,3734.24,Insurance
16532,238,2025-10-24,4520.96,Credit Card
16533,129,2024-10-20,4311.89,Insurance
16534,278,2024-07-31,2244.66,Other
16535,414,2024-05-28,2003.15,Bank Transfer
16536,450,2025-09-08,1848.45,Credit Card
16537,252,2025-08-20,2453.31,Credit Card
16538,89,2024-02-01,3446.94,Cash
16539,115,2024-08-26,602.79,Credit Card
16540,108,2025-04-08,1274.03,Credit Card
16541,395,2025-01-28,490.85,Cash
16542,409,2024-08-10,4214.55,Credit Card
16543,61,2025-03-16,4624.23,Cash
16544,368,2025-05-06,4010.87,Credit Card
16545,300,2025-07-01,2687.69,Credit Card
16546,177,2024-11-24,314.87,Cash
16547,283,2026-03-10,3338.00,Bank Transfer
16548,79,2025-07-12,2294.46,Insurance
16549,495,2025-02-03,3376.32,Other
16550,70,2024-12-04,1048.24,Cash
16551,241,2026-03-03,2360.14,Insurance
16552,1,2024-04-10,1179.26,Insurance
16553,372,2025-07-03,1398.63,Cash
16554,41,2025-10-03,1410.62,Cash
16555,411,2025-03-06,3944.17,Bank Transfer
16556,195,2025-04-22,4011.48,Other
16557,126,2024-06-27,4645.00,Credit Card
16558,211,2025-04-28,149.03,Credit Card
16559,488,2025-03-02,3585.61,Cash
16560,491,2025-12-09,143.98,Cash
16561,330,2025-10-09,1871.33,Credit Card
16562,134,2025-09-23,4817.79,Insurance
16563,368,2024-05-28,2674.30,Credit Card
16564,181,2024-12-06,3404.00,Bank Transfer
16565,198,2025-10-16,2867.14,Cash
16566,374,2025-02-20,513.67,Bank Transfer
16567,342,2026-02-27,4612.20,Credit Card
16568,495,2024-07-16,3629.27,Other
16569,202,2024-04-26,1003.53,Cash
16570,234,2024-07-03,1698.38,Credit Card
16571,314,2025-05-24,3218.01,Other
16572,473,2024-03-04,794.99,Credit Card
16573,409,2025-10-29,1119.21,Credit Card
16574,439,2024-10-11,2750.76,Insurance
16575,10,2024-03-04,4690.37,Cash
16576,437,2024-08-03,57.78,Cash
16577,274,2025-01-31,4970.28,Other
16578,214,2024-09-23,2958.80,Other
16579,297,2026-02-25,887.56,Other
16580,74,2024-09-27,702.18,Other
16581,350,2025-09-14,3506.22,Other
16582,53,2025-05-27,1886.46,Insurance
16583,424,2024-02-23,3041.14,Cash
16584,445,2025-11-29,2739.37,Other
16585,138,2024-09-24,939.35,Insurance
16586,292,2024-05-20,3205.70,Bank Transfer
16587,197,2025-01-08,683.70,Cash
16588,297,2024-07-26,52.54,Insurance
16589,248,2025-12-01,1694.54,Bank Transfer
16590,368,2025-04-14,924.45,Insurance
16591,352,2025-05-25,2756.43,Other
16592,29,2024-10-11,1321.66,Credit Card
16593,8,2025-09-27,2219.79,Insurance
16594,288,2025-07-27,1295.85,Cash
16595,300,2025-12-19,4270.80,Credit Card
16596,110,2024-03-08,2339.06,Cash
16597,418,2025-06-12,4923.53,Cash
16598,98,2025-12-01,1847.72,Cash
16599,467,2025-03-15,1344.21,Bank Transfer
16600,132,2025-02-08,4294.87,Credit Card
16601,116,2025-09-20,3378.28,Other
16602,37,2025-02-10,185.19,Insurance
16603,332,2025-12-10,1070.35,Cash
16604,8,2024-06-29,4736.28,Cash
16605,44,2025-12-09,2266.15,Credit Card
16606,457,2024-11-21,1023.08,Insurance
16607,469,2025-05-03,4008.05,Cash
16608,95,2024-11-12,3798.72,Credit Card
16609,17,2025-12-29,4289.01,Bank Transfer
16610,164,2024-12-14,1567.51,Other
16611,186,2024-01-13,1506.00,Other
16612,46,2024-02-15,3300.26,Insurance
16613,419,2025-01-18,1421.14,Credit Card
16614,276,2025-10-24,2354.66,Cash
16615,297,2025-06-01,3298.73,Insurance
16616,281,2024-08-10,819.40,Other
16617,481,2025-07-07,4510.32,Cash
16618,311,2024-08-19,2232.35,Other
16619,341,2025-10-06,3990.50,Credit Card
16620,126,2026-02-25,2813.80,Credit Card
16621,244,2024-05-06,4374.65,Credit Card
16622,251,2025-08-02,244.77,Credit Card
16623,357,2025-12-02,1197.26,Credit Card
16624,174,2025-11-28,4789.13,Cash
16625,153,2025-09-12,4922.62,Cash
16626,18,2024-01-23,2682.99,Other
16627,422,2024-04-25,1480.19,Bank Transfer
16628,261,2025-12-05,826.10,Credit Card
16629,13,2025-11-18,3375.49,Insurance
16630,428,2026-02-08,4834.94,Cash
16631,198,2024-11-01,4534.14,Credit Card
16632,229,2025-05-05,766.71,Other
16633,143,2025-05-16,951.95,Bank Transfer
16634,469,2024-04-14,944.05,Insurance
16635,13,2024-06-20,4064.89,Credit Card
16636,290,2025-11-26,1755.02,Insurance
16637,495,2025-10-24,4176.92,Other
16638,193,2024-12-07,1707.59,Cash
16639,88,2025-04-07,3542.86,Insurance
16640,411,2025-04-08,4225.56,Cash
16641,457,2026-01-29,3260.75,Insurance
16642,259,2024-11-29,2624.27,Other
16643,148,2025-12-08,4055.77,Other
16644,312,2024-04-22,2377.29,Credit Card
16645,453,2025-06-06,2015.82,Bank Transfer
16646,437,2025-01-11,1768.44,Other
16647,265,2024-03-06,1460.14,Credit Card
16648,355,2024-03-06,1022.29,Credit Card
16649,395,2025-07-15,821.19,Cash
16650,357,2026-01-21,4848.42,Cash
16651,321,2025-04-25,398.23,Insurance
16652,100,2024-02-27,3793.74,Bank Transfer
16653,338,2025-01-18,1541.09,Cash
16654,487,2025-10-10,4385.98,Credit Card
16655,299,2025-07-29,475.17,Cash
16656,139,2025-03-11,1386.03,Cash
16657,368,2024-07-16,3064.72,Bank Transfer
16658,72,2024-09-14,1787.35,Other
16659,348,2025-06-18,762.40,Insurance
16660,382,2025-11-26,326.42,Insurance
16661,113,2024-09-21,1029.01,Credit Card
16662,91,2025-05-17,3407.84,Credit Card
16663,67,2024-05-09,220.50,Credit Card
16664,315,2024-02-22,3330.82,Insurance
16665,196,2025-11-03,4809.00,Credit Card
16666,168,2024-10-16,4886.76,Bank Transfer
16667,300,2024-04-17,4134.39,Other
16668,85,2024-05-19,2696.56,Credit Card
16669,192,2026-02-02,578.90,Bank Transfer
16670,183,2025-07-16,2006.50,Bank Transfer
16671,235,2024-11-28,3747.94,Bank Transfer
16672,14,2025-09-23,4163.21,Cash
16673,214,2025-05-27,1943.42,Insurance
16674,330,2025-04-14,1894.93,Insurance
16675,145,2024-08-31,1426.96,Other
16676,66,2024-02-01,2235.72,Credit Card
16677,185,2024-03-30,105.38,Credit Card
16678,129,2026-03-13,4235.18,Insurance
16679,273,2024-09-22,1823.01,Other
16680,203,2024-01-22,4021.02,Cash
16681,390,2024-11-01,717.40,Bank Transfer
16682,318,2025-07-31,2803.22,Cash
16683,123,2025-10-14,1162.80,Insurance
16684,14,2025-06-10,2827.52,Cash
16685,134,2025-10-05,4316.51,Bank Transfer
16686,400,2025-01-07,4597.11,Insurance
16687,345,2025-05-07,1182.43,Insurance
16688,101,2024-06-23,4278.17,Bank Transfer
16689,365,2024-07-07,120.06,Insurance
16690,197,2025-04-02,606.85,Other
16691,76,2024-02-02,388.60,Insurance
16692,331,2024-12-03,2422.25,Credit Card
16693,409,2025-05-29,3513.94,Insurance
16694,384,2025-05-22,2259.13,Credit Card
16695,285,2025-12-27,4072.36,Credit Card
16696,402,2024-10-17,640.09,Bank Transfer
16697,94,2025-05-20,651.98,Bank Transfer
16698,471,2025-10-23,2418.99,Cash
16699,315,2024-07-18,3181.27,Other
16700,342,2026-03-19,3506.72,Bank Transfer
16701,151,2024-07-24,2755.45,Insurance
16702,277,2025-01-07,3371.53,Other
16703,488,2025-01-21,2599.32,Cash
16704,468,2025-04-27,1418.40,Credit Card
16705,254,2025-01-21,3469.73,Other
16706,394,2024-05-03,4382.60,Cash
16707,37,2024-10-29,3124.73,Credit Card
16708,458,2024-01-06,779.52,Bank Transfer
16709,322,2024-01-04,2238.06,Other
16710,169,2025-02-21,1816.73,Other
16711,413,2025-01-16,432.73,Insurance
16712,420,2025-11-25,1017.99,Bank Transfer
16713,339,2024-06-06,1836.07,Bank Transfer
16714,100,2025-08-19,3414.01,Bank Transfer
16715,37,2025-05-14,3784.14,Bank Transfer
16716,93,2025-06-25,2500.36,Cash
16717,42,2024-10-03,3618.93,Other
16718,84,2024-03-09,757.85,Credit Card
16719,340,2026-02-01,789.17,Other
16720,482,2024-09-09,385.90,Insurance
16721,111,2025-07-06,3592.90,Cash
16722,70,2025-11-07,682.21,Credit Card
16723,405,2025-05-23,2571.28,Other
16724,65,2024-06-01,3041.28,Credit Card
16725,342,2024-02-07,4706.72,Credit Card
16726,495,2025-12-02,3714.80,Other
16727,42,2024-01-09,4010.61,Credit Card
16728,218,2025-10-27,4478.43,Bank Transfer
16729,65,2024-03-08,1555.74,Insurance
16730,426,2026-02-28,2170.61,Insurance
16731,336,2024-09-20,2425.11,Other
16732,174,2024-09-10,3127.50,Other
16733,330,2024-09-19,907.93,Bank Transfer
16734,29,2024-02-09,2540.25,Insurance
16735,351,2025-09-17,454.24,Bank Transfer
16736,95,2024-01-04,2372.56,Credit Card
16737,419,2024-11-30,1906.65,Credit Card
16738,464,2025-02-08,1034.76,Other
16739,343,2024-01-12,4873.89,Credit Card
16740,483,2024-03-10,143.56,Credit Card
16741,423,2024-04-03,1134.33,Cash
16742,483,2025-08-04,3057.45,Insurance
16743,201,2024-06-16,863.69,Other
16744,3,2025-03-01,1199.01,Bank Transfer
16745,391,2025-05-08,3518.86,Cash
16746,340,2026-01-20,3823.15,Insurance
16747,120,2026-03-08,1783.33,Insurance
16748,342,2025-05-02,3921.15,Bank Transfer
16749,95,2025-03-21,1407.33,Other
16750,102,2025-08-06,338.71,Insurance
16751,34,2024-08-18,691.04,Insurance
16752,174,2025-12-29,1237.09,Credit Card
16753,174,2025-05-11,1090.23,Insurance
16754,428,2024-05-02,284.20,Cash
16755,275,2024-11-02,4798.41,Bank Transfer
16756,25,2025-01-23,2625.38,Bank Transfer
16757,107,2024-12-24,486.30,Other
16758,214,2025-12-04,2792.88,Other
16759,491,2024-12-24,2770.34,Bank Transfer
16760,52,2024-06-10,3225.78,Other
16761,12,2025-02-28,1795.39,Cash
16762,46,2024-12-08,4132.33,Other
16763,171,2025-07-23,3045.19,Other
16764,269,2025-03-20,2205.85,Cash
16765,307,2024-12-17,4646.58,Insurance
16766,89,2024-12-26,2866.94,Other
16767,110,2025-11-01,1479.31,Other
16768,394,2025-09-24,3396.97,Insurance
16769,215,2025-02-27,1116.76,Credit Card
16770,145,2024-08-25,4804.67,Cash
16771,371,2024-11-24,3304.18,Other
16772,18,2025-10-21,4533.25,Insurance
16773,212,2025-03-21,1870.41,Cash
16774,431,2025-05-09,2581.86,Bank Transfer
16775,466,2024-09-06,1307.20,Credit Card
16776,268,2026-02-04,1088.92,Bank Transfer
16777,383,2025-12-30,2651.33,Cash
16778,115,2025-03-29,573.89,Bank Transfer
16779,404,2025-12-07,2818.32,Bank Transfer
16780,355,2024-12-30,4211.79,Bank Transfer
16781,372,2024-09-02,4924.70,Credit Card
16782,250,2026-02-27,4467.74,Credit Card
16783,476,2024-03-02,677.03,Other
16784,68,2025-06-08,446.76,Cash
16785,263,2025-12-02,2779.53,Bank Transfer
16786,122,2025-07-05,1252.78,Cash
16787,395,2025-12-21,994.90,Cash
16788,473,2024-09-07,3275.36,Other
16789,484,2024-03-11,4151.23,Insurance
16790,186,2024-07-10,3486.77,Insurance
16791,287,2025-09-24,3772.00,Credit Card
16792,271,2025-07-07,1447.63,Insurance
16793,259,2025-11-28,654.87,Bank Transfer
16794,475,2025-06-22,2974.07,Insurance
16795,285,2024-12-25,3051.86,Credit Card
16796,454,2024-04-05,2448.83,Credit Card
16797,216,2025-12-25,3152.79,Other
16798,81,2024-04-11,1093.80,Bank Transfer
16799,312,2024-03-25,898.34,Other
16800,412,2026-01-20,3726.03,Credit Card
16801,63,2024-01-09,2325.39,Other
16802,148,2025-02-21,2213.13,Other
16803,325,2024-12-15,1930.93,Cash
16804,480,2025-03-28,3570.82,Other
16805,84,2024-08-09,4815.74,Insurance
16806,108,2025-07-14,2810.82,Credit Card
16807,336,2025-04-27,4930.17,Other
16808,242,2026-01-23,4036.89,Bank Transfer
16809,43,2024-09-08,2848.24,Insurance
16810,118,2024-03-19,3169.08,Insurance
16811,469,2025-05-21,86.80,Insurance
16812,167,2025-03-15,583.46,Other
16813,347,2024-02-07,1455.51,Other
16814,161,2025-07-12,1493.15,Credit Card
16815,59,2024-03-12,830.42,Bank Transfer
16816,142,2024-07-29,4818.90,Bank Transfer
16817,14,2024-03-01,2211.10,Cash
16818,327,2025-12-12,2514.29,Other
16819,269,2024-04-02,2991.49,Other
16820,198,2024-01-29,2477.65,Insurance
16821,396,2026-01-28,330.57,Bank Transfer
16822,423,2025-10-28,1807.08,Bank Transfer
16823,32,2024-04-24,1965.59,Other
16824,465,2026-01-29,4668.54,Bank Transfer
16825,377,2025-04-28,1283.25,Other
16826,322,2025-02-24,3818.14,Other
16827,392,2024-10-30,2325.85,Cash
16828,283,2024-04-15,1393.56,Bank Transfer
16829,20,2025-06-02,4401.45,Credit Card
16830,342,2024-08-11,4873.37,Other
16831,123,2025-05-30,1845.90,Credit Card
16832,401,2025-01-21,4032.44,Bank Transfer
16833,359,2024-07-21,846.25,Insurance
16834,430,2024-12-16,2736.10,Other
16835,296,2024-08-06,3949.49,Cash
16836,225,2024-08-03,4649.67,Cash
16837,304,2024-01-05,420.82,Other
16838,382,2024-03-16,1160.92,Bank Transfer
16839,421,2025-03-21,2737.09,Cash
16840,27,2025-11-27,1183.17,Other
16841,489,2024-04-03,1852.06,Bank Transfer
16842,419,2024-05-30,3909.31,Cash
16843,81,2025-03-21,2481.24,Cash
16844,174,2024-03-29,2829.10,Cash
16845,300,2024-09-05,1268.98,Cash
16846,140,2024-08-24,4028.66,Bank Transfer
16847,235,2024-10-09,1979.25,Other
16848,46,2024-08-07,510.35,Credit Card
16849,261,2024-04-04,931.69,Other
16850,339,2025-07-08,2065.15,Cash
16851,399,2024-10-14,4076.26,Other
16852,1,2025-08-21,818.91,Other
16853,308,2025-06-12,1714.44,Bank Transfer
16854,182,2025-05-19,4001.81,Other
16855,303,2025-07-25,3141.35,Insurance
16856,490,2026-02-02,1241.35,Other
16857,31,2025-11-09,3858.87,Bank Transfer
16858,156,2024-09-24,1391.76,Other
16859,214,2025-09-28,3001.57,Other
16860,248,2026-03-15,4058.16,Bank Transfer
16861,188,2025-11-13,4523.17,Insurance
16862,387,2025-05-07,3809.40,Other
16863,130,2024-05-21,203.36,Bank Transfer
16864,292,2024-01-25,2944.93,Other
16865,190,2025-08-11,1488.35,Bank Transfer
16866,129,2024-11-08,4109.22,Cash
16867,185,2025-03-18,1894.39,Bank Transfer
16868,393,2024-03-12,3098.08,Cash
16869,425,2025-05-18,514.20,Credit Card
16870,117,2026-01-25,661.52,Cash
16871,21,2025-05-18,2687.08,Cash
16872,378,2025-01-08,3512.50,Insurance
16873,228,2025-11-05,2739.63,Insurance
16874,400,2024-02-18,886.25,Insurance
16875,330,2026-01-13,4424.14,Other
16876,334,2024-12-28,1426.04,Credit Card
16877,249,2025-04-27,4602.87,Credit Card
16878,446,2024-10-01,2571.71,Other
16879,372,2024-03-04,3524.70,Insurance
16880,341,2024-06-08,573.47,Cash
16881,480,2025-09-06,3896.27,Other
16882,81,2024-11-02,4665.52,Insurance
16883,253,2025-07-06,2145.54,Bank Transfer
16884,345,2024-08-04,2792.71,Insurance
16885,329,2024-08-29,4309.89,Bank Transfer
16886,161,2025-07-01,3342.16,Other
16887,161,2024-10-03,4515.81,Insurance
16888,243,2024-04-24,4764.31,Cash
16889,272,2025-09-30,151.53,Bank Transfer
16890,243,2026-02-07,785.96,Bank Transfer
16891,339,2024-05-26,679.42,Cash
16892,387,2024-08-12,3834.84,Bank Transfer
16893,171,2024-01-29,4179.64,Other
16894,25,2024-06-16,985.92,Cash
16895,232,2026-02-25,3716.23,Cash
16896,410,2024-09-21,3466.93,Cash
16897,424,2025-02-26,2757.07,Credit Card
16898,220,2024-02-22,1296.64,Other
16899,339,2025-09-22,3676.68,Insurance
16900,184,2024-08-28,1227.47,Insurance
16901,177,2025-08-03,2799.70,Other
16902,373,2025-02-16,1554.44,Credit Card
16903,84,2024-06-17,3878.20,Bank Transfer
16904,407,2025-08-01,303.02,Cash
16905,462,2025-04-10,4124.95,Credit Card
16906,193,2024-08-12,1716.55,Bank Transfer
16907,239,2024-02-13,1516.04,Other
16908,28,2025-02-21,1226.04,Credit Card
16909,340,2025-06-04,877.36,Other
16910,96,2025-02-16,2193.63,Bank Transfer
16911,207,2024-06-10,440.23,Credit Card
16912,318,2026-03-15,2940.89,Other
16913,468,2024-11-10,4105.23,Bank Transfer
16914,28,2025-05-01,3755.62,Other
16915,135,2025-11-08,4089.09,Other
16916,410,2024-01-03,716.75,Other
16917,208,2025-01-06,3054.32,Insurance
16918,466,2025-03-06,449.67,Credit Card
16919,50,2024-11-02,1099.68,Cash
16920,403,2024-06-11,4517.92,Credit Card
16921,376,2024-02-16,1951.22,Insurance
16922,325,2025-06-15,2091.23,Credit Card
16923,354,2024-08-28,2562.20,Cash
16924,68,2025-04-01,2336.72,Other
16925,159,2024-08-09,175.78,Other
16926,268,2024-06-25,4915.89,Bank Transfer
16927,58,2024-10-08,4569.34,Cash
16928,118,2025-03-12,4140.86,Other
16929,260,2025-04-06,2974.48,Bank Transfer
16930,186,2026-01-05,1565.01,Bank Transfer
16931,418,2024-07-13,2499.66,Credit Card
16932,271,2025-12-18,3460.01,Cash
16933,208,2025-05-16,4954.57,Insurance
16934,321,2024-11-09,855.94,Insurance
16935,278,2025-01-13,3580.57,Cash
16936,153,2026-03-20,1933.64,Cash
16937,79,2025-11-12,3689.79,Bank Transfer
16938,445,2024-10-28,4050.47,Bank Transfer
16939,258,2024-01-08,2557.33,Insurance
16940,281,2024-06-07,593.98,Cash
16941,98,2024-12-07,4672.28,Credit Card
16942,408,2025-11-21,1956.82,Bank Transfer
16943,77,2024-12-26,3085.71,Bank Transfer
16944,469,2025-12-23,3325.84,Bank Transfer
16945,103,2024-07-19,2923.32,Bank Transfer
16946,437,2025-07-04,3723.75,Cash
16947,276,2025-12-21,3550.66,Insurance
16948,226,2024-01-07,3479.67,Insurance
16949,314,2024-03-15,3369.11,Bank Transfer
16950,395,2024-08-18,1508.78,Bank Transfer
16951,413,2024-03-30,2483.14,Credit Card
16952,292,2025-02-24,2696.24,Insurance
16953,368,2024-05-16,2850.02,Other
16954,429,2026-01-20,4463.42,Other
16955,489,2024-10-28,1331.77,Insurance
16956,465,2025-01-28,1927.51,Credit Card
16957,237,2025-04-22,768.22,Other
16958,200,2024-10-24,4780.87,Cash
16959,325,2026-03-05,2912.23,Credit Card
16960,83,2024-08-29,1576.80,Credit Card
16961,450,2025-03-08,4058.44,Cash
16962,404,2024-08-11,764.51,Bank Transfer
16963,409,2024-04-01,588.73,Other
16964,350,2025-11-06,2570.42,Credit Card
16965,73,2024-10-25,1734.29,Credit Card
16966,326,2025-02-02,1719.83,Credit Card
16967,271,2024-11-09,206.09,Other
16968,234,2025-03-14,3374.09,Insurance
16969,153,2025-09-12,1510.64,Bank Transfer
16970,306,2026-03-12,1809.13,Credit Card
16971,32,2024-02-19,2206.53,Other
16972,269,2026-01-20,4126.19,Other
16973,380,2025-07-27,3634.79,Insurance
16974,415,2024-05-03,4288.16,Credit Card
16975,268,2024-04-27,591.35,Cash
16976,272,2024-10-26,1429.23,Other
16977,355,2025-10-06,899.06,Credit Card
16978,220,2024-11-29,4566.25,Cash
16979,262,2024-04-22,4847.02,Bank Transfer
16980,128,2024-09-14,4969.32,Credit Card
16981,17,2026-01-10,565.19,Insurance
16982,88,2024-12-04,275.71,Insurance
16983,498,2024-08-18,3186.13,Credit Card
16984,38,2025-12-27,2640.29,Credit Card
16985,223,2024-11-26,4530.84,Bank Transfer
16986,373,2025-03-08,773.41,Other
16987,256,2024-02-20,3458.01,Cash
16988,110,2024-07-27,2199.31,Credit Card
16989,485,2024-06-15,3394.79,Bank Transfer
16990,353,2025-08-10,3741.86,Insurance
16991,354,2024-06-03,2723.56,Insurance
16992,188,2026-02-12,63.50,Other
16993,279,2024-12-16,261.44,Bank Transfer
16994,127,2025-01-14,1381.24,Credit Card
16995,186,2025-01-07,1059.12,Credit Card
16996,466,2026-01-29,3530.57,Credit Card
16997,288,2024-01-30,2952.73,Insurance
16998,187,2024-03-25,1332.60,Cash
16999,163,2026-01-13,2674.19,Insurance
17000,84,2025-01-09,1373.23,Other
17001,22,2026-02-24,2361.04,Bank Transfer
17002,122,2024-08-16,3695.09,Other
17003,375,2025-10-05,4007.49,Credit Card
17004,408,2025-02-07,1619.02,Insurance
17005,89,2024-07-17,642.49,Credit Card
17006,299,2025-09-23,807.12,Cash
17007,35,2024-12-04,3663.94,Cash
17008,326,2025-12-15,1356.51,Credit Card
17009,353,2024-04-03,1730.41,Insurance
17010,447,2025-07-11,1454.63,Other
17011,288,2024-06-10,3489.72,Cash
17012,159,2025-08-18,3735.68,Cash
17013,422,2024-07-10,2985.73,Bank Transfer
17014,443,2025-12-30,3667.04,Credit Card
17015,469,2024-06-08,2064.19,Other
17016,351,2025-10-26,599.90,Other
17017,207,2024-06-21,4346.69,Bank Transfer
17018,6,2024-12-05,3288.63,Other
17019,70,2025-06-10,887.79,Bank Transfer
17020,161,2026-01-30,4962.96,Other
17021,122,2024-10-10,2608.67,Other
17022,74,2025-05-05,4926.88,Other
17023,160,2025-02-19,3162.67,Cash
17024,455,2025-05-21,4325.96,Credit Card
17025,229,2024-06-03,4142.46,Insurance
17026,159,2025-10-30,1485.83,Cash
17027,90,2025-11-18,4859.08,Insurance
17028,33,2024-01-10,4303.05,Cash
17029,348,2025-03-19,1744.69,Other
17030,302,2025-11-27,2646.65,Bank Transfer
17031,473,2024-01-05,3734.90,Insurance
17032,294,2025-11-01,3984.62,Credit Card
17033,370,2024-06-22,417.75,Cash
17034,116,2024-09-17,365.97,Cash
17035,166,2025-09-04,2475.80,Other
17036,271,2024-03-20,897.64,Insurance
17037,95,2026-03-06,3369.11,Bank Transfer
17038,67,2025-04-05,4253.03,Insurance
17039,35,2024-01-18,2003.38,Bank Transfer
17040,441,2024-01-31,4260.67,Other
17041,253,2024-05-16,2622.13,Cash
17042,288,2025-06-20,3516.02,Other
17043,427,2026-01-22,3140.26,Bank Transfer
17044,363,2025-11-07,4712.47,Insurance
17045,369,2024-07-09,3019.65,Other
17046,317,2024-06-03,1031.82,Bank Transfer
17047,102,2025-01-29,4443.34,Credit Card
17048,267,2025-02-27,481.64,Cash
17049,362,2024-09-04,855.20,Credit Card
17050,167,2025-02-23,3784.36,Other
17051,470,2025-12-22,1063.03,Other
17052,142,2024-08-09,2423.25,Cash
17053,353,2025-03-14,1479.21,Insurance
17054,336,2024-03-16,674.00,Bank Transfer
17055,399,2024-12-23,617.39,Bank Transfer
17056,174,2024-04-11,2363.25,Insurance
17057,409,2025-10-24,4411.19,Bank Transfer
17058,252,2024-12-07,755.30,Bank Transfer
17059,57,2024-12-04,2202.91,Insurance
17060,34,2025-06-21,796.72,Credit Card
17061,345,2025-07-07,551.90,Insurance
17062,113,2024-07-14,2169.67,Credit Card
17063,371,2024-08-21,985.10,Cash
17064,70,2024-06-30,3757.94,Credit Card
17065,155,2025-01-26,3833.21,Insurance
17066,61,2026-02-10,2743.50,Cash
17067,1,2024-02-28,4334.47,Insurance
17068,51,2025-12-05,2500.38,Cash
17069,236,2024-01-25,4863.91,Other
17070,191,2026-02-06,4603.55,Credit Card
17071,364,2025-03-15,2823.77,Cash
17072,68,2026-01-12,2652.39,Other
17073,301,2025-05-12,2346.76,Other
17074,247,2025-10-15,2045.58,Bank Transfer
17075,396,2024-02-20,3575.40,Insurance
17076,483,2025-05-21,1644.29,Credit Card
17077,327,2025-09-13,1884.10,Credit Card
17078,251,2024-10-23,1728.33,Credit Card
17079,198,2024-08-06,3563.67,Credit Card
17080,459,2024-07-05,1516.02,Other
17081,134,2024-11-23,2316.75,Cash
17082,490,2025-01-28,4271.12,Insurance
17083,333,2024-02-26,4409.22,Credit Card
17084,295,2024-12-22,1292.75,Other
17085,102,2024-06-30,4562.40,Bank Transfer
17086,293,2024-06-04,1066.37,Insurance
17087,229,2025-08-09,4697.01,Other
17088,83,2024-04-12,398.42,Insurance
17089,77,2025-08-29,1061.79,Bank Transfer
17090,61,2024-11-02,1944.21,Credit Card
17091,230,2025-02-20,269.81,Other
17092,457,2024-01-01,3428.99,Credit Card
17093,493,2026-02-06,148.13,Insurance
17094,378,2025-02-16,4829.60,Credit Card
17095,261,2024-03-08,2494.08,Other
17096,33,2025-05-01,4502.44,Credit Card
17097,349,2024-04-05,1321.88,Bank Transfer
17098,389,2024-03-20,2534.03,Other
17099,486,2024-03-30,2159.19,Insurance
17100,246,2025-12-01,3082.87,Insurance
17101,45,2026-01-28,1182.20,Bank Transfer
17102,463,2025-02-14,874.83,Other
17103,75,2025-12-11,2652.18,Credit Card
17104,123,2025-11-08,2449.96,Cash
17105,202,2024-01-02,1134.86,Bank Transfer
17106,306,2024-06-15,4369.60,Bank Transfer
17107,284,2024-08-09,3963.50,Other
17108,63,2025-06-17,200.74,Credit Card
17109,452,2024-05-16,282.79,Other
17110,309,2025-07-29,4483.63,Insurance
17111,42,2024-09-13,4935.42,Other
17112,493,2025-11-04,1569.51,Insurance
17113,217,2024-01-23,2161.11,Credit Card
17114,139,2025-12-23,199.72,Insurance
17115,258,2025-04-23,1917.11,Other
17116,131,2025-04-26,1576.14,Credit Card
17117,341,2024-01-06,1935.12,Bank Transfer
17118,132,2025-12-02,3341.31,Credit Card
17119,469,2026-02-04,2856.20,Cash
17120,479,2025-12-02,3115.52,Insurance
17121,296,2024-12-16,823.03,Bank Transfer
17122,458,2024-12-30,952.15,Bank Transfer
17123,440,2024-06-17,3735.34,Insurance
17124,261,2025-01-10,654.88,Credit Card
17125,162,2025-09-15,67.06,Insurance
17126,476,2024-04-29,274.62,Insurance
17127,83,2025-06-06,4642.96,Cash
17128,254,2024-08-23,1948.06,Other
17129,434,2024-02-24,1729.47,Credit Card
17130,155,2024-07-16,2572.75,Cash
17131,149,2025-02-18,3144.41,Insurance
17132,177,2025-10-07,2515.77,Other
17133,201,2025-12-26,2732.88,Cash
17134,229,2025-03-01,3551.93,Cash
17135,143,2024-08-26,3075.42,Cash
17136,421,2024-08-04,4550.76,Bank Transfer
17137,405,2025-12-16,3596.76,Insurance
17138,255,2026-03-17,2043.42,Bank Transfer
17139,260,2024-03-24,3976.41,Insurance
17140,297,2025-08-08,1469.40,Other
17141,318,2024-11-20,1329.57,Bank Transfer
17142,461,2025-06-16,4000.30,Other
17143,394,2024-06-04,3627.47,Credit Card
17144,438,2024-04-02,1587.69,Cash
17145,497,2024-05-21,3969.13,Insurance
17146,288,2025-07-25,2271.99,Bank Transfer
17147,296,2025-01-03,2650.51,Insurance
17148,71,2025-10-02,1056.04,Other
17149,37,2024-04-09,1471.08,Cash
17150,47,2024-12-18,644.87,Bank Transfer
17151,28,2025-01-23,4657.09,Credit Card
17152,167,2026-03-10,3514.91,Other
17153,244,2025-07-24,4520.08,Insurance
17154,376,2025-07-29,2217.42,Insurance
17155,262,2025-09-27,1775.74,Bank Transfer
17156,165,2024-12-10,4300.07,Cash
17157,481,2025-10-27,1605.01,Other
17158,494,2026-02-19,1208.17,Other
17159,101,2024-01-10,2964.67,Insurance
17160,234,2025-03-03,171.03,Other
17161,439,2026-02-08,1220.87,Other
17162,386,2024-06-30,3099.46,Bank Transfer
17163,14,2024-07-15,2045.68,Other
17164,334,2025-11-12,4851.28,Credit Card
17165,154,2025-02-19,3346.05,Other
17166,53,2025-02-22,736.82,Credit Card
17167,347,2024-02-04,2786.34,Cash
17168,470,2024-06-12,3250.06,Other
17169,208,2025-05-13,366.31,Bank Transfer
17170,181,2024-05-14,2246.40,Credit Card
17171,67,2025-11-13,2114.60,Cash
17172,314,2024-10-10,441.34,Credit Card
17173,126,2025-03-19,1037.41,Other
17174,488,2025-12-20,1089.69,Bank Transfer
17175,167,2026-03-16,800.92,Cash
17176,443,2026-02-04,3539.89,Credit Card
17177,383,2024-09-26,4407.01,Credit Card
17178,352,2024-09-08,2035.59,Bank Transfer
17179,121,2024-08-09,4817.35,Other
17180,8,2025-11-20,3676.79,Credit Card
17181,306,2026-03-04,2032.45,Bank Transfer
17182,346,2024-04-03,1544.33,Credit Card
17183,62,2024-08-19,3023.35,Insurance
17184,419,2024-06-13,592.42,Insurance
17185,390,2025-08-04,1779.76,Bank Transfer
17186,164,2025-11-01,2003.99,Other
17187,392,2024-01-16,4075.21,Credit Card
17188,328,2024-07-30,3662.49,Other
17189,79,2025-02-23,1324.42,Credit Card
17190,141,2024-01-16,4053.15,Bank Transfer
17191,247,2024-08-07,3516.73,Insurance
17192,110,2026-01-06,3318.35,Other
17193,167,2024-05-11,2335.84,Insurance
17194,319,2024-12-10,365.35,Bank Transfer
17195,86,2025-12-04,2352.00,Other
17196,261,2024-06-22,3166.94,Credit Card
17197,498,2025-06-26,110.16,Insurance
17198,100,2025-01-10,2797.04,Insurance
17199,325,2025-04-28,2420.87,Bank Transfer
17200,240,2025-02-19,4348.28,Cash
17201,266,2025-07-29,4829.02,Insurance
17202,285,2024-06-29,3407.10,Insurance
17203,170,2024-03-15,1897.42,Bank Transfer
17204,474,2025-06-04,2991.40,Credit Card
17205,179,2024-03-01,2915.56,Credit Card
17206,315,2025-04-21,4105.40,Cash
17207,55,2026-03-18,1438.08,Insurance
17208,211,2025-10-16,2174.18,Bank Transfer
17209,176,2024-09-22,4061.94,Credit Card
17210,253,2025-04-24,4871.58,Credit Card
17211,364,2024-07-10,457.51,Bank Transfer
17212,160,2025-11-30,1060.99,Insurance
17213,443,2024-11-08,2480.77,Cash
17214,481,2025-02-03,4238.37,Credit Card
17215,182,2024-11-08,2339.38,Cash
17216,495,2024-05-29,2925.59,Other
17217,107,2024-05-14,2705.19,Other
17218,304,2025-07-11,3248.32,Bank Transfer
17219,301,2024-12-18,3465.72,Other
17220,73,2024-10-09,2431.77,Other
17221,203,2024-01-05,3629.59,Cash
17222,232,2025-03-06,2627.54,Bank Transfer
17223,55,2024-12-07,375.49,Cash
17224,472,2024-01-31,144.41,Other
17225,387,2025-02-02,3489.45,Insurance
17226,263,2024-12-16,1763.73,Other
17227,386,2024-11-11,1576.05,Cash
17228,58,2026-01-17,3606.83,Insurance
17229,86,2024-06-10,4038.02,Credit Card
17230,48,2025-03-13,2195.62,Bank Transfer
17231,269,2025-04-23,2592.18,Bank Transfer
17232,321,2025-02-17,1742.05,Other
17233,44,2025-10-23,3870.02,Bank Transfer
17234,315,2025-01-30,2018.56,Other
17235,146,2025-09-21,827.59,Cash
17236,456,2026-01-19,1885.03,Credit Card
17237,81,2024-11-23,4951.32,Insurance
17238,19,2025-04-07,3808.13,Bank Transfer
17239,290,2025-12-07,3796.45,Other
17240,120,2024-11-26,4870.10,Bank Transfer
17241,239,2025-06-29,2969.11,Insurance
17242,216,2025-11-18,4052.81,Bank Transfer
17243,419,2025-08-08,4685.79,Bank Transfer
17244,265,2024-05-29,4174.29,Cash
17245,479,2026-02-20,1319.84,Cash
17246,259,2026-02-01,2213.62,Other
17247,115,2024-11-07,513.31,Bank Transfer
17248,414,2026-02-11,3537.27,Insurance
17249,294,2025-05-17,2916.65,Credit Card
17250,182,2024-04-15,3104.64,Insurance
17251,362,2024-07-05,4702.26,Insurance
17252,285,2025-03-04,4376.87,Other
17253,48,2024-12-03,4473.34,Other
17254,399,2024-03-11,1481.13,Bank Transfer
17255,164,2025-04-16,1270.85,Bank Transfer
17256,146,2024-06-12,4220.88,Bank Transfer
17257,37,2024-07-27,584.34,Cash
17258,49,2026-03-20,4107.84,Cash
17259,435,2026-01-31,603.91,Cash
17260,243,2026-03-20,612.47,Credit Card
17261,41,2024-08-21,407.80,Credit Card
17262,179,2026-02-21,4002.90,Insurance
17263,235,2025-04-27,359.79,Credit Card
17264,116,2025-11-07,707.12,Cash
17265,133,2024-06-04,2825.01,Cash
17266,118,2025-08-08,1960.73,Insurance
17267,497,2024-09-10,1206.64,Insurance
17268,211,2024-05-25,139.63,Credit Card
17269,188,2025-01-23,808.35,Other
17270,456,2025-02-11,1698.75,Bank Transfer
17271,461,2024-08-30,4302.31,Other
17272,249,2024-05-24,2584.02,Insurance
17273,335,2024-04-03,1792.99,Cash
17274,198,2025-07-27,2140.91,Cash
17275,352,2024-05-10,2696.10,Bank Transfer
17276,403,2025-11-29,3651.87,Credit Card
17277,290,2024-10-24,236.46,Credit Card
17278,385,2025-10-07,2543.56,Other
17279,72,2026-03-06,1361.41,Cash
17280,406,2024-10-01,796.61,Cash
17281,157,2025-09-12,2463.30,Insurance
17282,107,2026-02-16,1366.83,Insurance
17283,161,2024-08-23,1674.29,Insurance
17284,145,2025-08-04,4943.06,Credit Card
17285,191,2024-07-09,4228.30,Bank Transfer
17286,221,2024-01-14,2582.47,Bank Transfer
17287,251,2025-12-02,3311.88,Insurance
17288,333,2024-03-29,594.49,Insurance
17289,107,2024-07-28,2194.08,Insurance
17290,52,2025-07-20,3298.97,Cash
17291,189,2024-03-08,1714.60,Bank Transfer
17292,245,2024-05-28,2762.61,Cash
17293,93,2025-08-06,4568.86,Other
17294,186,2024-12-06,3999.09,Credit Card
17295,11,2024-01-24,407.04,Other
17296,108,2025-02-15,986.79,Insurance
17297,460,2025-02-07,4090.28,Cash
17298,174,2025-06-08,3005.37,Bank Transfer
17299,481,2024-12-25,3828.36,Insurance
17300,16,2025-08-10,389.58,Insurance
17301,362,2025-09-22,3820.91,Other
17302,381,2024-08-02,4852.29,Credit Card
17303,99,2024-06-11,3530.97,Insurance
17304,490,2024-04-06,1783.84,Bank Transfer
17305,182,2024-09-19,2439.36,Insurance
17306,176,2025-07-02,1546.28,Insurance
17307,26,2024-03-17,2913.51,Insurance
17308,270,2025-07-16,567.58,Cash
17309,297,2024-01-27,3564.83,Cash
17310,392,2025-11-12,1565.43,Credit Card
17311,256,2024-03-02,4519.74,Cash
17312,424,2025-09-18,4375.14,Insurance
17313,278,2025-04-01,963.27,Credit Card
17314,330,2024-04-09,2309.13,Insurance
17315,247,2025-09-27,4244.07,Credit Card
17316,500,2025-12-23,1148.48,Insurance
17317,415,2025-03-16,485.92,Insurance
17318,301,2025-12-13,2119.38,Insurance
17319,362,2026-01-12,2238.29,Insurance
17320,244,2025-12-07,571.31,Bank Transfer
17321,454,2025-04-27,576.53,Other
17322,236,2024-05-02,2832.10,Credit Card
17323,24,2024-05-04,2235.73,Other
17324,490,2024-08-27,2453.06,Other
17325,251,2024-11-30,1539.51,Other
17326,193,2024-03-28,4445.36,Other
17327,25,2024-06-10,885.14,Other
17328,126,2024-11-01,3540.30,Insurance
17329,492,2024-11-05,2627.33,Other
17330,168,2024-04-27,2741.37,Bank Transfer
17331,45,2024-07-11,4741.46,Credit Card
17332,216,2024-06-14,434.43,Insurance
17333,317,2025-02-07,4993.78,Credit Card
17334,455,2024-04-12,528.90,Insurance
17335,403,2024-07-22,4082.52,Bank Transfer
17336,178,2025-03-07,1200.47,Other
17337,107,2024-09-19,2430.39,Other
17338,346,2024-09-29,1287.85,Credit Card
17339,106,2024-09-06,2117.83,Insurance
17340,21,2024-06-22,1954.98,Credit Card
17341,481,2025-05-26,2006.62,Cash
17342,448,2024-08-17,1641.61,Credit Card
17343,321,2024-08-07,453.63,Cash
17344,253,2025-12-18,903.86,Other
17345,240,2024-01-01,629.81,Cash
17346,128,2026-02-23,3338.25,Other
17347,291,2024-11-07,2763.10,Credit Card
17348,244,2024-07-19,2035.86,Cash
17349,41,2025-07-13,295.12,Other
17350,357,2025-03-10,763.90,Insurance
17351,457,2024-01-13,3378.05,Other
17352,44,2025-12-19,2923.15,Other
17353,485,2026-01-28,2791.65,Cash
17354,265,2025-03-23,3960.94,Insurance
17355,207,2025-05-14,4894.60,Other
17356,326,2024-12-07,598.49,Bank Transfer
17357,384,2025-09-13,2824.22,Other
17358,274,2024-05-20,2319.41,Credit Card
17359,69,2024-07-31,2317.47,Insurance
17360,348,2025-12-18,2769.86,Credit Card
17361,452,2024-06-17,3456.95,Other
17362,283,2026-02-10,2040.03,Cash
17363,365,2025-08-12,3669.75,Bank Transfer
17364,198,2024-04-30,3725.05,Cash
17365,200,2026-01-12,3939.86,Cash
17366,332,2025-12-23,2710.73,Credit Card
17367,179,2025-12-27,2317.61,Insurance
17368,313,2025-03-08,2332.74,Insurance
17369,147,2024-12-05,2127.59,Other
17370,403,2025-08-23,2843.97,Cash
17371,128,2026-03-13,4464.46,Credit Card
17372,178,2025-03-21,1046.78,Bank Transfer
17373,283,2024-08-10,2248.78,Other
17374,375,2025-01-17,875.99,Credit Card
17375,218,2025-08-29,3537.54,Insurance
17376,477,2026-01-22,511.50,Bank Transfer
17377,190,2024-01-05,4449.20,Credit Card
17378,441,2024-12-11,2484.71,Cash
17379,253,2025-04-14,782.06,Insurance
17380,463,2025-01-21,4874.44,Cash
17381,201,2024-10-15,4080.34,Credit Card
17382,93,2024-03-04,1736.49,Insurance
17383,432,2026-02-22,602.19,Other
17384,301,2025-05-29,3342.44,Cash
17385,329,2024-08-14,2488.06,Credit Card
17386,474,2024-08-14,3706.52,Cash
17387,365,2024-08-26,3168.48,Other
17388,107,2026-02-13,431.39,Cash
17389,75,2025-01-27,4049.09,Bank Transfer
17390,102,2024-04-21,2445.10,Bank Transfer
17391,496,2025-12-03,2688.34,Credit Card
17392,368,2026-02-18,1773.11,Credit Card
17393,93,2024-06-13,3852.78,Other
17394,35,2026-01-25,4380.38,Other
17395,352,2024-10-02,3982.27,Cash
17396,414,2024-05-17,4091.65,Credit Card
17397,17,2025-05-20,1371.66,Credit Card
17398,382,2024-10-19,2201.37,Other
17399,333,2024-05-07,2544.73,Other
17400,477,2024-09-19,684.82,Bank Transfer
17401,204,2024-08-08,2252.62,Other
17402,302,2025-04-17,3764.31,Credit Card
17403,276,2025-07-20,153.55,Bank Transfer
17404,87,2025-07-18,4998.22,Cash
17405,316,2026-01-10,3909.86,Insurance
17406,179,2025-02-08,2720.49,Bank Transfer
17407,59,2025-07-10,3134.67,Credit Card
17408,399,2025-11-19,3483.00,Insurance
17409,498,2024-06-22,4960.97,Credit Card
17410,464,2024-08-12,2613.50,Insurance
17411,230,2025-03-08,4823.32,Credit Card
17412,302,2025-09-28,2603.83,Insurance
17413,266,2024-05-17,378.38,Credit Card
17414,187,2024-12-02,422.04,Insurance
17415,3,2025-08-06,4921.45,Cash
17416,186,2025-08-13,3367.27,Cash
17417,489,2025-02-01,4449.32,Other
17418,328,2024-07-17,3636.02,Other
17419,31,2025-06-27,1820.05,Insurance
17420,308,2024-02-23,4072.76,Cash
17421,272,2025-10-09,2947.25,Bank Transfer
17422,383,2024-03-11,1664.66,Credit Card
17423,475,2024-05-27,4696.87,Other
17424,216,2025-09-22,1012.28,Other
17425,470,2024-04-11,3375.23,Credit Card
17426,63,2024-01-25,857.99,Cash
17427,268,2024-11-21,2615.00,Credit Card
17428,244,2025-09-08,545.87,Bank Transfer
17429,287,2024-09-24,4812.21,Insurance
17430,266,2024-10-05,939.81,Insurance
17431,479,2024-06-11,448.62,Insurance
17432,328,2025-09-09,4899.23,Credit Card
17433,464,2024-12-16,4267.94,Insurance
17434,170,2024-08-14,880.50,Other
17435,41,2024-11-16,4097.06,Other
17436,114,2025-10-11,2381.49,Bank Transfer
17437,25,2024-05-01,3305.94,Credit Card
17438,371,2024-08-26,4272.20,Insurance
17439,145,2025-10-24,2092.30,Credit Card
17440,413,2025-03-04,4528.48,Bank Transfer
17441,82,2025-12-25,284.09,Bank Transfer
17442,456,2026-02-05,1266.15,Cash
17443,192,2024-02-17,1374.79,Bank Transfer
17444,260,2024-01-13,1448.86,Cash
17445,295,2024-06-12,4370.47,Other
17446,449,2025-08-17,1093.51,Bank Transfer
17447,300,2025-09-17,2240.57,Bank Transfer
17448,303,2024-12-31,3835.57,Cash
17449,68,2024-03-18,3882.36,Other
17450,206,2025-11-15,2931.24,Credit Card
17451,407,2026-01-16,248.06,Credit Card
17452,186,2024-10-25,850.68,Cash
17453,115,2024-03-28,1733.89,Insurance
17454,258,2024-02-05,478.75,Bank Transfer
17455,204,2024-03-26,2050.75,Bank Transfer
17456,337,2025-12-14,638.21,Cash
17457,338,2025-07-11,1411.23,Cash
17458,103,2024-05-12,2561.33,Cash
17459,449,2026-01-22,1458.08,Credit Card
17460,249,2025-05-11,4882.38,Cash
17461,18,2025-05-27,1450.25,Insurance
17462,277,2024-09-15,3339.56,Bank Transfer
17463,56,2025-01-27,2732.00,Cash
17464,10,2025-07-14,1518.72,Insurance
17465,177,2025-01-26,3411.77,Credit Card
17466,99,2024-06-29,1582.61,Bank Transfer
17467,463,2024-09-14,4610.19,Bank Transfer
17468,45,2025-12-23,4046.12,Other
17469,42,2024-07-31,4007.81,Bank Transfer
17470,190,2026-01-07,1566.87,Credit Card
17471,227,2024-05-24,2032.68,Other
17472,438,2024-09-05,755.18,Bank Transfer
17473,372,2025-07-19,2852.57,Credit Card
17474,471,2024-12-28,2853.61,Other
17475,192,2024-04-24,348.69,Cash
17476,234,2025-04-25,377.25,Bank Transfer
17477,222,2025-04-03,750.46,Insurance
17478,486,2024-11-18,4650.68,Insurance
17479,310,2024-07-13,2523.31,Cash
17480,284,2026-01-24,2412.20,Insurance
17481,334,2024-09-11,1786.08,Bank Transfer
17482,351,2024-01-10,2559.01,Other
17483,115,2025-01-23,1476.37,Insurance
17484,313,2025-02-19,240.46,Insurance
17485,157,2024-01-06,2850.74,Insurance
17486,217,2024-07-06,809.01,Bank Transfer
17487,485,2025-03-01,676.24,Insurance
17488,305,2024-04-25,1689.25,Bank Transfer
17489,99,2024-01-27,3037.17,Cash
17490,453,2025-05-23,3757.83,Insurance
17491,462,2025-10-04,2771.75,Other
17492,462,2025-12-30,4522.42,Insurance
17493,458,2025-12-23,69.14,Other
17494,107,2025-09-14,449.11,Insurance
17495,63,2025-05-22,2727.87,Insurance
17496,54,2024-02-07,2115.45,Bank Transfer
17497,304,2025-01-01,1554.74,Cash
17498,220,2025-08-02,975.10,Credit Card
17499,337,2025-06-19,382.93,Credit Card
17500,305,2025-11-28,3420.25,Cash
17501,135,2024-05-23,3676.13,Bank Transfer
17502,366,2024-02-27,4693.02,Cash
17503,52,2025-04-15,1590.72,Other
17504,423,2024-07-31,2650.64,Credit Card
17505,218,2024-04-01,816.33,Other
17506,62,2024-08-12,742.35,Bank Transfer
17507,321,2025-11-20,2628.87,Cash
17508,254,2024-08-11,3729.32,Cash
17509,146,2025-02-28,3559.81,Insurance
17510,158,2025-04-14,1769.59,Bank Transfer
17511,344,2024-07-26,1641.42,Insurance
17512,4,2025-01-15,1341.75,Cash
17513,191,2024-01-22,1063.88,Credit Card
17514,499,2025-09-03,1289.99,Credit Card
17515,397,2024-07-17,2622.66,Bank Transfer
17516,61,2026-02-07,2934.61,Other
17517,165,2025-02-26,1113.59,Insurance
17518,475,2025-07-15,332.63,Bank Transfer
17519,412,2025-01-08,383.73,Other
17520,288,2025-02-13,3339.34,Insurance
17521,119,2024-03-24,2345.57,Other
17522,289,2025-07-07,3677.13,Bank Transfer
17523,389,2024-04-12,1512.52,Insurance
17524,76,2024-04-13,895.26,Other
17525,199,2025-02-18,4826.65,Bank Transfer
17526,491,2024-03-17,2189.49,Insurance
17527,211,2024-02-29,485.80,Other
17528,358,2024-07-16,350.40,Insurance
17529,121,2025-02-04,127.57,Cash
17530,142,2025-06-20,676.63,Cash
17531,71,2024-08-12,1940.97,Other
17532,326,2025-08-28,3014.36,Cash
17533,273,2025-08-10,877.41,Insurance
17534,421,2025-11-30,4378.22,Bank Transfer
17535,423,2025-03-24,2985.96,Insurance
17536,4,2026-03-11,1006.61,Credit Card
17537,10,2025-08-03,3049.04,Bank Transfer
17538,415,2024-06-12,443.29,Other
17539,491,2024-12-14,1911.47,Insurance
17540,487,2024-02-07,4149.68,Other
17541,423,2024-05-25,1217.11,Bank Transfer
17542,181,2024-07-15,942.32,Credit Card
17543,93,2025-05-30,1939.36,Bank Transfer
17544,364,2025-11-03,3963.66,Bank Transfer
17545,468,2024-04-11,2788.08,Other
17546,498,2026-01-26,4669.64,Insurance
17547,221,2025-08-11,1710.82,Cash
17548,260,2024-10-18,589.99,Bank Transfer
17549,331,2024-08-18,4269.81,Cash
17550,195,2026-02-13,1548.02,Other
17551,18,2025-09-02,1007.36,Credit Card
17552,225,2024-11-15,1082.56,Cash
17553,279,2024-07-27,1497.00,Cash
17554,447,2026-02-17,1173.98,Cash
17555,278,2024-09-11,98.54,Cash
17556,393,2024-10-24,3671.28,Other
17557,278,2025-09-02,3754.10,Insurance
17558,69,2024-12-07,4152.81,Other
17559,452,2024-09-15,1362.96,Bank Transfer
17560,357,2024-12-10,4137.11,Bank Transfer
17561,104,2024-04-04,3122.69,Bank Transfer
17562,179,2025-09-19,3439.49,Other
17563,275,2024-03-25,2528.85,Other
17564,183,2024-09-09,4265.83,Bank Transfer
17565,131,2026-01-11,1491.09,Bank Transfer
17566,398,2025-09-11,173.59,Cash
17567,238,2024-05-09,2406.50,Bank Transfer
17568,467,2025-08-07,1784.89,Other
17569,38,2025-02-23,2917.95,Cash
17570,331,2025-06-03,1575.66,Cash
17571,53,2026-02-10,4817.57,Bank Transfer
17572,336,2026-02-04,319.39,Insurance
17573,160,2024-01-31,1692.09,Credit Card
17574,183,2025-03-27,4374.34,Bank Transfer
17575,302,2024-03-18,3721.76,Credit Card
17576,401,2024-01-20,3834.53,Cash
17577,379,2024-08-03,3306.31,Insurance
17578,171,2024-06-29,4011.22,Other
17579,309,2024-10-24,3848.47,Bank Transfer
17580,171,2025-06-20,783.84,Bank Transfer
17581,118,2024-05-29,3858.58,Credit Card
17582,115,2026-01-27,3201.39,Cash
17583,94,2025-04-19,3622.58,Cash
17584,472,2025-09-08,3698.51,Other
17585,349,2024-08-31,2185.49,Bank Transfer
17586,259,2025-12-09,1468.94,Cash
17587,217,2026-03-10,1076.62,Other
17588,212,2025-05-06,4155.24,Bank Transfer
17589,420,2025-02-17,418.91,Cash
17590,23,2025-09-15,114.50,Cash
17591,76,2024-05-23,3865.32,Bank Transfer
17592,473,2025-07-22,2231.25,Other
17593,123,2024-01-25,4605.62,Bank Transfer
17594,422,2025-07-02,1108.37,Insurance
17595,500,2025-01-27,2763.77,Cash
17596,17,2024-09-03,975.90,Bank Transfer
17597,245,2024-04-03,2283.43,Bank Transfer
17598,206,2024-11-28,2700.46,Cash
17599,266,2026-01-08,4439.22,Credit Card
17600,75,2024-08-06,1710.33,Cash
17601,209,2025-05-19,4985.93,Other
17602,443,2024-06-15,1819.27,Insurance
17603,228,2026-03-19,4817.74,Bank Transfer
17604,256,2024-11-22,4402.93,Other
17605,478,2026-03-14,495.28,Cash
17606,376,2025-09-08,2487.04,Credit Card
17607,460,2025-10-19,2519.23,Cash
17608,261,2024-08-15,3958.64,Bank Transfer
17609,96,2025-06-22,153.08,Other
17610,241,2025-02-28,2966.74,Cash
17611,225,2024-09-24,3024.71,Cash
17612,198,2025-01-12,918.87,Insurance
17613,308,2025-03-21,569.70,Bank Transfer
17614,414,2025-10-10,3767.52,Credit Card
17615,76,2026-01-02,97.06,Other
17616,481,2024-05-22,4623.42,Cash
17617,52,2025-11-17,1916.57,Bank Transfer
17618,257,2026-02-07,4556.94,Cash
17619,242,2025-02-13,4468.86,Bank Transfer
17620,483,2024-11-18,3346.55,Insurance
17621,205,2025-11-09,1049.66,Other
17622,216,2025-01-15,246.99,Bank Transfer
17623,394,2024-02-05,578.27,Insurance
17624,152,2024-12-25,2645.42,Cash
17625,410,2025-04-05,3173.61,Other
17626,232,2026-03-04,2621.97,Credit Card
17627,66,2025-08-24,1402.64,Cash
17628,141,2024-01-20,2146.45,Credit Card
17629,368,2025-12-03,1055.62,Cash
17630,139,2025-12-25,801.35,Cash
17631,437,2025-12-28,1216.91,Cash
17632,480,2024-09-01,2604.14,Insurance
17633,228,2024-08-19,3922.75,Credit Card
17634,198,2024-12-22,170.47,Insurance
17635,484,2025-12-12,1677.87,Cash
17636,214,2026-01-08,1185.10,Credit Card
17637,407,2024-06-05,1670.88,Bank Transfer
17638,490,2024-04-08,657.83,Other
17639,238,2024-06-23,2101.67,Cash
17640,226,2025-11-14,902.44,Insurance
17641,484,2024-05-21,121.22,Bank Transfer
17642,329,2024-12-25,4137.17,Other
17643,444,2024-10-30,2923.41,Insurance
17644,108,2025-06-01,2074.91,Insurance
17645,74,2025-12-23,314.81,Insurance
17646,49,2024-07-23,4098.93,Insurance
17647,244,2025-11-02,4762.04,Credit Card
17648,477,2024-11-27,947.23,Other
17649,476,2024-07-13,601.69,Other
17650,228,2026-02-18,3486.95,Bank Transfer
17651,191,2024-02-28,3568.49,Insurance
17652,360,2026-03-17,4070.27,Bank Transfer
17653,397,2024-02-25,1179.62,Bank Transfer
17654,245,2025-01-22,1133.04,Bank Transfer
17655,233,2024-12-25,3534.28,Other
17656,338,2024-11-01,4778.07,Other
17657,107,2024-07-31,1146.81,Insurance
17658,309,2025-02-23,1863.63,Credit Card
17659,287,2024-06-27,3318.97,Bank Transfer
17660,80,2025-05-23,4479.69,Cash
17661,5,2025-11-15,265.90,Insurance
17662,238,2025-02-17,3495.04,Credit Card
17663,458,2025-02-27,3128.46,Bank Transfer
17664,373,2026-01-23,3368.90,Other
17665,391,2026-03-02,2672.19,Bank Transfer
17666,291,2024-12-21,646.23,Other
17667,55,2025-12-02,432.60,Insurance
17668,275,2025-11-02,2878.47,Cash
17669,59,2024-02-12,3411.61,Other
17670,422,2024-09-09,282.68,Insurance
17671,261,2026-03-20,1194.71,Cash
17672,56,2025-02-19,915.58,Other
17673,266,2024-12-01,3728.56,Insurance
17674,141,2024-11-06,2704.48,Credit Card
17675,10,2026-01-20,2339.74,Bank Transfer
17676,272,2026-03-14,3496.95,Other
17677,399,2024-12-15,2834.70,Credit Card
17678,374,2024-08-11,642.44,Other
17679,239,2024-01-19,1333.19,Credit Card
17680,191,2024-05-07,3755.90,Bank Transfer
17681,276,2025-05-15,228.65,Other
17682,448,2025-03-30,2628.46,Credit Card
17683,347,2024-06-07,4922.77,Bank Transfer
17684,260,2025-08-03,658.72,Cash
17685,318,2024-06-14,3634.67,Insurance
17686,437,2024-12-19,438.33,Other
17687,71,2024-01-26,1586.88,Credit Card
17688,476,2024-04-04,1747.19,Insurance
17689,329,2026-02-19,195.27,Credit Card
17690,450,2025-08-17,3485.13,Cash
17691,138,2025-02-15,3626.97,Bank Transfer
17692,222,2026-03-08,4678.50,Other
17693,445,2025-10-01,3853.64,Bank Transfer
17694,150,2025-02-09,1525.44,Credit Card
17695,479,2025-11-04,162.70,Credit Card
17696,493,2025-04-19,4824.10,Credit Card
17697,225,2025-02-26,4633.55,Credit Card
17698,297,2025-04-05,4698.96,Other
17699,299,2025-07-04,1567.34,Credit Card
17700,352,2025-10-20,356.83,Other
17701,296,2024-10-21,2276.38,Cash
17702,272,2025-12-01,1494.88,Cash
17703,486,2024-11-19,2701.17,Insurance
17704,237,2024-07-31,2308.04,Bank Transfer
17705,401,2025-09-29,623.33,Cash
17706,338,2024-05-30,490.97,Other
17707,473,2024-05-02,1426.11,Cash
17708,462,2025-02-19,3585.62,Other
17709,395,2025-05-26,1642.89,Insurance
17710,136,2026-01-20,3605.52,Credit Card
17711,77,2024-05-14,256.93,Other
17712,135,2024-09-21,4406.30,Insurance
17713,288,2025-12-12,4479.69,Bank Transfer
17714,192,2025-04-19,4426.87,Insurance
17715,454,2025-03-07,2391.04,Other
17716,34,2026-02-08,1641.75,Bank Transfer
17717,262,2025-05-03,714.38,Other
17718,312,2024-06-29,4100.80,Insurance
17719,248,2024-08-19,3643.37,Bank Transfer
17720,384,2026-02-16,2066.97,Other
17721,387,2025-07-28,1400.30,Insurance
17722,491,2025-12-14,1693.38,Other
17723,265,2024-05-17,4114.51,Insurance
17724,478,2024-07-10,593.97,Bank Transfer
17725,323,2025-04-27,211.55,Other
17726,107,2024-04-09,368.14,Credit Card
17727,94,2025-04-30,897.21,Credit Card
17728,463,2024-03-12,3559.14,Bank Transfer
17729,176,2026-02-17,3232.34,Cash
17730,116,2024-10-16,2795.26,Insurance
17731,206,2026-02-28,3556.91,Insurance
17732,440,2026-03-12,2901.38,Other
17733,490,2024-11-01,4552.41,Insurance
17734,5,2025-05-06,4212.76,Other
17735,219,2024-08-09,2986.39,Insurance
17736,213,2024-10-12,93.29,Other
17737,69,2025-11-21,2863.34,Other
17738,433,2024-09-04,1990.13,Insurance
17739,238,2024-03-06,1222.80,Bank Transfer
17740,22,2025-09-28,4176.94,Cash
17741,458,2024-05-27,2108.94,Cash
17742,457,2026-03-02,2727.78,Credit Card
17743,417,2024-08-12,2691.36,Other
17744,196,2025-12-15,2879.36,Insurance
17745,343,2025-06-20,2072.33,Bank Transfer
17746,487,2025-09-06,4308.01,Cash
17747,212,2026-01-10,1579.13,Credit Card
17748,404,2024-06-12,3977.97,Other
17749,27,2025-07-18,596.23,Cash
17750,206,2025-03-10,4017.64,Cash
17751,315,2025-03-20,3252.09,Bank Transfer
17752,423,2025-11-24,2630.43,Cash
17753,475,2026-01-30,4587.43,Other
17754,345,2024-08-10,799.13,Credit Card
17755,155,2025-08-08,3909.81,Credit Card
17756,478,2025-04-06,4408.30,Other
17757,7,2025-06-06,3891.72,Credit Card
17758,130,2025-11-25,3952.84,Cash
17759,488,2025-06-24,93.34,Bank Transfer
17760,407,2024-07-06,3074.90,Insurance
17761,479,2024-02-17,953.02,Credit Card
17762,437,2024-09-22,3788.39,Credit Card
17763,149,2024-07-06,1269.20,Credit Card
17764,23,2024-11-25,3748.70,Other
17765,375,2024-05-24,660.71,Cash
17766,30,2024-07-05,1070.87,Cash
17767,408,2024-08-28,3421.61,Other
17768,461,2024-01-08,2529.34,Insurance
17769,309,2024-03-09,3061.75,Insurance
17770,146,2025-08-21,651.27,Credit Card
17771,384,2025-01-24,4267.84,Cash
17772,471,2025-12-05,692.57,Cash
17773,260,2024-06-09,1735.49,Other
17774,45,2024-02-15,285.11,Credit Card
17775,215,2024-06-27,3637.66,Cash
17776,498,2024-05-09,2018.07,Bank Transfer
17777,328,2024-08-31,2050.17,Bank Transfer
17778,272,2025-12-01,2227.25,Bank Transfer
17779,261,2025-01-08,2010.81,Credit Card
17780,287,2025-03-29,4428.73,Other
17781,311,2024-04-01,2380.66,Insurance
17782,453,2024-02-14,2207.83,Credit Card
17783,163,2026-03-11,1809.40,Credit Card
17784,13,2026-02-23,548.41,Insurance
17785,420,2025-11-11,1064.20,Other
17786,312,2024-05-08,500.10,Insurance
17787,444,2024-05-07,479.70,Cash
17788,295,2026-03-19,2581.29,Other
17789,60,2024-08-10,4737.86,Credit Card
17790,441,2025-11-04,4307.43,Credit Card
17791,61,2024-11-30,1102.93,Insurance
17792,52,2024-01-03,2674.46,Credit Card
17793,397,2024-06-11,1260.19,Cash
17794,414,2025-11-15,824.84,Cash
17795,155,2025-06-24,2358.68,Credit Card
17796,180,2024-10-24,1447.44,Insurance
17797,73,2025-01-18,4883.27,Other
17798,231,2025-11-11,1437.07,Cash
17799,62,2025-12-09,1610.03,Insurance
17800,325,2024-05-07,1515.99,Credit Card
17801,184,2025-02-11,790.06,Credit Card
17802,178,2024-03-09,1845.16,Bank Transfer
17803,10,2025-07-27,1241.28,Insurance
17804,111,2024-02-14,3729.30,Bank Transfer
17805,323,2025-10-17,1776.72,Insurance
17806,135,2025-09-18,2715.01,Insurance
17807,213,2025-04-10,1367.03,Other
17808,142,2025-04-10,4531.28,Other
17809,316,2024-02-21,2053.17,Credit Card
17810,192,2026-01-04,3907.87,Bank Transfer
17811,186,2025-09-07,1124.31,Cash
17812,320,2024-03-18,2569.85,Bank Transfer
17813,480,2025-11-25,4663.93,Other
17814,82,2024-09-20,791.51,Cash
17815,379,2024-01-24,2488.82,Cash
17816,69,2025-07-08,4782.10,Credit Card
17817,214,2024-05-05,3655.30,Bank Transfer
17818,199,2024-07-22,1164.87,Insurance
17819,137,2024-11-30,4660.34,Bank Transfer
17820,318,2026-03-12,4692.01,Cash
17821,408,2025-07-31,716.99,Credit Card
17822,52,2024-11-11,3892.11,Other
17823,42,2025-07-16,2205.54,Bank Transfer
17824,321,2025-10-18,3414.04,Insurance
17825,96,2025-01-18,376.83,Bank Transfer
17826,33,2024-06-11,781.60,Insurance
17827,159,2024-04-07,1549.35,Bank Transfer
17828,1,2024-06-17,863.76,Cash
17829,349,2024-03-03,4410.02,Cash
17830,61,2024-05-03,2942.63,Cash
17831,186,2024-06-01,208.73,Cash
17832,302,2024-04-26,3694.59,Insurance
17833,178,2026-02-17,2147.56,Other
17834,165,2024-09-25,4095.23,Other
17835,102,2024-11-09,1416.55,Insurance
17836,264,2026-01-24,3018.50,Insurance
17837,63,2024-07-04,4924.72,Insurance
17838,443,2025-03-26,3227.74,Insurance
17839,93,2025-05-03,372.08,Cash
17840,321,2025-03-11,2276.04,Other
17841,175,2024-07-22,2245.49,Other
17842,97,2026-02-13,2028.43,Cash
17843,200,2025-06-22,2550.61,Insurance
17844,436,2024-06-08,958.48,Insurance
17845,329,2025-02-22,2970.32,Insurance
17846,238,2024-09-23,1630.37,Bank Transfer
17847,383,2024-05-30,3693.69,Other
17848,296,2025-11-10,4529.24,Credit Card
17849,114,2025-11-11,2107.36,Bank Transfer
17850,257,2025-04-08,2735.10,Insurance
17851,240,2025-06-30,2055.39,Other
17852,53,2024-09-05,1344.38,Other
17853,324,2024-06-10,770.32,Cash
17854,14,2025-08-11,4714.03,Credit Card
17855,43,2024-03-20,1200.60,Insurance
17856,446,2026-01-08,4142.33,Cash
17857,30,2024-12-11,3532.39,Insurance
17858,260,2025-06-13,1210.61,Other
17859,430,2025-01-15,237.95,Insurance
17860,155,2025-11-07,4076.91,Other
17861,494,2025-11-28,1533.68,Other
17862,250,2024-06-07,339.71,Insurance
17863,385,2025-02-01,3601.04,Bank Transfer
17864,410,2025-08-10,140.02,Other
17865,383,2025-07-21,935.53,Cash
17866,222,2025-02-19,276.94,Other
17867,220,2024-10-16,4928.75,Insurance
17868,278,2025-12-08,798.86,Other
17869,32,2024-07-27,3510.11,Insurance
17870,388,2026-01-20,4263.04,Bank Transfer
17871,437,2024-04-13,4075.32,Insurance
17872,456,2026-02-18,1330.78,Bank Transfer
17873,187,2024-08-05,2847.25,Bank Transfer
17874,188,2025-05-27,2907.10,Cash
17875,145,2024-08-23,1123.28,Insurance
17876,142,2024-03-10,4396.81,Bank Transfer
17877,329,2025-04-01,797.35,Cash
17878,90,2024-05-24,2076.49,Insurance
17879,268,2025-03-29,1574.15,Other
17880,463,2025-03-24,1914.46,Credit Card
17881,453,2026-02-22,3760.20,Bank Transfer
17882,400,2024-05-30,4232.18,Bank Transfer
17883,251,2024-11-06,4005.74,Other
17884,124,2025-12-30,2707.75,Credit Card
17885,237,2025-08-13,2170.90,Cash
17886,488,2024-01-02,599.86,Credit Card
17887,148,2024-08-05,3832.49,Bank Transfer
17888,95,2024-09-19,4465.53,Other
17889,180,2024-12-19,3142.65,Insurance
17890,363,2025-10-22,2959.50,Bank Transfer
17891,214,2025-08-30,1352.35,Other
17892,128,2024-08-16,3934.93,Insurance
17893,378,2024-04-23,1031.17,Cash
17894,33,2025-03-03,3054.84,Credit Card
17895,174,2025-07-25,2776.67,Insurance
17896,211,2024-12-21,3134.51,Cash
17897,259,2024-10-28,2309.83,Cash
17898,252,2024-03-15,283.05,Other
17899,189,2024-11-18,1827.80,Bank Transfer
17900,31,2026-03-14,3479.59,Insurance
17901,140,2024-07-11,4328.87,Bank Transfer
17902,275,2025-03-11,2327.11,Cash
17903,286,2024-07-24,3108.36,Insurance
17904,128,2026-02-28,3279.87,Bank Transfer
17905,430,2024-03-07,4283.50,Insurance
17906,77,2025-04-01,3488.12,Credit Card
17907,80,2025-01-31,2515.22,Other
17908,315,2024-03-13,4651.85,Cash
17909,327,2025-02-10,4157.52,Insurance
17910,45,2025-05-31,3350.48,Other
17911,121,2025-12-01,505.29,Insurance
17912,327,2024-10-07,581.06,Bank Transfer
17913,449,2024-07-21,1024.38,Other
17914,67,2025-02-22,184.95,Insurance
17915,92,2024-06-05,2114.09,Insurance
17916,278,2025-06-22,4089.49,Cash
17917,290,2024-01-25,650.34,Cash
17918,283,2024-03-24,4770.70,Insurance
17919,397,2025-10-27,1273.34,Insurance
17920,18,2024-01-23,1859.70,Bank Transfer
17921,324,2025-11-20,2886.09,Credit Card
17922,285,2024-07-21,1830.55,Cash
17923,318,2024-01-02,1077.02,Credit Card
17924,47,2025-01-03,4293.23,Insurance
17925,87,2025-11-17,1709.20,Cash
17926,405,2024-05-01,4591.36,Credit Card
17927,86,2024-04-07,4445.78,Bank Transfer
17928,166,2025-04-29,4036.27,Credit Card
17929,67,2026-03-18,2390.50,Cash
17930,356,2025-10-08,2383.20,Insurance
17931,49,2024-10-14,3959.96,Other
17932,395,2024-05-18,929.24,Credit Card
17933,241,2024-02-12,1078.83,Other
17934,14,2025-09-06,1851.12,Other
17935,2,2025-11-30,2462.45,Cash
17936,438,2025-11-27,107.29,Bank Transfer
17937,312,2024-12-05,1636.05,Cash
17938,298,2025-07-17,3845.20,Bank Transfer
17939,290,2025-04-28,339.22,Credit Card
17940,240,2024-06-12,655.36,Bank Transfer
17941,5,2025-06-15,4190.00,Other
17942,184,2025-11-06,3027.17,Bank Transfer
17943,496,2025-03-06,116.49,Bank Transfer
17944,471,2024-04-29,2935.20,Credit Card
17945,451,2024-08-12,4572.19,Insurance
17946,382,2024-12-08,1706.05,Cash
17947,185,2025-01-16,329.22,Credit Card
17948,226,2025-04-07,603.19,Insurance
17949,474,2025-09-18,3223.05,Insurance
17950,34,2025-08-08,4139.00,Other
17951,140,2025-09-13,1626.60,Credit Card
17952,485,2024-10-05,4897.07,Credit Card
17953,17,2025-03-22,1117.22,Insurance
17954,395,2025-07-08,2541.72,Credit Card
17955,327,2025-09-28,1021.88,Other
17956,353,2025-01-26,3347.02,Cash
17957,393,2024-09-18,1362.60,Insurance
17958,34,2025-01-14,1892.33,Insurance
17959,111,2025-05-24,3648.35,Credit Card
17960,236,2025-05-26,249.01,Bank Transfer
17961,128,2025-05-27,4591.60,Bank Transfer
17962,82,2025-06-28,3916.13,Insurance
17963,218,2024-04-17,4763.95,Bank Transfer
17964,244,2026-02-10,1498.11,Cash
17965,374,2024-06-28,2217.88,Cash
17966,174,2024-01-29,3947.70,Credit Card
17967,421,2025-03-07,4727.04,Other
17968,98,2025-01-31,4270.43,Credit Card
17969,98,2024-02-12,4205.03,Insurance
17970,217,2025-01-03,206.57,Credit Card
17971,271,2025-10-10,288.48,Insurance
17972,351,2025-12-18,2312.06,Cash
17973,80,2024-03-27,763.47,Credit Card
17974,241,2025-03-20,1405.54,Bank Transfer
17975,41,2024-06-28,1579.91,Insurance
17976,227,2026-01-05,1265.11,Cash
17977,350,2024-09-16,3918.40,Credit Card
17978,497,2025-10-23,632.33,Credit Card
17979,356,2024-10-14,2005.59,Insurance
17980,148,2026-01-08,2046.45,Other
17981,450,2026-01-11,3460.35,Insurance
17982,47,2025-03-05,124.77,Bank Transfer
17983,219,2025-08-22,2104.02,Cash
17984,465,2026-01-11,1718.52,Insurance
17985,67,2024-06-17,2606.05,Bank Transfer
17986,353,2024-05-04,1568.80,Cash
17987,488,2024-06-20,3052.32,Credit Card
17988,237,2025-01-07,1935.13,Insurance
17989,52,2024-03-22,3122.03,Other
17990,402,2024-12-26,2713.79,Insurance
17991,342,2025-08-30,284.23,Credit Card
17992,101,2025-10-08,1779.39,Cash
17993,206,2025-04-25,2543.20,Insurance
17994,142,2025-12-02,3338.37,Credit Card
17995,99,2026-03-09,4970.18,Bank Transfer
17996,316,2024-03-13,1047.44,Bank Transfer
17997,208,2025-03-28,2781.79,Insurance
17998,37,2024-11-06,683.89,Other
17999,437,2025-05-13,1144.48,Insurance
18000,34,2024-11-22,2400.31,Credit Card
18001,216,2025-09-04,3410.83,Other
18002,102,2024-09-23,1537.93,Credit Card
18003,199,2026-01-18,469.79,Cash
18004,162,2024-03-24,1010.17,Cash
18005,15,2024-04-14,4774.78,Bank Transfer
18006,452,2024-04-24,1947.43,Credit Card
18007,160,2024-03-17,3168.91,Bank Transfer
18008,170,2024-05-02,685.28,Bank Transfer
18009,85,2024-07-05,4031.14,Insurance
18010,141,2024-06-16,2724.95,Credit Card
18011,61,2025-03-07,1697.77,Insurance
18012,12,2024-12-16,77.55,Bank Transfer
18013,46,2026-01-05,1839.36,Insurance
18014,481,2024-06-30,1161.88,Other
18015,174,2024-10-25,870.16,Insurance
18016,168,2026-02-05,2537.93,Other
18017,378,2024-09-09,3698.12,Bank Transfer
18018,492,2025-12-10,790.89,Cash
18019,255,2025-12-22,446.25,Credit Card
18020,63,2024-10-04,809.36,Cash
18021,197,2024-12-21,1142.73,Other
18022,17,2024-08-24,3000.36,Bank Transfer
18023,500,2025-09-06,1678.25,Insurance
18024,425,2024-02-24,3213.15,Other
18025,145,2024-10-22,1786.15,Cash
18026,447,2025-12-25,1599.72,Other
18027,339,2025-09-24,3704.72,Credit Card
18028,384,2024-12-26,417.54,Insurance
18029,176,2024-01-20,289.53,Bank Transfer
18030,466,2025-02-22,4453.91,Insurance
18031,481,2025-01-19,1426.55,Insurance
18032,109,2025-11-30,1380.91,Credit Card
18033,70,2025-11-18,3990.91,Other
18034,93,2026-01-03,4060.36,Other
18035,266,2025-11-03,3692.20,Credit Card
18036,447,2025-01-01,117.80,Cash
18037,358,2024-01-11,4332.48,Bank Transfer
18038,210,2024-08-06,2078.17,Insurance
18039,41,2025-12-04,1403.13,Insurance
18040,261,2025-10-06,2912.51,Credit Card
18041,82,2024-02-21,2161.77,Insurance
18042,50,2025-01-04,150.45,Cash
18043,214,2025-12-30,723.05,Other
18044,66,2024-06-19,848.26,Bank Transfer
18045,458,2024-11-29,981.29,Other
18046,264,2024-08-16,4358.30,Bank Transfer
18047,5,2024-02-12,2371.69,Insurance
18048,361,2025-12-09,3662.48,Insurance
18049,110,2024-04-13,853.95,Bank Transfer
18050,94,2025-01-24,869.02,Other
18051,179,2025-04-11,1219.90,Bank Transfer
18052,499,2025-02-05,2583.94,Bank Transfer
18053,210,2025-09-14,4473.79,Credit Card
18054,184,2024-03-26,3584.22,Cash
18055,267,2025-10-21,4520.74,Credit Card
18056,150,2024-01-02,1605.95,Cash
18057,217,2024-06-12,3419.25,Credit Card
18058,422,2024-05-31,2334.25,Cash
18059,305,2025-01-14,3048.43,Credit Card
18060,281,2024-05-04,2884.49,Bank Transfer
18061,201,2025-02-25,3479.93,Credit Card
18062,383,2026-01-21,2558.42,Insurance
18063,298,2024-01-24,772.35,Cash
18064,134,2025-08-09,3004.08,Bank Transfer
18065,50,2025-12-21,2333.15,Bank Transfer
18066,490,2025-12-09,1967.62,Bank Transfer
18067,243,2026-01-04,4945.83,Credit Card
18068,123,2024-03-26,2016.94,Other
18069,114,2025-11-21,973.52,Other
18070,337,2024-08-21,581.47,Credit Card
18071,435,2024-09-08,1720.92,Other
18072,350,2024-12-31,723.04,Cash
18073,443,2025-07-09,3328.69,Cash
18074,304,2025-04-17,3089.85,Bank Transfer
18075,12,2025-05-17,3840.12,Other
18076,398,2024-01-20,2560.94,Other
18077,351,2025-08-31,2447.12,Credit Card
18078,188,2025-07-26,2628.51,Credit Card
18079,361,2024-10-11,3219.05,Cash
18080,223,2025-05-05,3742.54,Other
18081,329,2025-05-30,3457.09,Credit Card
18082,373,2026-02-06,4405.33,Bank Transfer
18083,20,2024-12-08,1175.12,Insurance
18084,93,2024-05-09,1648.56,Bank Transfer
18085,468,2024-05-27,1039.24,Insurance
18086,187,2026-03-10,3472.31,Other
18087,448,2025-11-03,148.75,Bank Transfer
18088,452,2024-06-21,225.14,Bank Transfer
18089,378,2025-12-27,3988.78,Other
18090,403,2025-04-10,4881.66,Insurance
18091,163,2025-04-23,2121.74,Cash
18092,496,2024-04-23,417.85,Cash
18093,496,2025-05-29,1861.96,Other
18094,36,2025-08-08,3687.73,Bank Transfer
18095,198,2025-10-13,1614.00,Bank Transfer
18096,3,2024-05-25,3681.10,Insurance
18097,432,2024-03-14,1415.22,Credit Card
18098,421,2025-12-31,2383.56,Cash
18099,481,2025-08-13,4962.34,Credit Card
18100,190,2025-01-30,2987.46,Bank Transfer
18101,76,2024-11-17,3143.08,Credit Card
18102,346,2024-03-21,2495.66,Cash
18103,404,2025-02-10,2488.84,Cash
18104,384,2024-09-28,2618.59,Credit Card
18105,51,2024-12-08,2328.07,Other
18106,44,2026-01-03,1822.84,Credit Card
18107,214,2024-03-01,4157.71,Bank Transfer
18108,130,2025-09-15,219.70,Credit Card
18109,405,2025-07-17,3083.78,Cash
18110,231,2025-10-01,3965.15,Bank Transfer
18111,134,2025-01-20,2261.11,Bank Transfer
18112,356,2025-09-19,2208.68,Cash
18113,156,2025-05-18,4619.93,Insurance
18114,277,2024-04-01,3313.18,Insurance
18115,396,2026-01-20,2904.87,Cash
18116,80,2024-09-11,1277.38,Bank Transfer
18117,86,2024-03-21,2439.67,Bank Transfer
18118,325,2025-07-12,1076.01,Credit Card
18119,72,2024-01-12,2357.28,Insurance
18120,410,2025-04-06,3673.85,Other
18121,339,2024-05-09,405.07,Credit Card
18122,192,2025-05-20,3721.09,Credit Card
18123,198,2024-12-28,2815.36,Cash
18124,233,2024-11-13,3324.57,Insurance
18125,107,2025-06-14,4521.29,Other
18126,174,2024-07-11,3027.08,Other
18127,322,2024-02-17,2006.97,Other
18128,69,2026-03-17,4173.53,Other
18129,60,2025-09-14,2126.99,Other
18130,157,2026-01-04,808.22,Credit Card
18131,123,2025-07-30,3845.28,Credit Card
18132,88,2024-07-11,4958.08,Insurance
18133,110,2024-02-28,3124.70,Bank Transfer
18134,341,2025-01-04,3007.84,Insurance
18135,304,2024-02-01,1994.29,Credit Card
18136,261,2026-02-01,260.13,Insurance
18137,384,2024-03-17,2257.00,Credit Card
18138,436,2025-08-09,513.11,Other
18139,264,2025-11-14,3707.73,Credit Card
18140,487,2024-06-30,1551.44,Other
18141,366,2025-10-26,767.98,Insurance
18142,386,2025-07-19,2633.73,Credit Card
18143,36,2024-05-30,2564.38,Credit Card
18144,342,2026-01-14,3399.15,Other
18145,126,2025-12-02,747.57,Bank Transfer
18146,134,2024-02-02,2602.41,Credit Card
18147,437,2024-11-02,1563.47,Bank Transfer
18148,132,2025-06-28,2209.88,Other
18149,334,2025-03-08,2789.06,Other
18150,473,2024-06-24,2886.48,Credit Card
18151,200,2025-12-16,4442.02,Cash
18152,364,2024-07-16,4146.86,Bank Transfer
18153,446,2025-06-02,2794.16,Bank Transfer
18154,400,2025-06-18,3561.36,Bank Transfer
18155,141,2024-06-28,4498.02,Credit Card
18156,136,2025-12-03,872.86,Credit Card
18157,475,2026-01-30,1113.53,Other
18158,104,2025-02-28,4379.79,Cash
18159,414,2024-01-04,1016.68,Other
18160,11,2024-09-15,4751.17,Credit Card
18161,195,2024-02-27,1677.03,Bank Transfer
18162,241,2024-06-18,1681.55,Insurance
18163,257,2024-10-07,1327.99,Insurance
18164,337,2024-09-12,422.64,Bank Transfer
18165,451,2025-03-07,4340.09,Other
18166,451,2024-06-20,3865.56,Insurance
18167,400,2025-11-30,316.61,Bank Transfer
18168,215,2024-09-06,910.71,Cash
18169,111,2025-04-09,1501.71,Bank Transfer
18170,74,2026-03-10,351.72,Other
18171,325,2024-04-12,3844.30,Insurance
18172,303,2026-03-05,296.71,Cash
18173,177,2025-06-04,3811.72,Other
18174,396,2024-08-09,4019.16,Credit Card
18175,348,2024-02-02,4911.74,Credit Card
18176,84,2026-02-01,3608.06,Cash
18177,226,2024-06-21,1556.99,Credit Card
18178,70,2024-08-31,685.45,Credit Card
18179,189,2025-10-08,3130.88,Insurance
18180,294,2024-03-08,4544.36,Cash
18181,27,2024-12-19,4554.74,Credit Card
18182,30,2026-01-28,137.11,Bank Transfer
18183,426,2025-11-04,2026.98,Cash
18184,93,2024-07-12,2665.90,Bank Transfer
18185,338,2024-02-03,2955.20,Credit Card
18186,447,2025-08-14,4235.74,Cash
18187,1,2025-12-20,3938.11,Other
18188,462,2025-03-21,3449.98,Insurance
18189,275,2025-07-27,292.82,Credit Card
18190,459,2024-11-17,4376.16,Other
18191,46,2025-06-03,2246.55,Insurance
18192,108,2024-09-27,835.60,Credit Card
18193,411,2024-02-21,1121.19,Insurance
18194,394,2024-02-07,1282.37,Other
18195,184,2024-03-31,2405.63,Cash
18196,366,2025-04-30,3351.92,Insurance
18197,476,2025-12-27,4756.80,Bank Transfer
18198,294,2025-01-11,2520.89,Cash
18199,160,2025-06-22,3347.01,Credit Card
18200,49,2025-01-07,3178.91,Credit Card
18201,72,2025-12-31,1286.29,Insurance
18202,125,2025-11-18,3088.34,Credit Card
18203,372,2025-02-19,4478.29,Credit Card
18204,199,2025-10-12,4220.09,Cash
18205,248,2024-06-21,1910.62,Credit Card
18206,437,2024-04-28,4844.58,Insurance
18207,257,2024-05-07,3298.45,Bank Transfer
18208,426,2024-09-13,3347.90,Bank Transfer
18209,377,2024-09-29,3333.70,Credit Card
18210,468,2025-10-30,3148.45,Credit Card
18211,226,2025-10-04,2176.61,Bank Transfer
18212,469,2025-02-04,2795.71,Cash
18213,287,2025-08-28,2503.65,Credit Card
18214,179,2024-04-20,1993.79,Bank Transfer
18215,411,2025-03-11,1773.68,Bank Transfer
18216,414,2026-02-06,1293.51,Cash
18217,299,2024-06-04,3939.52,Cash
18218,449,2024-04-30,3887.83,Credit Card
18219,361,2025-11-14,3579.76,Cash
18220,257,2026-01-16,2923.23,Credit Card
18221,19,2026-01-12,276.39,Cash
18222,148,2024-05-31,1513.73,Insurance
18223,471,2025-02-05,535.04,Insurance
18224,12,2026-01-06,1316.68,Other
18225,482,2025-03-05,1882.02,Credit Card
18226,132,2025-10-08,1299.49,Insurance
18227,28,2024-05-26,2042.30,Other
18228,435,2026-02-19,4305.97,Credit Card
18229,4,2024-10-03,2657.09,Credit Card
18230,45,2024-07-16,1060.02,Insurance
18231,3,2025-07-10,1450.02,Insurance
18232,143,2025-07-27,3811.26,Bank Transfer
18233,291,2024-04-26,4692.06,Other
18234,242,2024-09-18,3639.60,Bank Transfer
18235,400,2025-04-20,1366.58,Other
18236,89,2025-03-21,3506.52,Cash
18237,329,2024-09-05,937.11,Cash
18238,270,2025-08-13,4148.92,Other
18239,372,2024-09-23,638.58,Bank Transfer
18240,245,2024-03-18,3643.67,Other
18241,410,2024-08-14,1568.83,Bank Transfer
18242,46,2024-03-11,274.72,Bank Transfer
18243,282,2025-06-27,2736.86,Other
18244,91,2025-06-05,4209.32,Insurance
18245,73,2024-09-22,2833.61,Insurance
18246,456,2025-11-14,4467.82,Insurance
18247,339,2025-02-21,2463.99,Insurance
18248,282,2024-10-25,3434.42,Other
18249,113,2025-07-08,122.85,Credit Card
18250,222,2025-02-20,125.33,Cash
18251,376,2025-06-01,1096.23,Bank Transfer
18252,31,2025-09-21,4571.83,Credit Card
18253,83,2024-12-29,393.81,Bank Transfer
18254,334,2025-12-27,193.34,Cash
18255,308,2024-02-01,3376.99,Bank Transfer
18256,93,2024-09-16,1226.74,Cash
18257,235,2024-03-02,4778.51,Bank Transfer
18258,373,2024-04-23,698.53,Insurance
18259,260,2024-01-27,3743.71,Other
18260,434,2025-05-03,848.84,Cash
18261,18,2025-09-14,316.97,Insurance
18262,475,2024-07-03,60.23,Credit Card
18263,245,2024-08-04,299.84,Insurance
18264,123,2024-09-15,3881.69,Credit Card
18265,219,2026-02-22,790.85,Other
18266,22,2024-07-13,3719.14,Bank Transfer
18267,278,2024-04-29,531.60,Cash
18268,81,2025-08-11,2431.14,Insurance
18269,130,2024-01-08,4108.46,Credit Card
18270,448,2024-02-14,3274.82,Cash
18271,170,2025-07-01,1871.02,Credit Card
18272,435,2024-03-06,4398.09,Bank Transfer
18273,147,2024-03-29,2857.50,Bank Transfer
18274,210,2025-07-16,3772.24,Other
18275,409,2024-03-26,1025.86,Cash
18276,53,2024-01-09,272.88,Other
18277,115,2024-02-24,4929.43,Insurance
18278,278,2025-09-05,3356.32,Cash
18279,454,2024-08-29,2075.15,Insurance
18280,15,2024-08-10,3784.56,Insurance
18281,401,2024-04-02,2177.58,Credit Card
18282,118,2024-12-12,2904.90,Insurance
18283,409,2025-02-06,821.50,Credit Card
18284,293,2025-09-18,4773.64,Other
18285,253,2024-09-29,4385.71,Other
18286,11,2024-05-11,4041.00,Cash
18287,261,2024-12-02,4869.08,Credit Card
18288,191,2024-10-29,1610.13,Insurance
18289,429,2025-06-24,1502.10,Other
18290,308,2024-04-06,3728.29,Credit Card
18291,238,2025-12-29,2606.72,Cash
18292,92,2026-03-08,3423.98,Insurance
18293,413,2024-06-17,1299.58,Other
18294,269,2025-12-11,2306.26,Insurance
18295,74,2026-03-06,806.32,Bank Transfer
18296,224,2025-04-30,4155.82,Bank Transfer
18297,71,2024-03-23,1392.25,Insurance
18298,245,2025-05-23,1459.04,Other
18299,339,2025-03-25,558.35,Cash
18300,340,2024-01-27,1600.08,Insurance
18301,123,2024-01-20,3638.77,Other
18302,329,2025-01-10,2764.23,Bank Transfer
18303,407,2024-08-16,275.36,Bank Transfer
18304,349,2025-05-30,4762.83,Cash
18305,265,2025-02-04,1003.75,Credit Card
18306,192,2024-10-15,1042.96,Bank Transfer
18307,479,2025-08-06,2427.08,Cash
18308,3,2025-05-03,1873.40,Credit Card
18309,203,2025-09-18,888.69,Insurance
18310,462,2025-07-26,4193.46,Credit Card
18311,14,2025-08-31,4248.52,Credit Card
18312,412,2025-10-24,491.36,Insurance
18313,29,2024-12-11,2406.25,Other
18314,233,2025-09-18,3437.32,Insurance
18315,26,2024-05-14,1197.82,Credit Card
18316,320,2024-12-01,1020.29,Credit Card
18317,399,2025-12-13,845.20,Cash
18318,133,2025-04-23,4614.81,Credit Card
18319,313,2024-10-08,1427.17,Insurance
18320,77,2025-07-26,833.68,Cash
18321,497,2025-06-03,2084.69,Other
18322,207,2025-05-20,3136.95,Insurance
18323,67,2024-12-18,2868.64,Other
18324,146,2025-09-08,2779.87,Cash
18325,42,2025-05-26,2399.02,Bank Transfer
18326,223,2024-06-02,853.17,Cash
18327,359,2025-04-01,400.26,Insurance
18328,255,2024-09-25,3274.56,Cash
18329,277,2025-07-07,165.51,Cash
18330,175,2025-06-27,1032.30,Other
18331,308,2024-05-03,1416.81,Credit Card
18332,50,2025-11-01,2571.83,Other
18333,148,2024-04-10,2422.05,Bank Transfer
18334,256,2025-01-14,2645.02,Cash
18335,282,2025-02-10,1149.41,Other
18336,338,2024-01-22,2321.06,Insurance
18337,329,2025-08-03,3077.62,Insurance
18338,498,2024-04-23,3875.06,Credit Card
18339,76,2026-01-29,3193.14,Cash
18340,155,2024-12-31,2728.20,Credit Card
18341,292,2024-03-26,2725.92,Insurance
18342,119,2024-06-04,4040.21,Cash
18343,138,2024-11-24,4482.84,Insurance
18344,457,2024-01-19,2175.31,Cash
18345,482,2025-04-22,3918.59,Bank Transfer
18346,473,2025-10-19,3069.90,Credit Card
18347,360,2025-04-28,2854.06,Cash
18348,265,2025-09-14,1594.73,Other
18349,316,2025-05-22,234.05,Cash
18350,159,2026-02-26,1720.62,Bank Transfer
18351,287,2026-03-17,918.33,Credit Card
18352,168,2025-11-14,1450.34,Other
18353,488,2025-05-02,3912.85,Bank Transfer
18354,289,2025-12-25,2925.43,Credit Card
18355,191,2024-07-21,2526.79,Other
18356,445,2025-03-05,3802.66,Credit Card
18357,395,2025-10-15,4200.88,Bank Transfer
18358,168,2024-12-15,3319.68,Credit Card
18359,96,2024-03-16,3498.65,Insurance
18360,102,2025-10-19,4590.86,Credit Card
18361,418,2025-07-03,2373.95,Other
18362,356,2024-05-06,4639.15,Insurance
18363,67,2024-11-27,3200.71,Other
18364,444,2025-07-08,3257.88,Other
18365,53,2024-08-11,1774.18,Other
18366,440,2024-09-05,825.32,Credit Card
18367,401,2024-05-29,1178.01,Bank Transfer
18368,303,2024-03-21,3661.70,Insurance
18369,338,2024-04-15,320.93,Bank Transfer
18370,197,2024-10-23,3775.28,Credit Card
18371,315,2026-03-16,3132.25,Credit Card
18372,6,2025-03-13,653.66,Cash
18373,29,2024-10-02,4757.64,Other
18374,208,2024-11-25,2503.14,Credit Card
18375,318,2025-12-04,1606.19,Other
18376,453,2025-05-13,2422.75,Bank Transfer
18377,4,2025-04-12,570.12,Cash
18378,347,2024-01-16,929.92,Bank Transfer
18379,332,2026-01-03,245.23,Bank Transfer
18380,388,2024-08-21,860.18,Bank Transfer
18381,140,2025-08-15,2353.30,Credit Card
18382,252,2024-12-25,3238.89,Bank Transfer
18383,167,2025-03-16,2292.34,Cash
18384,248,2024-03-04,2953.97,Insurance
18385,39,2025-05-08,253.44,Other
18386,415,2026-01-31,1418.54,Insurance
18387,16,2025-09-14,1516.87,Bank Transfer
18388,203,2025-05-12,1855.83,Cash
18389,411,2025-10-23,2930.46,Bank Transfer
18390,458,2025-07-13,1128.89,Cash
18391,466,2024-03-08,1048.49,Other
18392,437,2024-12-13,4432.32,Cash
18393,239,2025-11-24,1715.38,Cash
18394,38,2025-07-26,3882.46,Credit Card
18395,146,2024-04-27,149.95,Credit Card
18396,389,2024-10-06,2142.27,Cash
18397,194,2024-08-17,1494.08,Other
18398,269,2025-10-13,3201.49,Cash
18399,333,2024-09-13,4638.01,Other
18400,21,2026-01-08,744.37,Cash
18401,52,2025-08-04,111.36,Bank Transfer
18402,476,2024-10-12,4140.12,Cash
18403,97,2025-02-06,3544.39,Insurance
18404,240,2024-05-20,4342.35,Other
18405,335,2025-05-03,2377.43,Credit Card
18406,446,2024-01-01,3775.75,Insurance
18407,462,2026-01-02,3711.50,Credit Card
18408,324,2024-05-11,1488.85,Other
18409,112,2024-12-29,2073.27,Cash
18410,52,2025-02-01,3635.61,Cash
18411,231,2024-08-15,1202.14,Other
18412,240,2025-12-08,497.88,Cash
18413,265,2026-02-23,1237.46,Insurance
18414,282,2024-09-05,978.71,Insurance
18415,262,2025-05-01,3613.67,Insurance
18416,411,2024-08-06,2279.01,Credit Card
18417,30,2025-02-11,207.39,Credit Card
18418,203,2025-12-15,637.86,Other
18419,68,2025-06-15,2137.52,Bank Transfer
18420,229,2025-04-22,4460.31,Credit Card
18421,467,2024-05-12,2448.49,Bank Transfer
18422,93,2025-06-20,3179.35,Other
18423,80,2026-03-01,100.94,Bank Transfer
18424,28,2025-09-27,4569.42,Bank Transfer
18425,430,2025-08-30,4597.32,Cash
18426,170,2025-06-03,260.34,Other
18427,322,2025-04-25,343.89,Insurance
18428,397,2026-02-23,4470.92,Cash
18429,452,2025-09-06,3831.63,Bank Transfer
18430,384,2025-06-23,2790.95,Bank Transfer
18431,184,2024-07-06,1339.03,Bank Transfer
18432,142,2025-02-21,2352.09,Insurance
18433,173,2024-06-02,508.64,Other
18434,93,2024-04-15,2969.41,Bank Transfer
18435,110,2026-03-17,3411.50,Cash
18436,90,2024-01-26,4792.93,Other
18437,394,2025-02-27,2436.65,Cash
18438,420,2025-09-24,526.05,Other
18439,391,2024-04-18,2068.05,Other
18440,60,2026-03-15,719.25,Other
18441,295,2025-03-24,3971.87,Bank Transfer
18442,124,2025-08-18,3676.87,Bank Transfer
18443,112,2024-05-14,4251.74,Credit Card
18444,490,2025-05-10,174.20,Other
18445,222,2024-12-18,2556.85,Insurance
18446,42,2026-01-10,1085.86,Credit Card
18447,497,2025-02-27,2433.72,Other
18448,187,2024-05-07,2975.41,Other
18449,63,2025-08-10,4106.99,Other
18450,216,2025-12-12,1510.57,Other
18451,498,2024-05-05,3913.08,Cash
18452,325,2026-03-20,1619.54,Insurance
18453,255,2025-06-10,451.07,Bank Transfer
18454,203,2025-01-16,3773.80,Other
18455,316,2025-04-13,3821.05,Insurance
18456,184,2024-02-16,2318.39,Cash
18457,247,2025-12-22,2632.29,Other
18458,59,2025-08-26,3651.90,Bank Transfer
18459,308,2025-08-20,694.36,Credit Card
18460,374,2024-01-14,1288.43,Bank Transfer
18461,457,2026-01-31,4444.19,Other
18462,221,2024-08-10,2901.38,Cash
18463,93,2024-11-08,2725.42,Cash
18464,367,2025-09-28,4844.57,Credit Card
18465,482,2024-02-05,3851.95,Other
18466,274,2026-02-02,4634.66,Bank Transfer
18467,238,2025-09-06,4317.66,Other
18468,149,2026-03-08,986.91,Cash
18469,335,2024-07-02,3916.35,Bank Transfer
18470,247,2024-09-10,2805.65,Insurance
18471,490,2025-06-19,2590.74,Other
18472,54,2024-05-08,2073.66,Cash
18473,266,2025-11-15,66.97,Other
18474,20,2024-02-16,2232.78,Bank Transfer
18475,266,2024-12-23,574.69,Cash
18476,40,2025-04-08,3412.87,Bank Transfer
18477,55,2025-03-20,4289.07,Insurance
18478,401,2025-11-04,2765.10,Bank Transfer
18479,394,2024-05-11,4305.94,Insurance
18480,480,2025-09-22,3632.69,Cash
18481,125,2025-01-08,2885.97,Cash
18482,28,2024-04-03,4741.72,Cash
18483,165,2024-06-22,87.02,Credit Card
18484,262,2025-05-31,789.26,Credit Card
18485,211,2024-12-03,2241.53,Cash
18486,473,2025-02-15,4480.13,Cash
18487,110,2024-01-12,1344.28,Bank Transfer
18488,460,2024-02-28,1453.70,Other
18489,489,2025-10-17,2226.67,Bank Transfer
18490,201,2025-09-01,2190.11,Cash
18491,333,2024-11-25,2969.76,Cash
18492,89,2024-09-06,4495.17,Insurance
18493,241,2025-05-01,721.55,Cash
18494,167,2025-04-09,3945.17,Insurance
18495,178,2024-12-16,4139.84,Credit Card
18496,3,2024-11-30,1383.95,Other
18497,112,2025-04-15,4038.16,Bank Transfer
18498,205,2025-09-12,3598.72,Cash
18499,218,2026-02-13,1540.61,Insurance
18500,129,2024-03-02,1896.23,Cash
18501,398,2025-10-15,3464.65,Bank Transfer
18502,7,2025-12-19,2779.47,Credit Card
18503,97,2026-01-22,3692.72,Other
18504,482,2024-05-31,419.48,Credit Card
18505,210,2024-02-11,4298.49,Insurance
18506,409,2024-11-01,1575.06,Cash
18507,217,2024-05-22,966.49,Credit Card
18508,134,2025-01-19,2717.85,Bank Transfer
18509,118,2025-06-19,4623.02,Other
18510,174,2024-09-14,2512.99,Cash
18511,331,2025-01-29,4887.18,Cash
18512,135,2025-06-23,202.72,Insurance
18513,434,2024-08-28,1670.03,Other
18514,135,2024-09-28,1756.20,Other
18515,64,2024-05-09,1592.16,Cash
18516,344,2026-03-11,1659.07,Cash
18517,300,2025-06-30,701.21,Credit Card
18518,291,2024-01-08,2656.51,Credit Card
18519,302,2024-01-31,1094.45,Other
18520,275,2024-04-18,978.33,Bank Transfer
18521,394,2026-02-20,4736.62,Cash
18522,11,2025-12-03,3395.14,Credit Card
18523,394,2025-08-05,325.13,Other
18524,275,2025-06-26,68.76,Credit Card
18525,88,2026-03-15,3216.80,Bank Transfer
18526,490,2024-06-18,2548.07,Bank Transfer
18527,328,2025-11-29,4381.17,Bank Transfer
18528,441,2025-09-16,4018.32,Bank Transfer
18529,452,2025-05-09,3902.41,Insurance
18530,336,2024-04-01,4467.60,Bank Transfer
18531,94,2024-12-05,2676.03,Insurance
18532,314,2024-09-04,1549.32,Cash
18533,296,2025-03-31,1780.37,Credit Card
18534,131,2024-03-16,3242.16,Insurance
18535,406,2026-02-12,3052.42,Credit Card
18536,421,2024-10-21,1694.66,Other
18537,72,2024-02-17,1236.15,Cash
18538,433,2025-10-01,1784.53,Credit Card
18539,277,2024-12-15,4999.36,Credit Card
18540,402,2024-11-03,2319.39,Bank Transfer
18541,86,2025-05-21,4624.73,Insurance
18542,126,2025-12-26,1960.85,Other
18543,419,2025-05-09,171.73,Other
18544,300,2024-01-12,1462.01,Cash
18545,277,2024-07-19,4067.07,Other
18546,487,2024-09-14,4143.02,Credit Card
18547,421,2024-02-25,2341.98,Other
18548,187,2024-07-23,4040.66,Insurance
18549,278,2026-03-17,3095.13,Credit Card
18550,85,2025-06-24,2874.00,Other
18551,240,2025-06-19,998.81,Credit Card
18552,431,2025-01-27,4923.39,Insurance
18553,23,2024-08-14,3935.95,Insurance
18554,183,2025-10-21,2531.95,Cash
18555,109,2025-01-07,903.96,Other
18556,346,2024-12-25,3115.84,Insurance
18557,214,2024-12-30,3003.81,Bank Transfer
18558,163,2025-08-01,333.19,Other
18559,182,2024-08-07,2914.61,Other
18560,151,2025-10-19,3028.65,Insurance
18561,5,2024-10-29,4897.71,Insurance
18562,471,2024-03-04,3588.81,Bank Transfer
18563,2,2024-12-08,715.65,Other
18564,405,2024-09-29,392.20,Cash
18565,413,2024-10-16,4657.81,Other
18566,413,2025-09-26,914.17,Insurance
18567,16,2025-10-20,2717.17,Credit Card
18568,330,2025-12-21,211.86,Insurance
18569,401,2025-07-29,222.32,Insurance
18570,396,2024-08-06,1984.15,Insurance
18571,81,2025-12-29,3249.21,Credit Card
18572,362,2024-04-20,1189.90,Insurance
18573,40,2026-02-04,2065.11,Bank Transfer
18574,84,2024-03-13,1799.25,Cash
18575,457,2024-12-25,1938.92,Other
18576,242,2024-08-23,1692.55,Credit Card
18577,210,2025-07-31,4923.32,Other
18578,448,2024-02-12,394.05,Other
18579,318,2025-10-11,2464.67,Bank Transfer
18580,152,2025-05-30,1423.22,Cash
18581,301,2025-08-08,1462.06,Insurance
18582,171,2025-03-23,4515.90,Credit Card
18583,264,2025-03-30,2962.62,Credit Card
18584,94,2024-08-18,1766.79,Other
18585,298,2024-04-06,3674.63,Cash
18586,233,2024-04-17,233.68,Credit Card
18587,322,2025-02-23,1300.43,Insurance
18588,484,2024-07-08,2997.16,Cash
18589,71,2024-05-20,455.91,Insurance
18590,317,2024-10-30,1067.98,Other
18591,466,2026-02-26,3843.26,Credit Card
18592,225,2024-02-23,1291.54,Bank Transfer
18593,456,2025-06-16,2470.84,Credit Card
18594,236,2025-11-01,4893.02,Insurance
18595,119,2024-11-26,4141.01,Other
18596,349,2025-03-06,4976.16,Bank Transfer
18597,358,2025-07-20,4650.38,Credit Card
18598,108,2025-12-09,1912.28,Credit Card
18599,420,2024-02-04,4620.96,Insurance
18600,67,2025-04-08,2302.35,Other
18601,307,2024-07-04,2763.20,Other
18602,278,2024-04-10,809.14,Other
18603,446,2024-11-18,1968.72,Credit Card
18604,51,2026-01-19,455.87,Bank Transfer
18605,450,2025-03-17,4198.99,Bank Transfer
18606,29,2024-05-10,691.35,Insurance
18607,250,2025-08-01,2042.52,Other
18608,292,2026-03-18,389.28,Other
18609,37,2026-03-10,1956.83,Bank Transfer
18610,443,2025-02-16,3028.17,Other
18611,249,2024-04-06,484.83,Bank Transfer
18612,206,2025-04-04,1219.80,Other
18613,193,2024-05-12,2319.63,Bank Transfer
18614,98,2024-12-23,4225.49,Insurance
18615,176,2025-09-22,1145.91,Insurance
18616,78,2024-03-22,4315.44,Credit Card
18617,175,2025-09-09,4939.82,Credit Card
18618,379,2024-09-27,2914.36,Insurance
18619,352,2024-04-17,1961.32,Credit Card
18620,420,2025-02-09,2109.03,Cash
18621,265,2024-05-12,1154.76,Credit Card
18622,466,2024-09-20,1802.08,Insurance
18623,153,2026-03-03,2939.09,Credit Card
18624,311,2024-06-25,261.95,Insurance
18625,227,2025-09-29,4124.43,Credit Card
18626,441,2025-07-13,1869.77,Credit Card
18627,185,2026-02-07,3028.75,Bank Transfer
18628,18,2024-11-21,1148.45,Other
18629,337,2025-12-10,2166.74,Bank Transfer
18630,184,2024-12-11,635.92,Cash
18631,487,2025-02-06,523.58,Insurance
18632,122,2025-07-29,2883.57,Bank Transfer
18633,422,2025-11-30,1383.24,Bank Transfer
18634,60,2024-09-08,3269.25,Credit Card
18635,148,2025-09-08,4569.74,Insurance
18636,355,2024-05-19,4445.76,Insurance
18637,51,2024-07-09,3237.93,Other
18638,72,2024-06-15,2442.58,Bank Transfer
18639,109,2024-06-17,3554.07,Insurance
18640,362,2024-06-14,1998.34,Cash
18641,462,2024-07-10,205.75,Bank Transfer
18642,223,2025-08-16,283.71,Insurance
18643,204,2024-11-02,2344.95,Insurance
18644,69,2025-10-09,4661.03,Bank Transfer
18645,178,2024-11-01,2628.91,Insurance
18646,218,2024-07-15,156.89,Bank Transfer
18647,257,2024-08-17,243.33,Cash
18648,101,2024-05-30,436.94,Credit Card
18649,343,2024-07-12,1221.27,Bank Transfer
18650,344,2026-03-13,1252.54,Insurance
18651,407,2025-01-09,117.17,Cash
18652,435,2025-09-29,54.05,Credit Card
18653,136,2024-09-13,527.52,Credit Card
18654,118,2024-05-31,3981.05,Credit Card
18655,135,2026-02-10,4989.31,Bank Transfer
18656,242,2025-05-09,4927.18,Credit Card
18657,109,2025-05-11,2979.48,Insurance
18658,2,2025-06-30,2017.48,Other
18659,380,2024-05-24,2948.41,Other
18660,280,2024-12-24,4703.32,Bank Transfer
18661,332,2025-08-09,4437.35,Insurance
18662,473,2026-01-18,925.22,Cash
18663,49,2024-07-26,4742.17,Cash
18664,282,2024-04-17,4851.44,Bank Transfer
18665,79,2025-02-14,2915.68,Bank Transfer
18666,11,2024-01-16,4182.29,Other
18667,354,2025-03-16,2594.07,Insurance
18668,277,2025-05-04,1204.92,Bank Transfer
18669,220,2024-03-31,2123.61,Other
18670,386,2024-05-04,1579.84,Credit Card
18671,367,2025-10-10,2349.71,Bank Transfer
18672,130,2026-02-17,2345.41,Cash
18673,64,2025-12-26,1560.28,Bank Transfer
18674,332,2025-11-27,715.39,Bank Transfer
18675,135,2024-08-14,815.77,Credit Card
18676,188,2024-02-23,4405.37,Other
18677,89,2025-03-17,1070.15,Other
18678,31,2024-09-01,4683.86,Other
18679,439,2024-02-18,3986.18,Insurance
18680,430,2026-02-08,3776.35,Credit Card
18681,14,2026-02-21,3503.39,Credit Card
18682,253,2024-04-30,2646.46,Bank Transfer
18683,109,2025-07-10,3635.53,Credit Card
18684,234,2024-12-20,3479.34,Insurance
18685,333,2024-02-12,2770.44,Insurance
18686,9,2024-10-23,1464.47,Credit Card
18687,319,2025-04-17,2043.19,Credit Card
18688,131,2025-03-08,548.76,Cash
18689,256,2026-03-18,1251.21,Insurance
18690,105,2026-01-04,3635.35,Bank Transfer
18691,334,2025-03-04,4471.87,Credit Card
18692,49,2024-12-28,1616.92,Other
18693,459,2024-07-14,181.70,Cash
18694,400,2025-06-17,1951.01,Cash
18695,417,2025-05-08,4563.72,Insurance
18696,237,2024-07-02,2567.80,Other
18697,331,2024-12-09,292.49,Bank Transfer
18698,410,2025-07-22,3784.49,Insurance
18699,36,2024-03-12,3411.20,Other
18700,17,2025-12-24,4282.48,Credit Card
18701,64,2024-09-29,3223.48,Other
18702,35,2024-11-12,1190.21,Bank Transfer
18703,74,2024-12-07,3695.24,Insurance
18704,255,2025-11-01,1781.58,Cash
18705,112,2025-06-16,4393.31,Credit Card
18706,425,2025-11-21,4308.60,Bank Transfer
18707,147,2024-11-04,4788.83,Other
18708,120,2024-09-13,4029.86,Bank Transfer
18709,135,2025-02-21,859.40,Insurance
18710,347,2026-02-22,4579.42,Insurance
18711,494,2025-01-15,4719.11,Insurance
18712,163,2024-10-18,106.04,Insurance
18713,455,2024-06-18,267.01,Bank Transfer
18714,146,2024-01-05,1214.40,Credit Card
18715,426,2024-01-23,1645.38,Bank Transfer
18716,309,2024-10-18,4518.62,Cash
18717,160,2024-04-18,102.55,Insurance
18718,352,2026-01-18,2922.47,Credit Card
18719,99,2024-05-18,335.23,Credit Card
18720,63,2025-10-04,96.20,Cash
18721,373,2025-02-06,3231.76,Credit Card
18722,424,2024-07-16,804.38,Cash
18723,118,2024-06-15,1272.52,Cash
18724,146,2026-01-28,4727.40,Bank Transfer
18725,158,2026-01-06,400.68,Other
18726,53,2025-04-08,602.48,Other
18727,96,2025-10-08,1053.85,Other
18728,366,2024-08-19,3094.35,Credit Card
18729,369,2025-01-14,1045.15,Other
18730,54,2025-02-06,4729.33,Other
18731,394,2024-06-20,4217.63,Credit Card
18732,215,2025-01-04,2810.71,Bank Transfer
18733,59,2026-01-28,4903.43,Insurance
18734,183,2024-05-13,2633.70,Cash
18735,376,2025-11-09,4155.81,Insurance
18736,399,2026-02-21,778.31,Cash
18737,417,2024-04-23,2436.26,Credit Card
18738,72,2024-06-17,3542.64,Credit Card
18739,368,2024-03-22,2159.20,Other
18740,268,2025-01-10,643.07,Cash
18741,206,2024-07-25,779.38,Cash
18742,188,2024-11-06,3380.21,Credit Card
18743,425,2025-05-03,2067.33,Bank Transfer
18744,59,2025-02-05,3884.37,Credit Card
18745,183,2024-01-29,332.19,Insurance
18746,296,2025-05-02,1562.69,Insurance
18747,70,2025-01-14,2203.48,Credit Card
18748,69,2025-12-20,206.79,Other
18749,144,2024-08-08,3343.45,Bank Transfer
18750,138,2024-01-20,2847.21,Bank Transfer
18751,418,2024-08-28,1456.89,Cash
18752,236,2025-07-12,2556.25,Cash
18753,25,2025-05-11,396.79,Other
18754,461,2024-07-07,395.67,Insurance
18755,53,2024-09-15,4190.75,Cash
18756,391,2026-02-04,4571.77,Credit Card
18757,369,2024-07-30,4595.58,Insurance
18758,337,2024-02-10,4773.89,Bank Transfer
18759,80,2025-11-28,331.19,Cash
18760,470,2026-01-07,2876.73,Cash
18761,213,2026-03-05,3863.87,Bank Transfer
18762,383,2024-11-05,2496.72,Credit Card
18763,306,2024-11-09,4729.63,Cash
18764,195,2024-03-30,2198.00,Other
18765,483,2024-04-24,4223.87,Other
18766,300,2025-05-28,3737.64,Bank Transfer
18767,116,2024-04-15,1597.80,Insurance
18768,339,2025-10-15,838.65,Other
18769,184,2024-05-23,3776.87,Credit Card
18770,91,2025-09-07,394.94,Insurance
18771,475,2025-02-13,3090.59,Bank Transfer
18772,494,2025-05-01,1702.44,Credit Card
18773,377,2026-02-15,4048.07,Insurance
18774,242,2025-10-27,2382.35,Insurance
18775,98,2024-02-29,1845.98,Insurance
18776,395,2024-05-24,4558.82,Cash
18777,450,2024-09-16,2437.44,Insurance
18778,54,2025-03-15,4894.31,Insurance
18779,458,2024-06-20,4990.86,Credit Card
18780,124,2024-05-20,3886.09,Bank Transfer
18781,278,2024-06-14,2448.21,Cash
18782,18,2024-12-07,2639.44,Insurance
18783,277,2024-07-17,292.30,Credit Card
18784,203,2025-12-25,227.73,Bank Transfer
18785,180,2025-01-04,4556.92,Cash
18786,186,2025-12-15,4054.24,Bank Transfer
18787,478,2026-02-20,1098.47,Bank Transfer
18788,107,2024-04-23,4459.98,Other
18789,99,2024-11-06,2577.28,Bank Transfer
18790,477,2026-01-04,2485.73,Insurance
18791,372,2025-09-24,2057.19,Credit Card
18792,429,2024-10-08,3536.03,Insurance
18793,95,2024-04-19,3031.22,Bank Transfer
18794,394,2025-06-30,2237.46,Other
18795,93,2024-01-06,119.10,Other
18796,421,2025-03-20,2532.69,Credit Card
18797,203,2024-09-14,661.34,Bank Transfer
18798,62,2025-08-15,2326.99,Bank Transfer
18799,111,2025-03-22,3300.09,Insurance
18800,402,2024-03-26,3767.91,Cash
18801,122,2025-04-29,556.29,Bank Transfer
18802,307,2026-01-05,487.39,Other
18803,103,2024-05-25,965.03,Other
18804,258,2024-11-17,2947.68,Cash
18805,208,2025-02-16,4264.99,Cash
18806,87,2026-02-23,4414.27,Bank Transfer
18807,342,2025-02-24,4646.94,Cash
18808,23,2025-10-02,2809.32,Cash
18809,349,2024-03-26,3108.73,Insurance
18810,411,2025-03-09,3264.79,Bank Transfer
18811,481,2025-09-18,2040.52,Cash
18812,445,2026-02-13,459.54,Insurance
18813,39,2024-10-28,241.51,Cash
18814,156,2024-11-23,4401.39,Other
18815,405,2024-04-02,1713.06,Bank Transfer
18816,386,2024-08-23,3240.09,Insurance
18817,498,2026-01-06,3302.80,Bank Transfer
18818,70,2025-06-13,3696.87,Credit Card
18819,219,2024-10-17,3599.57,Insurance
18820,400,2025-09-19,808.07,Insurance
18821,457,2025-03-03,1525.86,Cash
18822,305,2024-03-12,1343.28,Cash
18823,246,2025-02-16,916.38,Insurance
18824,365,2024-07-16,819.26,Cash
18825,301,2024-01-18,387.40,Cash
18826,305,2025-10-29,4982.46,Bank Transfer
18827,454,2025-09-07,1927.74,Insurance
18828,186,2025-08-20,806.82,Insurance
18829,208,2025-05-24,578.56,Other
18830,378,2025-02-05,987.48,Insurance
18831,223,2025-06-09,4832.15,Bank Transfer
18832,249,2024-10-18,3932.53,Bank Transfer
18833,63,2024-05-15,3512.74,Cash
18834,343,2025-04-15,1137.46,Insurance
18835,343,2024-03-23,2492.33,Bank Transfer
18836,116,2024-12-25,4972.75,Insurance
18837,126,2024-07-28,107.00,Other
18838,362,2025-10-22,244.66,Credit Card
18839,393,2026-02-12,1957.18,Bank Transfer
18840,458,2024-02-05,510.47,Cash
18841,317,2025-10-11,2849.19,Bank Transfer
18842,344,2024-11-19,2817.94,Other
18843,399,2024-11-27,3138.09,Insurance
18844,488,2024-08-12,4051.22,Bank Transfer
18845,411,2024-12-27,4016.74,Other
18846,232,2025-10-16,941.74,Bank Transfer
18847,233,2025-04-05,4506.68,Cash
18848,16,2026-03-06,4296.84,Other
18849,69,2025-06-12,4234.70,Insurance
18850,486,2024-08-07,2936.93,Cash
18851,2,2024-07-28,2079.74,Insurance
18852,130,2025-04-18,1384.07,Other
18853,87,2024-03-19,734.57,Credit Card
18854,251,2025-10-29,2967.34,Insurance
18855,217,2024-11-16,3869.67,Credit Card
18856,21,2024-04-27,2448.68,Cash
18857,30,2025-11-30,3006.53,Credit Card
18858,137,2025-01-04,3638.53,Bank Transfer
18859,422,2025-03-20,1623.05,Credit Card
18860,400,2024-06-11,224.26,Cash
18861,91,2025-11-26,1771.51,Cash
18862,116,2024-08-12,1029.24,Insurance
18863,190,2026-03-19,2435.49,Cash
18864,21,2024-10-07,4317.56,Bank Transfer
18865,277,2025-05-04,562.49,Bank Transfer
18866,336,2024-05-04,3780.95,Other
18867,359,2024-05-19,1030.88,Cash
18868,264,2025-03-10,2728.96,Insurance
18869,140,2024-07-08,1317.82,Other
18870,414,2024-03-02,1607.82,Bank Transfer
18871,33,2025-03-19,3851.18,Bank Transfer
18872,29,2025-01-04,4351.19,Cash
18873,333,2024-11-01,1152.58,Insurance
18874,134,2025-06-11,3769.23,Credit Card
18875,80,2025-10-08,4251.92,Bank Transfer
18876,408,2024-12-15,1173.63,Cash
18877,3,2025-01-24,3108.07,Insurance
18878,195,2025-02-19,2455.81,Cash
18879,154,2024-01-14,4998.10,Insurance
18880,45,2026-02-13,2805.06,Insurance
18881,208,2025-06-14,3010.27,Credit Card
18882,324,2025-03-15,1753.74,Other
18883,309,2024-12-10,499.80,Credit Card
18884,405,2026-02-17,4319.33,Credit Card
18885,350,2024-02-03,963.60,Insurance
18886,220,2024-04-14,2973.03,Credit Card
18887,74,2025-05-31,4076.47,Insurance
18888,463,2025-02-23,3006.59,Other
18889,275,2024-06-25,3993.42,Bank Transfer
18890,100,2026-01-23,4664.98,Cash
18891,328,2024-06-22,4416.42,Insurance
18892,476,2024-05-11,512.66,Cash
18893,89,2025-04-08,1236.86,Insurance
18894,133,2025-04-20,4245.55,Credit Card
18895,120,2024-12-05,1029.73,Credit Card
18896,383,2026-01-20,3038.02,Other
18897,414,2024-05-12,2642.96,Other
18898,105,2024-10-21,2873.32,Credit Card
18899,280,2025-05-01,2050.43,Cash
18900,424,2024-08-31,743.59,Other
18901,299,2024-04-20,4379.12,Other
18902,306,2024-02-19,778.88,Bank Transfer
18903,458,2024-06-04,3719.94,Credit Card
18904,497,2026-01-28,3119.73,Bank Transfer
18905,95,2025-05-28,2943.78,Insurance
18906,294,2025-07-31,3089.96,Bank Transfer
18907,377,2025-01-14,2651.13,Cash
18908,105,2024-05-31,1386.05,Credit Card
18909,117,2026-03-02,3480.67,Bank Transfer
18910,253,2024-03-17,2019.41,Insurance
18911,109,2024-02-08,3207.76,Credit Card
18912,249,2024-08-22,1268.52,Insurance
18913,482,2025-06-28,3554.63,Cash
18914,387,2026-02-05,2731.11,Credit Card
18915,203,2024-01-20,1526.74,Other
18916,176,2026-02-14,2865.27,Cash
18917,352,2024-08-15,523.13,Cash
18918,109,2025-06-13,4485.61,Other
18919,308,2025-02-23,1683.46,Other
18920,302,2025-04-08,2093.90,Insurance
18921,476,2025-09-04,663.88,Insurance
18922,470,2024-06-30,4025.11,Credit Card
18923,443,2025-02-28,1466.76,Cash
18924,19,2026-03-04,2892.72,Other
18925,238,2025-05-03,2324.36,Credit Card
18926,352,2024-12-31,2061.48,Bank Transfer
18927,486,2024-09-21,2819.29,Other
18928,230,2025-12-09,3179.89,Other
18929,298,2025-09-16,1882.89,Other
18930,214,2024-02-27,1214.69,Insurance
18931,317,2024-02-17,2207.00,Bank Transfer
18932,499,2025-11-26,1881.22,Bank Transfer
18933,457,2025-02-18,2016.74,Cash
18934,409,2025-08-13,2187.17,Bank Transfer
18935,478,2025-06-25,4340.65,Insurance
18936,498,2024-10-12,3783.64,Cash
18937,192,2025-02-22,2100.42,Cash
18938,367,2025-12-28,338.97,Insurance
18939,500,2025-12-17,4098.06,Insurance
18940,162,2025-10-07,4560.17,Insurance
18941,330,2024-09-09,2689.42,Credit Card
18942,182,2025-11-29,3964.74,Bank Transfer
18943,403,2025-04-12,2781.56,Bank Transfer
18944,276,2024-05-06,175.38,Credit Card
18945,400,2025-05-23,3350.74,Insurance
18946,498,2024-08-26,3650.56,Insurance
18947,450,2025-08-26,389.41,Cash
18948,176,2025-04-10,3055.55,Bank Transfer
18949,280,2024-08-23,4266.35,Bank Transfer
18950,37,2024-04-28,3763.44,Credit Card
18951,121,2025-04-28,2215.12,Insurance
18952,394,2025-08-02,3579.77,Other
18953,45,2025-03-14,4945.73,Insurance
18954,69,2024-05-22,1423.26,Other
18955,247,2025-02-23,851.70,Credit Card
18956,307,2025-05-02,2809.10,Cash
18957,461,2025-10-26,414.64,Cash
18958,166,2024-01-19,712.53,Other
18959,488,2024-03-23,2592.69,Bank Transfer
18960,359,2025-01-24,2281.25,Bank Transfer
18961,123,2024-07-27,1295.54,Cash
18962,151,2024-10-10,330.24,Cash
18963,439,2024-05-04,882.44,Other
18964,168,2024-02-16,2469.69,Other
18965,478,2025-10-09,2058.30,Cash
18966,138,2025-04-01,2099.86,Bank Transfer
18967,413,2025-11-07,2845.02,Other
18968,351,2024-10-23,1915.46,Insurance
18969,275,2025-12-28,2798.63,Cash
18970,160,2024-04-18,4898.31,Credit Card
18971,243,2026-01-02,4985.56,Other
18972,26,2024-04-24,1344.46,Bank Transfer
18973,170,2024-12-08,339.47,Bank Transfer
18974,138,2024-11-06,1727.21,Other
18975,301,2024-12-09,783.20,Bank Transfer
18976,297,2025-06-29,1965.62,Other
18977,359,2025-11-27,705.70,Bank Transfer
18978,307,2025-07-22,1046.83,Other
18979,68,2025-12-13,4853.26,Other
18980,112,2025-04-25,1354.37,Insurance
18981,440,2025-02-24,1340.40,Insurance
18982,162,2025-12-12,3793.28,Credit Card
18983,365,2024-07-07,1864.83,Bank Transfer
18984,58,2024-09-23,259.22,Bank Transfer
18985,241,2024-12-23,3092.18,Other
18986,179,2025-12-27,4176.36,Other
18987,201,2024-12-21,577.37,Cash
18988,89,2025-06-26,222.48,Cash
18989,477,2026-01-04,4178.34,Cash
18990,50,2024-11-19,1091.80,Bank Transfer
18991,393,2024-07-11,2001.03,Credit Card
18992,278,2024-10-30,2109.12,Insurance
18993,189,2025-10-30,4271.16,Bank Transfer
18994,431,2025-10-12,652.27,Credit Card
18995,135,2025-01-25,4552.86,Other
18996,135,2024-03-05,1662.07,Other
18997,40,2024-05-28,757.58,Credit Card
18998,72,2025-12-21,2879.73,Other
18999,176,2025-05-22,1886.69,Credit Card
19000,83,2025-04-06,3767.03,Cash
19001,310,2026-03-05,2481.26,Bank Transfer
19002,401,2025-03-01,3237.76,Cash
19003,319,2024-08-03,1014.56,Insurance
19004,127,2024-06-27,2538.93,Bank Transfer
19005,226,2025-06-19,3178.63,Insurance
19006,89,2026-02-26,2845.72,Insurance
19007,386,2024-03-14,4587.88,Other
19008,133,2024-01-21,1673.21,Bank Transfer
19009,176,2024-09-27,4626.75,Credit Card
19010,67,2026-01-15,3717.03,Credit Card
19011,472,2025-09-08,2382.37,Credit Card
19012,242,2025-06-29,4549.27,Bank Transfer
19013,297,2024-04-25,1182.33,Credit Card
19014,474,2024-04-28,3890.77,Insurance
19015,408,2024-03-14,3756.88,Bank Transfer
19016,184,2024-07-23,3609.36,Other
19017,465,2025-10-27,2223.49,Insurance
19018,476,2024-04-22,1633.39,Other
19019,315,2025-08-17,3768.84,Bank Transfer
19020,141,2024-02-22,972.40,Bank Transfer
19021,379,2024-05-26,2325.73,Cash
19022,428,2025-06-01,2146.78,Cash
19023,145,2025-01-10,1280.80,Insurance
19024,461,2024-07-18,1166.88,Other
19025,193,2024-02-20,831.24,Bank Transfer
19026,1,2026-01-29,4054.56,Bank Transfer
19027,36,2024-08-30,1385.27,Bank Transfer
19028,239,2025-12-13,2929.89,Insurance
19029,460,2024-10-12,2740.43,Other
19030,240,2024-04-18,3117.82,Cash
19031,316,2024-09-23,594.67,Cash
19032,16,2026-02-02,500.06,Bank Transfer
19033,164,2024-01-15,2194.70,Insurance
19034,415,2025-12-30,3286.13,Bank Transfer
19035,23,2025-05-25,961.96,Other
19036,54,2025-09-12,2128.35,Insurance
19037,472,2024-04-21,1384.41,Bank Transfer
19038,311,2024-10-25,3513.40,Credit Card
19039,75,2024-01-14,810.05,Insurance
19040,236,2025-01-09,1297.65,Cash
19041,419,2024-02-02,2912.10,Credit Card
19042,461,2024-12-15,2643.29,Credit Card
19043,68,2025-04-06,1436.90,Cash
19044,431,2025-02-18,1296.36,Insurance
19045,36,2025-08-01,3672.57,Other
19046,91,2024-03-23,725.34,Other
19047,35,2025-10-09,3392.23,Bank Transfer
19048,256,2024-04-04,1958.06,Credit Card
19049,434,2024-03-17,259.88,Cash
19050,49,2024-02-11,4077.75,Credit Card
19051,100,2025-10-29,2837.76,Other
19052,250,2024-01-02,1134.03,Bank Transfer
19053,390,2024-04-17,4901.75,Bank Transfer
19054,188,2025-05-11,3099.35,Bank Transfer
19055,120,2025-12-07,3989.52,Bank Transfer
19056,378,2024-06-03,4323.74,Credit Card
19057,348,2025-05-13,3102.67,Cash
19058,373,2024-11-19,1976.07,Other
19059,310,2025-04-05,4637.11,Bank Transfer
19060,479,2024-02-05,4374.72,Bank Transfer
19061,18,2025-04-01,2062.89,Other
19062,239,2025-09-13,3585.48,Cash
19063,473,2025-05-04,2679.55,Insurance
19064,157,2025-02-09,3366.91,Bank Transfer
19065,483,2024-09-05,2535.47,Cash
19066,111,2025-03-05,4973.81,Insurance
19067,330,2024-05-26,997.49,Cash
19068,465,2025-04-23,3084.63,Bank Transfer
19069,453,2024-09-14,1911.38,Cash
19070,211,2025-10-30,79.99,Bank Transfer
19071,147,2025-11-25,4992.45,Credit Card
19072,231,2024-06-09,953.14,Cash
19073,221,2025-12-02,3123.86,Other
19074,396,2025-05-11,3948.99,Bank Transfer
19075,273,2025-08-01,3190.08,Other
19076,28,2026-02-20,335.20,Other
19077,446,2026-01-21,2037.27,Bank Transfer
19078,220,2025-05-06,1816.71,Other
19079,20,2025-04-14,1623.92,Credit Card
19080,444,2024-01-30,4836.22,Cash
19081,361,2024-11-15,904.06,Other
19082,395,2025-02-24,2868.66,Other
19083,279,2024-12-17,2335.80,Other
19084,360,2024-08-11,2721.28,Credit Card
19085,139,2024-05-07,1188.26,Cash
19086,445,2024-08-13,4889.87,Cash
19087,147,2024-01-27,1863.15,Bank Transfer
19088,181,2025-03-17,2756.57,Credit Card
19089,369,2026-03-19,1665.42,Bank Transfer
19090,25,2024-05-05,3812.81,Other
19091,340,2025-11-24,3541.17,Other
19092,11,2025-01-17,1094.72,Other
19093,74,2025-08-26,2448.25,Credit Card
19094,212,2024-03-24,645.28,Other
19095,169,2025-04-10,4196.02,Insurance
19096,405,2025-05-14,2978.26,Bank Transfer
19097,49,2024-06-10,4975.79,Bank Transfer
19098,490,2024-03-30,2443.79,Other
19099,347,2025-07-18,3934.57,Credit Card
19100,111,2025-11-04,4330.19,Other
19101,92,2024-04-13,3258.20,Cash
19102,155,2025-12-25,4176.31,Cash
19103,295,2024-06-19,4145.07,Credit Card
19104,144,2026-01-12,1842.64,Insurance
19105,131,2024-10-02,955.54,Bank Transfer
19106,63,2025-03-04,2790.23,Cash
19107,87,2025-05-29,545.11,Insurance
19108,418,2025-05-14,1704.80,Cash
19109,442,2024-05-11,777.34,Other
19110,355,2026-01-21,3116.99,Bank Transfer
19111,202,2024-02-23,2337.02,Insurance
19112,93,2025-03-13,1066.03,Credit Card
19113,231,2024-09-14,2857.31,Credit Card
19114,378,2024-12-19,1915.20,Credit Card
19115,276,2024-11-26,1214.03,Credit Card
19116,106,2024-04-29,550.11,Credit Card
19117,26,2024-02-11,2833.91,Cash
19118,458,2026-01-20,3595.31,Bank Transfer
19119,281,2024-04-14,190.26,Insurance
19120,193,2025-09-01,1210.04,Cash
19121,349,2024-09-11,1938.99,Credit Card
19122,309,2024-04-14,3929.20,Other
19123,217,2024-04-26,2149.55,Other
19124,166,2025-04-24,1964.41,Bank Transfer
19125,254,2024-06-04,3535.19,Insurance
19126,356,2024-12-03,3352.46,Other
19127,354,2024-03-24,4429.08,Other
19128,402,2024-02-09,4997.22,Other
19129,355,2024-03-29,1676.92,Bank Transfer
19130,265,2024-12-15,3939.42,Cash
19131,331,2024-02-01,4881.29,Cash
19132,26,2025-07-22,831.98,Insurance
19133,126,2024-04-23,1964.96,Cash
19134,299,2025-05-23,1673.32,Insurance
19135,110,2024-10-31,4410.86,Cash
19136,476,2024-01-20,1033.63,Cash
19137,463,2025-09-03,1364.88,Other
19138,155,2024-11-11,3671.53,Other
19139,334,2026-02-15,1346.32,Insurance
19140,116,2024-03-23,2858.94,Other
19141,261,2025-04-16,2790.86,Bank Transfer
19142,108,2024-07-22,2842.65,Insurance
19143,409,2025-06-19,963.36,Insurance
19144,39,2024-03-17,3351.87,Insurance
19145,191,2025-12-06,2409.90,Credit Card
19146,332,2025-08-27,1841.61,Credit Card
19147,376,2024-03-29,571.26,Cash
19148,110,2024-02-05,3777.16,Insurance
19149,156,2026-01-21,2151.74,Insurance
19150,155,2025-09-11,2876.39,Other
19151,168,2025-09-20,3412.46,Insurance
19152,78,2025-06-09,2309.99,Cash
19153,135,2024-08-26,1435.55,Other
19154,375,2025-03-18,3662.85,Cash
19155,313,2024-06-07,3522.50,Cash
19156,6,2026-03-15,917.22,Other
19157,374,2025-08-20,3809.52,Insurance
19158,70,2024-05-31,3082.86,Bank Transfer
19159,170,2024-07-26,4631.48,Insurance
19160,346,2024-01-15,3277.15,Bank Transfer
19161,113,2025-02-10,3148.40,Other
19162,468,2025-12-23,2584.10,Bank Transfer
19163,484,2025-05-26,4100.11,Bank Transfer
19164,125,2024-01-05,3262.10,Credit Card
19165,401,2025-07-26,1822.49,Bank Transfer
19166,164,2024-03-08,1561.27,Cash
19167,282,2026-03-16,590.83,Insurance
19168,468,2026-01-16,2864.62,Credit Card
19169,62,2025-03-09,3962.99,Cash
19170,477,2025-10-04,3914.95,Other
19171,24,2026-01-01,3543.41,Cash
19172,471,2026-01-23,1103.17,Insurance
19173,127,2025-12-23,161.73,Insurance
19174,35,2024-03-22,1398.17,Cash
19175,461,2024-07-06,1832.66,Credit Card
19176,416,2026-02-08,2705.98,Other
19177,345,2025-05-19,1438.47,Other
19178,188,2025-09-03,2193.07,Credit Card
19179,254,2024-11-26,4915.89,Other
19180,460,2024-05-20,862.57,Bank Transfer
19181,97,2024-11-09,1233.03,Bank Transfer
19182,282,2024-08-16,140.24,Credit Card
19183,151,2024-09-05,3064.91,Other
19184,341,2024-08-10,127.51,Credit Card
19185,434,2025-12-16,2232.76,Credit Card
19186,136,2025-04-01,3095.37,Cash
19187,257,2025-08-09,187.43,Credit Card
19188,67,2024-10-25,3647.44,Other
19189,150,2025-08-12,4653.00,Insurance
19190,16,2025-04-14,4071.47,Insurance
19191,142,2024-10-01,732.88,Cash
19192,280,2024-10-08,1389.43,Bank Transfer
19193,17,2025-11-06,1030.64,Insurance
19194,44,2024-02-27,4229.47,Credit Card
19195,395,2025-05-24,2870.35,Bank Transfer
19196,322,2025-04-10,4158.70,Credit Card
19197,277,2024-06-06,378.78,Credit Card
19198,389,2025-01-05,981.11,Bank Transfer
19199,443,2026-02-04,4423.01,Other
19200,435,2024-03-22,386.72,Insurance
19201,213,2026-02-08,4586.36,Bank Transfer
19202,416,2025-04-10,3113.57,Credit Card
19203,249,2024-02-20,2681.24,Cash
19204,195,2024-11-06,4703.49,Other
19205,162,2025-09-20,4305.98,Cash
19206,68,2026-01-02,1187.92,Insurance
19207,415,2025-12-11,867.79,Insurance
19208,139,2024-02-27,1295.07,Insurance
19209,293,2025-10-25,1564.11,Insurance
19210,175,2025-10-13,2300.94,Bank Transfer
19211,332,2025-06-28,3278.11,Insurance
19212,10,2026-02-19,3203.58,Cash
19213,425,2025-01-19,4941.95,Credit Card
19214,177,2024-04-12,2327.22,Cash
19215,92,2025-02-18,4857.72,Credit Card
19216,35,2025-06-04,3151.61,Credit Card
19217,417,2024-05-24,1233.28,Other
19218,289,2024-12-13,654.68,Credit Card
19219,365,2025-06-28,3466.88,Bank Transfer
19220,394,2024-07-27,458.41,Bank Transfer
19221,175,2025-05-25,2216.73,Bank Transfer
19222,37,2026-02-18,3690.47,Bank Transfer
19223,150,2025-04-01,1065.75,Credit Card
19224,132,2026-02-19,4493.94,Bank Transfer
19225,108,2025-01-02,2652.03,Cash
19226,255,2024-05-27,4881.77,Cash
19227,333,2025-05-19,1763.95,Bank Transfer
19228,480,2024-02-13,4008.13,Cash
19229,448,2025-11-19,4317.05,Credit Card
19230,266,2024-02-20,3108.10,Insurance
19231,300,2024-08-15,3414.50,Bank Transfer
19232,436,2024-05-30,3900.50,Bank Transfer
19233,34,2025-10-24,2484.14,Other
19234,441,2024-11-17,4342.75,Insurance
19235,104,2025-04-19,1241.40,Credit Card
19236,114,2024-12-06,1741.17,Credit Card
19237,98,2025-05-19,713.78,Cash
19238,163,2025-05-26,4483.99,Cash
19239,95,2025-09-02,2560.41,Cash
19240,166,2026-03-02,77.25,Cash
19241,382,2024-05-18,2077.69,Cash
19242,423,2024-09-12,1061.27,Credit Card
19243,297,2025-09-18,760.10,Cash
19244,224,2024-01-20,572.07,Cash
19245,153,2024-08-19,316.11,Bank Transfer
19246,180,2025-12-02,4550.13,Insurance
19247,343,2024-05-17,1060.13,Credit Card
19248,105,2024-06-11,1970.64,Cash
19249,310,2024-03-06,2242.80,Cash
19250,404,2024-02-28,4917.75,Other
19251,25,2025-08-26,1455.13,Bank Transfer
19252,32,2024-05-13,1903.67,Other
19253,85,2025-07-31,4293.09,Insurance
19254,332,2024-10-25,2213.35,Cash
19255,192,2024-11-23,4362.75,Credit Card
19256,227,2024-11-15,4471.64,Cash
19257,119,2024-01-09,645.81,Cash
19258,339,2024-08-11,1622.05,Other
19259,310,2026-01-24,3945.73,Credit Card
19260,240,2025-10-10,376.44,Other
19261,177,2025-05-14,3546.35,Other
19262,214,2024-07-25,3820.58,Bank Transfer
19263,146,2025-11-05,4488.88,Cash
19264,116,2025-02-16,970.82,Cash
19265,275,2025-09-15,2145.52,Credit Card
19266,118,2024-01-24,976.71,Insurance
19267,399,2024-03-30,4996.19,Bank Transfer
19268,125,2024-04-19,213.06,Other
19269,70,2024-06-03,1417.63,Cash
19270,89,2026-01-02,1728.80,Other
19271,48,2024-07-06,2920.03,Insurance
19272,365,2024-08-09,2677.89,Bank Transfer
19273,175,2024-03-22,1394.32,Credit Card
19274,54,2025-07-08,2555.30,Bank Transfer
19275,219,2024-03-30,1956.81,Other
19276,340,2025-05-06,3819.28,Credit Card
19277,158,2024-09-23,1467.39,Credit Card
19278,287,2024-05-16,2599.02,Bank Transfer
19279,145,2025-01-07,2758.94,Insurance
19280,95,2025-04-19,418.78,Other
19281,287,2024-06-07,3997.26,Other
19282,352,2025-02-20,616.31,Cash
19283,267,2024-12-21,169.14,Cash
19284,239,2025-05-20,342.60,Credit Card
19285,28,2024-12-22,4770.20,Bank Transfer
19286,400,2024-12-25,3282.05,Bank Transfer
19287,9,2025-02-12,1473.48,Bank Transfer
19288,64,2024-05-23,1664.38,Cash
19289,321,2024-11-03,1446.97,Bank Transfer
19290,76,2024-07-01,296.29,Credit Card
19291,146,2024-01-21,4167.98,Bank Transfer
19292,1,2024-05-06,371.47,Credit Card
19293,390,2024-11-13,3036.91,Insurance
19294,202,2024-06-10,4442.20,Bank Transfer
19295,179,2026-01-01,1942.29,Insurance
19296,263,2026-01-14,4312.83,Cash
19297,337,2025-12-05,173.22,Bank Transfer
19298,494,2024-01-26,4900.30,Bank Transfer
19299,225,2025-05-28,2926.93,Credit Card
19300,300,2024-07-02,2529.74,Other
19301,68,2025-05-29,1678.49,Credit Card
19302,269,2025-04-30,4394.87,Cash
19303,112,2025-05-22,1609.19,Insurance
19304,247,2025-10-19,863.11,Other
19305,297,2024-01-13,4192.17,Other
19306,339,2024-04-09,119.77,Cash
19307,60,2025-03-25,4259.98,Credit Card
19308,352,2025-01-29,3228.81,Insurance
19309,469,2025-06-04,3124.26,Cash
19310,21,2024-04-06,3394.40,Other
19311,48,2025-08-15,1576.36,Other
19312,398,2024-07-14,3843.42,Insurance
19313,397,2025-05-28,1667.26,Credit Card
19314,144,2025-09-11,2702.58,Insurance
19315,103,2024-10-05,2990.93,Other
19316,347,2024-11-12,1340.29,Insurance
19317,410,2025-11-05,1359.41,Credit Card
19318,373,2025-08-29,2991.96,Bank Transfer
19319,445,2025-09-22,3606.56,Other
19320,424,2025-11-10,2395.09,Other
19321,18,2024-10-19,2756.39,Cash
19322,436,2024-01-11,3031.36,Cash
19323,474,2024-12-21,4178.75,Bank Transfer
19324,153,2025-01-22,1198.73,Bank Transfer
19325,44,2025-09-09,3112.44,Insurance
19326,210,2025-10-13,4460.78,Bank Transfer
19327,187,2025-10-20,1415.34,Credit Card
19328,215,2025-10-12,4259.26,Insurance
19329,57,2024-02-20,4465.34,Insurance
19330,5,2024-05-06,2413.85,Cash
19331,41,2025-06-06,538.50,Credit Card
19332,116,2024-09-30,3445.29,Insurance
19333,196,2024-12-07,2829.42,Cash
19334,92,2024-07-24,3247.51,Insurance
19335,43,2025-08-28,2299.58,Insurance
19336,204,2026-03-19,3065.85,Insurance
19337,242,2026-02-19,2625.39,Bank Transfer
19338,447,2024-04-22,3338.89,Credit Card
19339,58,2024-12-12,1906.98,Cash
19340,315,2025-12-05,1165.48,Bank Transfer
19341,495,2025-07-01,1567.63,Credit Card
19342,394,2025-04-05,329.39,Cash
19343,140,2025-12-08,1345.98,Insurance
19344,139,2026-02-20,4020.84,Cash
19345,414,2025-08-15,2683.47,Cash
19346,271,2024-03-13,4392.88,Insurance
19347,440,2024-11-14,1220.95,Other
19348,366,2024-06-21,533.03,Other
19349,95,2024-04-14,1074.43,Cash
19350,316,2024-04-22,4683.94,Other
19351,355,2024-02-23,1963.09,Insurance
19352,132,2025-01-20,2529.73,Cash
19353,104,2025-09-13,53.33,Bank Transfer
19354,210,2024-05-07,502.96,Other
19355,338,2025-12-17,3156.22,Cash
19356,342,2026-03-13,3344.92,Cash
19357,210,2024-05-29,2113.46,Insurance
19358,469,2024-11-05,3829.28,Cash
19359,227,2024-10-12,3479.34,Bank Transfer
19360,165,2024-10-22,2092.00,Cash
19361,401,2024-12-12,3013.27,Bank Transfer
19362,226,2025-02-10,3119.70,Credit Card
19363,181,2025-06-08,1915.30,Insurance
19364,100,2026-01-22,215.86,Other
19365,222,2025-12-02,4683.23,Cash
19366,273,2025-10-10,4579.04,Cash
19367,117,2024-06-02,4625.26,Bank Transfer
19368,110,2026-01-14,287.85,Bank Transfer
19369,290,2024-02-02,2531.26,Other
19370,359,2026-01-22,2314.56,Bank Transfer
19371,460,2024-04-03,3772.86,Other
19372,21,2024-01-31,2604.21,Cash
19373,75,2026-01-12,3207.09,Other
19374,355,2025-06-30,4936.18,Insurance
19375,216,2024-10-29,4220.57,Cash
19376,44,2024-08-23,859.46,Other
19377,265,2025-07-19,1097.27,Credit Card
19378,480,2025-03-12,4419.86,Insurance
19379,227,2026-02-04,2963.36,Cash
19380,451,2025-04-30,4743.61,Cash
19381,473,2024-03-21,3703.83,Insurance
19382,227,2025-12-25,1727.65,Other
19383,14,2024-06-12,4092.45,Cash
19384,275,2025-06-22,3846.10,Bank Transfer
19385,91,2025-11-10,4749.34,Cash
19386,424,2024-08-06,2684.84,Insurance
19387,298,2025-01-11,3987.32,Credit Card
19388,47,2025-09-15,3458.95,Cash
19389,252,2026-03-19,2025.43,Credit Card
19390,55,2024-04-27,216.02,Cash
19391,456,2025-10-10,122.38,Credit Card
19392,452,2025-02-03,2398.63,Other
19393,103,2024-11-18,3488.02,Cash
19394,57,2025-11-15,3384.91,Insurance
19395,357,2024-08-01,450.35,Other
19396,243,2025-02-25,407.04,Other
19397,202,2025-11-10,2874.01,Cash
19398,416,2026-01-26,1923.01,Cash
19399,256,2026-03-03,1552.01,Other
19400,21,2026-01-12,4173.09,Credit Card
19401,300,2025-07-01,508.46,Bank Transfer
19402,48,2024-02-13,1624.42,Insurance
19403,411,2024-05-11,1764.51,Bank Transfer
19404,463,2025-08-15,196.01,Insurance
19405,286,2024-02-15,402.49,Other
19406,262,2024-09-25,4960.15,Cash
19407,448,2024-04-17,1301.21,Other
19408,13,2025-08-28,2979.25,Cash
19409,71,2025-11-18,4895.76,Cash
19410,116,2025-04-21,1694.37,Bank Transfer
19411,29,2025-01-14,2760.97,Other
19412,30,2024-04-19,1695.58,Bank Transfer
19413,176,2025-10-13,477.81,Other
19414,25,2025-10-12,1027.04,Insurance
19415,465,2025-08-02,4142.69,Bank Transfer
19416,244,2025-04-12,1912.67,Insurance
19417,114,2025-05-21,2423.50,Credit Card
19418,70,2025-05-20,4455.58,Bank Transfer
19419,397,2026-03-03,3957.67,Insurance
19420,232,2025-02-04,1239.87,Cash
19421,497,2024-10-19,3048.84,Cash
19422,497,2024-12-10,1012.21,Cash
19423,130,2024-04-16,717.52,Credit Card
19424,461,2024-08-28,593.10,Credit Card
19425,274,2025-10-11,1124.81,Bank Transfer
19426,439,2024-05-09,3162.39,Other
19427,408,2024-12-01,4873.64,Bank Transfer
19428,402,2024-03-22,1618.43,Cash
19429,387,2025-03-11,1000.82,Insurance
19430,255,2024-09-01,4311.52,Other
19431,5,2025-08-08,1026.09,Credit Card
19432,488,2026-01-16,806.55,Cash
19433,450,2025-10-05,1155.79,Bank Transfer
19434,15,2024-08-10,2826.67,Insurance
19435,157,2024-06-13,1804.88,Cash
19436,47,2025-04-04,3154.93,Other
19437,6,2026-01-25,2648.16,Insurance
19438,491,2024-12-01,4740.42,Insurance
19439,237,2025-05-20,3210.31,Bank Transfer
19440,158,2025-01-30,889.35,Cash
19441,197,2024-01-04,3251.49,Cash
19442,470,2024-03-23,68.14,Cash
19443,419,2025-09-25,2972.53,Bank Transfer
19444,279,2026-02-24,1885.72,Other
19445,45,2025-12-25,588.63,Credit Card
19446,78,2025-12-23,747.54,Insurance
19447,332,2025-11-10,3281.19,Credit Card
19448,157,2025-07-15,1386.00,Other
19449,392,2026-01-18,2555.35,Cash
19450,135,2025-04-15,915.74,Bank Transfer
19451,474,2025-01-13,2425.04,Credit Card
19452,324,2025-02-11,2491.91,Credit Card
19453,271,2024-01-08,2254.02,Credit Card
19454,27,2024-02-20,4138.09,Cash
19455,33,2024-12-21,4900.03,Insurance
19456,194,2025-12-28,4869.17,Cash
19457,250,2026-02-13,3021.04,Other
19458,135,2024-06-29,3167.58,Bank Transfer
19459,107,2025-08-15,3469.31,Cash
19460,43,2025-02-16,3899.56,Bank Transfer
19461,431,2025-03-27,4607.25,Other
19462,22,2024-11-13,85.54,Insurance
19463,93,2024-10-19,3916.73,Bank Transfer
19464,268,2025-08-23,2521.73,Cash
19465,306,2025-02-11,3164.72,Bank Transfer
19466,102,2025-04-27,1623.82,Credit Card
19467,309,2024-09-18,725.93,Insurance
19468,195,2024-03-10,246.45,Other
19469,311,2025-01-05,4831.33,Credit Card
19470,350,2024-09-01,76.30,Credit Card
19471,302,2025-07-15,486.99,Other
19472,473,2024-07-22,2281.55,Cash
19473,246,2024-12-26,3133.46,Other
19474,378,2024-06-07,4285.36,Insurance
19475,472,2024-03-08,3649.67,Bank Transfer
19476,231,2026-03-05,4017.18,Other
19477,100,2024-10-23,1558.74,Credit Card
19478,201,2026-01-25,2093.49,Bank Transfer
19479,364,2026-01-24,4100.65,Other
19480,160,2024-06-14,1144.83,Credit Card
19481,124,2025-01-27,375.93,Insurance
19482,421,2026-02-06,2597.23,Insurance
19483,436,2026-02-10,3204.56,Bank Transfer
19484,41,2025-08-30,4672.00,Bank Transfer
19485,223,2026-03-15,4599.78,Bank Transfer
19486,158,2024-12-05,4921.74,Insurance
19487,13,2025-10-27,2453.33,Credit Card
19488,70,2024-04-23,2698.44,Cash
19489,295,2024-08-15,3790.71,Cash
19490,406,2025-01-23,1698.77,Insurance
19491,14,2025-10-18,853.96,Credit Card
19492,413,2025-05-24,4071.61,Cash
19493,134,2025-09-11,3065.67,Other
19494,332,2024-04-03,853.18,Cash
19495,248,2025-09-11,4885.83,Other
19496,297,2025-07-14,2951.35,Other
19497,262,2024-09-04,3337.51,Other
19498,29,2025-03-05,3458.28,Insurance
19499,398,2025-03-29,932.67,Cash
19500,471,2025-02-26,4765.04,Cash
19501,300,2025-07-26,2258.00,Cash
19502,200,2026-02-23,4083.21,Cash
19503,66,2024-02-16,371.61,Bank Transfer
19504,322,2025-11-23,112.27,Cash
19505,386,2025-12-27,1414.21,Other
19506,310,2024-06-24,691.95,Other
19507,290,2025-11-23,698.49,Bank Transfer
19508,44,2025-01-10,1796.62,Bank Transfer
19509,479,2025-11-07,620.55,Bank Transfer
19510,102,2024-04-20,3394.02,Bank Transfer
19511,479,2025-05-10,4410.36,Bank Transfer
19512,441,2025-08-06,3298.61,Cash
19513,263,2025-12-19,1768.14,Insurance
19514,479,2024-11-12,423.97,Bank Transfer
19515,475,2024-01-24,1469.27,Insurance
19516,188,2025-07-04,1403.86,Bank Transfer
19517,47,2024-11-08,4751.87,Credit Card
19518,6,2024-05-23,547.19,Credit Card
19519,337,2025-08-09,2883.62,Cash
19520,410,2025-05-06,3536.61,Insurance
19521,52,2025-02-20,899.47,Bank Transfer
19522,359,2025-04-13,2434.31,Credit Card
19523,482,2024-06-19,3019.47,Cash
19524,438,2026-01-21,2372.63,Cash
19525,30,2024-07-08,4084.26,Other
19526,453,2024-12-21,3959.81,Other
19527,69,2024-09-11,883.00,Other
19528,174,2024-05-07,4616.23,Cash
19529,452,2024-04-25,2908.54,Cash
19530,127,2024-08-31,722.24,Insurance
19531,47,2026-01-27,2253.60,Insurance
19532,402,2025-03-15,1934.48,Cash
19533,488,2025-03-14,1088.78,Credit Card
19534,447,2024-07-28,206.77,Other
19535,231,2025-06-18,652.75,Cash
19536,480,2025-08-15,3731.12,Bank Transfer
19537,184,2024-09-23,3568.23,Other
19538,277,2024-02-12,2726.52,Insurance
19539,118,2026-02-05,1966.17,Credit Card
19540,485,2025-10-08,2131.06,Cash
19541,92,2026-01-09,2050.36,Credit Card
19542,295,2025-06-25,1001.06,Bank Transfer
19543,31,2024-09-23,4145.73,Other
19544,114,2025-01-31,2390.86,Insurance
19545,220,2024-08-04,4963.73,Other
19546,276,2024-12-07,2388.05,Credit Card
19547,224,2024-06-03,2073.18,Bank Transfer
19548,217,2024-03-11,1399.84,Other
19549,316,2024-06-02,1146.36,Cash
19550,323,2026-01-31,377.66,Other
19551,393,2025-10-11,2071.60,Credit Card
19552,291,2025-12-07,3569.94,Credit Card
19553,272,2025-11-17,4989.54,Credit Card
19554,171,2024-02-20,2628.62,Insurance
19555,215,2024-08-26,3037.34,Cash
19556,314,2025-12-19,4930.46,Cash
19557,17,2024-09-02,4084.21,Other
19558,294,2024-06-15,2717.57,Cash
19559,256,2025-09-12,4651.56,Bank Transfer
19560,499,2024-05-07,3141.64,Cash
19561,13,2026-01-05,4724.07,Bank Transfer
19562,440,2026-03-02,4958.17,Bank Transfer
19563,442,2024-03-13,2915.21,Other
19564,57,2025-05-04,1191.86,Other
19565,124,2024-03-11,2111.66,Insurance
19566,451,2025-12-18,3585.46,Insurance
19567,434,2025-12-29,894.80,Other
19568,283,2025-07-10,2266.33,Other
19569,19,2025-08-09,3806.88,Cash
19570,362,2025-05-30,3646.89,Bank Transfer
19571,348,2025-08-14,3149.27,Insurance
19572,232,2025-02-03,3564.08,Credit Card
19573,122,2026-03-17,2036.34,Credit Card
19574,442,2024-01-24,504.98,Other
19575,219,2025-01-04,2223.89,Bank Transfer
19576,438,2026-02-08,2127.20,Insurance
19577,144,2025-11-07,3886.29,Other
19578,425,2025-06-08,1855.76,Cash
19579,452,2025-03-20,931.96,Insurance
19580,35,2025-11-24,4768.23,Other
19581,58,2024-11-16,718.77,Cash
19582,128,2025-06-15,4997.96,Credit Card
19583,91,2024-12-09,4348.75,Cash
19584,249,2024-12-31,3786.58,Other
19585,142,2024-07-02,714.23,Bank Transfer
19586,437,2024-01-04,1722.35,Insurance
19587,130,2026-03-16,4958.55,Bank Transfer
19588,169,2024-01-17,3432.74,Other
19589,280,2025-01-21,535.82,Other
19590,478,2024-03-06,4890.04,Other
19591,20,2026-01-31,4638.89,Bank Transfer
19592,396,2024-10-09,4552.77,Bank Transfer
19593,235,2025-04-14,4763.95,Insurance
19594,467,2025-11-14,4412.06,Other
19595,1,2026-03-12,1657.64,Bank Transfer
19596,313,2025-02-12,207.41,Cash
19597,163,2024-11-18,2930.90,Other
19598,297,2025-11-05,3864.73,Insurance
19599,462,2024-02-04,1809.95,Other
19600,286,2025-05-14,1348.86,Credit Card
19601,118,2024-07-17,1851.73,Insurance
19602,163,2025-11-26,4674.05,Other
19603,149,2025-10-22,2587.91,Bank Transfer
19604,249,2024-12-20,1692.25,Bank Transfer
19605,50,2024-09-05,3611.41,Credit Card
19606,433,2025-01-22,4102.59,Bank Transfer
19607,422,2025-09-04,4185.71,Credit Card
19608,450,2026-02-26,1605.71,Other
19609,76,2024-09-11,337.74,Bank Transfer
19610,208,2024-03-08,3490.09,Cash
19611,461,2024-12-26,920.18,Credit Card
19612,250,2025-04-07,1092.56,Credit Card
19613,453,2024-01-04,766.63,Insurance
19614,434,2024-09-20,182.10,Insurance
19615,437,2024-12-29,4898.20,Bank Transfer
19616,447,2025-07-13,3839.82,Credit Card
19617,320,2025-06-24,1678.17,Other
19618,356,2025-03-26,875.30,Cash
19619,462,2024-03-02,126.18,Credit Card
19620,105,2026-02-20,4058.56,Bank Transfer
19621,46,2024-10-19,1067.33,Credit Card
19622,178,2024-08-07,4894.45,Bank Transfer
19623,181,2025-10-09,2241.03,Bank Transfer
19624,56,2024-10-24,3723.07,Cash
19625,401,2024-08-20,1244.62,Credit Card
19626,117,2025-05-10,3009.62,Other
19627,472,2026-03-11,1375.57,Cash
19628,300,2025-12-20,4439.41,Credit Card
19629,373,2025-02-28,3752.28,Insurance
19630,161,2026-02-04,2574.86,Bank Transfer
19631,164,2026-02-08,4901.24,Insurance
19632,441,2025-03-17,2920.85,Cash
19633,431,2024-11-17,2760.80,Insurance
19634,337,2025-03-06,3982.65,Cash
19635,52,2025-10-03,462.89,Insurance
19636,40,2024-04-20,2765.68,Cash
19637,89,2026-03-05,3016.95,Insurance
19638,36,2025-01-25,3030.47,Bank Transfer
19639,423,2024-12-17,1834.62,Bank Transfer
19640,273,2024-04-09,4501.89,Credit Card
19641,357,2024-10-22,1450.19,Credit Card
19642,83,2024-06-18,4360.36,Cash
19643,359,2025-10-04,3270.89,Insurance
19644,232,2025-11-16,1753.24,Insurance
19645,341,2025-12-14,671.95,Insurance
19646,305,2024-08-11,4100.25,Insurance
19647,89,2024-04-05,4211.62,Bank Transfer
19648,403,2024-01-30,2674.83,Credit Card
19649,57,2024-09-16,1757.73,Cash
19650,396,2024-02-06,3014.29,Credit Card
19651,167,2024-06-29,121.78,Cash
19652,200,2024-07-17,4518.24,Credit Card
19653,286,2025-11-06,4868.42,Insurance
19654,439,2024-01-09,333.64,Cash
19655,493,2025-05-16,4132.58,Cash
19656,43,2026-02-07,4385.46,Cash
19657,317,2025-07-25,1904.84,Cash
19658,144,2025-01-16,739.60,Cash
19659,410,2024-12-20,3457.33,Insurance
19660,51,2025-07-10,2339.01,Bank Transfer
19661,479,2024-04-03,2745.67,Cash
19662,318,2026-01-01,1805.24,Insurance
19663,158,2025-01-30,2659.66,Insurance
19664,128,2026-02-24,1275.66,Bank Transfer
19665,15,2025-09-30,4203.69,Insurance
19666,414,2025-11-17,3244.75,Cash
19667,160,2024-05-20,2591.14,Other
19668,105,2024-05-12,896.49,Insurance
19669,409,2024-10-15,2326.72,Insurance
19670,472,2025-12-22,795.13,Credit Card
19671,115,2024-11-12,2531.70,Credit Card
19672,267,2025-09-20,3122.91,Cash
19673,354,2025-11-19,2696.65,Credit Card
19674,249,2025-03-23,3138.66,Insurance
19675,495,2024-06-27,868.02,Bank Transfer
19676,367,2025-03-03,4530.02,Cash
19677,337,2025-08-28,1281.06,Cash
19678,287,2024-09-17,1350.89,Insurance
19679,485,2025-12-19,95.75,Bank Transfer
19680,191,2024-05-22,3870.15,Bank Transfer
19681,120,2025-03-06,4096.91,Bank Transfer
19682,254,2025-02-24,4137.18,Bank Transfer
19683,85,2025-07-01,1111.44,Other
19684,283,2025-07-17,1015.15,Cash
19685,192,2024-10-29,1238.57,Bank Transfer
19686,238,2024-01-05,1608.13,Bank Transfer
19687,114,2024-09-14,1693.14,Credit Card
19688,354,2025-08-20,870.29,Other
19689,200,2024-08-14,801.43,Cash
19690,424,2026-03-02,2590.75,Bank Transfer
19691,36,2026-03-16,4100.97,Credit Card
19692,330,2024-08-30,3256.49,Credit Card
19693,292,2025-07-14,999.73,Credit Card
19694,351,2025-05-06,2607.42,Bank Transfer
19695,486,2024-11-21,1277.45,Bank Transfer
19696,478,2025-06-26,1121.75,Bank Transfer
19697,401,2024-10-29,2553.63,Bank Transfer
19698,416,2024-12-17,4931.38,Other
19699,301,2025-10-11,2085.11,Other
19700,160,2026-01-10,4752.40,Credit Card
19701,265,2025-03-24,3720.06,Credit Card
19702,31,2025-04-17,4828.79,Credit Card
19703,53,2024-02-20,851.30,Other
19704,414,2026-03-08,2670.18,Bank Transfer
19705,410,2025-01-11,86.71,Insurance
19706,244,2025-01-15,4428.62,Bank Transfer
19707,360,2024-02-01,1683.53,Insurance
19708,220,2025-07-07,4092.73,Credit Card
19709,394,2024-10-01,1513.99,Bank Transfer
19710,200,2025-04-27,1297.67,Other
19711,329,2024-02-16,822.73,Credit Card
19712,79,2024-12-19,4043.88,Insurance
19713,330,2024-06-15,1717.30,Insurance
19714,48,2024-11-04,2382.48,Other
19715,199,2025-11-09,752.67,Other
19716,385,2025-07-01,965.31,Insurance
19717,248,2025-01-17,1093.56,Credit Card
19718,294,2024-07-20,121.48,Cash
19719,110,2025-11-19,1557.77,Bank Transfer
19720,201,2024-10-04,2486.35,Other
19721,59,2025-10-07,542.04,Bank Transfer
19722,427,2024-06-06,1429.62,Insurance
19723,129,2025-04-24,3152.58,Cash
19724,31,2025-12-31,3937.45,Bank Transfer
19725,210,2024-04-13,2058.19,Other
19726,148,2025-01-22,1506.09,Other
19727,226,2024-01-11,3934.92,Insurance
19728,322,2024-02-24,2337.17,Other
19729,294,2025-02-21,3969.40,Other
19730,192,2026-03-16,4921.37,Credit Card
19731,116,2024-05-09,3079.96,Insurance
19732,334,2024-07-06,3185.25,Bank Transfer
19733,328,2024-02-27,3431.91,Cash
19734,7,2024-09-24,2026.15,Credit Card
19735,275,2025-06-12,1865.75,Cash
19736,197,2024-12-25,4359.80,Other
19737,150,2024-08-29,376.67,Insurance
19738,418,2026-01-12,3845.06,Cash
19739,141,2025-07-04,2041.89,Credit Card
19740,483,2024-12-20,2445.69,Credit Card
19741,396,2024-11-11,2328.06,Insurance
19742,148,2025-02-13,4639.60,Cash
19743,476,2024-01-05,3971.15,Bank Transfer
19744,256,2025-07-18,1656.76,Other
19745,294,2024-04-26,539.84,Insurance
19746,298,2025-03-08,2044.98,Insurance
19747,344,2024-01-12,2986.96,Credit Card
19748,111,2024-04-19,2228.87,Insurance
19749,63,2026-02-16,964.70,Insurance
19750,229,2025-06-04,2488.71,Insurance
19751,372,2024-03-28,3177.74,Other
19752,481,2026-03-08,2503.79,Credit Card
19753,327,2024-09-24,4964.37,Insurance
19754,300,2024-12-12,4751.11,Bank Transfer
19755,94,2026-01-05,3192.28,Credit Card
19756,268,2026-01-08,918.86,Insurance
19757,440,2024-12-13,2054.86,Bank Transfer
19758,441,2024-10-18,1213.96,Cash
19759,162,2025-11-29,1024.61,Other
19760,184,2026-03-02,3741.46,Bank Transfer
19761,451,2024-04-07,959.73,Other
19762,364,2025-04-25,2277.28,Bank Transfer
19763,258,2024-08-17,263.83,Insurance
19764,173,2025-08-05,2436.56,Bank Transfer
19765,110,2025-10-04,1437.81,Credit Card
19766,46,2024-07-16,914.64,Other
19767,466,2024-03-22,1337.59,Cash
19768,109,2025-04-05,905.01,Other
19769,35,2025-12-17,1395.65,Insurance
19770,39,2024-12-04,2177.58,Other
19771,200,2024-12-19,3164.40,Credit Card
19772,144,2025-02-06,3004.57,Credit Card
19773,331,2024-05-30,2651.69,Other
19774,474,2025-06-22,3959.81,Other
19775,63,2024-08-27,1973.84,Credit Card
19776,117,2025-11-21,1977.60,Bank Transfer
19777,79,2025-06-10,57.29,Bank Transfer
19778,249,2025-01-16,1495.59,Cash
19779,46,2025-04-30,938.51,Credit Card
19780,232,2024-01-18,3492.93,Insurance
19781,374,2024-09-08,4366.12,Cash
19782,438,2026-02-05,4507.91,Cash
19783,125,2025-03-26,1569.30,Bank Transfer
19784,318,2025-02-15,2027.30,Credit Card
19785,402,2024-10-23,1171.85,Bank Transfer
19786,157,2025-12-28,3130.32,Bank Transfer
19787,297,2025-02-10,4070.22,Insurance
19788,229,2026-01-21,3222.19,Cash
19789,347,2025-03-22,4154.50,Cash
19790,492,2025-01-13,314.09,Cash
19791,338,2025-01-17,3559.24,Cash
19792,445,2025-08-16,2482.84,Bank Transfer
19793,489,2026-02-09,1900.35,Insurance
19794,237,2025-10-17,611.86,Cash
19795,195,2025-12-01,2824.03,Bank Transfer
19796,30,2026-03-02,2566.61,Other
19797,72,2025-12-24,572.12,Other
19798,403,2025-09-26,138.42,Cash
19799,329,2025-08-27,3467.03,Cash
19800,197,2024-02-24,1300.69,Bank Transfer
19801,461,2024-11-15,2459.11,Insurance
19802,47,2026-03-18,4066.68,Other
19803,78,2025-06-27,4957.81,Cash
19804,268,2025-11-20,4182.62,Cash
19805,71,2025-03-17,3007.27,Insurance
19806,370,2025-02-26,3088.90,Credit Card
19807,309,2024-12-19,177.95,Credit Card
19808,292,2025-11-25,2694.69,Credit Card
19809,8,2026-02-25,4363.92,Credit Card
19810,269,2024-11-15,1507.45,Cash
19811,405,2025-12-01,1232.57,Credit Card
19812,22,2024-10-31,4444.75,Cash
19813,103,2026-02-09,4650.16,Credit Card
19814,144,2024-08-22,3023.72,Insurance
19815,123,2025-02-20,1545.54,Insurance
19816,402,2025-08-12,754.22,Cash
19817,500,2026-02-07,2027.80,Bank Transfer
19818,380,2024-05-18,3232.47,Insurance
19819,498,2024-03-08,871.70,Bank Transfer
19820,467,2025-05-22,503.70,Insurance
19821,488,2025-08-26,2226.14,Cash
19822,104,2024-08-14,3768.28,Other
19823,153,2024-09-18,1724.39,Cash
19824,82,2024-08-02,2418.70,Credit Card
19825,406,2025-08-21,4083.78,Credit Card
19826,443,2025-12-09,2700.70,Cash
19827,338,2025-07-06,120.83,Other
19828,478,2024-09-20,818.21,Other
19829,414,2025-04-24,4144.20,Credit Card
19830,221,2024-08-19,2803.21,Bank Transfer
19831,421,2024-06-07,730.49,Other
19832,411,2025-07-20,843.27,Cash
19833,142,2025-10-24,3078.47,Insurance
19834,203,2024-07-27,2526.05,Cash
19835,116,2025-02-18,3882.31,Other
19836,132,2026-02-02,3843.44,Bank Transfer
19837,342,2025-11-12,3566.20,Bank Transfer
19838,59,2024-03-01,2011.07,Credit Card
19839,496,2024-06-23,2315.48,Bank Transfer
19840,46,2025-08-13,4770.29,Other
19841,46,2024-04-20,2870.31,Cash
19842,277,2025-03-29,2637.21,Credit Card
19843,226,2025-11-25,584.90,Cash
19844,294,2025-05-04,3657.53,Cash
19845,190,2024-05-01,416.40,Other
19846,196,2024-01-09,4260.06,Other
19847,105,2025-03-02,3318.30,Other
19848,162,2025-08-24,1650.47,Insurance
19849,367,2026-03-11,2529.51,Credit Card
19850,50,2024-09-19,4084.09,Credit Card
19851,245,2024-11-13,3029.72,Bank Transfer
19852,363,2025-04-10,650.57,Other
19853,401,2024-08-23,4405.54,Bank Transfer
19854,492,2026-02-03,4687.66,Cash
19855,443,2026-01-04,1377.02,Bank Transfer
19856,177,2026-02-13,4827.50,Insurance
19857,206,2025-05-15,4654.09,Credit Card
19858,313,2024-11-15,3268.34,Other
19859,247,2025-05-19,118.49,Cash
19860,68,2025-05-06,750.68,Cash
19861,27,2025-03-02,4813.46,Other
19862,407,2024-12-19,535.22,Insurance
19863,284,2025-05-20,660.28,Credit Card
19864,472,2024-12-28,2634.13,Cash
19865,46,2024-02-05,311.19,Other
19866,54,2024-10-31,4722.34,Insurance
19867,195,2025-03-30,4144.28,Other
19868,141,2026-02-09,4014.93,Credit Card
19869,285,2024-04-13,565.60,Other
19870,182,2025-11-30,2269.30,Insurance
19871,489,2025-04-02,824.11,Cash
19872,54,2024-04-14,2965.07,Credit Card
19873,9,2025-11-29,4874.87,Bank Transfer
19874,7,2025-09-06,2701.21,Insurance
19875,443,2024-04-07,4070.42,Other
19876,257,2026-01-06,3715.11,Other
19877,203,2024-09-22,246.51,Bank Transfer
19878,100,2024-05-06,1791.07,Cash
19879,199,2025-06-10,3046.33,Insurance
19880,152,2025-12-25,3854.83,Cash
19881,249,2025-05-19,1077.33,Insurance
19882,126,2024-02-17,4845.60,Credit Card
19883,476,2025-04-01,1554.73,Credit Card
19884,77,2025-09-24,776.83,Credit Card
19885,9,2024-03-12,3754.48,Bank Transfer
19886,181,2025-10-04,1070.08,Bank Transfer
19887,173,2025-10-27,4887.31,Credit Card
19888,380,2026-02-16,1635.57,Credit Card
19889,203,2025-12-13,4718.32,Bank Transfer
19890,335,2024-10-13,2780.98,Other
19891,62,2024-05-17,1499.91,Other
19892,181,2024-09-06,216.80,Credit Card
19893,6,2025-08-13,3365.72,Insurance
19894,500,2024-11-07,1320.97,Insurance
19895,199,2024-01-10,452.27,Cash
19896,156,2026-02-16,4496.25,Bank Transfer
19897,418,2025-05-14,3969.42,Cash
19898,87,2024-01-11,2444.77,Bank Transfer
19899,382,2024-12-14,3120.83,Cash
19900,134,2026-03-16,2865.38,Insurance
19901,112,2024-06-30,4445.55,Credit Card
19902,441,2025-09-13,3849.89,Cash
19903,360,2026-03-15,2022.06,Credit Card
19904,30,2024-01-26,3689.88,Cash
19905,133,2026-02-03,3029.50,Cash
19906,234,2025-10-06,4157.59,Insurance
19907,250,2024-01-24,1304.66,Insurance
19908,141,2025-05-03,4311.32,Bank Transfer
19909,217,2025-06-04,86.00,Insurance
19910,144,2025-10-04,129.09,Credit Card
19911,418,2026-03-17,3260.32,Other
19912,205,2026-02-24,1444.58,Credit Card
19913,214,2024-10-16,3574.41,Bank Transfer
19914,199,2024-06-07,4590.78,Bank Transfer
19915,70,2024-06-13,2004.89,Cash
19916,490,2025-02-21,1152.05,Bank Transfer
19917,130,2024-04-05,4631.93,Insurance
19918,475,2025-10-28,906.84,Bank Transfer
19919,299,2024-11-10,1737.19,Bank Transfer
19920,329,2024-05-19,3154.30,Insurance
19921,330,2026-01-13,3352.05,Cash
19922,414,2024-08-27,1914.39,Cash
19923,492,2025-12-25,2056.68,Credit Card
19924,263,2026-03-10,2764.92,Insurance
19925,177,2024-02-06,3328.53,Insurance
19926,441,2024-12-30,3405.59,Cash
19927,212,2024-06-30,4914.59,Other
19928,166,2025-10-31,4118.97,Credit Card
19929,108,2025-10-06,738.54,Other
19930,494,2025-05-15,1894.17,Cash
19931,410,2024-05-18,2969.89,Cash
19932,1,2025-02-06,3036.71,Bank Transfer
19933,125,2025-02-22,4702.62,Bank Transfer
19934,296,2025-02-01,2337.12,Credit Card
19935,43,2024-12-16,4758.98,Insurance
19936,280,2024-07-24,803.02,Cash
19937,443,2025-06-29,768.99,Other
19938,44,2024-07-16,636.59,Cash
19939,188,2024-04-29,3859.69,Other
19940,141,2025-05-24,1565.63,Credit Card
19941,415,2025-06-23,2613.96,Cash
19942,21,2025-12-19,247.22,Insurance
19943,128,2025-08-15,1184.62,Other
19944,374,2025-09-20,4648.71,Credit Card
19945,25,2024-03-29,893.72,Insurance
19946,246,2025-02-27,3825.68,Credit Card
19947,108,2024-09-25,4571.01,Credit Card
19948,351,2024-04-01,1754.61,Bank Transfer
19949,386,2025-09-26,1409.95,Cash
19950,44,2024-08-21,1397.24,Credit Card
19951,194,2024-02-23,3559.16,Insurance
19952,5,2025-05-13,2380.77,Cash
19953,106,2024-03-11,1179.00,Bank Transfer
19954,461,2024-07-24,2391.65,Credit Card
19955,470,2024-05-08,1695.37,Insurance
19956,380,2024-08-17,3765.76,Insurance
19957,380,2024-05-24,3284.68,Bank Transfer
19958,375,2025-09-19,914.99,Insurance
19959,219,2025-04-09,1801.29,Cash
19960,105,2024-03-26,4770.22,Cash
19961,6,2024-08-14,205.18,Cash
19962,493,2026-02-02,2482.07,Insurance
19963,80,2024-02-18,3979.22,Cash
19964,433,2025-04-20,1011.63,Insurance
19965,89,2024-08-30,3633.33,Credit Card
19966,353,2026-01-24,175.29,Credit Card
19967,6,2025-09-25,1725.54,Cash
19968,69,2024-10-15,2337.77,Bank Transfer
19969,45,2025-11-10,960.23,Bank Transfer
19970,360,2024-09-27,1212.84,Bank Transfer
19971,321,2024-10-09,926.62,Insurance
19972,302,2025-09-22,2934.59,Bank Transfer
19973,173,2024-01-01,4476.06,Credit Card
19974,240,2024-09-11,3198.70,Insurance
19975,218,2025-09-26,2783.19,Bank Transfer
19976,477,2025-03-13,146.72,Credit Card
19977,152,2025-05-25,1356.87,Cash
19978,55,2024-01-23,325.45,Credit Card
19979,86,2024-01-02,753.00,Bank Transfer
19980,263,2025-01-15,3857.73,Insurance
19981,171,2024-09-24,1293.37,Bank Transfer
19982,437,2025-08-08,842.64,Other
19983,454,2025-01-19,1827.47,Other
19984,225,2026-01-20,2126.46,Bank Transfer
19985,73,2024-05-23,3362.03,Bank Transfer
19986,53,2025-11-19,4042.79,Bank Transfer
19987,390,2024-07-15,2850.31,Cash
19988,61,2026-02-17,2213.60,Cash
19989,54,2026-01-11,3743.79,Bank Transfer
19990,102,2024-07-27,3559.58,Credit Card
19991,335,2024-03-06,4120.48,Credit Card
19992,146,2024-08-06,2941.19,Other
19993,111,2025-10-03,2581.28,Bank Transfer
19994,101,2026-02-15,1515.43,Insurance
19995,98,2024-02-04,507.83,Insurance
19996,429,2025-04-22,2924.95,Cash
19997,390,2025-08-09,3677.38,Bank Transfer
19998,327,2025-07-30,4774.76,Insurance
19999,306,2024-01-18,1141.44,Insurance
20000,35,2024-08-05,3678.10,Cash
